qid,label_a,label_b,reason_a,reason_b,question,golds,adjudicated,class
14,ambiguous,ambiguous,"The Lion King has multiple versions (1994 original, Broadway musical, 2019 remake) with different actresses voicing Nala, and the question doesn't specify which, so multiple valid answers exist including Beyoncé who is not in the gold list.","The question doesn't specify which version (1994 animated film, 2019 remake, Broadway musical, or other adaptations) or whether speaking, singing, or cub voice is meant, and the passages show different actors for each — including[passage text redacted]which the gold list omits.",who does the voice of nala in the lion king,"[""Niketa Calame"", ""Sally Dworsky"", ""Moira Kelly"", ""Laura Williams""]",ineligible,ambiguous
19,unanswerable,ambiguous,"The passages discuss age restrictions for firearms, ammunition, and other regulated items generally, but no passage specifies a minimum age to buy a BB gun specifically, so the gold answer of 18 cannot be verified from this text.","The minimum age to buy a BB gun varies widely by jurisdiction (and the question specifies no state or country), so no single age like 18 is uniquely determined, and the passages discuss firearm purchase ages rather than BB guns specifically.",what age do you need to be to buy a bb gun,"[""18""]",ineligible,ineligible_class_disputed
30,eligible,eligible,The passages clearly confirm [passage text redacted][passage text redacted]matching the gold answers.,"The question clearly refers to the first novel[passage text redacted]series, and the passages confirm its hardcover publication date of[passage text redacted]matching the gold answers.",when was the first hunger games book published,"[""September 14, 2008"", ""2008""]",eligible,eligible
45,eligible,eligible,"The passages confirm the Dutch flag's official colors are[passage text redacted], matching the recorded gold answer.","The question asks for the Dutch flag's colors and the gold set (red, white, blue) matches the passages exactly, with order being immaterial to the set-based answer.",what are the colors of the netherlands flag,"[""blue"", ""white"", ""red""]",eligible,eligible
60,eligible,ambiguous,"Spike the bulldog is clearly identified in the passages as the primary named dog character in Tom and Jerry, matching the gold answer.","Several named dogs appear in the franchise (Spike, Tyke, Droopy, Dripple, Urfo, etc.), so asking for ""the dog's name"" without further specification does not uniquely determine Spike.",what's the dog's name on tom and jerry,"[""Spike""]",eligible,eligible
66,eligible,ambiguous,"The passages confirm the U.S[passage text redacted]ban on TV/radio took effect January 2, 1971 (with the enabling act passed in 1970), matching both recorded gold answers.","The question doesn't specify a country, and the passages give several different dates for TV cigarette ad bans (e.g., 1963, 1965, 1971, 1976) in different nations, so the US-specific gold isn't uniquely determined.",when did they stop cigarette advertising on television,"[""January 2, 1971"", ""1970""]",eligible,eligible
71,stale_gold,ambiguous,"The question lacks a time reference and the current record streak is 111 (already ended), while the more recent[passage text redacted]streak also ended per these passages, so the answer depends on which streak/time is meant and 90 is not clearly supported.","The question doesn't specify a time point or whether it means all games or[passage text redacted], and the golds mix incompatible values (111, 90) while the passages also document a[passage text redacted]streak, so no single answer is determined.",how many games in a row have the uconn women's basketball team won,"[""111 straight wins"", ""111"", ""90""]",ineligible,ineligible_class_disputed
82,unanswerable,unanswerable,"The passages discuss seasons of several different shows (Wild Thornberrys, SpongeBob, Rick and Morty, Adventure Time) but do not provide season count information specifically for the original Rugrats series.","The original Rugrats did run nine seasons, so the gold is sound, but the provided passages only discuss episode counts, spin-offs and other shows' seasons without stating Rugrats' season total.",how many seasons of the rugrats are there,"[""9 seasons"", ""9""]",ineligible,unanswerable
92,unanswerable,wrong_gold,"The passages discuss[passage text redacted] and clotting factors in general but never enumerate or describe the three specific phases (vasoconstriction, platelet plug formation, coagulation) implied by the gold answer.","The question asks for a description of three phases of clotting (vascular spasm, platelet plug formation, coagulation), but the recorded golds are just two fragmentary items ('blood coagulation' and 'vasoconstriction,') that do not constitute a correct or complete answer to the question asked.",describe the three phases of the normal blood clotting process,"[""blood coagulation"", ""vasoconstriction,""]",ineligible,ineligible_class_disputed
105,unanswerable,unanswerable,"The passages discuss various people named Gálvez but never explicitly state the etymology or origin of the surname itself, so the gold answer isn't directly supported by the given text.","The question asks about the origin of the surname Gálvez, and while the gold answer (Spanish) is sound, the passages only mention individuals bearing the name without ever stating the surname's linguistic or geographic origin.",where does the last name galvez come from,"[""Spanish surname"", ""Spanish""]",ineligible,unanswerable
108,eligible,eligible,"The passages clearly support that[passage text redacted]associated with the Four Seas, matching the gold answer despite the odd phrasing of the question.","The question asks how many seas Chinese dragons (Dragon Kings) protect, and the passages state there are four Dragon Kings for the Four Seas, matching the gold answer.",the chinese dragons are protectors of how many seas diggy,"[""Four Seas"", ""Four""]",eligible,eligible
115,eligible,eligible,"The passages confirm Moseley joined Rutherford's team at Manchester, so the gold answer[passage text redacted]is correct and directly supported.","The question asks who led the Manchester research team Moseley joined, and the passages state that Moseley was part of[passage text redacted]at Manchester, matching the gold.",who was the famous scientist that ran the research lab moseley went to in manchester,"[""Sir Ernest Rutherford""]",eligible,eligible
125,eligible,unanswerable,"The passages confirm six seasons[passage text redacted](1-6), and the show is widely known to have run for seven seasons total, matching the gold answer even though only six are detailed here.","The question is clear and the gold of seven seasons is correct for the CBS sitcom, but the passages only describe seasons one through six and never state the total number of seasons.",how many seasons of rules of engagement is there,"[""7"", ""seven""]",eligible,eligible
129,stale_gold,stale_gold,"The passages show the current U.S. Senat[passage text redacted]Patty Murray, not Orrin Hatch or Patrick Leahy, indicating the gold answer is outdated and also ambiguous as the question doesn't specify which country's or state's senate.","The question asks who currently holds the office (apparently the US Senat[passage text redacted]), and the gold names Hatch/Leahy while the passages state the current holder is Patty Murray since January 2023, so a correct current answer would not match the gold.",who is currently serving as president of the senate,"[""Orrin Hatch"", ""Patrick Leahy""]",ineligible,stale_gold
132,eligible,eligible,"The passages confirm Australia won 16 gold medals at the 2000 Sydney Olympics, matching the recorded gold answer.","The question specifies a single event (the 2000 Sydney Olympics), and the passages directly confirm Australia won 16 gold medals there, matching the gold answer.",how many gold medals did australia win in the 2000 olympics,"[""16""]",eligible,eligible
151,wrong_gold,wrong_gold,"The passages show the US primarily and firs[passage text redacted]in April 1917, so Germany is the more accurate answer while Austria-Hungary came later and is only a partial/secondary answer.","The primary and expected answer is Germany (declared April 6, 1917), and while the US later declared war on Austria-Hungary, listing only Austria-Hungary as the gold omits and misrepresents the main declaration emphasized in the passages.",who did america declare war on in ww1,"[""Austria-Hungary""]",ineligible,wrong_gold
153,eligible,unanswerable,"The passages confirm Tom Hanks played a marooned FedEx employee in Cast Away, consistent with the gold answer Chuck Noland, though the exact name isn't spelled out verbatim, it's a well-known fact matching the character described.","The gold name Chuck Noland is correct for Tom Hanks's role in Cast Away, but the provided passages only describe him as a FedEx employee stranded on an island without ever naming the character.",what was tom hanks character name in castaway,"[""Chuck Noland""]",eligible,eligible
180,eligible,eligible,"The passages confirm Willem-Alexander is King and Máxima i[passage text redacted], matching the recorded gold answers.","The question asks for the current Dutch monarch and his consort, and the passages confirm that Willem-Alexander and Máxima[passage text redacted]in 2013, matching the gold answers.",who is the king and queen of the netherlands,"[""Queen M\u00e1xima of the Netherlands"", ""King Willem-Alexander""]",eligible,eligible
188,eligible,eligible,"The passages clearly confirm that California's Proposition 103 (1988) made the[passage text redacted], matching the recorded gold answers.","Although the question omits the state, the passages clearly support Proposition 103 as the measure that converted[passage text redacted]into an elected office, matching the recorded golds.",what proposition made the insurance commissioner an elected position,"[""Proposition 103"", ""Proposition 103 in 1988""]",eligible,eligible
206,unanswerable,unanswerable,"The passages discuss The Miz and Maryse's storylines but never mention the reality TV series 'Miz & Mrs.' or its premiere date, so the gold year cannot be confirmed from this corpus.","The question asks for the start date of the Miz & Mrs. reality show, and while the gold year 2018 is plausible, none of the supplied passages mention that show or its premiere date.",when does the miz and maryse show start,"[""2018""]",ineligible,unanswerable
217,wrong_gold,ambiguous,"The question asks about individual gold medal count, and the record is held by Bjørn Dæhlie/[passage text redacted](8 golds each) not the country Norway, so the recorded answer conflates athlete and country and does not correctly answer the question as most naturally interpreted (though even for count","The question could mean the nation with the most all-time[passage text redacted]s or an individual athlete with the most, and the passages point to both a country (Norway) and an athlete record holder, so the intended sense is underdetermined; moreover the provided passages never state the all-time nat",who has the most gold medals in the winter olympics of all time,"[""Norway""]",ineligible,ineligible_class_disputed
233,unanswerable,ambiguous,"The passages discuss the history and development of CPUs and microprocessors but never mention John von Neumann or credit him with developing the CPU, so the gold answer cannot be verified from this text.","The question doesn't specify whether it asks about the conceptual CPU/stored-program architecture (von Neumann) or the first single-chip CPU/microprocessor (Hoff, Faggin, Shima, Mazor, or Boone), and the passages credit the latter developers, so no single answer is determined.",who developed the central processing unit (cpu),"[""John von Neumann""]",ineligible,ineligible_class_disputed
235,eligible,eligible,"The passages confirm Katie fled from her abusive, alcoholic husband Kevin after stabbing[passage text redacted], matching the gold answer.","The passages confirm Katie fled Boston[passage text redacted],[passage text redacted] Kevin, matching the recorded gold answer.",what is katie running from in safe haven,"[""her abusive husband""]",eligible,eligible
249,eligible,eligible,"The passages confirm Afghanistan joined in 2007 as the 8th and most recent member, matching the recorded gold answer.","The question asks which country joined SAARC most recently, and the passages confirm Afghanistan became the eighth and latest member in 2007, matching the gold.",which country is the last member of saarc,"[""Afghanistan""]",eligible,eligible
261,eligible,eligible,"The passages confirm Ricky Nelson played the character Colorado (referred to as the Colorado Kid) in Rio Bravo, matching the gold answer.","The passages confirm Ricky Nelson portrayed the young gunfight[passage text redacted]the 1959 film Rio Bravo, matching the recorded gold.",who played the colorado kid in rio bravo,"[""Ricky Nelson""]",eligible,eligible
264,eligible,eligible,"The passage explicitly states[passage text redacted]membership was recommended by[passage text redacted], confirming the gold answer matches the question.","The question has a single determinate answer, and the passages explicitly identify Lord Irwin as the Viceroy at the time[passage text redacted]ppointed and visited India.",who was the viceroy when the simon commission visited india,"[""Lord Irwin""]",eligible,eligible
268,eligible,eligible,The passages consistently confirm that the US boycotted only[passage text redacted]matching the gold answer.,"The question clearly asks about the Olympics the US skipped, and the passages repeatedly confirm the 1980 Moscow Summer Olympics boycott, matching the gold.",when did the us not go to the olympics,"[""The 1980 Summer Olympics"", ""1980""]",eligible,eligible
279,unanswerable,ambiguous,The passages mention[passage text redacted][passage text redacted]but do not specifically identify or confirm ownership of[passage text redacted] located[passage text redacted],"There are multiple Crowne Plaza-branded hotels in the Chicago area (e.g., downtown Loop, O'Hare, Northbrook), and the question specifies no particular property; moreover ownership of a franchised hotel differs from the brand owner, so the entity asked about is underdetermined.",who owns the crown plaza hotel in chicago illinois,"[""InterContinental Hotels Group""]",ineligible,ineligible_class_disputed
286,eligible,eligible,"The passages confirm the US declared war on and fought against Germany (and Austria-Hungary via forces alongside Italy), matching the recorded gold answers.","The question is clear and the passages confirm that American forces fought[passage text redacted]and Austro-Hungarian troops, matching the recorded gold answers.",who did us fight in world war 1,"[""Germany"", ""Austria-Hungary""]",eligible,eligible
287,eligible,eligible,"The passages confirm the play premiered in 1966, matching the recorded gold answer.","The question asks when the play was written, and the passages support 1966 as the date of the play (premiered at[passage text redacted], referred to as the 1966 play), matching the gold.",when was rosencrantz and guildenstern are dead written,"[""1966""]",eligible,eligible
290,unanswerable,wrong_gold,"The gold answer is a placeholder ('---') with no numeric value, and the passages describe individual pig breeds but never state a total count of pig breeds in the UK.","The gold answer is just a placeholder dash, providing no factual count of UK pig breeds, so it cannot be a correct response to the question.",how many breeds of pigs are there in the uk,"[""---""]",ineligible,ineligible_class_disputed
291,ambiguous,ambiguous,"There were multiple 'Battles of Corinth' (First and Second, and also ancient Greek battles near Corinth), but both took place in or near[passage text redacted] for the Civil War ones, so the question doesn't specify which battle, though the gold answer matches[passage text redacted] battles' location;",The question doesn't specify which Battle of Corinth — there are multiple ancient Greek battles at/near Corinth as well as the First and Second Battles of Corinth in Mississippi[passage text redacted] — so the entity is underdetermined.,where did the battle of corinth take place,"[""in Corinth, Mississippi"", ""Corinth, Mississippi""]",ineligible,ambiguous
295,ambiguous,ambiguous,"The question asks for exactly 4 types but there are 5 canonical nitrogenous bases (with DNA and RNA each having 4, differing only in thymine vs uracil), so the intended answer set depends on whether DNA or RNA is meant, making the 5-item gold not a clean answer to 'the 4 types'.","The question asks for 4 types of nitrogenous bases without specifying DNA or RNA, yet the gold lists five bases, so the intended set (A/T/C/G vs A/U/C/G) is underdetermined and mismatched with the requested count.",what are the 4 types of nitrogenous bases,"[""cytosine (C)"", ""adenine (A)"", ""uracil (U)"", ""thymine (T)"", ""guanine (G)""]",ineligible,ambiguous
296,eligible,eligible,"The gold answer (group 1, s-block) is factually correct and consistent with common knowledge, and the passages support alkali metals being group 1 elements with s-orbital valence electrons.","The question is clear and the gold answers (s-block, group 1) are correct, and the passages support this by describing alkali metals as group 1 elements with a single outer s-electron[passage text redacted]table.",where are alkali metals located on the periodic table,"[""in the s-block"", ""group 1""]",eligible,eligible
307,eligible,eligible,"The question is broad enough to cover the whole Pooh book series, and the four gold years correspond to the publication dates of Milne's four Pooh-related books cited in the passages.","The question asks when the Winnie the Pooh books were written, and the gold set lists the publication years of the four Milne volumes (1924, 1926, 1927, 1928), all directly supported by the passages.",when were the winnie the pooh books written,"[""1924"", ""1926"", ""1927"", ""1928""]",eligible,eligible
318,eligible,ambiguous,"The gold answers correctly reflect the multi-stag[passage text redacted] in Canada (1976 for civilian crimes, 1998 for military offenses), which is supported by the passages.","The question doesn't specify whether it means abolition for civilian/criminal offences (1976) or complete abolition including military offences (1998), and the gold list itself reflects this indeterminacy with multiple conflicting dates.",when did canada get rid of the death penalty,"[""July 14, 1976"", ""1976"", ""1998""]",eligible,eligible
319,ambiguous,stale_gold,"The question doesn't specify which season of Gotham is meant, but the passages and gold only address season 4's premiere date, leaving the intended season underdetermined by the phrase ""new Gotham season"".","The question asks when the ""new"" Gotham season arrives, and the gold refers to the season 4 premiere in 2017, but the passages show the series ran through five seasons ending in April 2019, so the current answer drawn from them would not match.",when does the new gotham season come out,"[""September\u00a021,\u00a02017"", ""September 21, 2017""]",ineligible,ineligible_class_disputed
337,eligible,eligible,"The passage explicitly states[passage text redacted]influenced A Shrew, supporting the gold answer as the earliest documented performance/composition bound.","The question asks when the play was first performed/written, and the passage supports the gold via the scholarly argument that it must date to before the June 1592 theatre closures, so the answer is retrievable from the corpus.",when was the taming ofthe shrew first performed,"[""prior to June 1592""]",eligible,eligible
350,eligible,eligible,"The passages confirm that ""Sacrifice"" was released as a single from Elton John's 1989 album[passage text redacted]matching the gold answer.","The question clearly asks which album contains Elton John's song ""Sacrifice,"" and the passages link it to the 1989 album[passage text redacted] (alongside ""Healing Hands""), matching the gold answer.",what album is sacrifice by elton john on,"[""Sleeping with the Past."", ""Sleeping with the Past""]",eligible,eligible
352,eligible,eligible,"The passage explicitly confirms Ashrita Furman holds the Guinness title for[passage text redacted], matching the gold answer.","The passage explicitly states[passage text redacted]named Ashrita Furman the [passage text redacted], matching the gold, and no later contradicting holder is given.",who holds the world record for the most world records,"[""Ashrita Furman""]",eligible,eligible
371,eligible,eligible,"The passage explicitly states that[passage text redacted] in New Zealand, supporting the gold answers of agriculture/pastoral farming.","The question asks what most New Zealand land is used for, and the passages state that[passage text redacted]dominant land use and that[passage text redacted]tradable sector, matching both recorded golds.",most of new zealands land supports which economic activity,"[""agriculture"", ""Pastoral farming""]",eligible,eligible
382,eligible,eligible,"The passages confirm Rory and Paris both attend Yale, matching the recorded gold answer.","The passages clearly state that Rory attends Yale and Paris arranges to be her roommate there, matching the recorded gold of Yale University.",where do rory and paris go to college,"[""Yale University"", ""Yale University,""]",eligible,eligible
399,eligible,eligible,"The passages consistently confirm the order[passage text redacted], matching the recorded gold answer.","The question is clear and the passages repeatedly confirm the order[passage text redacted], matching the gold answer.",when did the the regulatory reform (fire safety) order 2005 first come into effect,"[""1 October 2006""]",eligible,eligible
400,ambiguous,ambiguous,The question does not specify whether it refers to the English Bill of Rights of 1689 or[passage text redacted] of[passage text redacted]are documented in the passages.,"The question doesn't specify which Bill of Rights — the English one of 1689 or the United States one ratified in 1791 — and the passages discuss both, so no single date is determined.",when did the bill of rights come out,"[""1689"", ""16 December 1689""]",ineligible,ambiguous
416,ambiguous,unanswerable,"There are multiple people named Doug/Doug-like Peterson referenced (and none clearly named 'Doug' at all) in the passages, making it unclear which individual and which position is being asked about.","The question asks about Doug Pederson (quarterback/holder), but the supplied passages only cover other Petersons such as Adrian, Calvin, and Kamau, so they do not support the recorded gold.",what position did doug peterson play in the nfl,"[""holder on placekicks"", ""quarterback""]",ineligible,ineligible_class_disputed
419,eligible,eligible,"The passages confirm the UK publicat[passage text redacted]occurred on 26 June 1997, matching the gold answer of 1997.","The question asks for the publication date[passage text redacted]book, and the passages confirm the UK publication in June 1997, matching the recorded gold of 1997.",when was harry potter and the philosophers stone published,"[""in 1997"", ""1997""]",eligible,eligible
421,eligible,eligible,"The passage confirms halfpipe skiing was introduced as a new Olympic sport at the 2014 Sochi Winter Olympics, matching the gold answer.","The question asks when ski halfpipe became an Olympic event, and a passage explicitly identifies halfpipe as a new Olympic sport at the 2014 Sochi Games, matching the gold.",when did skiing halfpipe become an olympic event,"[""2014""]",eligible,eligible
422,eligible,eligible,"The passages confirm that both[passage text redacted]and[passage text redacted]are the primary teams that play[passage text redacted], matching the gold answers.",The passages directly state that the arena's home teams are the NHL[passage text redacted]Seton Hall'[passage text redacted]matching both recorded golds.,who plays at the prudential center in newark,"[""Seton Hall Pirates"", ""New Jersey Devils""]",eligible,eligible
433,eligible,eligible,"The passages confirm the Emperor in Star Wars is Palpatine, also known as Darth Sidious, matching both recorded gold answers.","The question clearly asks for the Star Wars Emperor's name, and the passages repeatedly identify him[passage text redacted]matching the recorded golds.",what was the emperor name in star wars,"[""Darth Sidious"", ""Sheev Palpatine""]",eligible,eligible
442,eligible,eligible,"The passages confirm the book and film title is 'Marley & Me,' not 'Marley and I,' matching the gold answer.","The question asks which title form is correct for the book/film, and the passages consistently confirm the gold answer ""Marley & Me"".",is it marley and me or marley and i,"[""Marley & Me""]",eligible,eligible
444,eligible,eligible,"The passages clearly confirm Seattle Slew[passage text redacted] in 1977, matching the gold answer.","The question names a specific horse, and the passages repeatedly confirm Seattle Slew[passage text redacted] in 1977, matching the gold.",when did seattle slew win the triple crown,"[""1977"", ""in 1977""]",eligible,eligible
447,wrong_gold,unanswerable,"Super Bowl 2018 (LII) halftime show was headlined by Justin Timberlake according to general knowledge, but the passages only discuss surrounding context ([passage text redacted] coverage shift) without confirming this, and the other years' halftime shows described (Katy Perry, Lady Gaga, Lopez/Shakira,","The question specifies the 2018 Super Bowl (LII) and Justin Timberlake is the correct headliner, but the provided passages only discuss halftime shows for other years and never mention him.",who is super bowl 2018 half time show,"[""Justin Timberlake""]",ineligible,ineligible_class_disputed
450,eligible,eligible,"The passage explicitly states[passage text redacted]with[passage text redacted]from Richard Stilgoe, matching the recorded gold answers.",The passages directly state that[passage text redacted]the musical with[passage text redacted][passage text redacted]matching the accepted gold variants.,who wrote lyrics for phantom of the opera,"[""Charles Hart"", ""Charles Hart and Richard Stilgoe"", ""Richard Stilgoe""]",eligible,eligible
453,eligible,eligible,"The passages confirm the LAD[passage text redacted][passage text redacted], following[passage text redacted], supporting the gold answer.","The question asks where the LAD is located, and the passages explicitly state it[passage text redacted], following[passage text redacted], which matches the recorded gold.",where is the left anterior descending artery located,"[""the left coronary artery""]",eligible,eligible
476,eligible,eligible,"The passage explicitly states that Jon Lester's May 19, 2008 no-hitter is the most recent one in Red Sox history, matching the gold answer.","The passages explicitly state that[passage text redacted], matching the gold answer, and no later Red Sox no-hitter appears in the passages.",when was the last time the boston red sox pitched a no-hitter,"[""May 19, 2008""]",eligible,eligible
482,eligible,unanswerable,"The question clearly asks about the 2006 World Cup,[passage text redacted]of Italy is correctly known as the winner of the Golden Glove ([passage text redacted]) that year, consistent with context in the passages referencing him as Italy's goalkeeper-captain at that tournament.","The question specifies a clear edition (2006 World Cup) and Buffon indeed won the Yashin/Lev Yashin Award that year, but the supplied passages only discuss 1998, 2010 and 2014 goalkeeper awards and never state the 2006 winner.",who won the award for best goalkeeper in football world cup 2006,"[""Gianluigi Buffon""]",eligible,eligible
484,eligible,eligible,"The question asks which device builds routing tables identifying network addresses, and the passages confirm a router creates and[passage text redacted] for this purpose, matching both gold answers.","The question describes a router (a network connection device that builds tables identifying addresses on each network), and the passages confirm routers maintain routing tables listing[passage text redacted]; the gold includes ""a router,"" so the item is answerable despite the sloppy alternate gold.",is a network connection device that can build tables that identify addresses on each network,"[""routing table"", ""a router""]",eligible,eligible
486,eligible,eligible,"The passages confirm that ""Mirror Image"" was indeed the series finale episode of Quantum Leap, matching the recorded gold answer.","The passages explicitly identify the series finale of Quantum Leap as ""Mirror Image,"" matching the recorded gold answer, and the question is unambiguous about the original series' last episode.",what was the final episode of quantum leap,"[""\""Mirror Image\""""]",eligible,eligible
488,stale_gold,ambiguous,"The question has no fixed timeframe but the passages show multiple later appointments (e.g.,[passage text redacted], Arun Goel, Rajiv Kumar) after Rawat, making the recorded gold outdated relative to the corpus's information.","The question gives no date and doesn't distinguish between[passage text redacted], so many different people (Rawat, Pandey, Goel, Rajiv Kumar) could be the intended answer depending on the time and role meant.",who has been appointed as the election commissioner of india,"[""Om Prakash Rawat""]",ineligible,ineligible_class_disputed
491,unanswerable,unanswerable,"The passages discuss top-level domains, subdomains, and[passage text redacted] in various contexts but never explicitly enumerate or define the general 'parts' of a domain name (subdomain, top-level domain, hostname) as a unified answer.","The gold list of domain-name components (hostname, subdomain, top-level domain) is reasonable, but the supplied passages only discuss TLDs, suffixes and search domains without enumerating the labels that make up a domain name.",what are the parts of a domain name called,"[""subdomain"", ""top-level domain"", ""hostname""]",ineligible,unanswerable
496,ambiguous,ambiguous,"The question is unclear about which Michigan program/sport's championship is meant, since the passages reference multiple Michigan teams' titles (basketball 1989, football 2004, hockey, etc.), making the single gold answer of 1989 not uniquely determinable from the question alone.","The question doesn't specify which Michigan team or which championship (basketball, football, hockey, conference vs. national, or even Michigan State), so many different answers are defensible beyond the 1989 men's basketball NCAA title.",when was the last time michigan won the championship,"[""1989""]",ineligible,ambiguous
501,eligible,eligible,"The passages directly define crepuscular as the term for animals active mainly at dawn and dusk, matching the recorded gold.","The question asks for the term describing animals active at[passage text redacted]the passages explicitly define crepuscular as exactly that, matching the gold answers.",animals that are active at dawn and dusk,"[""Crepuscular"", ""crepuscular"", ""Crepuscular animals""]",eligible,eligible
508,unanswerable,ambiguous,"The passages only mention[passage text redacted] passing as George Harrison's song without providing details confirming both original artist James Ray and Harrison's cover, so the gold cannot be verified from this corpus.","The question doesn't specify which recording is meant, and the song has both an original 1962 performer (James Ray) and a famous 1987 cover (George Harrison), so no single answer is determined.",who sings got my mind set on you,"[""James Ray"", ""George Harrison""]",ineligible,ineligible_class_disputed
513,unanswerable,unanswerable,"The passages confirm the Lakers won[passage text redacted] series but do not specify who won Game 4 individually, so the question as asked cannot be verified from this text.","The question asks specifically about the winner of Game 4 of[passage text redacted]and while the Lakers won the series 4-2 over Indiana, the passages never state the outcome of individual games, so they do not settle which team won Game 4.",who won game 4 of the 2000 nba finals,"[""Los Angeles Lakers""]",ineligible,unanswerable
518,eligible,eligible,"The passages confirm multip[passage text redacted] across the show's run (Hammond, Louisiana for season one, then Covington/Atlanta/Decatur in Georgia), matching all the recorded gold answers.","The question asks about filming locations for the series, and the passages explicitly list[passage text redacted]for season one plus Covington, Decatur/DeKalb, and Atlanta in Georgia, matching all recorded golds.",where was the tv show in the heat of the night filmed,"[""Decatur in Dekalb County"", ""Atlanta"", ""Covington, Georgia"", ""Hammond, Louisiana""]",eligible,eligible
523,eligible,eligible,"The passage directly supports the gold answer that [passage text redacted]patronymic surname meaning 'son of Robin', so the item is well supported and answerable.","The question asks about the origin of the surname Robinson, and the passages directly state it is an English patronymic surname[passage text redacted] meaning ""son of Robin,"" matching the gold.",what is the origin of the name robinson,"[""English language patronymic surname""]",eligible,eligible
524,wrong_gold,ambiguous,"The question asks for the year of the[passage text redacted], but Super Bowl LII was won in February 2018 (the 2017 season), and 1948 refers to an NFL Championship before[passage text redacted]even existed, so neither gold correctly answers 'the first Super Bowl the Eagles won' as 2018.","The question conflates ""Super Bowl"" wins with league championships, and the two golds reflect these two different readings (the 2017 season's Super Bowl LII win versus the 1948 pre-Super-Bowl NFL title), so no single answer is determined.",when was the first super bowl the eagles ever won,"[""2017"", ""1948""]",ineligible,ineligible_class_disputed
531,unanswerable,unanswerable,"The passages mention Tim Hortons operating in the US from 1995 and expanding stores in 2009, but never state 1981 or any specific date matching the gold answer, so the gold cannot be verified from these passages.","The question is clear and 1981 is the commonly cited year of the first US Tim Hortons location, but the supplied passages only discuss Canadian openings, the 2009 Cold Stone co-branding, and the Burger King merger, never stating when the chain first entered the United States.",when did tim hortons open in the usa,"[""1981""]",ineligible,unanswerable
537,ambiguous,ambiguous,"The question doesn't specify which measurement (Ming-era wall vs total length of all walls across dynasties) is wanted, and different figures like 8,850 km and 21,196 km both appear as legitimate answers depending on the definition used.","The question doesn't specify which measure is meant \u2014 the Ming-era wall length (~8,850 km) or the total of all dynasties' wall sections (~21,196 km) \u2014 and both are recorded as gold, so no single answer is determined.",how many kilometers of great wall of china,"[""8,850\u00a0km"", ""21,196\u00a0km""]",ineligible,ambiguous
551,eligible,eligible,"The passage explicitly states[passage text redacted]52 eleven-minute episodes paired into 26 half-hour broadcast episodes, matching the recorded gold of 26.","The passages state that Adventure Time's first season consists of 52 eleven-minute segments paired into 26 half-hour episodes, matching the gold answer of 26.",how many episodes in adventure time season 1,"[""26""]",eligible,eligible
552,eligible,eligible,"The passages confirm the draft was suspended in January 1973 and the last draftee entered in June 1973, supporting the gold answer of 1973.","The passages confirm the draft was suspended in January/February 1973 with the last draftee inducted June 30, 1973, matching the gold year of 1973.",when did the us stop drafting for the vietnam war,"[""1973""]",eligible,eligible
553,eligible,eligible,"The passages explicitly name the Bellas, Evermoist, and Saddle Up as bands featured in Pitch Perfect 3, matching the gold answers.","The question asks which musical groups appear in Pitch Perfect 3, and the passages name the Bellas, Evermoist, and Saddle Up (plus other acts), supporting the recorded gold answers.",who were the bands in pitch perfect 3,"[""Evermoist"", ""Saddle Up"", ""the Bellas""]",eligible,eligible
559,eligible,unanswerable,"The passages confirm cozonac (kozunak) as the traditional sweet leavened Easter bread in Romania, matching the recorded gold answers.","The gold answers (cozonac/kozunak) are correct for Romania's sweet leavened Easter bread, but the passages only mention cozonac in a list of Moldovan/Romanian holiday baked goods without identifying it as the sweet leavened Easter bread, so they don't settle the question.",sweet leavened bread prepared for easter in romania,"[""Kozunak"", ""Cozonac""]",eligible,eligible
565,eligible,eligible,"The passages confirm that[passage text redacted]t official currency is the won, matching the recorded gold answer.","The question asks for[passage text redacted], the gold answer ""won"" is correct and current, and the passages confirm[passage text redacted]in 1962 and remains the currency.",what is the money called in south korea,"[""won"", ""The won""]",eligible,eligible
590,eligible,wrong_gold,"The passage confirms Coroebus of Elis won[passage text redacted]ancient Olympic footrace (the stade/stadion, roughly a 200-yard sprint), matching the gold answer.","The question asks about the two-stade (diaulos) race, roughly 200 yards, which was introduced in 724 BC and whos[passage text redacted] was Hypenus/Acanthus-era figures, not Coroebus, who won the single-stade (~200 yard?) race of 776 BC; more precisely the gold names the winner of the one-stade race",who won first ancient olympic 200 yard race,"[""Coroebus of Elis""]",eligible,eligible
591,unanswerable,unanswerable,"The passages discuss five-spice powder's uses and variations but never actually list its constituent spices, so the gold answer cannot be verified from this corpus.","The gold list of the five spices is factually correct, but the supplied passages only mention five-spice powder in passing without ever enumerating its constituent spices, so they cannot settle the question.",what are the spices in chinese 5 spice powder,"[""Sichuan pepper"", ""Cloves (dingxiang \u4e01\u9999)"", ""Star anise"", ""Cloves"", ""Chinese cinnamon"", ""Fennel seeds""]",ineligible,unanswerable
604,unanswerable,unanswerable,"None of the provided passages mention the film El Dorado or the character Maudie, so the gold answer cannot be verified from this context.","The question about the actress playing Maudie in the 1966 Western El Dorado has a sound gold answer, but none of the provided passages mention that film's cast, so they cannot settle it.",who played maudie in the movie el dorado,"[""Charlene Holt""]",ineligible,unanswerable
606,eligible,eligible,"The passages confirm that Julie Kavner voices Marge Simpson, matching the recorded gold answer.","The question clearly asks who voices Marge Simpson, and the passages confirm the gold answer[passage text redacted].",who does marge's voice on the simpsons,"[""Julie Deborah Kavner""]",eligible,eligible
614,ambiguous,ambiguous,"There have been multiple 'Alice in Wonderland' adaptations with different actors voicing/playing 'the mouse' (e.g., Barbara Windsor in 2010 film, Nathan Lane in 1985 TV version, Sherman Hemsley in another), so without specifying which version, the question has multiple valid answers.","The question doesn't specify which adaptation (many versions exist, with the Mouse pl[passage text redacted], Nathan Lane, etc.) nor whether it refers to the Mouse or the Dormouse, so the gold of Barbara Windsor (Dormouse in Burton's 2010 film) is not uniquely determined.",who plays the mouse in alice in wonderland,"[""Barbara Windsor""]",ineligible,ambiguous
617,ambiguous,eligible,"The question could refer to either the 1994 film (Simon Callow) or the 2019 miniseries adaptation, which have different actors, so the intended version is unclear.","The passage explicitly identifies Simon Callow as the actor playing Gareth in the 1994 film, matching the gold answer, and the question is not meaningfully ambiguous despite a later miniseries adaptation.",who played gareth in four weddings and a funeral,"[""Simon Callow""]",eligible,eligible
621,eligible,ambiguous,"The question asks for cast members of Law & Order: SVU, and the recorded gold list corresponds to actual principal cast members supported by the passages and general show knowledge.","The question asks for the cast of a long-running series without specifying a season or era, so no single fixed list of actors is determined (the gold mixes original, departed, and later cast members while omitting others like Kelli Giddish's later additions or newer regulars).",cast of law & order special victim unit,"[""Kelli Giddish"", ""Richard Belzer"", ""Stephanie March"", ""Diane Neal"", ""Ice-T"", ""Danny Pino"", ""Dann Florek"", ""Tamara Tunie"", ""Michaela McManus"", ""Mariska Hargitay"", ""Adam Beach"", ""B. D. Wong"", ""Christopher Meloni"", ""Ra\u00fal Esparza"", ""Michelle Hurd"", ""Peter Scanavino""]",eligible,eligible
637,eligible,ambiguous,"The Panthers lost the Super Bowl twice, once[passage text redacted](2003 season) and once[passage text redacted](2015 season), so both recorded gold answers are valid depending on which appearance is meant, and the passages support both facts.","Carolina lost two different Super Bowls (XXXVIII to New England and 50 to Denver), and the question specifies no year or edition, so a single answer isn't determined.",who did carolina lose to in the super bowl,"[""Denver Broncos"", ""New England Patriots""]",eligible,eligible
642,eligible,eligible,"The passages consistently confirm[passage text redacted]US[passage text redacted], matching the gold answer.","The passages repeatedly state that kudzu arrived in the US from Japan at[passage text redacted], matching the gold answer.",when was kudzu introduced to the united states,"[""1876"", ""in 1876""]",eligible,eligible
644,ambiguous,ambiguous,"Flags were planted at six different Apollo landing sites, so without specifying which mission, the question has multiple valid location answers as reflected in the multiple gold answers.","The question doesn't specify which Apollo mission's flag is meant, and six[passage text redacted]at six different landing sites, so no single location is determined (the gold is a list of all six).",where was the flag placed on the moon,"[""Hadley\u2013Apennine"", ""Sea of Tranquility"", ""Fra Mauro formation"", ""Descartes Highlands"", ""Ocean of Storms"", ""Taurus\u2013Littrow""]",ineligible,ambiguous
652,unanswerable,unanswerable,"The passages discuss Jack McCoy's role changes over time but never state the year he first joined Law & Order, so the gold answer of 1994 cannot be verified from this text.","The question asks when the Jack McCoy character first appeared on Law & Order (1994, season 5), and while the passages discuss his later promotion to DA in 2007-08 and[passage text redacted] Stone, none of them state the year he joined the series.",when did jack mccoy join law and order,"[""1994""]",ineligible,unanswerable
684,unanswerable,unanswerable,"The passages mention the Golden Nugget as one of[passage text redacted]casinos formerly Trump's Castle/Marina but never state who currently owns it, so the gold answer of Landry's, Inc. cannot be verified from this corpus.","The gold answer (Landry's, Inc., Tilman Fertitta's company) is correct for the Golden Nugget Atlantic City, but the provided passages only mention the property's former Trump ownership and never identify its current owner.",who owns the golden nugget casino in atlantic city,"[""Landry's, Inc.""]",ineligible,unanswerable
697,stale_gold,stale_gold,"The passages show[passage text redacted] has been superseded by[passage text redacted]which is now the current UK legislation on data protection, making the recorded gold outdated.",The passages show the 1998 Act was replaced by[passage text redacted]so the current correct answer would not match the recorded gold.,legislation regarding data protection and security in uk,"[""The Data Protection Act 1998"", ""Data Protection Act 1998""]",ineligible,stale_gold
701,eligible,eligible,"The passages confirm that[passage text redacted]filmed on Oak Island, Nova Scotia, matching the gold answer.","The show is about and filmed on Oak Island in Nova Scotia, which the passages support, so the gold answer is correct and answerable.",where is the tv show the curse of oak island filmed,"[""Oak Island""]",eligible,eligible
705,eligible,eligible,"The passages describe the Corn Belt as a region with[passage text redacted], confirming the gold answer.","The question clearly asks where the Corn Belt is located, and the passages confirm it is a Midwestern region of the United States, matching the gold answer.",the world famous corn belt is in which country,"[""United States"", ""the United States""]",eligible,eligible
715,eligible,unanswerable,"The passages support that[passage text redacted] use expanded through the 1960s culminating in the 1969/1970 Novus Ordo Missal, consistent with the widely cited 1967/1967-onwards transition away from mandatory Latin Mass.","The passages describe the gradual[passage text redacted]vernacular (1964-65 permissions, 1969-70 Missal of Paul VI) but never state that Latin Mass ceased in 1967, so they do not support or settle the recorded gold.",when did they stop saying mass in latin,"[""from 1967 onwards"", ""1967""]",eligible,eligible
726,unanswerable,unanswerable,"The passages mention the Phaeacians and their king Alcinous but never state that they live on Scheria, so the gold answer isn't supported by the given text.","The gold answer Scheria is the standard name of the Phaeacians' homeland in the Odyssey, but the passages only identify it with Kerkyra/Corfu and never mention Scheria, so they do not support the recorded gold.",where do the phaeacians live in the odyssey,"[""Scheria""]",ineligible,unanswerable
753,eligible,eligible,"The passages confirm that Hodel sing[passage text redacted] as she explains her decision to join Perchik, matching the gold answer.","The question asks which character sings the song, and the passages confirm Hodel (played by Michele Marsh in the film) performs the solo, matching the gold.",who sings far from the home i love in fiddler on the roof,"[""Hodel""]",eligible,eligible
754,eligible,eligible,"The passages confirm High Chaparral was mainly filmed in California, including Old Tucson and related Arizona/Tucson region locations, consistent with the recorded gold answers.","The question clearly identifies a single TV series, and the passages confirm California locations (Los Angeles, Simi Valley, Tuolumne County) plus Tucson/Old Tucson area filming, matching the recorded golds.",where was the tv show high chaparral filmed,"[""California"", ""Saguaro National Park"", ""Old Tucson Studios in Arizona""]",eligible,eligible
782,unanswerable,unanswerable,The passages describe the Mayflower voyage in detail but never mention Christopher Jones or name any captain of the ship.,"The question is clear and the gold (Christopher Jones) is historically correct, but none of the supplied passages name the Mayflower's captain.",who was the captain of the mayflower which brought the pilgrims to plymouth,"[""Master Christopher Jones"", ""Christopher Jones""]",ineligible,unanswerable
784,eligible,eligible,The passages consistently confirm that the SI currently[passage text redacted]matching the gold answer.,The question is clear and the passages repeatedly confirm that the SI[passage text redacted]matching the gold answer.,what is the number of basic units in the international system of units,"[""seven""]",eligible,eligible
787,eligible,eligible,"The original 1968[passage text redacted]filmed at[passage text redacted]Lake Powell/Page, Arizona and Zuma Beach in California, matching the recorded gold answers of Utah, Arizona, and California.","The question clearly refers to the 1968 original film, and the passages confirm filming in the Lake Powell/Page Arizona area (which spans Utah/Arizona) and at California beaches, matching the recorded gold answers.",where was the original planet of the apes filmed at,"[""Utah"", ""in northern Arizona"", ""California"", ""Arizona""]",eligible,eligible
802,ambiguous,ambiguous,"The question is unclear whether ""Kelly"" refers to Kelly Rowland, Kelly Price, or R. Kelly, and the passages do not provide comparative total album sales figures for either named person versus Carrie Underwood to settle the comparison.","The question gives only first names, which could refer to Kelly Clarkson, Kelly Rowland, Kelly Price or R. Kelly versus Carrie Underwood or others, so the entities being compared are underdetermined.",who has sold more albums kelly or carrie,"[""Carrie"", ""Carrie Underwood""]",ineligible,ambiguous
823,eligible,eligible,"The passage confirms the song was co-written by Kirsty MacColl and Philip Rambow, matching the recorded gold answers.","The question clearly identifies a single song, and the passages confirm it was co-written by Kirsty MacColl and Philip Rambow, matching the recorded gold answers.",who wrote there's a guy works down the chip shop lyrics,"[""Philip Rambow"", ""Kirsty MacColl/Philip Rambow"", ""Kirsty MacColl""]",eligible,eligible
826,eligible,eligible,"The passages confirm Stephen Foster composed[passage text redacted],"" including its lyrics, matching the recorded gold answer.","The question clearly identifies a single well-known song, the gold answer Stephen Foster is correct, and the passages explicitly credit him with writing it.",who wrote the text for jeanie with the light brown hair,"[""Stephen Foster""]",eligible,eligible
841,ambiguous,ambiguous,"The University of Michigan has many sports programs each with their own[passage text redacted]s (basketball, football, hockey, etc.), so without specifying a sport the question could refer to different years like 1997 for football or other sports for different years.","The question doesn't specify which sport, and Michigan has won national titles in many sports (football 1997, basketball 1989, hockey, etc.) at different times, so no single answer is determined.",when was the last time university of michigan won a national championship,"[""1997""]",ineligible,ambiguous
845,ambiguous,ambiguous,"The question is inherently contested since the passage presents Cyrus's cylinder as an early human rights-related document but not clearly authored as a 'declaration,' while the actual[passage text redacted]written by a committee, making the intended entity unclear.","The question doesn't specify which[passage text redacted]s meant ""first"" \u2014 it could refer to the ancient Cyrus cylinder (gold: Cyrus), the 1789 French[passage text redacted], or[passage text redacted]the 1948[passage text redacted](Humphrey), all of which the passages support as c",who wrote the first declaration of human rights,"[""Cyrus""]",ineligible,ambiguous
855,unanswerable,unanswerable,"None of the reference passages discuss the song 'I Drive Your Truck' or its narrative content, so the gold answer cannot be verified from this corpus.","The question about Lee Brice's ""I Drive Your Truck"" has a sound gold (the song's subject is the singer's deceased brother), but none of the provided passages mention that song at all, so they cannot settle it.",in the song i drive your truck who is he talking about,"[""his brother""]",ineligible,unanswerable
861,eligible,eligible,"The passages clearly state[passage text redacted]was fought from 19 October to 22 November 1914, matching the gold answer's end date.","The question clearly refers to[passage text redacted], and the passages repeatedly confirm it ran from 19 October to 22 November 1914, matching the gold answer.",when did the first battle of ypres end,"[""22 November 1914""]",eligible,eligible
868,ambiguous,ambiguous,"There are multiple 'new'[passage text redacted]adaptations mentioned (the 2017 film with Dan Stevens and the 2022 TV special with Josh Groban), so without a specified year 'the new' one is underdetermined.","""The new[passage text redacted]"" doesn't pin down which production is meant 
initially[passage text redacted]film (Dan Stevens), but the passages also describe a 2018 Hollywood Bowl concert (Anthony Evans) and a 2022 ABC live special (Josh Groban) as the Beast, so no single answer is determined.",who plays the beast on the new beauty and the beast,"[""Dan Stevens""]",ineligible,ambiguous
873,eligible,wrong_gold,"The passages support 793 (specifically the Lindisfarne raid dated 6 January 793 in some traditions, or the broader 786–802 raiding period) as the first known Viking contact with Britain, matching the recorded golds.","The question asks when Vikings first sailed to and reached Britain, but the golds (a specific 793 date for the Lindisfarne raid, and an unrelated range 786
cdash802) conflict with the passages, which date[passage text redacted]landing to 789 at Portland and the Lindisfarne raid to 8 June 793, and note ",when did the vikings first sail and reach britain,"[""6 January 793"", ""786\u2013802""]",eligible,eligible
884,eligible,eligible,"The passages directly confirm that[passage text redacted][passage text redacted], matching the recorded gold answer.","The question is clear and the passages directly confirm that[passage text redacted]s where[passage text redacted]ccur, matching the gold answers.",which is the site of the light dependent reactions of photosynthesis,"[""thylakoid membranes"", ""the thylakoid membranes""]",eligible,eligible
891,wrong_gold,ambiguous,"The question asks about the source/type of energy ([passage text redacted]) powering Puerto Rico, but the gold answer names the utility company (PREPA) rather than the actual energy source.","The question could be asking about the energy source (mostly imported[passage text redacted]) or the supplying utility (PREPA), so the gold answer only fits one of two plausible readings.",where does puerto rico's power come from,"[""Puerto Rico Electric Power Authority""]",ineligible,ineligible_class_disputed
896,wrong_gold,eligible,"The passages indicate the Ford F-150 model was introduced in 1975 as a heavy-half variant of the F-Series, but the question asks about the first[passage text redacted]which actually began in 1948 (or 1940 as F-100 platform), making the gold answer conflate F-150 naming with the truck line's origin, th","The question asks for the introduction year of the Ford F-150, and the passages confirm it appeared in 1975 as a heavier half-ton response to emissions rules, matching the gold.",when was the first ford f 150 made,"[""1975""]",eligible,eligible
901,ambiguous,ambiguous,"The passages list multiple parks (Franklin Mountains, Jacksonville's system, Fairmount/Wissahickon, Red Mountain Park, etc.) each described as among[passage text redacted], so 'largest city park' is not uniquely determined and depends on how 'city park' is defined.","""Largest city park"" is underdetermined \u2014 it could mean largest single urban park by area, largest municipal park system, or largest park within city limits, and the passages support multiple competing claimants ([passage text redacted]Jacksonville's system, Red Mountain Park, Fairmount ",what's the largest city park in the united states,"[""Franklin Mountains State Park""]",ineligible,ambiguous
907,eligible,unanswerable,"[passage text redacted]is indeed a[passage text redacted]song about a wedding (its narrative describes a bride's wedding and the groom's discovery of infidelity), and the passages confirm this is their well-known hit, making the gold answer correct and retrievable.","The gold song is correct as the well-known[passage text redacted]track set at a wedding, but the given passages only mention it as a hit single without describing its wedding-themed content, so they don't establish the answer.",panic at the disco song about a wedding,"[""I Write Sins Not Tragedies""]",eligible,eligible
931,unanswerable,unanswerable,"The passages describe general desert fauna and mention some Great Victoria Desert-related species like[passage text redacted][passage text redacted], but do not comprehensively confirm the full list of gold animals (e.g., malleefowl, water-holding frog, sandhill dunnart, dingo, sand goanna, chestn","The question about the Great Victoria Desert is well-posed and the gold list of endemic species is plausible, but the supplied passages describe other deserts (Tanami, Atacama, Sahara, Uluru area, etc.) and never enumerate the Great Victoria Desert's fauna, so they don't support the specific gold an",what kind of animals live in the great victoria desert,"[""malleefowl"", ""water-holding frog"", ""great desert skink"", ""sandhill dunnart"", ""dingo"", ""sand goanna"", ""crest-tailed mulgara"", ""southern marsupial mole"", ""chestnut-breasted whiteface"", ""perentie""]",ineligible,unanswerable
937,eligible,eligible,"The question is clear and the gold list of[passage text redacted]UK, and US matches the passages' consistent identification of the five permanent[passage text redacted]members.","The question has a single well-defined answer set, and the passages explicitly confirm[passage text redacted]listed in the gold.",who are the permanent member of un security council,"[""China"", ""United Kingdom"", ""United States"", ""Russia"", ""France""]",eligible,eligible
944,stale_gold,stale_gold,"The passages indicat[passage text redacted]now the fastest train in India, superseding the gold answer Gatiman/Mumbai Rajdhani Express which reflects an outdated ranking.","The gold names Gatimaan (160 km/h) and Mumbai Rajdhani as the fastest train, but the passages state that the later-introduced[passage text redacted]now India's fastest train, so an answer drawn from the corpus would not match the gold.",which is the fastest train in india and what is its speed,"[""Gatiman"", ""160km/hour"", ""Mumbai Rajdhani Express""]",ineligible,stale_gold
966,unanswerable,wrong_gold,"The passages discuss various philosophers and the 'return to nature' concept but never mention Bacon in connection with this idea, so the gold answer cannot be verified from the given text.","The ""return to nature"" idea is classically associated with Rousseau (and the passages discuss Rousseau, Thoreau, Ruskin, etc.), not Bacon, who is nowhere linked to this notion, so the recorded gold is factually incorrect.",which philosopher advocated the idea of return to nature,"[""Bacon""]",ineligible,ineligible_class_disputed
967,eligible,eligible,"The passages clearly and consistently name[passage text redacted]s the leader of[passage text redacted], matching the recorded gold answer.","The question clearly asks who led[passage text redacted], and the passages repeatedly identify[passage text redacted]s the leading conquistador, matching the gold.",who led the conquest of the incas in south america,"[""Francisco Pizarro"", ""conquistador Francisco Pizarro""]",eligible,eligible
970,eligible,eligible,"The passage explicitly states the bald eagle[passage text redacted], matching the recorded gold answer.","The question is unambiguous and a passage explicitly states the bald eagle belongs to the sea eagle genus Haliaeetus, matching the gold.",what is the genus of a bald eagle,"[""Haliaeetus""]",eligible,eligible
972,eligible,eligible,"The passages confirm[passage text redacted]lie to the[passage text redacted], matching the recorded gold answers.","The question is a garbled but interpretable phrasing asking what lies[passage text redacted], and the passages explicitly state that[passage text redacted]on the east, matching the gold answers.",what is the collection of the districts to the east of the jordan river,"[""Jordan"", ""Golan Heights""]",eligible,eligible
978,unanswerable,unanswerable,"The provided passages describe Old North Church bells, lighting systems in other contexts, and unrelated churches, but never mention Robert Newman or Captain John Pulling hanging lanterns for Paul Revere's ride.","The gold names Robert Newman and John Pulling as the ones who hung the signal lanterns in 1775, which is historically sound, but the supplied passages only discuss bells,[passage text redacted]other church details without mentioning the lantern signal or those individuals.",who hung the lanterns in the old north church,"[""Robert Newman"", ""Captain John Pulling""]",ineligible,unanswerable
987,unanswerable,unanswerable,"The passages describe bayou vegetation and wildlife in detail but never mention Spanish moss hanging from trees, so the gold answer cannot be verified from this corpus.","The gold answer (Spanish moss) is a reasonable common-knowledge answer, but none of the supplied passages mention moss hanging from bayou trees, so they cannot settle the question.",what hangs from the trees in the bayou,"[""Spanish moss""]",ineligible,unanswerable
990,eligible,eligible,"The passages confirm that the trunk is the region of the body including thorax and abdomen, which is another name for the torso, matching the gold answer.","The question asks for a synonym of torso, and ""trunk"" is correct; the passages reference both torso and trunk as the central body region, so the item is fair.",another name for the torso is the blank region of the body,"[""trunk""]",eligible,eligible
992,unanswerable,wrong_gold,"The reference passages do not mention the show From Dusk Till Dawn or its number of seasons at all, so the gold answer cannot be verified from this corpus.","The question asks for a count of seasons, but the gold ""third season"" is an ordinal label rather than a number of seasons (the series had three), so it answers a different question and is poorly formed; the passages also contain nothing about From Dusk Till Dawn.",how many seasons of from dusk till dawn are there,"[""third season""]",ineligible,ineligible_class_disputed
1000,eligible,eligible,"The passages clearly confirm that G stands for Games (played) in baseball statistics, matching the gold answers.","The passages explicitly define G in baseball statistics as games played, matching the recorded gold answers.",what does g stand for in baseball stats,"[""Games"", ""Games played""]",eligible,eligible
1001,eligible,stale_gold,"The passage confirms that under the loophole allowing[passage text redacted] to enter the draft, Thon Maker was among the last such players before the practice ended, supporting the gold answer.","The passages mention Matur Maker alongside Thon Maker as high schoolers exploiting the postgraduate loophole, and the gold's currency depends on an unstated date; the passages don't settle that Thon Maker was the last such draftee, and a later name appears, making the recorded gold outdated/unsuppor",who was the last nba player to get drafted out of high school,"[""Thon Maker""]",eligible,eligible
1003,eligible,eligible,"The passages confirm the 27th Amendment became[passage text redacted]which is the last amendment ratified into the Constitution, matching the gold answer.","The question asks for the date of the most recent[passage text redacted]'s adoption, and the passages confirm[passage text redacted]took effect May 5, 1992, matching the gold, with no later amendment mentioned.",when was the last amendment to the constitution passed,"[""May 5, 1992""]",eligible,eligible
1005,wrong_gold,stale_gold,"The passages indicate John J. Flanagan was[passage text redacted](Republican) who resigned in 2020, while the actual[passage text redacted]is[passage text redacted], making the recorded gold both outdated and role-incorrect.","The gold names Flanagan, the Republican leader from before 2019, while the passages show[passage text redacted]became[passage text redacted]in 2019 and Flanagan later became minority leader and resigned.",who is the new york state senate majority leader,"[""John J. Flanagan""]",ineligible,ineligible_class_disputed
1016,eligible,ambiguous,"The passages consistently show Wonder Woman[passage text redacted][passage text redacted] with a cover date of[passage text redacted], matching all three recorded gold answers as valid depending on which date convention is used.","The question doesn't specify whether it means the cover date of her debut anthology issue (Dec 1941/Jan 1942), the actual release date (October 1941), or her first solo Wonder Woman title, so multiple distinct answers are defensible and the gold list itself mixes three of them.",when was the first wonder woman comic released,"[""December 1941"", ""January 1942"", ""October 1941""]",eligible,eligible
1020,eligible,eligible,"The passage explicitly identifies Michael Buffer as famous for the phrase '[passage text redacted]', supporting the gold answer.","The question clearly asks about the origin of the catchphrase, the gold answer Michael Buffer is correct, and a passage attributes the famous phrase to him as ring announcer.",who coined the phrase let get ready to rumble,"[""Michael Buffer""]",eligible,eligible
1026,eligible,eligible,"The passages confirm both gold answers, stating[passage text redacted]under[passage text redacted].","The question names a single specific mission, and the passages confirm both recorded golds—that it[passage text redacted]under[passage text redacted] in 1791.",who founded mission nuestra senora de la soledad,"[""the Franciscan order"", ""Ferm\u00edn Francisco de Lasu\u00e9n""]",eligible,eligible
1028,ambiguous,ambiguous,"The question doesn't specify which Winter Olympics edition, and while the gold assumes the 2018 PyeongChang Games, the passages show multiple Winter Olympics editions with different locations and dates, making the intended edition underdetermined without a year specified.","The question asks about ""the Winter Olympics"" without specifying an edition or year, so it could refer to 2018, 2022, 2026, 2030, etc., and no single host/date answer is determined.",where are the winter olympics and when do they start,"[""Pyeongchang County, South Korea"", ""Pyeongchang, South Korea"", ""9 to 25 February 2018"", ""9 February""]",ineligible,ambiguous
1032,eligible,wrong_gold,"The question asks about the process (plate tectonics/continental drift) causing continents to separate, and the passages support 'continental drift' (and its underlying mechanism) as a valid answer to this loosely worded question.","The question asks for the process/mechanism that drives continents apart, which the passages attribute to plate tectonics driven by mantle convection and seafloor spreading, whereas the gold merely restates the phenomenon's name ('continental drift') rather than naming a causal process.",what process causes the continents to drift apart how,"[""Continental drift""]",eligible,eligible
1048,wrong_gold,wrong_gold,"The passages clearly identify Tesco a[passage text redacted](largest)[passage text redacted]by market share and revenue, while Aldi is not supported as largest by any passage, making the inclusion of Aldi in the gold answer factually unsupported.","Tesco is correct as the UK's[passage text redacted], but the inclusion of Aldi as a gold answer is factually wrong since Aldi is a much smaller discounter, not the market leader.",who is the largest supermarket chain in the uk,"[""Aldi"", ""Tesco""]",ineligible,wrong_gold
1056,ambiguous,ambiguous,"The question has no clear single answer since multiple artists (Rihanna, Michael Jackson, R. Kelly, Aretha Franklin, etc.) are each described with superlative claims about record sales in R&B, making the ranking dependent on metric and source used.","The question doesn't specify whether it means all-time record sales, singles vs albums, male vs female, or a particular chart metric, and the gold itself lists two conflicting names while the passages name still others (R. Kelly, Aretha Franklin) as top-selling R&B acts.",who is the highest selling r&b artist of all time,"[""Rihanna"", ""Michael Jackson""]",ineligible,ambiguous
1063,eligible,eligible,The passages confirm the Cubs beat[passage text redacted]in[passage text redacted]matching the recorded gold answer.,"The question specifies a single event (2016 World Series), and the passages clearly confirm the Cubs defeated[passage text redacted]matching the gold answers.",who did cubs beat in 2016 world series,"[""the Indians"", ""Cleveland Indians""]",eligible,eligible
1065,stale_gold,stale_gold,"The question has no fixed year, and the passages show multiple later return dates (e.g. November 26, 2018 and December 16, 2019) that supersede the recorded gold answers about the 2017 season eight return.","The question lacks a season/year reference and the gold points to the 2017[passage text redacted]while the passages document later returns (season nin[passage text redacted] and season te[passage text redacted]), so a correct answer from these passages would not match the gold.",when do love and hip hop new york come back on,"[""November\u00a013,\u00a02017"", ""October 30, 2017""]",ineligible,stale_gold
1066,ambiguous,ambiguous,"The question doesn't specify country, and the two gold answers correspond to different events (1983 UK, 1984 US), so the correct answer depends on an unspecified locale.","The question doesn't specify a country, and the two gold answers reflect different jurisdictions (UK in 1983, US in 1984), so no single answer is determined.",when did ibuprofen become available over the counter,"[""1983"", ""1984""]",ineligible,ambiguous
1071,eligible,eligible,"The passages confirm Ali won[passage text redacted]at the 1960 Rome Olympics, matching the recorded gold answer.","The question has a single clear answer, and the passages repeatedly confirm that Ali wo[passage text redacted]Olympic gold at the 1960 Rome Games, matching the gold answer.",when did muhammad ali win an olympic gold medal,"[""1960""]",eligible,eligible
1085,ambiguous,ambiguous,"The question asks about 'this year' without specifying which year, and the passages show WEF meetings held in Davos across many different years (and even a planned move to Singapore for 2021), so the intended year and thus location cannot be determined.","The question says ""this year"" without specifying which year, and the annual forum has been held in different locations over time (including a planned move to Singapore), so no single edition is determined.",where was the world economic forum held this year,"[""Davos""]",ineligible,ambiguous
1088,eligible,eligible,"The passages consistently show Emma Swan romantically involved with Hook (Killian Jones), whom she eventually marries, supporting the gold answer.","The passages confirm Emma's romantic partner is[passage text redacted](whom she eventually marries), matching the recorded gold, and the question unambiguously refers to the Once Upon a Time character Emma Swan.",who is emma dating in once upon a time,"[""Hook""]",eligible,eligible
1089,unanswerable,ambiguous,"The question asks about the World Cup of Hockey specifically, but the passages only discuss[passage text redacted]and[passage text redacted], not the World Cup of Hockey tournament, so the gold cannot be verified from these passages.","The question names no edition or year and doesn't clarify which hockey tournament (World Cup of Hockey,[passage text redacted]orld Juniors) is meant, so a single start date/year cannot be determined.",when does the world cup of hockey start,"[""2020""]",ineligible,ineligible_class_disputed
1093,wrong_gold,ambiguous,"The passages indicate the film's actual theatrical/general US release was March 2018, but its Canadian release (via video on demand) was specifically March 9, 2021, not March 9, 2018 as the gold states.","The title ""A Wrinkle in Time"" matches multiple works, and the passage about a Canadian release on March 9 refers to a 2021 video-on-demand release of a different film, so the question does not determine which release date (2018 Disney film's general March 2018 release vs. the 2021 Canadian VOD date)",when does a wrinkle in time come out in canada,"[""March 9, 2018""]",ineligible,ineligible_class_disputed
1094,wrong_gold,ambiguous,"The question conflates two different[passage text redacted]s—angina severity is graded by[passage text redacted](CCS) scale, not the NYHA[passage text redacted], so the gold answer 'II' does not correctly answer the question as posed.","The question asks vaguely about an NYHA[passage text redacted]without specifying which class or which grading criterion is wanted, and the gold ""II"" is a bare class label that the question does not uniquely determine; the passages describe[passage text redacted]rather than any N",new york heart association functional classification of angina,"[""II""]",ineligible,ineligible_class_disputed
1103,eligible,ambiguous,"The passages confirm Máximo Gómez, Antonio Maceo, and José Martí as key leaders of[passage text redacted] against Spain, matching the recorded gold answers.","Cuba had multiple distinct revolts against Spain (Aponte's 1812 rebellion, the Ten Years' War under Céspedes and Agramonte, the 1895[passage text redacted], etc.), and the question gives no year or war name to pick out which leaders are intended.",the cuban revolt against spain was led by,"[""M\u00e1ximo Gomez"", ""Antonio Maceo"", ""Jos\u00e9 Mart\u00ed""]",eligible,eligible
1106,eligible,eligible,"The passages confirm Colby cheese[passage text redacted]Colby, Wisconsin, matching the recorded gold answer.","The passages directly state that Colby cheese[passage text redacted]Colby, Wisconsin, matching the recorded gold answer.",colby chees is named after a town in what state,"[""Wisconsin""]",eligible,eligible
1108,eligible,eligible,"The passages support that iron reacting with oxygen and water forms iron oxides/hydroxides, i.e., rust, matching the gold answer.","The question asks a straightforward chemistry fact with a single correct answer (rust/iron oxide corrosion), and the passages describe iron corroding in the presence of water and oxygen to form iron oxides, supporting the gold.",what happens when iron reacts with oxygen and water,"[""Rust""]",eligible,eligible
1113,eligible,eligible,"The passages confirm that Norman Greenbaum originally wrote and recorded ""Spirit in the Sky,"" matching the gold answer.","The question asks who originally performed ""Spirit in the Sky,"" and the passages confirm Norman Greenbaum as the original artist of the hit song, matching the gold answer.",who did the original spirit in the sky,"[""Norman Greenbaum""]",eligible,eligible
1114,ambiguous,eligible,"The query describes an internet-based[passage text redacted]but multiple such tests (TOEFL iBT, iTEP,[passage text redacted],[passage text redacted]) fit the description, so the intended single answer is underdetermined.","The query clearly refers to the internet-based[passage text redacted], whose standard abbreviation is TOEFL, and the passages mention TOEFL by its full name, making the gold sound and supported.",internet based test of english as a foreign language test,"[""TOEFL""]",eligible,eligible
1118,eligible,eligible,The passages consistently support that at least seven offensive players must be[passage text redacted]matching the recorded gold answers.,"The question asks about the standard offensive requirement, and the passages clearly state that the offense must hav[passage text redacted]matching the gold answers.",how many players on the line of scrimmage in american football,"[""at least seven players"", ""at least seven"", ""seven""]",eligible,eligible
1122,ambiguous,unanswerable,"The gold lists two different people because there is disagreement over whether Meighen's two non-consecutive terms count separately, making the '11th' ordinal underdetermined and not resolvable from the passages, which don't even cover this period.","The gold answers (Bennett as 11th PM, with Meighen as a plausible alternative depending on counting convention) are defensible, but the supplied passages only cover 14th and later prime ministers and never mention the 11th, so they cannot settle the question.",who was the 11th prime minister of canada,"[""R. B. Bennett"", ""Arthur Meighen""]",ineligible,ineligible_class_disputed
1125,stale_gold,stale_gold,"The passages show that the next two Winter Olympics after Beijing are already known to be Milan-Cortina in 2026 and the 2030 Games (host to be decided in 2024), so 'Beijing, TBD' is outdated given that Beijing 2022 has already passed and the following editions are now identified.","The gold reflects a moment when Beijing 2022 was upcoming and the following host was undecided, but the passages show 2022 has already occurred and the next editions are Milan-Cortina 2026 and the 2030 Games, so a correct answer from this corpus would not match.",where are the next two winter olympics going to be held,"[""Beijing"", ""TBD""]",ineligible,stale_gold
1148,ambiguous,ambiguous,"The question does not specify which[passage text redacted](a 30-man match occurred in multiple different years with different winners), so multiple correct answers exist and neither gold name matches a clearly identified 30-man edition in the passages.","The Royal Rumble is an annual 30-man match with a different winner each year, and the question specifies no year or edition, so no single answer is determined (indeed the gold lists two different winners).",who won the 30 man royal rumble match,"[""Shinsuke Nakamura"", ""Randy Orton""]",ineligible,ambiguous
1155,eligible,wrong_gold,"The passages confirm the World Series is a best-of-seven series, so a team must win four games to win it, matching the recorded gold's description of the format.","The question asks for a number of wins (four), but the gold gives the series format label ""best-of-seven"" rather than answering how many games must be won.",how many games does a team have to win for the world series,"[""best-of-seven""]",eligible,eligible
1158,eligible,eligible,"The passage confirms Hansen[passage text redacted] prevalent in Denmark, Norway, and the Faroe Islands, matching all recorded gold answers.","The passage identifies Hansen a[passage text redacted] common in[passage text redacted]the Faroe Islands, matching the listed gold answers.",where does the last name hansen come from,"[""Norway"", ""the Faroe Islands"", ""Scandinavian"", ""Denmark""]",eligible,eligible
1174,unanswerable,ambiguous,"The passages describe broadcast dates and locations for various series but never state when the results show is actually recorded relative to airing, so the gold answer cannot be verified from this text.","The question doesn't specify a series/era, and the two gold answers themselves conflict (recorded Saturday vs. aired Sunday night), so no single answer is determined; the passages also never address when the results show is recorded.",when is the strictly come dancing results show recorded,"[""Saturday"", ""Sunday night""]",ineligible,ineligible_class_disputed
1183,unanswerable,unanswerable,The passages mention Johnny Bravo only briefly in an unrelated context and do not provide any information about how many seasons the show had.,"The question about the number of seasons of the cartoon Johnny Bravo is well-formed with a plausible gold of four, but the provided passages only mention Johnny Bravo in passing within a game description and otherwise concern unrelated shows, so they don't establish the season count.",how many seasons of johnny bravo are there,"[""four""]",ineligible,unanswerable
1191,eligible,eligible,"The passage explicitly confirms that episode 12 of season 5, ""Safe House,"" aired on March 18, 2018, matching the gold answer.","The question, though awkwardly phrased, clearly asks the air date of season 5 episode 12, and a passage confirms that episode aired on March 18, 2018, matching the gold.",when does brooklyn nine nine season 5 episode 12,"[""March\u00a018,\u00a02018""]",eligible,eligible
1216,ambiguous,ambiguous,"Multiple flags (Vietnam, Aruba, Soviet Union, etc.) are red with a gold star, so the question does not uniquely determine Vietnam as the answer.","Many flags are red with a gold/yellow star (Vietnam, China, Morocco, Soviet-era flags, etc.), so the question underdetermines which flag is meant and cannot uniquely yield Vietnam.",what flag is red and has a gold star,"[""flag of Vietnam"", ""Vietnam"", ""The flag of Vietnam""]",ineligible,ambiguous
1217,eligible,wrong_gold,"The passages show the palace reached essentially its present size through the successive expansions by Louis XIV and further modifications by Louis XV before the Revolution, supporting the recorded gold answers of both kings.","The passages indicate that Louis XIV's building campaigns (largely under Le Vau and Mansart) brought the palace essentially to its present size by 1715, while Louis XV only altered interiors and rebuilt a wing, so including Louis XV as an answer to who expanded it to its present size is incorrect.",who expanded the palace of versailles to its present size,"[""Louis XIV"", ""Louis XV""]",eligible,eligible
1244,unanswerable,eligible,"The passages confirm Janis Joplin performed the song but do not mention the co-writers Bob Neuwirth and Michael McClure, so the gold cannot be fully verified from this text.","The question clearly identifies the[passage text redacted]nd the gold list of co-writers (Joplin with Neuwirth and McClure) is correct, and the passages do support Joplin's authorship of the song, so the item is fair even though the co-writers are only partially covered.",who wrote the song oh lord won't you buy me a mercedes benz,"[""Janis Joplin"", ""Bob Neuwirth"", ""Michael McClure""]",eligible,eligible
1258,unanswerable,unanswerable,"None of the provided passages discuss the film Harley Davidson and the Marlboro Man or mention Mickey Rourke, so the gold cannot be verified from these passages.","The question is clear and Mickey Rourke is the correct actor for Harley in the 1991 film, but none of the provided passages mention that film's casting.",who played harley in harley davidson and the marlboro man,"[""Mickey Rourke""]",ineligible,unanswerable
1278,eligible,eligible,"The gold answer 1981 is consistent with historical record that the Dodgers last faced the Yankee[passage text redacted]in 1981, and nothing in the passages contradicts this or indicates a later Dodgers-Yankees World Series matchup.","The Dodgers and Yankees last met[passage text redacted]in 1981 (their 2024 meeting postdates this corpus, which only lists Dodgers World Series through 2020 and notes the Yankees' last appearance was 2009), so the gold is correct and consistent with the passages.",when was the last time the dodgers played yankees in the world series,"[""1981""]",eligible,eligible
1279,stale_gold,stale_gold,"The passages show that Jaylen Brown's 2023 extension surpassed Nikola Jokić's deal as the richest in NBA history, superseding Stephen Curry's contract as the highest, so the gold answer is outdated.","The passages record later, larger deals — notably Jaylen Brown's 2023[passage text redacted]extension described as the richest contract in league history — so an answer drawn from this corpus would not be Stephen Curry.",who has the highest paid contract in the nba,"[""Stephen Curry""]",ineligible,stale_gold
1282,stale_gold,stale_gold,The passages show Tom Brady later surpassed Drew Brees (and thus Peyton Manning) as the all-time NFL[passage text redacted]making the gold answer of Peyton Manning outdated.,"The question asks for[passage text redacted]s leader, and the passages show the record has since passed from Manning to Brees and then to Tom Brady, so the gold is outdated.",who got the most passing yards in the nfl,"[""Peyton Manning""]",ineligible,stale_gold
1287,eligible,eligible,The passages confirm[passage text redacted]and releas[passage text redacted]matching the recorded gold answers.,"The question clearly refers to[passage text redacted]single, and the passages confirm its 1979 release, matching the gold answers (the more specific date is consistent though not stated).",when did the song rapper's delight come out,"[""1979"", ""September 16, 1979""]",eligible,eligible
1289,eligible,eligible,The passages confirm the Bee Gees originally wrote and had the first hit with '[passage text redacted]' matching the gold answer.,"The question asks who originally performed the song, and the passages confirm the Bee Gees released it as[passage text redacted]in 1971, with Al Green's version being a later cover, matching the gold.",who sang how can you mend a broken heart first,"[""Bee Gees"", ""the Bee Gees""]",eligible,eligible
1292,eligible,eligible,"The passages confirm that Space Shuttle launches occurred at[passage text redacted], supporting the gold answer.","The question asks where US space shuttles launched from, and the passages confirm[passage text redacted] at[passage text redacted], matching the gold answer.",where does the us launch space shuttles from,"[""Florida""]",eligible,eligible
1293,eligible,ambiguous,"Australia is both an island (the world's largest island/smallest continent landmass) and considered a[passage text redacted], matching the description in the passages, so the gold answer is fair.","The question is a garbled fragment that doesn't specify what is being asked (which country, what property), so many countries could satisfy 'island location' or 'continental location' and no single answer like Australia is determined.",a country having an island location and a country having continental location,"[""Australia""]",eligible,eligible
1313,stale_gold,wrong_gold,"The gold answers reflect the Astros' World Series opponents from 2005 and 2017/2019, but the passages show the Astros' most recent[passage text redacted]was in 2022 against[passage text redacted], making the recorded golds outdated.","The gold answers name the White Sox (an ALDS opponent, not a World Series opponent) and the Dodgers, whereas the passages show the Astros' most recent World Series opponents were the Braves (2021) and Phillies (2022), so the recorded answers are both incorrect and outdated.",who did the astros play last time they were in the world series,"[""White Sox"", ""Los Angeles Dodgers""]",ineligible,ineligible_class_disputed
1320,eligible,wrong_gold,"The passages confirm Finnish and Hungarian belong to the Uralic language family, and Turkish is generally classified separately but the question's framing matches the gold answer as supported by the sources on Finnish and Hungarian being Uralic.","Turkish is a Turkic language, not Uralic, so grouping it with Finnish and Hungarian under ""Uralic languages"" makes the recorded gold factually incorrect (the older discredited ""Ural-Altaic"" notion aside), and the passages only support Finnish and Hungarian being Uralic.",turkish finnish and hungarian belong to which family of languages,"[""Uralic languages""]",eligible,eligible
1322,wrong_gold,ambiguous,"The song 'I Can Only Imagine' by MercyMe[passage text redacted], not 1999, so '1999' is incorrect and only '2001' is supported by the passages.","The title[passage text redacted]fers to multiple songs (MercyMe's 1999/2001 release, David Guetta's 2012 single, etc.), and even for MercyMe the golds give two different dates, so the question doesn't determine a single answer.",when was i can only imagine the song released,"[""1999"", ""2001""]",ineligible,ineligible_class_disputed
1333,eligible,eligible,"The passages confirm[passage text redacted]were both returned to Spain after[passage text redacted], matching the recorded gold answers.","The passages confirm that Spain recovered both[passage text redacted]from Britain at the end of[passage text redacted]via the 1783 treaty, matching both recorded golds.",which state was returned to spain after the revolutionary war,"[""Florida"", ""Menorca""]",eligible,eligible
1336,eligible,eligible,"The passage confirms that gray matter (neocortex) is made up of neuron cell bodies and dendrites, matching the gold answer.","The question asks which brain matter contains dendrites and cell bodies, and gray/grey matter is the correct standard answer, supported by the passages mentioning gray matter formed from neurons and glia in contrast to white matter tracts.",dendrites and cell bodies are components of what type of matter found in the brain,"[""gray"", ""Grey matter""]",eligible,eligible
1338,eligible,eligible,"The passages confirm Belichick has won six Super Bowls as head coach, more than any other coach mentioned, supporting the gold answer.","The question asks which NFL coach has the most Super Bowl rings, and the passages support Belichick as[passage text redacted]with six Super Bowl wins (plus additional assistant-coach rings), matching the gold.",which nfl coach has the most superbowl rings,"[""Bill Belichick""]",eligible,eligible
1342,eligible,ambiguous,"The passage confirms Magic Johnson's single-game All-Star record of 22 assists (with 60 possibly referring to a career total or another metric), matching the two recorded gold answers as plausible correct interpretations of the ambiguous but retrievable record.","The question doesn't specify whether it asks about a single-game assist record (Magic Johnson's 22 in 1984) or career All-Star assists total, and the golds 60 and 22 reflect different senses, so no single answer is determined.",most assists in an nba all star game,"[""60"", ""22""]",eligible,eligible
1370,ambiguous,ambiguous,"The question doesn't specify a year, and MLB season start/end dates vary by year (2018, 2019, 2021, etc.), so the gold mixing March 29 (2018 start) with October 31, 2018 conflates different years without a clear single answer.","The question asks about the MLB season's start and end without specifying a year, and since dates vary annually (the gold reflects 2018 while passages cover 2011, 2013, 2019, 2021), no single answer is determined.",when does the mlb season start and finish,"[""March 29"", ""October 31, 2018""]",ineligible,ambiguous
1372,eligible,eligible,"The passages confirm the famous quote about being famous for 15 minutes originates from Andy Warhol, matching the gold answer.","The question has a single well-known answer, Andy Warhol, and the passages explicitly attribute the famous 15-minutes-of-fame quote to him.",who said everyone will be famous for 15 minutes,"[""Andy Warhol""]",eligible,eligible
1375,eligible,ambiguous,"The passages confirm 1775 as the start of the Revolutionary War ([passage text redacted]) while 1765 reflects the earlier political unrest (Stamp Act era) often cited as the revolution's beginning, matching both recorded gold answers.","""The revolution"" can refer either to the armed war beginning in 1775 or to the broader political revolution starting with the 1760s tax acts (e.g., 1765 Stamp Act), and the question gives no criterion to pick between these two recorded golds.",when did the revolution begin in the united states,"[""1775"", ""1765""]",eligible,eligible
1376,eligible,unanswerable,"The question asks about the recurring[passage text redacted]on[passage text redacted]and the multiple recorded golds correctly reflect the various actors who played that character over the show's long run, consistent with the passages.","The question about actors who played Tom Hughes o[passage text redacted]has a sound multi-actor gold list, but the provided passages only mention a Peter who played Tom Hughes in 1968 and otherwise discuss unrelated Toms, so they do not establish the recorded list of actors.",who played tom on as the world turns,"[""Jason Kincaid (1984)"", ""Jason Kincaid"", ""C. David Colson"", ""Peter Galman"", ""Scott Holmes"", ""Gregg Marx"", ""Justin Deas"", ""others"", ""Tom Tammi""]",eligible,eligible
1396,eligible,eligible,"The passages confirm the Seahawks' only Super Bowl win was after the 2013 season (Super Bowl XLVIII, played Feb 2014), and they have not won since, so 2013 remains the correct and current answer.","The question asks for the Seahawks' most recent Super Bowl win, and the passages consistently confirm their sole Super Bowl title came in the 2013 season (played February 2014), matching the gold.",when was the last time the seattle seahawks won the superbowl,"[""2013""]",eligible,eligible
1418,eligible,ambiguous,"The question broadly asks which actors starred in[passage text redacted], and the passages confirm all the listed gold actors played major roles across the films.","The question doesn't specify which of the fiv[passage text redacted]ilms (or the franchise as a whole) is meant, and each installment has a different cast, so no single set of stars is determined.",who starred in the pirates of the caribbean,"[""Johnny Depp"", ""Orlando Bloom"", ""Geoffrey Rush"", ""Kevin McNally"", ""Jonathan Pryce"", ""Jack Davenport"", ""Keira Knightley""]",eligible,eligible
1419,unanswerable,unanswerable,"The passages mention Erica Rivera as a guest star but never state that she played a character named Bianca, so the corpus does not confirm the gold answer.","The passages only list Erica Rivera among many season-three guest stars without ever linking her to a character named Bianca, so they do not establish the answer.",who plays bianca in that's so raven,"[""Erica Rivera""]",ineligible,unanswerable
1423,eligible,eligible,"The passages repeatedly identify Ed Roland as the[passage text redacted]of Collective Soul, confirming the gold answer.","The question clearly identifies the[passage text redacted]and multiple passages confirm Ed Roland as its lead singer, matching the gold answer.",who is the lead singer of collective soul,"[""Ed Roland""]",eligible,eligible
1427,eligible,eligible,"The passages consistently affirm that Valmiki authored the original Sanskrit Ramayana, matching the recorded gold answer.","The question asks who authored the Ramayana, and the passages consistently credit the sage Valmiki, matching the recorded gold answers.",who penned the famous indian epic the ramayana,"[""Valmiki"", ""the Hindu sage Valmiki""]",eligible,eligible
1433,ambiguous,ambiguous,"The question lacks a specified year or season, so 'this year' is undefined and could refer to multiple seasons with different losses, making the gold answers unretrievable without that context.","""This year"" specifies no season, and the passages describe many different Virginia seasons with different opponents, so the intended edition is undetermined.",who did virginia cavaliers lose to in basketball this year,"[""Virginia Tech"", ""West Virginia"", ""UMBC""]",ineligible,ambiguous
1437,ambiguous,ambiguous,"North America contains multiple countries (US, Canada, Mexico, etc.) with different government types, so the question doesn't specify which country's government is being asked about, making a single gold answer indeterminate.","North America is a continent containing many countries with different systems (Canada is a constitutional monarchy, Mexico and the US are federal republics, plus various Caribbean and Central American states), so the question does not determine which nation's government is meant and the gold arbitra",what type of government is in north america,"[""Federal presidential constitutional republic"", ""federal republic""]",ineligible,ambiguous
1438,eligible,eligible,The passage clearly states the first season[passage text redacted]matching the gold answer.,"The question clearly asks for the series premiere date, and the passages confirm the first season began on the gold-stated date of August 23, 1998.",when did the first episode of that 70s show air,"[""August 23, 1998"", ""August\u00a023,\u00a01998""]",eligible,eligible
1463,eligible,eligible,"The passage confirms Missi Hale performs[passage text redacted]Boss Baby, matching the gold answer set.","The question clearly asks who performs the song in The Boss Baby, and the passages confirm Missi Hale sings the closing-credits version, matching the gold (with the other names being the associated composers/producers).",who sings what the world needs now in boss baby,"[""Missi Hale"", ""Steve Mazzaro"", ""Hans Zimmer""]",eligible,eligible
1466,ambiguous,eligible,"The passages give conflicting dates for the first identification (Alzheimer examined Auguste D. in 1901, the pathology was observed in 1906, and the[passage text redacted]described in 1906), so it's unclear which event counts as the 'diagnosis' making the year underdetermined.","The passages directly state tha[passage text redacted](Auguste Deter) in 1901, matching the recorded gold answer.",when was the first case of alzheimer's diagnosed,"[""1901""]",eligible,eligible
1471,wrong_gold,wrong_gold,"The passages indicate Ray Donovan Series 3 (season 3) actually had a different episode count than the recorded golds of 60 or 12, since those numbers correspond to other series/seasons (60 total episodes for some other show, 12 for season 1), not season 3 of Ray Donovan.","Ray Donovan season 3 has 12 episodes, but the gold pair ""60""/""12"" includes an incorrect value (60 appears to be a series-wide or unrelated count), and the passages only support the 12-episode figure for season one, not season three.",how many episodes of ray donovan series 3 are there,"[""60"", ""12""]",ineligible,wrong_gold
1480,wrong_gold,ambiguous,"The passages indicate the first T20I was played at the Rose Bowl in 2005[passage text redacted]New Zealand (or similar), not at Lord's, so the gold answer 'Lord's' is incorrect for the first T20I match.","The question doesn't specify whether it means the first-ever Twenty20 match (domestic, 2003 in England), the first men's T20 International (2005, Auckland[passage text redacted]Australia), or a country-specific first, so no single venue is determined; the gold ""Lord's"" fits none of these clearly a",where was the first t20 cricket match played,"[""Lord's""]",ineligible,ineligible_class_disputed
1484,ambiguous,ambiguous,"The question is vague about whether it refers to the show's premiere date, production year, or finale date, yielding multiple plausible but distinct gold answers.","The question ""when was it made"" doesn't specify whether it asks for the premiere date, the finale date, or the year of creation, and the gold list itself mixes a start date, an end date, and a year, so no single answer is determined.",when was the suite life of zack and cody made,"[""March\u00a018,\u00a02005"", ""September\u00a01,\u00a02008"", ""2005""]",ineligible,ambiguous
1487,eligible,ambiguous,"The passages support that G0 is the resting[passage text redacted], and Interphase (which includes G0/G1/S/G2) is also commonly cited as the resting stage before mitosis, both matching the recorded gold answers.","""Resting stage"" can refer either to G0 (the quiescent state cells exit the cycle into) or to interphase (often loosely called the resting phase between divisions), and the question gives no context to disambiguate, which is why two distinct golds are recorded.",the resting stage of the cell cycle is,"[""Gap 0"", ""Interphase""]",eligible,eligible
1490,unanswerable,unanswerable,"The passages discuss many[passage text redacted]ctors and characters, including Théoden, but never state who played that specific character, so the gold answer cannot be verified from this context.","Bernard Hill is indeed the actor who played Théoden[passage text redacted]films, but none of the provided passages mention him or identify who portrayed Théoden.",who played king theoden in lord of the rings,"[""Bernard Hill""]",ineligible,unanswerable
1496,ambiguous,ambiguous,"The question is too vague about what kind of 'culture region' is meant, and the passages show Germany relates to multiple distinct cultural regions (Central Germany, Germanic culture, Frisia, etc.), so no single answer is uniquely determined.","The question asks vaguely which cultural region Germany belongs to, which could refer to Germanic/Western European culture or any of numerous sub-regions, so the gold ""Central Germany"" (a region inside Germany, not a region containing it) is not uniquely determined by the question.",what culture region is germany a part of,"[""Central Germany""]",ineligible,ambiguous
1501,ambiguous,eligible,"Historical accounts genuinely conflict, with survivors reporting different final songs ([passage text redacted], ""Autumn"", ragtime tunes), so there is no single definitively correct answer the question can retrieve.","The question asks for the song the Titanic's band played as the ship sank, and the passages support the gold ""Autumn"" via wireless operator Bride's firsthand account, even though a rival popular claim ([passage text redacted]) exists.",what song did the titanic band play when it sank,"[""\""Autumn\""""]",eligible,eligible
1507,stale_gold,ambiguous,"The passages indicate Marty[passage text redacted]in 2021 and was replaced by Kim Janey, so the current answer to who won the mayoral election would no longer be Walsh, making the gold outdated relative to later events described in the passages.","The question gives no year for a recurring mayoral election, and the passages cover multiple[passage text redacted]s (2005 Menino, 2013 and 2017 Walsh, plus later transitions), so no single winner is determined.",who won the election for mayor in boston,"[""Marty J. Walsh"", ""Marty Walsh""]",ineligible,ineligible_class_disputed
1520,eligible,eligible,The passages confirm[passage text redacted][passage text redacted] to[passage text redacted]/[passage text redacted]matching the gold answers.,"The passages state that a 2009 ruling required Disney to pay royalties for[passage text redacted] to the Slesinger side, which matches the recorded gold answers.",where do the royalties for winnie the pooh go,"[""the Slesinger family"", ""Slesinger, Inc.""]",eligible,eligible
1527,eligible,eligible,"The passages confirm Dis Pater is the[passage text redacted][passage text redacted]Orcus and Pluto, matching the recorded gold answer.","The passages directly identify Dis Pater as the Roman underworld god also known as Pluto and equated with Orcus, matching the recorded gold.",roman god of the underworld also called orcus or pluto,"[""Dis Pater""]",eligible,eligible
1538,unanswerable,unanswerable,"The passages mention various consecutive-games streaks (three-pointers, double-doubles, 30-point games) but never mention a record of 126[passage text redacted]20+ points, so the gold cannot be verified from these passages.","The gold of 126 (Wilt Chamberlain's consecutive 20+ point games streak) is plausible, but the provided passages only mention franchise-level streaks and unrelated records, so they do not establish the NBA record.",most consecutive games with 20+ points - nba history,"[""126""]",ineligible,unanswerable
1542,eligible,eligible,"The passages confirm that[passage text redacted], its original finale, concluded April 7, 2016 with Trent Harmon's win, matching the gold answer for when American Idol first ended.","The question asks when American Idol first ended (its original Fox run before the ABC revival), and the passages confirm the season 15 finale on April 7, 2016 as the final Fox episode, matching the gold.",when did american idol end the first time,"[""April 7, 2016""]",eligible,eligible
1558,wrong_gold,wrong_gold,"The question asks about Nintendo's first video game, but the gold answers (Magnavox Odyssey and EVR Race) refer to unrelated non-Nintendo devices/products, not an actual Nintendo game.","The golds name the Magnavox Odyssey (a Magnavox console, not a Nintendo game) and EVR Race (an arcade title), neither of which correctly answers what Nintendo's first video game was in the sense the question and passages suggest, and the question itself is vaguely worded about console vs. company.",what was the first video game for nintendo,"[""Magnavox Odyssey"", ""EVR Race""]",ineligible,wrong_gold
1574,eligible,eligible,The passages consistently confirm[passage text redacted]plane crash occurred[passage text redacted]matching the gold answer.,"The question has a single clear answer, and multiple passages confirm the crash date of October 20, 1977, matching the gold.",when did lynyrd skynyrd's plane crash happen,"[""October 20, 1977""]",eligible,eligible
1583,eligible,eligible,"The passages confirm that the octet rule reflects atoms tending toward[passage text redacted]nearest noble gas, matching the gold answer.","The question has a single well-defined answer, and the passages confirm that atoms tend toward the stabl[passage text redacted]ir nearest noble gas under the octet rule.",the octet rule states that in chemical compounds atoms tend to have the electron configuration of a,"[""noble gas""]",eligible,eligible
1589,eligible,eligible,"The passages directly confirm that the German princes who elected[passage text redacted] were called Prince-Electors, matching the gold answer.","The question, though awkwardly phrased, clearly asks for the German princes who elected[passage text redacted]and the passages explicitly identify them as[passage text redacted], matching the gold.",the german princes who chose the holy roman empire were called,"[""prince-electors"", ""the Prince-Electors""]",eligible,eligible
1594,ambiguous,ambiguous,"Carthage had multiple generals and leaders during[passage text redacted]e.g., Hanno, Hamilcar Barca) with no single overall 'leader,' so the question does not specify which role or time period is meant, matching multiple plausible but distinct answers.","The question asks for a single ""leader of Carthage"" during a 23-year war that had multiple commanders and no single identified head of state, and the gold list itself mixes generals from different theaters and periods (including Hasdrubal the Fair, who belongs to a later era), so no one entity is de",leader of carthage in the first punic war,"[""Hanno the Great"", ""Xanthippus"", ""Hasdrubal the Fair"", ""Hamilcar Barca""]",ineligible,ambiguous
1611,eligible,eligible,"The question straightforwardly asks the fixed number of US senators, and the passages confirm there have been 100 senators since 1960, matching the gold answer of 100.","The question asks a stable fact about the Senate's size, and the passages confirm there have been 100 senators since 1960, matching the gold.",how many senators are there in the us senate,"[""100"", ""100 members""]",eligible,eligible
1613,unanswerable,unanswerable,"The passages discuss The Outsiders characters and filming locations but never state that the story or greasers are set in Tulsa, Oklahoma, so the gold cannot be verified from this corpus.","The gold answer (Tulsa, Oklahoma) is correct for the novel's setting, but the supplied passages only mention filming near Skiatook and unrelated greaser films, never stating where the greasers live in The Outsiders.",where do the greasers live in the outsiders,"[""Tulsa, Oklahoma""]",ineligible,unanswerable
1617,unanswerable,wrong_gold,"The passages don't discuss Skat or its etymology from Italian/Latin 'scarto' or similar, nor confirm a Spanish word for 'man' as the origin, so the gold answer isn't supported by the given references.","Skat's name comes from Italian (scartare/scat, meaning discard), not from a Spanish word for 'man'; the intended answer is more likely Ombre (from Spanish hombre, 'man'), so the recorded gold answers a different game.",trick taking card game name derived from spanish for man,"[""Skat""]",ineligible,ineligible_class_disputed
1625,unanswerable,unanswerable,"The passages mention Cracker Barrel only in connection with its founding location and do not state the number of states it operates in, so the gold answer cannot be verified from this corpus.","The passages only mention[passage text redacted]location's founding and give state counts for other unrelated chains, so they don't establish how many states have[passage text redacted]s.",how many states have a cracker barrel restaurant,"[""43""]",ineligible,unanswerable
1626,eligible,ambiguous,"The passages support both gold answers: 1963 marks the last actu[passage text redacted]New York (Eddie Mays), and 1972 corresponds[passage text redacted]effectively halting the practice nationwide, so both years are defensible answers to when New York stopped using the electric chair.",The question conflates two distinct facts — the last actu[passage text redacted]New York (1963) and the later formal abolition/repeal[passage text redacted]as a method (1972 or later) — so the gold offers two answers without the question specifying which sense is meant.,when did new york stop using the electric chair,"[""1963"", ""1972""]",eligible,eligible
1627,unanswerable,wrong_gold,"None of the reference passages mention 'gorakh dhanda' or its Urdu meaning, so the gold answer cannot be verified from these passages.","The Urdu/Hindi idiom ""gorakh dhandha"" means a puzzling, mysterious or convoluted affair (a riddle or shady business), so the gold ""You are a Puzzle"" is an incorrect rendering that also adds a second-person subject not present in the term; the passages likewise do not support it.",what is the meaning of gorakh dhanda in urdu,"[""You are a Puzzle""]",ineligible,ineligible_class_disputed
1630,eligible,eligible,"The passages clearly confirm that ""under God"" was added on[passage text redacted], matching the recorded gold answers.","The question has a single well-defined answer, and the passages confirm the phrase was added on[passage text redacted], matching the gold answers.",when were the words under god added to the pledge,"[""on Flag Day in 1954"", ""1954"", ""Flag Day in 1954""]",eligible,eligible
1641,eligible,eligible,"The passages confirm that most of Canada begins[passage text redacted][passage text redacted], matching the gold answer, with exceptions like Yukon and Saskatchewan being minor deviations not central to the general question.","The passages directly confirm that DST in Canada[passage text redacted], matching the gold answer, and the question's generality about the country is adequately handled by the general rule stated.",when does canada switch to daylight savings time,"[""the second Sunday of March""]",eligible,eligible
1654,unanswerable,unanswerable,"The retrieved passages discuss migration of various birds and insects but never state when wood thrushes specifically fly during migration (e.g., night migration or winter timing), so the gold answers cannot be verified from this corpus.","The question asks specifically about wood thrush migration timing, and none of the provided passages describe when wood thrushes fly during migration (the gold ""at night"" is nowhere supported), so the passages do not settle it.",when do wood thrushes fly when they are migrating,"[""in the winter"", ""at night""]",ineligible,unanswerable
1656,eligible,eligible,"The passages confirm that a whistleblower suit[passage text redacted]is known as a qui tam action, matching the gold answer.","The question asks for the name of the whistleblower suit[passage text redacted], and the passages explicitly identify qui tam as the provision letting private citizens sue on the government's behalf, matching the gold.",what is a whistle blower suit under the false claims act,"[""qui tam""]",eligible,eligible
1660,wrong_gold,ambiguous,"The passages indicate[passage text redacted]had the largest capacity (93,607, later reduced to 77,500) and was used by an NFL team (Rams), making it a more fitting largest NFL stadium answer, while Michigan Stadium isn't even an NFL venue and MetLife's capacity is smaller than several others","The question conflates two different senses ""big[passage text redacted]US"" versus ""biggest NFL stadium,"" and the two recorded golds reflect those different readings (a college stadium versus an NFL venue), so no single answer is determined.",what's the biggest nfl stadium in the united states,"[""Michigan Stadium"", ""MetLife Stadium""]",ineligible,ineligible_class_disputed
1661,unanswerable,unanswerable,"The passages describe the first episode's plot (Rick waking up, meeting Morgan, encountering walkers in Atlanta) but never name a specific walker Rick killed nor mention Addy Miller, so the gold cannot be verified from this text.","The gold refers to the child actress who played the teddy-bear girl walker Rick shot in the pilot, but the provided passages describe the premiere without naming that walker or its actress.",who was the walker rick killed in the first episode,"[""Addy Miller""]",ineligible,unanswerable
1670,unanswerable,unanswerable,"The passages discuss[passage text redacted]s across various years but never mention the 2017 men's doubles final or the players Ryan Harrison and Michael Venus, so the gold cannot be verified from this corpus.","The question specifies year and event and the gold (Harrison/Venus won the 2017 French Open men's doubles) is correct, but none of the provided passages mention the 2017 doubles title.",who won french open 2017 tennis tournament in men's double category,"[""Ryan Harrison"", ""Michael Venus""]",ineligible,unanswerable
1690,eligible,eligible,"The passages clearly state that[passage text redacted][passage text redacted]80 by[passage text redacted], matching the gold answer.","The passages repeatedly state that[passage text redacted][passage text redacted] via the Housing Act 1980, matching the recorded gold of 1980 (a stray mention of a 1979 Northern Ireland policy doesn't undermine the standard answer).",when did the right to buy scheme start,"[""1980""]",eligible,eligible
1699,ambiguous,ambiguous,"The question doesn't specify a year, and the passages show many different winners of[passage text redacted] across various years, so a single answer can't be determined.","The question names an annual race without specifying a year or division (men/women/wheelchair), so many different winners could correctly answer it.",who won the marathon in new york city,"[""Geoffrey Kamworor""]",ineligible,ambiguous
1767,unanswerable,unanswerable,"The passages discuss casting of Wonder Woman, Steve Trevor, and other characters but never mention an evil doctor character or Elena Anaya's role, so the gold cannot be verified from these passages.","Elena Anaya did play Doctor Poison, the villainous chemist in the 2017 Wonder Woman film, so the gold is sound, but none of the supplied passages mention her or that character at all.",who plays the evil doctor in wonder woman,"[""Elena Anaya"", ""Spanish actress Elena Anaya""]",ineligible,unanswerable
1770,wrong_gold,wrong_gold,"The passage's 'After World War I' claim specifically describes London/England building codes, not America, so this gold answer misattributes a UK fact to a question about America and the passages don't actually establish when indoor toilets became common in the US.","The question asks about America, but the passage's ""After World War I"" statement refers to[passage text redacted], not[passage text redacted]so the gold answers a different question than the one posed.",when did indoor toilets become common in america,"[""After World War I""]",ineligible,wrong_gold
1777,eligible,eligible,"The passage directly states[passage text redacted]extend into[passage text redacted], matching the gold answer.","The question asks for the location of[passage text redacted]within New Mexico, and the passages directly state they lie in the northwestern part of the state, matching the gold answer.",where are the san juan mountains in new mexico,"[""northwestern New Mexico""]",eligible,eligible
1785,eligible,eligible,"The passages clearly attribute[passage text redacted]England to the Norman invaders, matching the recorded gold answer.","The passages directly support that the Normans introduced castles to England around the 1066 conquest, matching the gold answer.",who brought the idea of castles to england,"[""Norman invaders""]",eligible,eligible
1797,eligible,eligible,"The passages confirm [passage text redacted][passage text redacted], matching the recorded gold answers.","The question specifies the year and tournament, and the passages confirm the event was hoste[passage text redacted], matching both gold answers.",where was the 2015 rugby union world cup held,"[""England"", ""Wales""]",eligible,eligible
1799,eligible,eligible,The passages confirm[passage text redacted]chartered by Elizabeth I[passage text redacted]matching the recorded gold answer.,"The question asks when the English/[passage text redacted]was established, and the passages confirm the royal charter was granted[passage text redacted]matching the gold answer.",when did britain set up east indian trading company,"[""31 December 1600""]",eligible,eligible
1800,eligible,eligible,"The passages confirm Jeremiah Johnson was filmed near the ski area Redford bought in Utah, supporting the gold answer, even though the corpus contains unrelated filming location info for other movies.","The question clearly refers to the 1972 Redford film, and a passage confirms it was shot near his Sundance ski area in Utah, matching the gold answer.",where was the movie jeremiah johnson filmed at,"[""Utah""]",eligible,eligible
1804,ambiguous,eligible,"Super Bowl 2018 could refer to Super Bowl LII (played Feb 2018, for the 2017 season, Patriots vs Eagles) or Super Bowl LIII (for the 2018 season, played Feb 2019, Patriots vs Rams), so the year reference is genuinely ambiguous though the gold matches one common interpretation.","The question specifies the Super Bowl played in 2018 (Super Bowl LII), and the passages confirm it was contested by[passage text redacted]nd[passage text redacted]matching the gold answers.",who are the two teams in super bowl 2018,"[""New England Patriots"", ""Philadelphia Eagles""]",eligible,eligible
1810,unanswerable,unanswerable,"The passages mention Bjørndalen winning some 2002 Olympic biathlon races but do not confirm he swept every men's biathlon event that year, so the claim can't be verified from this text.","The question specifies the 2002 Winter Olympics and the gold ([passage text redacted]of Norway, who swept the men's biathlon events) is correct, but the supplied passages discuss[passage text redacted], cross-country events and a fog-delayed sprint without establishing that he won every 2002 Olympic men'",who won every men's biathlon event in the 2002 winter olympics,"[""Norway"", ""Ole Einar Bj\u00f8rndalen""]",ineligible,unanswerable
1811,stale_gold,stale_gold,"Dwyane[passage text redacted]the 2018-19 season with Miami, so he currently plays for no team, making the 'right now' gold answer of Miami Heat outdated based on the passages describing his retirement.","The question asks about the present team, but the passages show[passage text redacted]the 2018-19 season and had his jersey retired, so a current-team answer of ""Miami Heat"" is outdated.",who does dwyane wade play for right now,"[""the Miami Heat"", ""Miami Heat""]",ineligible,stale_gold
1816,unanswerable,unanswerable,"The passages discuss various WSOP events and years but never mention Scott Blumstein or confirm the 2017 Main Event winner, so the gold cannot be verified from this corpus.","The question specifies the 2017[passage text redacted]Main Event and the gold (Scott Blumstein) is correct, but the provided passages never name the 2017 champion, only mentioning other players' 2017 finishes.",who won the workd series of poker 2017,"[""Scott Blumstein""]",ineligible,unanswerable
1832,eligible,eligible,"The passages confirm Bob Geldof played adult Pink in the film, with Kevin McKeon and David Bingham as younger versions, matching the recorded gold answers.","The question clearly asks about the 1982 film adaptation, and the gold answers (Geldof as adult Pink plus the child actors) are correct, with the passages confirming Geldof's casting as Pink.",who played pink in pink floyd the wall,"[""Kevin McKeon as Young Pink"", ""Bob Geldof as Pink"", ""David Bingham as Little Pink"", ""Bob Geldof"", ""David Bingham"", ""Kevin McKeon""]",eligible,eligible
1837,eligible,ambiguous,"Duisburg is confirmed by the passages as an industrial city on both the Rhine and the Rhine-Herne Canal, matching the question and one of the gold answers.","The Rhine–Herne Canal passes through several industrial cities (Duisburg, Oberhausen, Essen, Gelsenkirchen, Herne), so the question does not pinpoint a single entity, and one of the recorded golds (Henrichenburg) is not even a city but a boat-lift district in Waltrop.",industrial city in germany on the rhine herne canal,"[""Henrichenburg"", ""Duisburg""]",eligible,eligible
1842,eligible,ambiguous,"The passages confirm penicillin was made available to the public in the US in 1945 and UK after WWII, which aligns with the gold answers of 1942/after WWII as general public introduction occurred during and after the war years.","The question doesn't specify country or what counts as ""introduced to the public"" (civilian sale vs. wartime availability), and the passages give distinct dates such as US pharmacy sales in March 1945 and UK general public sale, so no single answer is determined.",when was penicillin first introduced to the public,"[""After World War II"", ""1942""]",eligible,eligible
1859,eligible,eligible,"The passages clearly confirm William DeVaughn wrote[passage text redacted]the song, matching the gold answer.","The passages directly state that the soul song was[passage text redacted], matching the gold answer.",who wrote the song be thankful for what you got,"[""William DeVaughn""]",eligible,eligible
1864,eligible,eligible,"The passages give median longevity figures around 10.3-11.3 years, consistent with the gold answer of 10-12 years.",The question is clear and the passages give median longevity figures of[passage text redacted]consistent with the recorded gold range of 10–12 years.,what's the average lifespan of a basset hound,"[""Median 10\u201312 years"", ""10\u201312 years""]",eligible,eligible
1874,eligible,eligible,"The question, though awkwardly phrased as a multiple-choice list, is answerable from the passages which clearly indicate chocolate/cacao originated in Mesoamerica (the Americas), matching the recorded gold answers.","The question is a multiple-choice-style query about chocolate's origin, and the passages clearly support that cacao/chocolate originated in Mesoamerica in the Americas, matching the gold answers.",where did chocolate originate the americas spain asia,"[""Mesoamerica"", ""the Americas"", ""Americas""]",eligible,eligible
1875,eligible,eligible,"The passages confirm Andrew Jackson received 99 electoral votes, the most of any candidate but short of a majority, matching the gold answer.","The question clearly asks who led the 1824 electoral vote without a majority, and the passages confirm Jackson took 99 of[passage text redacted]a plurality short of a majority, matching the gold.",who received the most (but not a majority of) electoral votes in 1824,"[""Andrew Jackson""]",eligible,eligible
1906,eligible,eligible,"The passages consistently confirm there are 538 total[passage text redacted]al votes, matching the gold answer.",The question asks for the total number[passage text redacted]U.S.[passage text redacted]and the passages repeatedly confirm the gold answer of 538.,what is the number of total presidential electoral votes,"[""538""]",eligible,eligible
1908,unanswerable,unanswerable,"The reference passages discuss unrelated Microsoft migration tools (SBFM, SBCM, AvePoint, SDI Manager) but never mention USMT or Windows Easy Transfer, so the gold cannot be verified from this context.","The question is clear and the gold (Windows Easy Transfer as the lightweight alternative to the User State Migration Tool) is correct, but the supplied passages concern unrelated Microsoft small-business and SharePoint migration products and never mention USMT or Windows Easy Transfer.",what tool is available from microsoft as an alternative to the usmt for smaller migrations,"[""Windows Easy Transfer""]",ineligible,unanswerable
1916,eligible,eligible,"The passage explicitly states Ohio State [passage text redacted]in 1912, matching the gold answer.","The passage directly states Ohio State [passage text redacted]in 1912, matching the gold answer, and the question is clear.",when did ohio state join the big 10,"[""1912""]",eligible,eligible
1932,unanswerable,unanswerable,"The passages describe events from season 2 in detail but never state who ultimately won, so the winners cannot be confirmed from this text.","The gold names the two winning contestants (Doll and Hot Wings, with their real names)[passage text redacted] 2, but the provided passages only discuss cast members, spinoff appearances, and mid-season eliminations without ever stating who won.",who won season 2 of real chance of love,"[""Jackie DaFonseca"", ""Kamille Leai"", ""Hot Wings"", ""Doll""]",ineligible,unanswerable
1933,eligible,eligible,"The passages confirm[passage text redacted]Nelson Muntz on The Simpsons, matching the recorded gold answer.","The passages clearly state that[passage text redacted]Nelson Muntz, matching the gold answer given as her full name.",who does the voice of nelson on simpsons,"[""Nancy Jean Cartwright""]",eligible,eligible
1934,eligible,ambiguous,"The question asks about the men's basketball coach, and passages consistently confirm John Calipari held that position, matching the gold answer.","The question doesn't specify men's or[passage text redacted](nor a season), and the passages name both Calipari for the men's team and Kyra Elzy for the women's team, so the intended entity is underdetermined.",who is the coach of university of kentucky basketball,"[""John Calipari"", ""John Vincent Calipari""]",eligible,eligible
1940,unanswerable,stale_gold,"The passages discuss the Lok Sabha Speaker, Rajya Sabha members, and other officials, but none confirm who currently holds the office of Rajya Sabha Chairman (Vice President of India), so the gold cannot be verified from these passages.","The question asks for the current Rajya Sabha chairman, and the gold names Venkaiah Naidu, but the passages reflect a later period (2022+ presidency of Droupadi Murmu) in which Naidu's term as Vice President/Rajya Sabha chairman had ended, so a correct answer from these passages would not match the ",who is the present rajya sabha speaker of india,"[""Venkaiah Naidu""]",ineligible,ineligible_class_disputed
1952,eligible,ambiguous,"The passages support that Haque and Bose developed the[passage text redacted]was[passage text redacted] Sir Edward Henry, matching all three recorded gold answers.","The passages credit both[passage text redacted](Haque, Bose, Henry) and Galton's separate classification scheme as surviving to this day, so the question's phrasing doesn't pin down which[passage text redacted]is meant.",who devised the fingerprint classification still used today in europe and the us,"[""Hem Chandra Bose"", ""Azizul Haque"", ""Sir Edward Henry""]",eligible,eligible
1955,unanswerable,unanswerable,"While interphase is a well-known biology fact, the provided passages discuss cell cycle mechanisms in detail but never state that the cell spends most of its time in interphase, so the gold cannot be verified from these passages.","The question is clear and ""interphase"" is the correct standard answer, but none of the provided passages actually state that cells spend the majority[passage text redacted]interphase.",where does the cell spend most of its time in the cell cycle,"[""Interphase""]",ineligible,unanswerable
1960,ambiguous,ambiguous,"The question is inherently vague about what metric defines the 'most losing team' (total losses, worst win percentage, most winless seasons, etc.), and the passages support multiple different candidate answers depending on interpretation, matching the multiple recorded golds.","""Most losing team"" is underdetermined \u2014 it could mean most all-time losses, worst all-time win percentage,[passage text redacted], or worst single season \u2014 and the two recorded golds reflect different interpretations rather than one retrievable answer.",who is the most losing team in nfl history,"[""Arizona Cardinals"", ""Tampa Bay Buccaneers""]",ineligible,ambiguous
1964,stale_gold,stale_gold,"The passage states 18 book[passage text redacted]which is more recent than the gold answer of 12, making the gold outdated.","The question asks how many books are in the series and the gold of 12 reflects an older count, while the passages state eighteen book[passage text redacted]so a correct answer from these passages would not match.",how many series of diary of a wimpy kid are there,"[""12""]",ineligible,stale_gold
1967,eligible,eligible,"The passages confirm North American release on May 18, 2010 (May 2010 broadly), matching the recorded gold answers.","The question clearly refers to the original[passage text redacted]the passages confirm the North American release date of May 18, 2010, matching the gold answers.",when did red dead redemption 1 come out,"[""May 18, 2010"", ""May 2010""]",eligible,eligible
1969,eligible,eligible,"The passage confirms KNXV channel 15 is the ABC affiliate serving Phoenix, Arizona, matching the gold answer.","The passage directly identifies KNXV channel 15 as the ABC affiliate in Phoenix, matching the gold answer.",what channel is abc on in phoenix arizona,"[""15""]",eligible,eligible
1980,unanswerable,unanswerable,"The passages do not mention Ash vs Evil Dead's third season episode count at all, only unrelated shows' seasons, so the gold cannot be verified from this corpus.","The question clearly asks for the episode count[passage text redacted]'s third season (10 is correct), but none of the supplied passages state the number of episodes in that season, mentioning only unrelated shows and a game update.",how many episodes is ash vs evil dead season 3,"[""10""]",ineligible,unanswerable
1986,eligible,eligible,"The passages confirm[passage text redacted]100-point game remains the NBA[passage text redacted], matching the gold answer.","The passages clearly confirm that Wilt Chamberlain holds the NBA[passage text redacted]with 100 points, matching the gold answer.",who scored the most points in a single game in the nba,"[""Wilt Chamberlain""]",eligible,eligible
1999,eligible,ambiguous,"The passages describe[passage text redacted]as an ongoing cohort study following participants over time, consistent with it being a long-term prospective (cohort) study as stated in the gold answers.","The question asks what ""type of study""[passage text redacted]is, but that admits several equally valid classification axes (prospective, cohort, observational, longitudinal), so no single answer is determined, and the passages only describe it as a long-[passage text redacted] without naming the st",the nurses' health study is an example of what type of study,"[""long-term"", ""prospective"", ""prospective studies""]",eligible,eligible
2003,stale_gold,stale_gold,"The passages show Stephen Curry surpassed Ray Allen's[passage text redacted]record in December 2021, making the gold answer outdated.","The passages show that Stephen Curry surpassed Ray Allen's[passage text redacted]total in December 2021, so the gold answer of Ray Allen is outdated relative to the corpus.",what nba player has scored the most 3 pointers,"[""Ray Allen""]",ineligible,stale_gold
2021,eligible,unanswerable,"The passages confirm Edwards is a[passage text redacted]meaning 'son of Edward' with English origins, and Welsh usage of Edward-derived names is also documented, supporting the multiple gold answers of England, Wales, and Scotland.","The passages only mention Edwards in passing a[passage text redacted]es/Edwardson with English origins and a Welsh-origin Chilean family, so they do not establish the England/Scotland/Wales origin set recorded as gold.",where did the last name edwards come from,"[""England"", ""Scotland"", ""Wales""]",eligible,eligible
2051,eligible,eligible,"The passages confirm India's[passage text redacted]were held in 1951-52, matching the recorded gold answer.","The question clearly asks for the date of India's first post-independence general election, and the passages confirm the 1951–52 election matching the gold answer.",when were the first general elections held in independent india,"[""1951\u201352""]",eligible,eligible
2064,eligible,stale_gold,"The passages support the gold answers, giving the 2016 MSA estimate of 283,869 (rounded/matching 283,846) and noting the[passage text redacted], consistent with both recorded golds.","The gold figures come from 2016 metro estimates, while the passages provide newer 2020/2021 numbers (e.g., about 303,622 for the metro area and roughly 220,959–224,640 for the three cities), so a correct answer drawn from these passages would not match the recorded gold.",what is the population of the tri-cities washington,"[""283,846"", ""over 300,000""]",eligible,eligible
2070,eligible,eligible,"The passages confirm Hank Williams recorded and made popular the[passage text redacted],"" matching the gold answer, even though other artists also covered it.","The passages confirm Hank Williams had the 1949 hit recording of the song, matching the gold, and although others (Louis Armstrong, Sonny Burgess) covered it, Hank Williams is the canonical answer.",who sang my bucket got a hole in it,"[""Hank Williams""]",eligible,eligible
2078,ambiguous,ambiguous,"The question does not specify which king (Rameses played by Yul Brynner or Pharaoh Seti/others), and there are multiple 'king' figures in the film, including Woodrow Strode's character which isn't even a king role clearly, making the intended referent unclear.","The question doesn't specify which version of[passage text redacted]or which king (Pharaoh Seti I vs. Rameses, or an Ethiopian king), and the two recorded golds correspond to different roles/films, so no single answer is determined.",who played the king in the ten commandments,"[""Yul Brynner"", ""Woodrow Strode""]",ineligible,ambiguous
2083,eligible,eligible,"The passages confirm that the 1857 revol[passage text redacted], resulting in a British victory and consolidation of British Crown rule, matching the gold answers.","The question clearly refers to the 1857 Indian Rebellion, and the passages confirm[passage text redacted]British forces with power transferring to the Crown, matching the recorded golds.",what was the result of the revolt of 1857,"[""British victory"", ""Suppression of the revolt""]",eligible,eligible
2088,eligible,eligible,"The passages confirm that the actin-based cytoskeletal filaments are called microfilaments, matching the recorded gold answer.",The question has a single well-defined answer—actin-based cytoskeletal fibers are microfilaments (actin filaments)—and the passages explicitly list microfilaments among the three cytoskeletal fiber types and describe them as actin polymers.,the part of the cytoskeleton made from the protein actin is called,"[""Microfilaments"", ""microfilament""]",eligible,eligible
2092,eligible,ambiguous,"The passage clearly traces the concept and term 'the West' back to[passage text redacted], matching the gold answer.","The question could refer to the geopolitical/cultural concept of ""the West"" (rooted[passage text redacted]), the etymology of the word ""west"" (Indo-European root for evening/sunset), or the American West, and the passages support multiple distinct origins, so the intended sense is underdetermin",where does the term the west come from,"[""the Roman Empire""]",eligible,eligible
2096,unanswerable,unanswerable,"None of the passages actually discuss filming locations for a TV show titled 'The Crossing' matching the gold answer of British Columbia, Canada; the closest content is about unrelated shows or a South African play, so the gold cannot be verified from these passages.","The question refers to the 2018 ABC series The Crossing, whose British Columbia filming location is plausible, but none of the supplied passages mention that show's filming location (they cover unrelated works like a South African play and Crossing Lines).",where's the tv show the crossing filmed,"[""British Columbia, Canada""]",ineligible,unanswerable
2099,eligible,eligible,"The passage confirms 'One Bad Apple' was a hit by the Osmonds in 1970, matching the recorded gold answer.","The question asks who sang[passage text redacted],"" and a passage confirms the Osmonds recorded it in 1970 with producer Rick Hall, matching the gold answer.",who sang one bad apple spoils the bunch,"[""The Osmonds""]",eligible,eligible
2108,stale_gold,stale_gold,"The passages describe a later minor eruptive[passage text redacted]that postdates the gold answer of 25 September 2007, making the gold outdated relative to the source text.","The passages record a later eruptive event at Ruapehu on 13 July 2009, after the 2007 eruption given as gold, so an answer drawn from them would not match.",when was the last time mount ruapehu erupted,"[""25 September 2007""]",ineligible,stale_gold
2109,eligible,eligible,"The passages confirm Banquo is murdered and[passage text redacted]in Macbeth, matching the recorded gold answer.","The passages explicitly state that[passage text redacted]in Macbeth, matching the recorded gold, and the question is well-specified despite Duncan also being murdered (he does not appear as a ghost).",character in macbeth who is murdered and appears as a ghost,"[""Lord Banquo"", ""Banquo""]",eligible,eligible
2115,eligible,eligible,"The passages confirm tha[passage text redacted]defeated the Russian army[passage text redacted]([passage text redacted], Russian withdrawal) before shifting forces back to[passage text redacted]gainst France, matching the gold answer.","The question asks who[passage text redacted]beat in the east before shifting forces west, and the passages confirm Russia's defeat and withdrawal via Brest-Litovsk enabled the transfer of divisions to[passage text redacted]matching the gold.",who did the central powers defeat on the eastern front before concentrating back on france,"[""the Russian army""]",eligible,eligible
2126,ambiguous,stale_gold,"The question asks about ""the Jurassic Park movies"" plural without specifying which films, and there are multiple releases (1993, 1997, 2001, 2015, 2018, 2022) so no single year or set of years can be definitively retrieved as the answer.","The gold list of release years covers only the first five films (1993-2018), while the passages state[passage text redacted]came out in 2022, so an answer drawn from these passages would include a later year not in the gold.",when did the jurassic park movies come out,"[""Jurassic Park (1993)"", ""2001"", ""2015"", ""2018"", ""1993"", ""Jurassic World (2015)"", ""1997""]",ineligible,ineligible_class_disputed
2128,unanswerable,unanswerable,"The passages discuss Destiny/Triumph/Sunshine, Dream, Glory (container ships), Royal-class, and other ship classes but never mention the actual cruise ship Carnival Glory, so the corpus does not confirm it is a Conquest-class ship.","Carnival Glory is indeed a Conquest-class ship, but none of the provided passages mention Carnival Glory or the Conquest class, so the passages cannot settle the question.",what class of ship is the carnival glory,"[""Conquest"", ""Conquest-class cruise ship""]",ineligible,unanswerable
2133,unanswerable,wrong_gold,"The question has no fixed timeframe and the passages discuss various oldest wrestlers (Maiava, Kojika, Minoru Suzuki, sumo wrestlers) without confirming or supporting Dory Funk Jr. as the current[passage text redacted].","The passages identify Kojika (Mitsuo Kojika) as the world's oldest activ[passage text redacted], contradicting the recorded gold of Dory Funk Jr.; the question is also time-dependent with no date given.",who is the oldest wrestler that is still wrestling,"[""Dory Funk Jr.""]",ineligible,ineligible_class_disputed
2134,eligible,eligible,"The passages confirm[passage text redacted]jointly formulated the postulates in 1884, matching the recorded gold answers.","The passages directly state that[passage text redacted]the criteria linking a specific microbe to a disease,[passage text redacted], matching both recorded golds.",who developed a set of postulates to prove that specific microorganisms cause disease,"[""Robert Koch"", ""Friedrich Loeffler""]",eligible,eligible
2135,stale_gold,stale_gold,"The passages show that[passage text redacted]released in 2023, making it the most recent installment rather than Fallout, so the gold answer is outdated.","The passages show a later film,[passage text redacted]s the most recent released installment with an eighth film upcoming, so the gold answer of Fallout is outdated.",what's the name of the last mission impossible movie,"[""Mission: Impossible \u2013 Fallout""]",ineligible,stale_gold
2144,eligible,unanswerable,"The gold list correctly names the cast members who performed the songs themselves for the Walk the Line soundtrack, and this is supported by common knowledge and partially reflected in the passages (e.g.,[passage text redacted]singing 'Jackson').","The gold list of actors who sang in the 2005 film is correct, but the passages only mention Phoenix and Witherspoon recording one song and otherwise discuss unrelated covers, so they don't establish the full cast of singers.",who sang the songs on walk the line,"[""Reese Witherspoon"", ""Tyler Hilton"", ""Waylon Payne"", ""Johnathan Rice"", ""Shooter Jennings"", ""Joaquin Phoenix""]",eligible,eligible
2145,ambiguous,ambiguous,"The question does not specify which Super Bowl or year, and the passages describe multiple different halftime performers across various years, so no single answer can be determined.","The question asks about ""the Super Bowl"" halftime show without specifying a year or edition, and the passages list many different performers across multiple Super Bowls, so no single answer is determined.",who is playing the halftime show for the superbowl,"[""Justin Timberlake""]",ineligible,ambiguous
2146,eligible,eligible,"The passages confirm 'schadenfreude' as the well-known German loanword used in English for pleasure derived from others' misfortune, matching the recorded gold.","The question clearly asks for the well-known German term denoting joy at another's misfortune, the gold ",german word for pleasure from someone else's pain,"[""Schadenfreude""]",eligible,eligible
2167,stale_gold,stale_gold,"The question asks for the 'next' Deadpool movie, but the passages reveal a later film, Deadpool 3, scheduled for May 3, 2024, making the gold answer of May 18, 2018 (Deadpool 2) outdated.","The question asks about the next Deadpool release, and while the gold refers to Deadpool 2's 2018 date, the passages show a later installment, Deadpool 3, scheduled for May 3, 2024, so an answer from these passages would not match the gold.",when is the next deadpool movie being released,"[""May 18, 2018""]",ineligible,stale_gold
2170,wrong_gold,wrong_gold,The passages consistently state that water covers about 71% (sometimes 70.8%)[passage text redacted]not 78% as the recorded gold claims.,Water covers about[passage text redacted]not 78% — the gold appears to confuse the surface-water figure with the water content of the human body.,what percentage of the earth's surface is water,"[""78%"", ""roughly 78%""]",ineligible,wrong_gold
2172,eligible,eligible,"The passages directly confirm that Dáin succeeded Thorin as[passage text redacted]after Thorin's death, matching the gold answer.","The passages directly state that[passage text redacted]d to Thorin's cousin Dáin after Thorin's death, matching the recorded gold answers.",who became king of erebor after thorin dies,"[""D\u00e1in"", ""his cousin D\u00e1in""]",eligible,eligible
2184,unanswerable,wrong_gold,"The passages discuss the formation of Chicano studies associations and programs in various years (1969, 1972, 1973, 1975, 1976, 1977) but do not explicitly state when Chicano studies became major studies programs on college campuses, so the gold dates cannot be clearly verified from the text.","The question asks when Chicano studies became major degree programs on campuses, but the gold answers (""By 1975"", ""1972"") are pulled from passage details about the founding and status of the NACCS scholarly association, not about when such programs were established on campuses.",when did chicano studies become major studies programs on college campuses,"[""By 1975"", ""1972""]",ineligible,ineligible_class_disputed
2211,ambiguous,ambiguous,"The question doesn't specify which 201[passage text redacted]there was only a[passage text redacted]in 2017, won by England, not a men's ODI World Cup that year, and Pakistan actually won the 2017[passage text redacted]), so the intended tournament is unclear and the passages don't confirm Pakistan ","The question says ""world cup in cricket 2017"" without specifying which tournament — [passage text redacted]won by England, while the gold ""Pakistan"" refers to the 2017[passage text redacted]which isn't even a World Cup, so the entity/edition is underdetermined.",who won the world cup in cricket 2017,"[""Pakistan""]",ineligible,ambiguous
2213,unanswerable,wrong_gold,"The passages describe the aqueduct's route, pumping plants, and rivers lik[passage text redacted]feeding the delta, but never explicitly state the Sierra Nevada Mountains as the water's origin.","The passages indicate[passage text redacted]draws water[passage text redacted]–San Joaquin Delta (via[passage text redacted]and[passage text redacted]), fed by[passage text redacted]n[passage text redacted], rather than directly from the Sierra Nevada Mountains, so the recorded gold does n",where does the water from the california aqueduct come from,"[""Sierra Nevada Mountains"", ""the Sierra Nevada Mountains""]",ineligible,ineligible_class_disputed
2218,eligible,eligible,"The passages consistently describe the leader during the Roman Empire as the emperor, matching the gold answer.","The question asks for the title of a political leader in the Roman Empire, and the passages consistently identify the ruler as the emperor (Augustus/princeps), matching the recorded gold of ""emperors"".",a political leader during the roman empire was called,"[""emperors""]",eligible,eligible
2223,unanswerable,unanswerable,"The passages discuss airports, STOLports, and Civil Air Patrol wings but contain no information about Wingstop restaurant locations, so they cannot verify the gold answer.","The question asks about the number of Wingstop restaurant locations in the US, but the retrieved passages concern airports, CAP wings, STOLports and airparks, so they never address the count.",how many wing stops are there in the united states,"[""1,000"", ""more than 1,000""]",ineligible,unanswerable
2226,unanswerable,unanswerable,The passages mention The Alchemyst novel by Michael Scott but do not list the series' book order or confirm that 'The Magician' is the second book.,"The gold correctly names the second volume of Michael Scott's Secrets of the Immortal Nicholas Flamel series, but the provided passages only mention the first book in passing and never list the series' order or the sequel's title.",what is the second book in the alchemyst series,"[""The Magician""]",ineligible,unanswerable
2235,eligible,eligible,"The passages clearly confirm that the atomic bomb dropped by the US on Hiroshima was named ""Little Boy,"" matching the gold answer.","The question clearly asks for the codename of the Hiroshima bomb, and the passages repeatedly confirm it was ""Little Boy,"" matching the gold answer.",what was the name of atom bomb dropped by usa on hiroshima,"[""Little Boy""]",eligible,eligible
2263,eligible,eligible,"The passages confirm the first ISS module (Zarya) launched in November 1998, supporting the gold answer of 1998.","The question asks when the ISS was first launched into space, and the passages confirm assembly began with the Zarya module in November 1998, matching the gold answer.",when did the international space station go into space,"[""1998""]",eligible,eligible
2275,unanswerable,wrong_gold,"The passages describe the Ivy League's formation timeline (1933-1955) but do not state a specific date when Harvard itself became an Ivy League school, so the 1945 gold cannot be verified from this text.","The Ivy League's founding dates cited in the passages are the 1936 presidents' agreement (effective 1955–56) and the earlier 1933–34[passage text redacted], with the commonly cited formal athletic conference date being 1954/1956, so a gold of 1945 does not correspond to any documented date for Harvard ",when did harvard become an ivy league school,"[""1945""]",ineligible,ineligible_class_disputed
2277,wrong_gold,wrong_gold,"The passages clearly attribute the proposal of wave-particle duality for electrons to Louis de Broglie, not Einstein.","The person who proposed that electrons behave as both waves and particles was Louis de Broglie, not Einstein, so the recorded gold is factually incorrect.",who proposed that electrons behave like waves and particles,"[""Einstein""]",ineligible,wrong_gold
2284,eligible,eligible,"The passage confirms that[passage text redacted] fully oxidized in[passage text redacted](via two turns of the Krebs cycle) yields 6 CO2 molecules, matching the gold answer.","[passage text redacted]of one glucose yields 6 CO2 molecules, matching the gold, and the passages support this via the stoichiometry of the reverse photosynthesis equation and the two acetyl-CoA turns of the Krebs cycle.",how many co2 molecules are produced in aerobic respiration,"[""6""]",eligible,eligible
2286,eligible,eligible,"The question asks for[passage text redacted] and what he studied, and the passages consistently confirm[passage text redacted]pea plants and inheritance, matching the recorded gold answers.","The question asks for[passage text redacted] and his subject of study, and the passages clearly identify Gregor Mendel and his work on inheritance in pea plants, matching the recorded gold variants.",who is the father of genetics and what did he study,"[""the common edible pea"", ""Mendel"", ""pea plants"", ""variation in plants"", ""Gregor Mendel""]",eligible,eligible
2295,eligible,ambiguous,"The passage explicitly states[passage text redacted]a[passage text redacted], matching the recorded gold answer.","The passages give two competing answers for the ultimate[passage text redacted] 
content shareholder wealth maximization and[passage text redacted]
content so the question does not determine which sense/framework is intended.",what is the ultimate objective of financial management,"[""Profit maximization""]",eligible,eligible
2297,eligible,eligible,"The passage explicitly states the album[passage text redacted]was released on May 3, 2005, matching the gold answer.","The question clearly refers to Fall Out Boy's album[passage text redacted]and the passages confirm its May 3, 2005 release date matching the gold answer.",when did under the cork tree come out,"[""May 3, 2005""]",eligible,eligible
2306,eligible,eligible,The passages confirm Asuka won the inaugural 2018[passage text redacted]matching the recorded gold answer.,"The question specifies the year (2018), and the passages clearly confirm that Asuka[passage text redacted][passage text redacted]matching the gold answer.",who won the 2018 women's royal rumble match,"[""Asuka""]",eligible,eligible
2310,wrong_gold,wrong_gold,"The passages identify Thomas Barrow as the under-butler, while Carson is the head butler, so the recorded gold answer does not match the question asked.","The under-butler at Downton Abbey is Thomas Barrow, not Carson, who is the butler; the gold answers a different question.",what is the name of the under butler in downton abbey,"[""Charles Carson"", ""Mr Carson""]",ineligible,wrong_gold
2318,unanswerable,unanswerable,"The passages discuss mining in Canada generally but never specifically identify mining (or any industry) as the main industry of the Canadian Shield region, so the gold cannot be verified from this text.","The question about the Canadian Shield's main industry has a sound gold (mining), but the supplied passages discuss Sarnia's petrochemicals, prairie potash, Hudson Bay forestry and general Canadian mining without addressing the Canadian Shield region specifically.",what is the main industry in the canadian shield,"[""mining""]",ineligible,unanswerable
2325,eligible,eligible,"The passages clearly establish fungi as decomposers positioned at the end of the food web/chain, consistent with the recorded gold answers.","The question asks for fungi's position in a food web, and the passages confirm fungi act as decomposers breaking down dead matter at the end of food chains, matching the recorded golds.",where does fungi go on a food web,"[""the end"", ""decomposers"", ""At the end""]",eligible,eligible
2329,eligible,ambiguous,"The passages confirm Amitabh Bachchan[passage text redacted]mo[passage text redacted]wins (4 times), supporting the gold answer.","The question doesn't specify which National Award category (Best Actor, any acting award, or National Awards overall), so the intended winner is underdetermined — the passages support Amitabh Bachchan only for a Filmfare-style Best Actor tally, while Kamal Haasan and others have multiple National Fi",which indian actor has won most national awards,"[""Amitabh Bachchan""]",eligible,eligible
2332,eligible,eligible,The passages confirm malonyl-CoA donates the malonyl group used to extend the acyl chain by two carbons during each cycle of[passage text redacted]supporting the gold answer of chain elongation.,"The passages describe malonyl-CoA (via malonyl-ACP) donating malonate units to the growing acyl chain in the condensation step, which supports the gold answer that its role is chain elongation.",role of malonyl coa in fatty acid synthesis,"[""chain elongation""]",eligible,eligible
2337,eligible,eligible,"The passages confirm Michigan's only NCAA[passage text redacted]was won in 1989, matching the gold answer, and nothing in the passages indicates a later championship.","The passages confirm Michigan's only NCAA basketball title came in 1989, matching the gold, and no later championship is indicated (they lost the 2013 and 2018 finals).",when was the last time michigan basketball won the championship,"[""1989""]",eligible,eligible
2340,unanswerable,unanswerable,"The passages describe winners of many other cycles but never mention Cycle 20 or Jourdan Miller, so the gold cannot be verified from this corpus.","The question specifies cycle 20 and the gold (Jourdan Miller) is correct, but the passages only describe winners of other cycles and never identify the cycle 20 winner.",who wins america's next top model cycle 20,"[""Jourdan Miller""]",ineligible,unanswerable
2349,eligible,eligible,"The passages confirm[passage text redacted]February 21, 2005, matching the recorded gold answers.","The question clearly asks for the original premiere date of the animated series, and the passages confirm it debut[passage text redacted], matching the gold answers.",when did avatar the last airbender first air,"[""February 2005"", ""February 21, 2005"", ""February\u00a021,\u00a02005""]",eligible,eligible
2366,eligible,eligible,"The passages confirm that both Darwin an[passage text redacted][passage text redacted]in 1859, matching the recorded gold answers.","The question clearly asks who proposed evolution as the basis of biological development around 1859, and the passages support both Darwin and Wallace as the joint proposers[passage text redacted], matching the recorded golds.",who proposed evolution in 1859 as the basis of biological development,"[""Alfred Russel Wallace"", ""Charles Darwin""]",eligible,eligible
2373,unanswerable,eligible,"The passages repeatedly reference[passage text redacted]s a 1985 film but never state the specific release date of February 15, 1985, so the exact date cannot be confirmed from these passages alone.","The question clearly refers to the 1985 John Hughes film, and the passages repeatedly confirm its 1985 release, matching the gold answers (the specific February 15 date being a finer-grained form of the same fact).",when did the movie breakfast club come out,"[""February 15, 1985"", ""February\u00a015,\u00a01985"", ""1985""]",eligible,eligible
2379,unanswerable,unanswerable,"The passages discuss related NBA rule history (three-point line, hand-check rules) but never state when zone defense was legalized in the NBA, so the gold cannot be verified from this corpus.","The question is clear and the gold (zone defense legalized for the 2001-02 season) is correct, but the supplied passages only mention 2002 rule changes about hand checking and never state when zone defense was permitted.",when did the nba start playing zone defense,"[""2002"", ""the 2001\u20132002 season""]",ineligible,unanswerable
2391,unanswerable,ambiguous,"The passages discuss Zeus's worship at various places like Olympia and Dodona but do not clearly establish a single city as his specific patron city, so the gold cannot be verified from these references.","[passage text redacted]s chief god across many Greek cities (Olympia, Dodona, Mylasa, Athens, etc.), so asking which single city he was patron of underdetermines the answer, and the gold pair Olympia/Elis reflects only one of many possible sanctuaries.",what city was zeus the patron god of,"[""Olympia"", ""Elis""]",ineligible,ineligible_class_disputed
2393,ambiguous,ambiguous,"The question doesn't specify which Championship (league division) or time period, and both gold answers (Man City, Aston Villa) ar[passage text redacted]that were previously in the Championship at different times, making the intended sense/year underdetermined.","""The Championship"" is unspecified as to which league/season (and the two gold[passage text redacted]Aston Villa, correspond to different seasons of the English second tier), so no single answer is determined.",who is the richest club in the championship,"[""Manchester City"", ""Aston Villa""]",ineligible,ambiguous
2398,eligible,eligible,"The passages confirm iron ore in Australia predominantly comes from Western Australia (Pilbara region), matching the recorded gold answer.","The question asks for the source region of Australian iron ore, and the passages clearly support Western Australia (especially the Pilbara) as the dominant source, matching the gold.",where does iron ore come from in australia,"[""Western Australia""]",eligible,eligible
2401,unanswerable,wrong_gold,"The passages describe bingo mechanics like prize systems and callers but never state the actual word or phrase a winner shouts, so the gold answers cannot be verified from this corpus.","The gold answer list mixes an irrelevant ""Yes"" with call-types like ""Line"" and ""House"" rather than giving the single shout said on winning, making the recorded gold incoherent/incorrect for the question asked.",what do you say when you win bingo,"[""Yes"", ""Bingo"", ""Line"", ""House""]",ineligible,ineligible_class_disputed
2404,unanswerable,unanswerable,"The passages provide extensive history of Philadelphia but never mention the nickname 'City of Brotherly Love,' so the gold answer cannot be verified from this text.","The question is clear and the gold nickname is correct, but the provided passage never mentions Philadelphia's 'City of Brotherly Love' nickname, so it cannot settle the answer.",philadelphia is known as the city of what,"[""City of Brotherly Love"", ""Brotherly Love""]",ineligible,unanswerable
2425,eligible,eligible,"The passages confir[passage text redacted]men's curling team, led by John Shuster, won[passage text redacted]Pyeongchang Olympics, matching the recorded gold answer.","The question specifies the 2018[passage text redacted]event, and the passages confir[passage text redacted](John Shuster's team) won the gold medal, matching the recorded gold.",who won the mens curling in the olympics 2018,"[""United States""]",eligible,eligible
2430,eligible,unanswerable,"The question asks about the all-time Olympic gold medal leader, and[passage text redacted]s well established as the overall record holder despite being outpaced by other nations in individual Games, so the gold answer is correct and supported.","The question about the all-time Olympic gold medal leader has a sound gold answer, but the passages only discuss individual Games editions and never state cumulative all-time gold medal totals by country.",country with most olympic gold medals all time,"[""United States""]",eligible,eligible
2458,eligible,eligible,"The passage explicitly states the Beatles are[passage text redacted]as having[passage text redacted]history, supporting the gold answer.","The passages explicitly state that the Beatles are[passage text redacted]o[passage text redacted]recorded music history, matching the gold answer.",who is the most selling music artist of all time,"[""The Beatles""]",eligible,eligible
2468,eligible,eligible,"The passages confirm the main characters primarily lived in Manhattan, New York City, supporting the gold answer.","The question asks where the Sex and the City characters lived, and the passages confirm the New York City / Manhattan setting, matching the recorded gold.",where did they live in sex and the city,"[""New York City""]",eligible,eligible
2469,eligible,eligible,"The passages clearly list the five founding members[passage text redacted], matching the recorded gold answers.",The question asks for the members of[passage text redacted]the passages explicitly list the five founding members matching the gold answers.,who are the artists in the traveling wilburys,"[""Roy Orbison"", ""Jeff Lynne"", ""George Harrison"", ""Bob Dylan"", ""Tom Petty""]",eligible,eligible
2479,eligible,eligible,"The passage explicitly states the fif[passage text redacted]December 1, 2017, matching the gold answer.","The question asks for the fifth season's premiere date, and the passages explicitly confirm[passage text redacted][passage text redacted]matching the gold.",when does agents of shield season five start,"[""December 1, 2017""]",eligible,eligible
2495,eligible,wrong_gold,"The passages confirm that party leaders in each chamber[passage text redacted]party members through their respective caucuses ([passage text redacted][passage text redacted], and analogous House party groups), matching the gold answers.","The question asks how party leaders in Congress are chosen (i.e., by secret ballot election within[passage text redacted]), but the recorded golds merely name the two Senate party caucuses, answering a different question about who elects Senate leaders rather than the method of selection across Congres",how are leaders of the two parties in congress chosen,"[""Senate Republican Conference"", ""Senate Democratic Caucus""]",eligible,eligible
2501,eligible,eligible,"The passages support multiple defensible dates (Lovelock's 1973 measurements, Rowland and Molina's 1974 publication, and the broader 'late 1970s' regulatory recognition), all of which match the recorded gold answers.","The question asks when the CFC ozone problem was discovered, and the passages support the 1974 Rowland-Molina publication and the surrounding 1970s timeframe, matching the recorded golds.",when was the problem of cfc's discovered,"[""late 1970s"", ""1974"", ""1973"", ""1970s""]",eligible,eligible
2502,ambiguous,ambiguous,"Multiple US presidents (e.g., Ford and Kennedy/Johnson) were Boy Scouts or connected to Scouting, so the question without further specificity does not uniquely determine Gerald Ford as the answer.","Many U.S. presidents were involved in Scouting as boys, so asking which president ""was a boy scout"" does not single out one person, even though Gerald Ford is the notable Eagle Scout the passages emphasize.",which president of the united states was a boy scout,"[""Gerald Ford"", ""President Gerald Ford""]",ineligible,ambiguous
2504,ambiguous,ambiguous,"The passages present multiple conflicting candidates ([passage text redacted]Page Act of 1875, and[passage text redacted]) as the 'first' restriction depending on whether one means racial citizenship limits or[passage text redacted] specifically, so the question underdetermines which se","The question's phrase ""first significant restriction on free immigration"" underdetermines which law is meant — the passages variously credit the 1790[passage text redacted](citizenship, not immigration), the 1875 Page Act ([passage text redacted]), and the 1882[passage text redacted]—",the first significant restriction on free immigration in u.s. history was the,"[""Naturalization Act of 1790"", ""Chinese Exclusion Act in 1882""]",ineligible,ambiguous
2510,unanswerable,unanswerable,"None of the provided passages discuss My Name Is Earl season 4 or its episode count, so the gold answer cannot be verified from these references.","The question clearly asks about My Name Is Earl's fourth season and the gold of 27 episodes is correct, but none of the supplied passages mention that show at all.",how many episodes in my name is earl season 4,"[""27""]",ineligible,unanswerable
2514,stale_gold,stale_gold,"The question is time-dependent (""next"" olympics), and the passages show that later Winter Olympics (2026 Milan/Cortina, 2030) and Summer Olympics (2024 Paris) have since been scheduled, so Beijing/Tokyo are no longer the correct current answers.","The gold answers (Beijing 2022 and Tokyo 2020) refer to editions that have already taken place according to the passages, which indicate the upcoming games are Paris 2024 for summer and Milan–Cortina 2026 for winter, so the time-dependent ""next"" answer has moved past the recorded gold.",where will the next summer and winter olympics be held,"[""Beijing"", ""Tokyo""]",ineligible,stale_gold
2516,unanswerable,ambiguous,"The passages discuss beer can history broadly (flat tops, two-piece cans, freshness dates) but never mention pull tabs or their discontinuation, so neither gold answer is supported by the text.","The question doesn't specify which type of pull tab (removable ring pull-tabs phased out in the 1970s vs. legislative bans completed around 1990 in some jurisdictions), and the two conflicting gold answers reflect that underdetermination; the passages also don't settle it.",when did they stop making pull tabs on beer cans,"[""1990"", ""1970s""]",ineligible,ineligible_class_disputed
2518,unanswerable,ambiguous,"The passages mention Sangakkara tying a record for fastest to 10,000 runs but never state actual innings counts or clearly identify who holds the outright fastest record among all four gold names, so the specific ranking cannot be confirmed from these passages.","The question asks for a single fastest scorer of 10,000 Test runs but the gold lists four different players, reflecting an underdetermined criterion (fewest innings vs. matches vs. days, and which record era), so no single answer is determined.",who scored fastest 10000 runs in test cricket,"[""Alastair Cook"", ""Kumar Sangakkara"", ""Brian Lara"", ""Sachin Tendulkar""]",ineligible,ineligible_class_disputed
2525,eligible,unanswerable,"The passages confirm Mughal gardens, including the charbagh style, are modeled on Persian garden traditions, matching both recorded gold answers.","The question asks specifically what the Rashtrapati Bhavan Mughal Gardens were modelled on, and while the passages describe Mughal charbagh gardens derived from Persian designs in general, none of them state the model for the Rashtrapati Bhavan garden itself.",the mughal garden of rashtrapati bhavan is modelled on which garden,"[""the Persian gardens"", ""charbagh""]",eligible,eligible
2528,eligible,eligible,"The passage directly confirms that[passage text redacted] sang '[passage text redacted]', matching the gold answer.","The question names a specific song, and the passages directly confirm the gold answer that the 1967 track was recorded by the folk trio[passage text redacted].",who sang i dig rock and roll music,"[""Peter, Paul and Mary""]",eligible,eligible
2531,ambiguous,ambiguous,"Multiple explorers (Cabot, Corte-Real, Cartier) are credited with early voyages to Newfoundland's coast, so the question doesn't clearly specify which one is intended.","Many explorers (Cabot, Corte-Real, Lavrador, Cartier, etc.) made early voyages to Newfoundland's coast, and the question gives no distinguishing detail, so a single gold answer isn't determined—indeed Cabot is the more standard answer for the earliest such voyage.",explorer who led an early voyage to the coast of newfoundland,"[""Jacques Cartier""]",ineligible,ambiguous
2533,unanswerable,unanswerable,"The passages do not contain any information about a film called 'The Light Between Two Oceans,' so the gold answer cannot be verified from the given text.","The question about the 2016 film The Light Between Oceans is well-formed and the gold (Australia and New Zealand) is correct, but none of the supplied passages mention this film or its shooting locations.",where is the light between two oceans filmed,"[""Australia"", ""New Zealand""]",ineligible,unanswerable
2542,unanswerable,unanswerable,The passages discuss meninges layers and their connections but never explicitly state that the pia mater is the layer directly attached to the brain surface.,"The question is clear and ""pia mater"" is the correct innermost meningeal layer adhering to the brain, but the supplied passages only mention the pia in passing as an innermost layer without stating that it is the layer attached to the brain surface.",which layer of the meninges is connected to the brain,"[""pia mater"", ""The pia mater""]",ineligible,unanswerable
2557,unanswerable,unanswerable,"The passages mention several early political organizations ([passage text redacted]1852, British Indian Association,[passage text redacted]1876,[passage text redacted] 1870, etc.) but do not clearly establish or confirm that the British[passage text redacted]was specifically the first political society","The gold answer (British Indian Association, 1851) is plausible historically, but the supplied passages never mention it and instead discuss later bodies like[passage text redacted], Indian Association, and[passage text redacted], so they cannot settle the question.",the first political society started under british rule in india was,"[""The British Indian Association""]",ineligible,unanswerable
2562,unanswerable,unanswerable,"The passages confirm 'Does He Love You' was a Reba McEntire duet but never name Linda Davis as the co-vocalist, so the gold cannot be verified from these passages.","The question about Reba McEntire's duet partner on[passage text redacted]has a correct gold (Linda Davis), but the passages only mention the song as a duet without naming the other singer.",who sang the song with reba does he love you,"[""Linda Davis""]",ineligible,unanswerable
2571,ambiguous,ambiguous,"The question does not specify which Peter Pan movie ([passage text redacted], 2003 live-action, 2002 sequel, etc.), so multiple valid release dates exist.","Multiple films are titled Peter Pan (1924 silent,[passage text redacted], 2003 live-action, plus other adaptations), and the question specifies no version, so the 2003 gold is not uniquely determined.",when did the movie peter pan come out,"[""2003"", ""25\u00a0December\u00a02003""]",ineligible,ambiguous
2576,eligible,wrong_gold,"The passage explicitly states that[passage text redacted] forms between amino acids, matching the gold answer for how a dipeptide is formed.","The question asks for the type of reaction that joins two amino acids into a dipeptide (a condensation/dehydration synthesis reaction), but the recorded gold names the resulting bond rather than the reaction type.",what type of reaction occurs to form a dipeptide,"[""peptide bond""]",eligible,eligible
2587,ambiguous,ambiguous,"The title 'father of modern cosmology' is not a single fixed designation attested in the passages; multiple figures (Hubble, Lemaître, Einstein, Friedmann) are credited with foundational contributions, so the question underdetermines a unique answer.","The title ""father of modern cosmology"" is attributed to several different figures (e.g., Hubble, Lemaître, Friedmann, Kant, Copernicus) depending on the source, and the passages credit multiple people without designating one, so the question underdetermines a unique answer.",who is considered the father of modern cosmology,"[""Edwin Hubble""]",ineligible,ambiguous
2589,eligible,eligible,"The passages confirm main cast members like Manish Dayal,[passage text redacted][passage text redacted][passage text redacted], matching the gold answers for a valid cast-list question.","The question asks for the cast of the Fox medical drama The Resident, the gold list matches the show's main cast, and the passages confirm several of these actors (Czuchry, VanCamp, Dayal, Greenwood, Wilson) in the series.",who plays on the tv show the resident,"[""Merrin Dungey"", ""Emily VanCamp"", ""Bruce Greenwood"", ""Melina Kanakaredes"", ""Manish Dayal"", ""Matt Czuchry"", ""Moran Atias"", ""Shaunette Ren\u00e9e Wilson""]",eligible,eligible
2594,ambiguous,ambiguous,"The eligibility criteria for the Daytona Clash changed across different years (2019, 2021, 2022), so without specifying a year the question has multiple valid but differing answers.","The Clash eligibility criteria change from year to year (the passages give different rules for 2019 and 2021), and the question specifies no edition, so no single answer is determined.",who gets to race in the daytona clash,"[""Daytona Pole Award winners"", ""former Clash race winners""]",ineligible,ambiguous
2595,eligible,unanswerable,"[passage text redacted]passage identifies the pearl fishing region in southern India as being along the Indian Ocean coastline (Bay of Bengal/Gulf of Mannar area), supporting the gold answer of the Indian Ocean.","The question asks which sea yields pearls in India and the gold names the Indian Ocean, but the supplied passages only mention a[passage text redacted]in southern India and pearl farming in other countries, never identifying the sea/ocean, so they do not settle the answer.",in which sea pearl is found in india,"[""the Indian Ocean""]",eligible,eligible
2606,eligible,eligible,"The passages confirm Neil Armstrong was the first person to step onto the Moon in 1969, matching the recorded gold answer.","The question clearly asks who first walked on the Moon in 1969, and the passages confirm that Neil Armstrong was the first[passage text redacted]lunar surface, matching the gold answer.",who took the first steps on the moon in 1969,"[""Neil Armstrong""]",eligible,eligible
2609,unanswerable,eligible,"The passages confirm John Daly hosted the show but never state that he was the original host from the show's 1950 debut, so the corpus does not settle who the original host was.","The question asks for the original host of the long-running panel show, and the passages identify John Charles Daly as the moderator and[passage text redacted]atching the recorded gold.",who was the original host of what's my line,"[""John Daly""]",eligible,eligible
2611,ambiguous,ambiguous,Darth Vader is associated with multiple ships called Star Destroyers—the Devastator seen chasing the Tantive IV and his flagship[passage text redacted]Executor—so the question doesn't specify which one is meant.,Vader is associated with two distinct named[passage text redacted]passages — the Devastator in the original film and[passage text redacted]Executor as his personal flagship later — so the question without a film/era qualifier does not pin down a single answer.,what was the name of darth vader star destroyer,"[""Devastator"", ""the Devastator""]",ineligible,ambiguous
2617,unanswerable,stale_gold,"The passages give details about individual seasons and unrelated shows but never state the total episode count for Modern Family, so the gold answers cannot be verified from this text.","Modern Family is an ongoing-at-the-time series whose episode count grows each season, so the question lacks a fixed time reference and the two conflicting gold counts (201 vs 232) are snapshot values that later seasons superseded — indeed the show ultimately ran 250 episodes.",how many episodes are there in modern family,"[""201"", ""232""]",ineligible,ineligible_class_disputed
2620,eligible,eligible,The passages clearly confirm Blake Lively played the title character Adaline in[passage text redacted]matching the recorded gold answers.,"The question asks who played Adaline in the 2015 film, and the passages confirm Blake Lively played the character Adaline Bowman, matching the recorded golds.",who played adaline in the age of adaline,"[""Adaline Bowman"", ""Blake Lively""]",eligible,eligible
2621,unanswerable,unanswerable,"The passages discuss URL query strings, case-sensitivity, and schemes but never lay out the overall generic structure of protocol/hostname/filename that matches the gold answer.","The gold answer (protocol, hostname, file name) is a reasonable description of URL structure, but the supplied passages only mention scheme/protocol, host, path, and query fragments piecemeal and never lay out the general three-part structure the gold requires.",what is the general structure of an url,"[""a protocol"", ""a hostname"", ""a file name""]",ineligible,unanswerable
2632,eligible,eligible,The passages clearly state that Matt Monro[passage text redacted][passage text redacted]matching the recorded gold answer.,"The question asks who[passage text redacted]Bond[passage text redacted], and the passages directly confirm Matt Monro as the singer.",who sang from russia with love james bond,"[""Matt Monro""]",eligible,eligible
2633,ambiguous,eligible,"Both Tyrann Mathieu (NFL) and Nicholas Cummins (rugby) are called 'the Honey Badger,' and since the question specifies 'football player' which could include rugby, the question doesn't fully disambiguate which athlete is meant, though the gold only covers one.","The question asks about a football player nicknamed the Honey Badger, and the passages clearly establish Tyrann Mathieu earned that nickname; the rugby player Nick Cummins also carries the nickname but plays rugby union, not football, so the gold is determinate.",what football player is called the honey badger,"[""Tyrann Devine Mathieu""]",eligible,eligible
2636,ambiguous,ambiguous,"The question could mean most NCAA tournament championships (UCLA leads with 11) or most conference regular-season titles (Kansas leads in the Big 12), so the intended sense is underdetermined and the gold only fits one interpretation.","The question doesn't specify whether it means regular-season conference titles, conference tournament titles, or which conference/era, so multiple schools (Kansas, Kentucky, UCLA, etc.) could qualify depending on interpretation, and the passages only address[passage text redacted]s plus a streak reco",who has the most conference championships in college basketball,"[""Kansas""]",ineligible,ambiguous
2649,eligible,unanswerable,The passages include a sentence stating that principal filming for a Christmas-themed film[passage text redacted]matching the gold answer for 'Coming Home for Christmas'.,"None of the passages identify the filming location of a film titled ""Coming Home for Christmas""; the only British Columbia mention concerns a different Christmas production, so the gold cannot be verified from this evidence.",where was the film coming home for christmas filmed,"[""British Columbia""]",eligible,eligible
2654,eligible,eligible,"ESPN has been the network airing[passage text redacted]since 2006, matching the gold answer, with some select games simulcast on ABC but ESPN remains the primary/[passage text redacted].","The question asks which network carries[passage text redacted]passages confirm ESPN has held those rights since 2006 (with only occasional ABC simulcasts that still use ESPN branding), so the gold answer is correct and supported.",what network is showing the monday night football game,"[""ESPN""]",eligible,eligible
2665,unanswerable,unanswerable,"The passages discuss various World Cup finals but never mention the inaugural 1930 World Cup hosted and won by Uruguay, so the gold cannot be verified from these references.","Uruguay is correct as host and winner of the first (1930)[passage text redacted]question is specific, but the supplied passages cover later tournaments and never state the 1930 host/winner.",who hosted and won the inagural world cup,"[""Uruguay""]",ineligible,unanswerable
2687,eligible,eligible,"The G-Wagon (G-Class) is a well-known Mercedes-Benz model, and the passages confirm the G-Class is a Mercedes-Benz vehicle, supporting the gold answer.","The G-Wagon (G-Class) is indeed a Mercedes-Benz vehicle, and the passages reference the Mercedes-Benz G-Class Wagon, supporting the gold answer despite the distractor GM G-series van content.",what type of car is a g wagon,"[""Mercedes-Benz""]",eligible,eligible
2694,eligible,eligible,"The passage clearly states that parietal cells in the stomach secrete both H+ and Cl- ions into the gastric lumen, matching the gold answer.","The passage on gastric acid explicitly states that chloride and hydrogen ions are secreted[passage text redacted], matching the gold answer, and the question's phrasing points clearly at the stomach's acid-secreting site.",the site of secretion of h+ and cl-,"[""Parietal cells""]",eligible,eligible
2695,eligible,eligible,"The passages confirm that Sailor Uranus[passage text redacted]Sailor Pluto each possess a talisman, matching the recorded gold answers of Haruka, Michiru, and Sailor Pluto.","The question asks who holds the talismans in Sailor Moon S, and the passages identify the Space Sword, Deep Aqua Mirror, and Garnet Orb as the talismans of Uranus (Haruka), Neptune (Michiru), and Pluto, matching the recorded golds.",who has the talismans in sailor moon s,"[""Haruka and Michiru"", ""Haruka"", ""Michiru"", ""Sailor Pluto""]",eligible,eligible
2713,eligible,eligible,"The passage directly supports benzodiazepines as sedatives used in surgery to induce amnesia, matching the gold answer.","The passages explicitly identify benzodiazepines (e.g., midazolam) as sedatives given before surgery to prevent memory formation, which directly supports the recorded gold answer.",a drug that might be used in surgery for its amnesic properties is,"[""benzodiazepines"", ""Benzodiazepines""]",eligible,eligible
2720,eligible,ambiguous,"The passages confirm that the asterisk (*) is used on computers to represent[passage text redacted], matching the recorded gold answers.","The question doesn't specify whether it asks about the typed/keyboard character used in programming (asterisk), the Unicode/typographic multiplication symbol (×), or its shape description, and the golds mix these distinct senses so no single answer is determined.",what is the multiplication sign on the computer,"[""a rotationally symmetric saltire"", ""the symbol \u00d7"", ""*""]",eligible,eligible
2726,eligible,eligible,"The passages confirm Karl Marx described religion as the[passage text redacted], matching the gold answer to this well-known question.","The question has a single well-known answer, Karl Marx, and the passages explicitly attribute[passage text redacted] characterization of religion to him.",who said that religion is the opiate of the masses,"[""Karl Marx."", ""Karl Marx""]",eligible,eligible
2728,eligible,eligible,"The passages confirm Lana Del Rey covered 'Once Upon a Dream'[passage text redacted]the 2014 Maleficent film, matching the gold answer.","The passages clearly state that Lana Del Rey performed the cover of the song used as the title/end song for the 2014 Maleficent film, matching the gold answer.",who sang once upon a dream at the end of maleficent,"[""Lana Del Rey""]",eligible,eligible
2730,eligible,eligible,"The passages confirm the novel is set on Long Island (West Egg and East Egg) in 1922, matching the recorded gold answer.",The question asks for the novel's setting and the passages directly support the gold answer of Long Island in 1922.,where does the story the great gatsby take place,"[""Long Island of 1922""]",eligible,eligible
2745,unanswerable,unanswerable,"The passages describe various dogs from Clifford, Paw Patrol, Jonny Quest, etc., but none mention a dog named Charkie from Curious George, so the gold cannot be verified from these sources.","The question is clear and the gold (a black cocker spaniel) is correct, but the provided passages discuss dogs from other franchises and never mention Charkie or Curious George.",what kind of dog is charkie from curious george,"[""black cocker spaniel"", ""cocker spaniel""]",ineligible,unanswerable
2778,eligible,eligible,The passages consistently describe erosion (incision/down-cutting)[passage text redacted]as the process that forme[passage text redacted]matching the gold answer.,"The question clearly asks how[passage text redacted]me[passage text redacted]and the passages repeatedly describe erosion/incision by the river cutting through rock, matching the gold answer.",through what process has the colorado river created the grand canyon in the usa,"[""erosion""]",eligible,eligible
2781,eligible,eligible,"The passage confirms that[passage text redacted]traffic and[passage text redacted]sent in clear text, matching the gold answer.","The question, though awkwardly worded about FTP's lack of encryption, matches the passage stating that all FTP transmissions are sent in clear text, which is exactly the recorded gold answer.",what information is displayed in clear text from the ftp header,"[""all transmissions""]",eligible,eligible
2788,ambiguous,ambiguous,"The question asks generally who has[passage text redacted]without specifying a year, and many players (Federer, Djokovic, Nadal) have won it across different editions, so a single gold answer is underdetermined.","The question asks who wo[passage text redacted][passage text redacted]without specifying a year, and many different players have won across editions, so no single answer is determined.",who has won the mens singles title in the australian open tennis tournament,"[""Roger Federer""]",ineligible,ambiguous
2789,eligible,ambiguous,"The passages confirm that[passage text redacted]is recognized a[passage text redacted]in a major dictionary, matching the recorded gold answers.","""[passage text redacted]"" depends on which criterion/dictionary is intended \u2014[passage text redacted]a major dictionary, the longest coined technical/chemical name, or the longest non-technical word \u2014 and the golds themselves mix two incompatible senses (the titin protein name versus the diction",what is the longest english word in the dictionary,"[""Methionylglutaminylarginyltyrosylglutamyl...serine"", ""pneumonoultramicroscopicsilicovolcanoconiosis"", ""Pneumonoultramicroscopicsilicovolcanoconiosis""]",eligible,eligible
2802,eligible,eligible,"The passages confirm[passage text redacted]first Indianapolis 500 in 1911, matching the recorded gold answer.","The question asks about a single well-defined event, the inaugural 1911 Indianapolis 500, and the passages explicitly confirm Ray Harroun as its winner.",who was the winner of the first indianapolis 500,"[""Ray Harroun""]",eligible,eligible
2824,unanswerable,ambiguous,"The passages discuss various Delhi Metro stations near other named localities but never mention Gandhi Nagar or its nearest metro station, so the gold cannot be verified from this text.","""Gandhi Nagar"" in Delhi could refer to several localities (e.g., the East Delhi market area near Shastri Park/Krishna Nagar, or other similarly named areas), and the question gives no disambiguating detail, so no single nearest station is determined; the passages also say nothing about Gandhi Nagar.",nearest metro station to gandhi nagar in delhi,"[""Shastri Park metro station""]",ineligible,ineligible_class_disputed
2825,unanswerable,unanswerable,"None of the reference passages mention a work titled 'Looking for a Sunset Bird in Winter' or provide any information about its date of composition, so the gold answer cannot be verified from these passages.","The question about Robert Frost's poem ""Looking for a Sunset Bird in Winter"" is well-formed and the 1923 date is plausible, but none of the supplied passages mention this poem or its date.",when was looking for a sunset bird in winter written,"[""1923""]",ineligible,unanswerable
2851,ambiguous,ambiguous,"The question doesn't specify which competition's Golden Boot rule is meant, and the passages show different tie-breaking outcomes (tiebreaker awarded to one player vs. shared award) depending on the tournament/edition, so no single answer is determinable.","The question doesn't specify which Golden Boot award (Premier League, World Cup, European Golden Shoe, CONCACAF, etc.), and the passages show the tie-breaking rules differ by competition — some share it, others use assists, minutes played, or goals in the final — so no single answer is determined.",who gets the golden boot if its a tie,"[""shared""]",ineligible,ambiguous
2866,eligible,unanswerable,"Idaho is indeed the U.S. state that borders Montana on the west, consistent with common geography and not contradicted by the passages.","Idaho is indeed the state on Montana's western border, but the given passages only mention[passage text redacted]incidentally regarding[passage text redacted]and never state that Idaho forms Montana's western boundary.",what us state forms the western boundary of montana,"[""Idaho""]",eligible,eligible
2873,wrong_gold,stale_gold,"The passage indicates White Christmas snow occurred in parts of North West England in both 2009 and 2010, so 2009 is not clearly the last occurrence and the gold conflicts with the 2010 evidence.","The passages report that parts of northwest England saw sleet and snow on 25 December in 2010 as well as 2009, so a correct answer from these passages would be 2010, later than the recorded gold.",when was the last time it snowed in england on christmas day,"[""2009""]",ineligible,ineligible_class_disputed
2896,stale_gold,stale_gold,The arena formerly known as Air Canada Centre was[passage text redacted]so the passages reflect a later name than the recorded gold.,"The passages indicate the arena was[passage text redacted]so a correct current answer would not match the gold ""Air Canada Centre.""",where do the maple leafs play hockey in toronto,"[""Air Canada Centre"", ""the Air Canada Centre""]",ineligible,stale_gold
2899,eligible,eligible,"The passages confirm[passage text redacted]vented and demonstrated the phonograph, enabling the first reproduction of the human voice, matching the gold answer.","The question asks who first made reproduction of the human voice on the phonograph possible, and the passages clearly credit[passage text redacted]with inventing and demonstrating the[passage text redacted]1877, matching the gold.",who made possible the first reproduction of the human voice on the phonograph,"[""Thomas Alva Edison"", ""Thomas Edison""]",eligible,eligible
2914,ambiguous,ambiguous,"The question lacks a fixed reference year (""last 10 years"" is relative and undated), and multiple clubs have won La Liga across different overlapping 10-year windows, making the exact answer set indeterminate from the passages.","""The last 10 years"" is relative to an unspecified present, so the window of seasons—and thus the set of champions—shifts depending on when the question is asked.",who won la liga in the last 10 years,"[""Real Madrid"", ""Barcelona"", ""Atl\u00e9tico Madrid""]",ineligible,ambiguous
2921,ambiguous,ambiguous,"The Buccaneers have won multiple Super Bowls with different quarterbacks (Brad Johnson[passage text redacted]Tom Brady in Super Bowl LV), so the question without specifying which championship is underdetermined.","The Buccaneers have won two Super Bowls (XXXVII with Brad Johnson and LV with Tom Brady), and the question specifies no year, so the gold of only Brad Johnson is underdetermined.",who was the buccaneers qb when they won the superbowl,"[""Brad Johnson""]",ineligible,ambiguous
2933,wrong_gold,wrong_gold,"The gold answer list mismatches the actual[passage text redacted]shahada, prayer, almsgiving, fasting, pilgrimage) and instead appears to be a jumbled mix from an unrelated 'Islam and the environment' or similar list, not matching the passages' definition.","The recorded golds (""concern for the needy"", ""life"", ""self-purification"", etc.) do not correspond to the five pillars, which are the[passage text redacted], prayer, almsgiving, fasting in Ramadan, and[passage text redacted]; items like ""life"" and ""self-purification"" are simply incorrect.",what are the 5 pillars of faith of islam,"[""concern for the needy"", ""the pilgrimage"", ""life"", ""self-purification"", ""prayer""]",ineligible,wrong_gold
2943,eligible,eligible,"The passage clearly states[passage text redacted], confirming the gold answer as the setting of the novel.","The passage states the protagonist[passage text redacted]matching the gold setting of the novel, and the question unambiguously refers to this single book.",where does sleeping freshmen never lie take place,"[""J.P. Zenger High""]",eligible,eligible
2948,wrong_gold,wrong_gold,"The passages clearly state[passage text redacted]Muslim League was held in Dhaka in 1906 (with Karachi cited elsewhere as the first session in one account), but Lucknow is only mentioned as the site of the third session in 1936, so Lucknow is incorrect as a first-session answer.","The passages indicate the first[passage text redacted][passage text redacted] (with the founding meeting in Dhaka in 1906), so neither ""Dhaka, Bangladesh"" nor ""Lucknow"" correctly answers the question as asked.",where was held the first session of muslim league,"[""Dhaka, Bangladesh"", ""Lucknow""]",ineligible,wrong_gold
2952,eligible,eligible,"The passages confirm the NIRA/NRA as the New Deal program that established industry codes to limit production and competition, matching the recorded gold answer.","The question clearly asks which New Deal program restricted industrial output/competition, and the passages identify[passage text redacted] with its industry codes setting production, wage, and price floors, matching the gold.",what new deal program limited production in industry,"[""National Industrial Recovery Act"", ""NIRA""]",eligible,eligible
2955,eligible,eligible,"The passages consistently confirm that[passage text redacted] is named Rocinante, matching the recorded gold answer.","The question has a single well-known answer, Rocinante, and multiple passages explicitly identify it as[passage text redacted]",what is don quixote's horse's name,"[""Rocinante""]",eligible,eligible
2961,eligible,eligible,"The passages clearly state that a complex[passage text redacted]n[passage text redacted]at least one dependent clause, matching the gold answer.","The question asks for the sentence type combining an independent and[passage text redacted]and the passages confirm that a complex sentence has at least one dependent[passage text redacted][passage text redacted], matching the gold.",what kind of sentence contains an independent clause and a dependent clause,"[""A complex sentence"", ""complex sentence""]",eligible,eligible
3027,eligible,eligible,"The passages support multiple valid answers (liver as synthesis site, kidney's role, and arginine/glycine as precursor amino acids) all matching the recorded golds, so the question is answerable with the given gold set.","The question asks about the endogenous origin of creatine, and the passages confirm it is[passage text redacted]liver and[passage text redacted], matching the listed gold answers.",where does creatine come from in the body,"[""kidneys"", ""liver"", ""the liver and kidneys"", ""arginine"", ""glycine""]",eligible,eligible
3044,eligible,eligible,"The passages collectively confirm that[passage text redacted]cotton, hay, alfalfa, sorghum, rice, barley, and tobacco are major U.S. crops, matching the list of gold answers.","The question asks broadly for major US crops and the gold list ([passage text redacted]cotton, hay/alfalfa, sorghum, rice, barley, tobacco) is factually sound and largely supported by the passages, which name[passage text redacted]cotton, rice, sorghum, barley, alfalfa and hay as principal crops.",what are the main crops grown in the united states,"[""Corn"", ""Hay, (non-Alfalfa)"", ""Cotton"", ""Alfalfa"", ""Sorghum"", ""Wheat"", ""Rice"", ""Barley"", ""Soybeans"", ""Hay"", ""Tobacco""]",eligible,eligible
3076,eligible,eligible,"The passage confirms the song was[passage text redacted]with[passage text redacted] joining in the pathos version, matching all three gold answers.","The passage identifies Sonu Nigam as the performer of the title song, with[passage text redacted] joining on the pathos version, matching the recorded golds.",who is the singer of kal ho na ho,"[""Sonu Nigam"", ""Richa Sharma"", ""Alka Yagnik""]",eligible,eligible
3081,eligible,eligible,"The passage confirms[passage text redacted]published in 1937, matching the recorded gold answer despite the typo in the question.","Despite the typo, the question clearly asks about[passage text redacted], and the passage confirms the 1937 publication date matching the gold.",when did john steinbeck write of mice and me,"[""1937""]",eligible,eligible
3088,wrong_gold,unanswerable,"The passages indicate season 5's second half (episodes 11-20) premiered November 30, 2016 and concluded February 1, 2017, not in 2018, so the gold answer of 2018 appears incorrect based on this evidence (2018 seems to conflate with season 5B's actual airing which is documented elsewhere as starting ","The gold answer of 2018 for[passage text redacted]Vikings season 5 is plausible, but the provided passages only give the season 5 premiere date and details about other seasons, never stating when the season's second half aired.",when does the second half of vikings season 5 air,"[""2018"", ""in 2018""]",ineligible,ineligible_class_disputed
3092,eligible,eligible,"The passages confirm that[passage text redacted] was written by Gene MacLellan and recorded by Ocean, matching the recorded gold answer.","The question asks for the writer of[passage text redacted] and a passage explicitly credits the song to Gene MacLellan, matching the gold.",who wrote put your hand in the hand of the man who stilled the water,"[""Gene MacLellan""]",eligible,eligible
3093,eligible,eligible,"The passages explicitly state the[passage text redacted]the movie is located in Cherry Hill, matching the gold answer.","The passages directly state that the film features[passage text redacted]located in Cherry Hill, New Jersey, matching the recorded gold answer.",where is the white castle that harold and kumar go to,"[""in Cherry Hill""]",eligible,eligible
3095,eligible,wrong_gold,"The passage confirms that in season 3[passage text redacted], and while production occurred in Atlanta/Los Angeles, the fictional/story setting the question likely intends matches the gold answer Alaska.","The question asks about filming location, but the gold ""Alaska"" is the in-story setting of season 3 (where the family flees), not the actual production location, and the passages only describe the plot setting rather than where shooting occurred.",where is season 3 of the detour filmed,"[""Alaska""]",eligible,eligible
3097,eligible,eligible,"The question is clear and Alaska is confirmed by the passages as the[passage text redacted]land area, so the gold answer is correct and well-supported.","The question clearly asks which US state has the greatest land area, and Alaska is correct and supported by the passages' repeated references to Alaska ranking ahead of[passage text redacted] in area.",largest state in the us by land mass,"[""Alaska""]",eligible,eligible
3110,eligible,eligible,"The passages confirm Robert Duvall played Tom Hagen in the Godfather films, matching the recorded gold answer.","The question clearly asks who portrayed Tom Hagen in the Godfather films, and the passages confirm Robert Duvall played the role, matching the gold.",who played tom hagon in the godfather series,"[""Robert Duvall""]",eligible,eligible
3118,unanswerable,unanswerable,"The passages mention men's figure skating context but do not state the actual individual event podium (gold/silver/bronze) for 2018 Olympics men's singles, so the gold answer cannot be verified from these passages.","The gold correctly lists the 2018 Olympic men's singles podium, but the supplied passages cover pairs, ice dance, team events and later seasons without stating the men's singles medalists for 2018.",who won the medals in men's figure skating 2018,"[""Yuzuru Hanyu"", ""Javier Fern\u00e1ndez"", ""Shoma Uno""]",ineligible,unanswerable
3119,ambiguous,ambiguous,"The 1500s spanned multiple Ottoman sultans (Bayezid II, Selim I,[passage text redacted]), so a single ruler cannot uniquely answer the question.","The 1500s span a century (or at least a decade) during which several sultans ruled — Bayezid II, Selim I,[passage text redacted], Selim II, Murad III — so a single year/ruler is not determined by the question.",who ruled the ottoman empire in the 1500s,"[""Selim I""]",ineligible,ambiguous
3129,eligible,eligible,"The passages confirm Mike Post composed the Law & Order theme song, matching the recorded gold answer.","The passages explicitly attribute the Law & Order theme to Mike Post, matching the recorded gold, and the question is unambiguous.",who wrote the theme song to law and order,"[""Mike Post""]",eligible,eligible
3130,wrong_gold,ambiguous,"The passage clearly states[passage text redacted] was erected on 19 February, evidently in 1998, not 1994 as one of the gold answers claims, though the gold does include 1998 among two conflicting years, indicating an error in the recorded gold.","The question asks when[passage text redacted] was ""built,"" which could refer to the design/commission start (1994) or its erection (1998), and the gold lists both, so the intended sense is underdetermined; the passages only support the 1998 erection date.",when did the angel of the north get built,"[""1998"", ""1994""]",ineligible,ineligible_class_disputed
3135,ambiguous,ambiguous,"The question lacks context specifying which constitution (US, Australian, Kosovo, etc.) is being referenced, and multiple passages discuss different constitutions with different directly elected bodies.","The question doesn't specify which country's constitution or which body, and the passages cover the Australian, US, and other constitutions with different directly elected officials, so 'senators' isn't uniquely determined.",who is directly elected according to the constitution,"[""senators""]",ineligible,ambiguous
3137,unanswerable,unanswerable,"The passages discuss various Goa beaches but never state that Baga Beach specifically is located in North Goa, so the gold cannot be verified from this corpus.","The question is clear and the gold (North Goa) is correct, but the supplied passages discuss other beaches and only mention Baga in the context of a film title, never stating Baga Beach's district.",baga beach is in north or south goa,"[""North Goa"", ""North""]",ineligible,unanswerable
3153,eligible,eligible,"The passages support that Santa Claus is based on Saint Nicholas, Father Christmas, Sinterklaas, and Wodan/Wotan, matching all four gold answers.","The question is well-formed and the passages support the recorded golds, describing Santa Claus as developing from Saint Nicholas, Dutch Sinterklaas,[passage text redacted], and with influence from Wodan/Wotan's Wild Hunt.",who is the character of santa claus based on,"[""Saint Nicholas"", ""Father Christmas"", ""Sinterklaas"", ""Wodan""]",eligible,eligible
3155,ambiguous,ambiguous,"There is also a different, well-known 1986 song 'The Glory of Love' by Peter Cetera, so the question could refer to either song and the gold only covers the Billy Hill one.","The title ""Glory of Love"" names multiple distinct songs — the 1936 Billy Hill standard and Peter Cetera's 1986 hit ([passage text redacted]passages) — so the question doesn't determine which one is intended.",who wrote the song the glory of love,"[""Billy Hill""]",ineligible,ambiguous
3160,eligible,wrong_gold,"The passages confirm that Roman citizens (with weighted voting by class/tribe) were the ones allowed to vote, matching the gold answer of 'citizens'.","The gold list includes ""unknown"" alongside ""citizens"", and while the passages clearly establish that (male) Roman citizens voted directly in the assemblies, ""unknown"" is not a correct answer, making the recorded gold set defective.",who was allowed to vote in the roman republic,"[""unknown"", ""citizens""]",eligible,eligible
3161,eligible,eligible,The passages directly define sedimentary rock as forming from accumulated material[passage text redacted]matching the gold answer.,"The question describes rock formed from accumulated/deposited material at[passage text redacted], and the passages explicitly define sedimentary rocks that way, matching the gold answer.",form from material that has accumulated on the earths surface,"[""Sedimentary rock""]",eligible,eligible
3183,ambiguous,ambiguous,"The question could refer to the indigenous Payaya people who already inhabited the area before Spanish contact, or to the Spanish/Canary Islander settlers who founded the formal civil settlement, and the passages support both interpretations without clarifying which is intended.","The question doesn't specify whether ""first settlers"" means the original indigenous inhabitants (Payaya), the Spanish missionaries/soldiers of 1718, or the Canary Islander civil colonists of 1731, and the gold answers themselves conflict between[passage text redacted]and Spanish, so no single answer is",who were the first settlers in san antonio,"[""Spanish"", ""Spanish explorers"", ""varying cultures of indigenous peoples""]",ineligible,ambiguous
3184,eligible,eligible,"The passages confirm Eric Matthews, played by Will Friedle, is Cory's older brother, matching the gold answer.","The passages clearly identify Eric Matthews as Cory's older brother, played by Will Friedle, matching the gold answer.",who played cory's older brother on boy meets world,"[""Will Friedle""]",eligible,eligible
3191,eligible,unanswerable,"The name ""de la Rosa"" is a Spanish surname literally meaning ""of the rose,"" and the passages support this Spanish-language origin, making the gold answer reasonable and retrievable.","The question asks about the origin of the surname De la Rosa and the gold answer 'Spanish' is plausible, but the passages only cover related surnames like De la Mora and Del Rosario and place names, never stating the linguistic origin of De la Rosa itself.",where does the name de la rosa come from,"[""Spanish""]",eligible,eligible
3204,eligible,eligible,"The passages consistently support that Watson and Crick built the first accurate DNA model in 1953, matching the recorded gold answers.","The question asks who proposed the first accurate DNA model, and the passages clearly credit Watson and Crick with the 1953 double-helix model, matching the recorded gold.",who proposed the first accurate model of dna,"[""Watson"", ""Crick""]",eligible,eligible
3211,ambiguous,ambiguous,"The New Day has won tag team titles multiple times (2015[passage text redacted]2016 renamed[passage text redacted], 2017/2018[passage text redacted]), so without specifying which title, the question has multiple valid answer years.","The New Day won tag team titles on many occasions (2015[passage text redacted]2017 SmackDown titles, 2018, 2022 NXT, etc.), and the question specifies neither which title nor which reign, so a single year like 2016 is not determined.",when did the new day win the tag team titles,"[""2016""]",ineligible,ambiguous
3224,eligible,eligible,"The passages confirm that Title XIX of[passage text redacted](added via the 1965 amendments) established Medicaid, matching the recorded gold answer.","Title XIX of the 1965[passage text redacted]indeed created Medicaid, and the passages confirm that the 1965 amendments established[passage text redacted], so the gold is correct and supported (Medicare being Title XVIII).",the xix of the social security act of 1965 established,"[""Medicaid""]",eligible,eligible
3239,wrong_gold,wrong_gold,"The passages point to self-government traditions beginning much earlier (e.g.,[passage text redacted]in 1619, or the 1630s[passage text redacted]), not in 1783, which is instead the year the peace treaty establishing US borders was signed.","The question asks when self-government began in America, and the passages point to[passage text redacted] such as the 1619[passage text redacted](or 1630s New England town meetings), not 1783, which is merely the year of the peace treaty setting the new nation's borders.",when did the tradition of self government began in america,"[""1783""]",ineligible,wrong_gold
3258,ambiguous,ambiguous,"The question is vague about which male figure is meant, and many men (Jonathan Cheban, Scott Disick, Kanye West, Lamar Odom, etc.)[passage text redacted]so 'the guy' does not uniquely identify Jonathan Cheban without further context.","The question asks about ""the guy"" on the show without specifying which male cast member, and the show features many men (Scott Disick, Rob Kardashian, Kanye West, Lamar Odom, Corey Gamble, Jonathan Cheban, etc.), so no single answer is determined.",who is the guy on keeping up with the kardashians,"[""Jonathan Cheban""]",ineligible,ambiguous
3260,eligible,eligible,"The passage directly states that[passage text redacted]Jean Fernel, matching the recorded gold answer.","The passages explicitly credit[passage text redacted]with introducing[passage text redacted], matching the recorded gold answer.",who used the word physiology for the first time,"[""Jean Fernel""]",eligible,eligible
3271,eligible,eligible,"The passages confirm the film won Academy Awards[passage text redacted]Best Visual Effects, and it is well-documented (though not explicitly in this excerpt) that it also won Best Makeup, matching the three recorded gold answers without contradiction.","The question asks which Oscars the 2008 film won, and the passages confirm wins for Art Direction and Visual Effects (with Makeup being the third well-known win), matching the gold list.",what awards did the curious case of benjamin button win,"[""Best Makeup"", ""Best Visual Effects"", ""Best Art Direction""]",eligible,eligible
3276,eligible,eligible,"The passages confirm that as of 2013 legislation[passage text redacted]receive lifetime[passage text redacted], matching the gold answer.",The passages confirm that 2013 legislation restored lifetime[passage text redacted]for[passage text redacted]matching the recorded gold answers.,how long do former presidents get secret service protection,"[""lifetime protection"", ""lifetime""]",eligible,eligible
3282,eligible,eligible,The passages clearly confirm the summit was held[passage text redacted][passage text redacted]matching the recorded gold answers.,"The question contains a typo ('r10+20' for Rio+20) but clearly refers to the Rio+20[passage text redacted], and the passages confirm the gold dates of 13 to 22 June 2012.",when was the r10+20 summit in rio de janeiro held,"[""June 2012"", ""13 to 22 June 2012""]",eligible,eligible
3292,eligible,ambiguous,"The passages confirm multiple dynasties (Qin initiated, Ming gave present form, Qing not mentioned but generally credited historically) contributed to completing the Great Wall, matching the multiple accepted gold answers reflecting genuine historical ambiguity resolved by allowing several correct d","The question about which dynasty ""completed"" the Great Wall underdetermines whether it means the first unification of walls (Qin), the final surviving form (Ming), or later repairs, and the gold list itself mixes three mutually inconsistent dynasties including Qing, so no single answer is determined",what dynasty completed the great wall of china,"[""Qin"", ""Ming dynasty"", ""Qing""]",eligible,eligible
3301,eligible,eligible,The eight-item gold list (which includes both 'fear' and 'fear of the Lord' as separate acceptable phrasings) correctly matches the seven traditional gifts—[passage text redacted][passage text redacted]—as directly supported by the passages.,"The passages explicitly enumerate the traditional seven gifts ([passage text redacted], fear of the Lord), matching the gold list whose extra entry is just a shortened variant of ""fear of the Lord"".",list the seven gifts of the holy spirit,"[""fortitude"", ""wisdom"", ""fear"", ""piety"", ""understanding"", ""fear of the Lord"", ""knowledge"", ""counsel""]",eligible,eligible
3310,eligible,wrong_gold,"The physical layer (layer 1) is confirmed by the passages as handling the physical/electrical connections, which corresponds to physical addressing at the hardware level, matching the gold answer.","Physical addressing (MAC addresses) is handled by[passage text redacted](layer 2), not the physical layer, so the recorded gold is factually incorrect.",which layer of the osi model handles physical addressing,"[""physical layer or layer 1""]",eligible,eligible
3312,wrong_gold,wrong_gold,"The passages identify[passage text redacted]America as[passage text redacted](New Jersey) or[passage text redacted]not a mall in Aventura, Florida, so the recorded gold is factually incorrect.","The gold points to Aventura, Florida, but[passage text redacted][passage text redacted]US mall is the[passage text redacted] (per the passages), and the question's measure is undefined enough that the Florida answer doesn't hold.",where is the second largest mall in america,"[""Florida"", ""Aventura, Florida""]",ineligible,wrong_gold
3317,eligible,eligible,"The passage explicitly identifies[passage text redacted]as the British punk poet who incorporated poetry into music, matching the gold answer.","The passage explicitly identifies[passage text redacted]as the British punk poet who incorporated poetry into his recorded music, matching the gold answer.",known as the punk poet who used poetry in their music,"[""John Cooper Clarke""]",eligible,eligible
3320,unanswerable,unanswerable,"The passages mention Neil Jenkins only as an overall international points record, but do not provide specific data on points scored in Wales v France matches to verify he is the top scorer in that particular fixture.","The question asks specifically about most points scored in Wales vs France fixtures, and while Neil Jenkins is plausible, the passages only mention him as an all-time international points leader and never address points in Wales–France matches.",who has scored the most points for wales v france,"[""Neil Jenkins""]",ineligible,unanswerable
3323,eligible,eligible,"The passages confirm George Merrill and Shannon Rubicam wrote the song, matching the recorded gold answers.","The question clearly refers to Whitney Houston's[passage text redacted],"" and the passages confirm it was written by the Boy Meets Girl duo of George Merrill and Shannon Rubicam, matching the gold answers.",who wrote i want to dance with somebody by whitney houston,"[""George Merrill"", ""Shannon Rubicam"", ""George Merrill and Shannon Rubicam""]",eligible,eligible
3325,unanswerable,unanswerable,"None of the provided passages mention the show 'Dil Sambhal Ja Zara' or a character named Ahana, so the gold cannot be verified from this corpus.","The question about the actress playing Ahana in the TV show Dil Sambhal Ja Zara is specific and the gold appears sound, but none of the provided passages mention that show or the actress at all.",ahana from dil sambhal ja zara real name,"[""Smriti Kalra""]",ineligible,unanswerable
3345,eligible,eligible,"The passages confirm[passage text redacted]native to and associated with[passage text redacted], supporting the gold answer.","The question asks abou[passage text redacted]'s origin/native range, and the passages indicate it is native to the Indo-Pacific ([passage text redacted]native to the reef), matching the recorded gold.",where did the crown of thorns starfish come from,"[""Indo-Pacific""]",eligible,eligible
3348,eligible,eligible,"The question clearly asks about[passage text redacted]location, and the passages confirm Russia hosted it, matching the gold answer.","The question specifies the 2018 World Cup, and the passages clearly confirm Russia as the host country, matching the gold answer.",where is the world cup being held 2018,"[""Russia""]",eligible,eligible
3362,stale_gold,stale_gold,"The passage indicates the 2026 completion target has since[passage text redacted]COVID-19, with full completion now uncertain (possibly 2040), making the recorded gold outdated relative to the newer information in the passages.","The passages report that the 2026 target has been pushed back due to the pandemic, with some parts not expected until 2040, so a correct answer from these sources would not match the recorded 2026-era golds.",when will the la sagrada familia be finished,"[""by 2026"", ""2026"", ""2026\u20132028""]",ineligible,stale_gold
3363,unanswerable,wrong_gold,The passages confirm [passage text redacted]songs for[passage text redacted] generally but never specifically mention ,"The song ""From Now On"" was written by Benj Pasek and Justin Paul; Joseph Trapanese and John Debney composed the film's score, so those two listed golds answer a different question and are incorrect for the song's writers.",who wrote from now on from the greatest showman,"[""Joseph Trapanese"", ""John Debney"", ""Benj Pasek and Justin Paul""]",ineligible,ineligible_class_disputed
3368,wrong_gold,wrong_gold,"The question asks about[passage text redacted]but the passages and gold answer actually refer to Russia joining the G7/G8 political forum in 1997, which is a different entity from[passage text redacted](Davos).","The question asks about[passage text redacted](a Davos-based organization that states don't 'join' in this sense), while the gold of 1997 actually answers when[passage text redacted]7/G8 political forum, a different entity.",when did russia join the world economic forum,"[""1997""]",ineligible,wrong_gold
3386,eligible,eligible,"All seven listed actors (Langenkamp, Blakley, Corri, Depp, Saxon, Englund, Wyss) are confirmed by the passages as[passage text redacted]1984[passage text redacted], matching the well-formed question.","The question specifies the 1984 original film and the gold list matches its main cast, with the passages naming Langenkamp, Wyss, Corri, Saxon, Blakley and Englund (Johnny Depp being the only unlisted but well-known member), so the item is fair.",cast of a nightmare on elm street 1984,"[""Heather Langenkamp"", ""Ronee Blakley"", ""Nick Corri"", ""Johnny Depp"", ""John Saxon"", ""Robert Englund"", ""Amanda Wyss""]",eligible,eligible
3417,ambiguous,ambiguous,"The passages describe multiple conflicting endings for Betty across the Riverdale TV series (ending up with Jughead, then a fling with Archie) and even reference a separate crossover comic and animated film, so the question doesn't clearly specify which storyline or point in the series is meant.","The question doesn't specify a time point in the series, and the passages show Betty dating Jughead for much of the show while later having a fling with Archie, so no single ""ends up with"" answer is determined.",who does betty end up with on riverdale,"[""Archie Andrews""]",ineligible,ambiguous
3419,eligible,eligible,"The passage directly states[passage text redacted], matching the recorded gold answers.","The passage directly states that the weekly Tam-Tams gathering begins around 10:30am, matching the recorded gold, and the question is specific enough to be answered.",what time do tam tams start in montreal,"[""around 10:30am"", ""10:30am""]",eligible,eligible
3424,eligible,eligible,"The passages confirm that[passage text redacted]'[passage text redacted]' was featured in Pulp Fiction, matching the recorded gold answers.","The question clearly asks who performed the version of[passage text redacted] heard in Pulp Fiction, and the passages explicitly identify[passage text redacted], matching the gold.",who sang you'll be a woman soon in pulp fiction,"[""rock band Urge Overkill"", ""Urge Overkill""]",eligible,eligible
3434,ambiguous,ambiguous,"The question could refer to[passage text redacted]to vote/register in the U.S. under[passage text redacted]([passage text redacted]) or the first in a specific state after continued[passage text redacted](e.g., Hartman Turnbow in Mississippi), or even earlier in Britain (Ignatius Sancho), so the passages s","The question specifies neither country nor context, and the passages offer several distinct candidates (e.g., the earliest known black voter in Britain, the first to vote under the 15th Amendment, the first to register in Mississippi in the 1960s), so the gold is not uniquely determined 
therefore a",who was the first black person to register to vote,"[""Thomas Mundy Peterson""]",ineligible,ambiguous
3438,eligible,eligible,"The passages directly state that[passage text redacted]d[passage text redacted]Hispaniola, matching the recorded gold answer.","The passages directly state that Columbus explored[passage text redacted]Hispaniola in 1492, matching the recorded gold answer.",who explored waters of cuba the bahamas and hispaniola,"[""Christopher Columbus""]",eligible,eligible
3441,eligible,eligible,"The passages confirm SoFi Stadium (formerly[passage text redacted]) opened in 2020, matching the recorded gold answer.","The question asks when the stadium formerly called[passage text redacted](now SoFi Stadium) opened, and the passages directly confirm it opened in 2020, matching the gold.",los angeles stadium at hollywood park opening date,"[""2020""]",eligible,eligible
3446,eligible,eligible,"The passage confirms the quote is from[passage text redacted]Shakespeare, and in the play it is Juliet who speaks the line, so both gold answers are supported.","The line is from Romeo and Juliet, spoken by the character Juliet and written by Shakespeare, and the passage identifies the quotation's source, so both recorded golds are sound and supported.",who says that which we call a rose,"[""Juliet"", ""William Shakespeare""]",eligible,eligible
3453,wrong_gold,ambiguous,"The question asks generally where [passage text redacted]occur, but the gold answer 'Mariana Trench' is just one specific example rather than the general locations described in the passage (Pacific Ocean, Indian Ocean, Atlantic Ocean, Mediterranean, etc.).","The question asks generally where [passage text redacted]occur on Earth, which admits many valid locations (Pacific rim, Himalayas, island arcs, ocean trenches), so the single gold ""Mariana Trench"" is not uniquely determined by the question.",where can you find convergent boundaries on earth,"[""Mariana Trench""]",ineligible,ineligible_class_disputed
3457,unanswerable,ambiguous,"The passages discuss derailleur chains and various F1 cars/engines but never state when a chain (drive chain) was first used in Formula 1, so the gold answer of 1978 cannot be verified from this corpus.","The question's referent is unclear ""the chain"" could mean many things (chain drive, chain of some component, carbon fibre, etc.), and nothing in the question pins down which F1-related chain or event is meant, so no single answer is determinable.",when was the chain first used for f1,"[""1978""]",ineligible,ineligible_class_disputed
3467,ambiguous,ambiguous,"The question relies on an unspecified 'this year' timeframe, and without knowing when it was asked, it could refer to different NBA seasons ending on different dates (e.g., 2018, 2020, 2021), making the answer indeterminate.","The question says ""this year"" without specifying which NBA season, so the target edition is undetermined and any of several season end dates could be correct.",when does the nba season end this year,"[""April 11, 2018""]",ineligible,ambiguous
3478,eligible,eligible,"The passages clearly and consistently state the band formed and is[passage text redacted], matching the gold answer.","The passages directly identify the band as[passage text redacted], matching the gold, and although the group originally formed in Provo, Utah, the standard answer to their origin is Las Vegas.",where does the band imagine dragons come from,"[""Las Vegas, Nevada""]",eligible,eligible
3480,eligible,eligible,"The passages confirm Elena'[passage text redacted]vampire occurs at the end of season two, with the aftermath and full transformation setting up the storyline for season four, consistent with the recorded gold answer.","The question asks when Elena becomes a vampire in[passage text redacted]d the passages indicate she begins her transition at the end of season three's finale, completing it and setting up the fourth season, which matches the gold answer of season four.",when does elena turn into a vampire in the tv series,"[""season four"", ""fourth season""]",eligible,eligible
3485,ambiguous,ambiguous,"The question doesn't specify a year, and NFL Coach of the Year has been awarded to different people across many years, so without a year the answer is underdetermined, and the passages don't even substantiate Sean McVay as a winner.","The question asks about an annually awarded NFL Coach of the Year without specifying a year (or which organization's award), so many different coaches could be correct answers.",who won nfl football coach of the year,"[""Sean McVay""]",ineligible,ambiguous
3497,eligible,eligible,"The passages confirm[passage text redacted]built[passage text redacted] (Las Vegas area), matching the recorded gold answer.","The question asks where the new Raiders stadium is being built, and the passages confirm[passage text redacted]location[passage text redacted] (Las Vegas area), matching the gold answer.",where are they building the new raiders stadium,"[""Paradise, Nevada"", ""in Paradise, Nevada""]",eligible,eligible
3503,eligible,eligible,"The passages support that Kent, Albany, and Edgar are the surviving characters at the end of King Lear, matching the recorded gold answers.","The question asks which characters survive at the play's conclusion, and the passages show Albany, Kent, and Edgar alive at the end (Albany offering the throne to Kent and Edgar), matching the recorded gold.",who lives at the end of king lear,"[""Kent"", ""Albany"", ""Edgar""]",eligible,eligible
3510,eligible,eligible,"The passages confirm Bing Crosby recorded a chart-topping version of this song (properly titled '[passage text redacted]'), supporting one of the two gold answers, and Rudy Vallee is also historically documented as an original performer, making this a fair item despite the informal wording in","The song[passage text redacted]ad famous recordings by both Bing Crosby and Rudy Vallee, matching the recorded golds, and the passages confirm Crosby's chart-topping rendition.",who sang buddy can you spare a dime,"[""Rudy Vallee"", ""Bing Crosby""]",eligible,eligible
3520,unanswerable,unanswerable,"The passages discuss Where's Waldo adaptations and related books but never explicitly describe the original book series as a 'puzzle' book genre, so the gold answer cannot be verified from this context.","The gold ""puzzle"" (i.e., a children's puzzle/search-and-find picture book) is a reasonable answer, but the supplied passages only discuss the TV adaptations, unrelated books, and other series without ever characterizing the Where's Waldo books' genre.",what kind of book is where's waldo,"[""puzzle""]",ineligible,unanswerable
3552,unanswerable,ambiguous,"The passages describe multiple Marnie Simpson appearances and returns across different series but never specify a numbered episode matching the gold answer of '5', so the exact episode cannot be confirmed from this text.","The question doesn't specify whether it means episode or series, nor which of Marnie's multiple returns (she rejoined in series 12, appeared again later and in the 2022 reunion), so the gold ""5"" is not uniquely determined by the question.",what episode does marnie come back in geordie shore,"[""5""]",ineligible,ineligible_class_disputed
3554,eligible,eligible,"The passages clearly confirm Paul Hogan wrote and starred as the title character in Crocodile Dundee, matching the recorded gold answer.","The question clearly asks who starred as the title character in Crocodile Dundee, and the passages confirm Paul Hogan played the role, matching the gold answers.",who was the actor who played crocodile dundee,"[""Paul Hogan"", ""Paul Hogan, AM""]",eligible,eligible
3558,ambiguous,eligible,"Five different actors (two sets of twins plus Keith Thibodeaux) played Little Ricky at various points, so the question doesn't specify which portrayal is intended, though Thibodeaux is the most notable one recorded as gold.","Although several infants played Little Ricky, the passages identify Keith Thibodeaux (stage name Richard Keith) as the most notable and primary actor in the role, matching the gold answer.",who played little ricky on i love lucy show,"[""Keith Thibodeaux""]",eligible,eligible
3568,unanswerable,eligible,"The passages describe the show and its cast list including Lizzy Greene but never specify which actress plays the character Dawn, so the question isn't settled by the given text even though the gold answer is correct based on outside knowledge.","The question clearly identifies the Nickelodeon show, and the first passage lists Lizzy Greene among the cast, matching the gold answer for the character Dawn.",who plays dawn on nicky ricky dicky and dawn,"[""Lizzy Greene""]",eligible,eligible
3570,ambiguous,eligible,"The question is extremely vague about which show's 'season 2' and which 'Rose' character is meant, and the passages show multiple distinct 'Rose' characters across different shows (The Fall, Two and a Half Men, etc.), making the intended entity underdetermined without the phrase pointing clearly to ","The question refers to the character Rose Stagg in the TV series The Fall, whose season-2 portrayal by Valene Kane is confirmed by the passage, and the title plus character name sufficiently pin down the entity.",who is rose in the fall season 2,"[""Valene Kane""]",eligible,eligible
3579,eligible,wrong_gold,"The passage confirms[passage text redacted]is the lead singer of[passage text redacted]the band behind 'Feel It Still,' matching the gold answer.","The question asks who sings the vocals, and the passages identif[passage text redacted]as the lead singer of the band, so naming the[passage text redacted] answers a different question than the one asked.",who does the vocals for feel it still,"[""Portugal. The Man""]",eligible,eligible
3591,unanswerable,unanswerable,The passages mention Terrell Owens' Hall of Fame status and various unrelated hall of fame classes but do not provide a coherent list confirming the full 2018[passage text redacted]class matching the gold answers.,"The question specifies a year and the gold list of 2018[passage text redacted]ees is correct, but the supplied passages only mention Terrell Owens in passing and never enumerate the 2018 class, so they cannot settle the question.",who was selected for the 2018 football hall of fame,"[""Ray Lewis"", ""Brian Urlacher"", ""Jerry Kramer"", ""Robert Brazile"", ""Bobby Beathard"", ""Brian Dawkins"", ""Randy Moss"", ""Terrell Owens""]",ineligible,unanswerable
3595,wrong_gold,wrong_gold,"The question asks for the farthest British city from the sea, but Coton in the Elms is a village, not a city, so the gold answer mismatches the question's requirement for a city.","The question asks for a British city, but the gold names a small village/hamlet in Derbyshire (the fa[passage text redacted]generally), not a city; the passages suggest the relevant city answer would be something else such as Derby or Northampton.",which british city is farthest from the sea,"[""Coton in the Elms""]",ineligible,wrong_gold
3606,wrong_gold,ambiguous,"The premise that 'everyone' attends the same college is false, as characters attend NYU, Yale, Brown,[passage text redacted]or plan to attend various different schools, so no single or even two-school answer correctly captures the show's storyline.","The question presumes all characters attend one college, but the show's characters attend different schools (NYU, Columbia, Yale, Brown, Deep Springs) and change over seasons, so no single institution is determined by the question as phrased.",what college does everyone in gossip girl go to,"[""New York University"", ""Columbia University""]",ineligible,ineligible_class_disputed
3609,eligible,eligible,"The passage confirms that the name Comanche derives from the Ute word kɨmantsi meaning 'enemy,' matching the gold answer.","The passage explains that the name Comanche derives from a Ute word meaning enemy, directly supporting the recorded gold answer.",what is the meaning of the name comanche,"[""enemy""]",eligible,eligible
