qid,arm,input_tokens,output_tokens,cache_creation_input_tokens,cache_read_input_tokens,turns,hit_turn_cap,stop_reason,error,wall_clock_s,started_at,answer,any_file_hit,all_files_hit,symbol_hit,matched_files,judge_correct,judge_reason,cost_total_billed,cost_agent_billed,cost_judge_billed,cost_uncached_list,in_stuffed_prefix,difficulty,scaling_subset
agentic_hil_q02,indexed,15413,984,0,0,2,False,end_turn,,11.977,2026-09-08T12:02:43Z,"## Answer

The direct ELF parsing (no debugger/GDB involved) happens in **`src/agentic_hil/elfsymbols.py`**, specifically in the `_read_symbol()` function, with helpers `_sections()`, `_symbols()`, `_section_bytes()`, and `_symbol_name()`. This code:

- Validates the ELF magic bytes and header (`ELF_MAGIC`, `elf_class`, `_byte_order`)
- Walks the section headers looking for `SHT_SYMTAB`
- Unpacks each symbol table entry via `struct.unpack` using `SYMBOL_FORMAT`/`SYMBOL_FIELDS` for the file's declared class (32/64-bit) and byte order
- Extracts `st_value` (address) and `st_size` (size) directly from the raw symbol record bytes, skipping `SHN_UNDEF` entries and refusing ambiguous/zero-size matches

This is exposed via the public entry point `read_elf_symbol()` in the same file, which is called from two places when a debugger session either has no debug-info answer or no session exists at all:

1. **`src/agentic_hil/backends/gdbdebug.py`**, `GdbDebugSession._resolve_symbol()` (around line 1061) — falls back to `read_elf_symbol(session.artifact[""resolved_path""], symbol)` when GDB's expression evaluator (`&symbol`/`sizeof(symbol)`) can't resolve a DWARF-less, assembler-defined symbol (e.g. `g_pfnVectors`).
2. **`src/agentic_hil/backends/gdbdebug.py`**, `resolve_symbol_offline()` (around line 1541–1601) — used by the sessionless ST-Link/pyOCD backends. It stages a private copy of the flashed ELF, tries GDB's batch-mode expression markers first, and if those fail, calls `read_elf_symbol(staged_elf, symbol)` directly against the staged file's symbol table (around line 1619-1646).

The result of either fallback is tagged `""resolved_from"": ""elf_symbol_table""` to distinguish it from `""resolved_from"": ""debug_info""`.

Tests confirming this behavior live in `tests/test_debug_sessions.py` (e.g. `test_elf_symbol_table_answers_address_and_size`, `test_elf_symbol_table_is_read_in_the_class_and_order_the_file_declares`).",True,True,True,src/agentic_hil/elfsymbols.py,True,"It names src/agentic_hil/elfsymbols.py and the public read_elf_symbol entry point plus byte-order/class handling helpers, correctly describing direct st_value/st_size extraction without a debugger.",0.051621,0.040666,0.010955,0.040666,,locate,true
agentic_hil_q01,agentic,16522,213,0,0,2,False,end_turn,,3.517,2026-09-08T12:02:59Z,"The OpenOCD backend is implemented in `src/agentic_hil/backends/openocd.py`, which exposes the class `OpenOCDBackend`. It's loaded dynamically in `src/agentic_hil/debugger.py` (`from agentic_hil.backends.openocd import OpenOCDBackend`) when `config.debugger.type == ""openocd""`.",True,True,True,src/agentic_hil/backends/openocd.py,True,"The answer names the expected file src/agentic_hil/backends/openocd.py and the class OpenOCDBackend, with accurate extra detail about dynamic loading in debugger.py.",0.040914,0.035174,0.00574,0.035174,,locate,false
agentic_hil_q02,parametric,140,319,0,0,1,False,end_turn,,5.072,2026-09-08T12:03:14Z,"I don't have access to any repository contents in this conversation, so I can't locate where ""agentic-hil"" reads ELF symbol addresses/sizes without a debugger attached. No source files or directory listings for this project have been provided to me. If you can share the relevant files (e.g., anything using `pyelftools`, `elftools.elf.elffile.ELFFile`, or manual ELF/symtab parsing), I can pinpoint the exact function and file.",False,False,False,,False,"The candidate declined to answer, providing no file or symbol identification for the ELF symbol reading location.",0.008715,0.00347,0.005245,0.00347,,locate,true
agentic_hil_q01,indexed,8448,165,0,0,2,False,end_turn,,5.192,2026-09-08T12:03:21Z,"The OpenOCD debugger backend is implemented in **`src/agentic_hil/backends/openocd.py`**, which exposes the class **`OpenOCDBackend`** (confirmed by its usage in `tests/test_failure_classification.py` alongside `PyOCDBackend` and `STLinkBackend`).",True,True,True,src/agentic_hil/backends/openocd.py,True,"The answer names the expected file src/agentic_hil/backends/openocd.py and the expected class OpenOCDBackend, matching the question exactly.",0.023901,0.018546,0.005355,0.018546,,locate,false
agentic_hil_q02,agentic,30241,946,0,0,4,False,end_turn,,16.192,2026-09-08T12:03:30Z,"## Answer

The offline ELF symbol-table reader lives in **`src/agentic_hil/elfsymbols.py`**, specifically the function **`read_elf_symbol`** (and its helper `_read_symbol`).

This module parses the ELF file's own headers/section table/symbol table by hand with `struct.unpack` (no debugger, no `pyelftools`, no GDB) to find a symbol's `st_value` (address) and `st_size` (size). It's used as a fallback for symbols that have no DWARF type information (e.g. assembler-defined globals with `.size` but no debug info), since GDB's expression evaluator can't compute `&symbol`/`sizeof(symbol)` for those.

It's invoked from the debug backends, e.g. `src/agentic_hil/backends/gdbdebug.py` (around line 1025, where the comment explains that `st_value`/`st_size` are read straight ""in the symbol table of the very ELF this session loaded"") — this is the GDB-attached path's fallback. But it's also used directly with **no session/debugger at all** for the pyOCD/ST-Link ""typed-debug read"" tools (`debug_symbol_info`, `debug_symbol_value`, `debug_dump_symbol_ihex`), as described in `src/agentic_hil/knowledge.py` (e.g. lines ~2436-2507): these resolve ""an address and a size... out of the ELF `flash_firmware` put on the board"" and ""open no probe.""

So the concrete place doing the raw ELF read is:
- **`src/agentic_hil/elfsymbols.py`** — functions `read_elf_symbol()` / `_read_symbol()` (plus `read_elf_byte_order()` for endianness), which manually parse the ELF header, section headers, and `SHT_SYMTAB` symbol table to extract a symbol's address (`st_value`) and size (`st_size`) directly from the file bytes.",True,True,True,src/agentic_hil/elfsymbols.py,True,"The answer names the expected file src/agentic_hil/elfsymbols.py and both expected symbols read_elf_symbol and read_elf_byte_order, accurately describing raw ELF parsing of st_value/st_size without a debugger.",0.078807,0.069942,0.008865,0.069942,,locate,true
agentic_hil_q01,parametric,130,207,0,0,1,False,end_turn,,2.795,2026-09-08T12:03:51Z,"I don't have access to the actual codebase contents in this conversation—no repository files were provided for me to inspect. Without being able to search the source tree, I can't identify the specific module or class that implements the OpenOCD debugger backend.

If you can share the relevant file(s) or directory listing (e.g., output of `grep -ri openocd` across the repo, or the contents of a `debug/` or `backends/` folder), I can pinpoint the exact module and class for you.",False,False,False,,False,"The candidate declined to answer, stating it could not determine the module or class without access to the codebase.",0.00742,0.00233,0.00509,0.00233,,locate,false
agentic_hil_q02,indexed_topk3,32233,1072,0,0,5,False,end_turn,,27.133,2026-09-08T12:03:57Z,"## Answer

The module `src/agentic_hil/elfsymbols.py` is where **agentic-hil** parses an ELF file directly (via `struct.unpack` on the raw bytes) to extract a symbol's `st_value` (address) and `st_size` (size), entirely independent of any debugger process. Its `read_elf_symbol(path, symbol)` function opens the file, walks the section headers (`_sections`, `_section_at`), locates the symbol table section, iterates its entries (`_symbols`), and returns the matching symbol's address/size — or a refusal reason (`not_found`, `no_size`, `ambiguous`, `unreadable`) if it can't answer.

This is used as a **fallback** by the GDB backend in `src/agentic_hil/backends/gdbdebug.py`:
- `GdbDebugBackend._resolve_symbol` (around line 1016–1067): tries GDB's expression evaluator first (for typed/DWARF symbols), and when that fails, calls `read_elf_symbol(str(session.artifact[""resolved_path""]), symbol)` to get `st_value`/`st_size` straight from the loaded ELF's symbol table — used for symbols like the assembler-defined vector table (`g_pfnVectors`) that have no DWARF type info.
- The standalone symbol-resolution path around line 1619–1646 does the same thing against a digest-verified staged copy of the flashed ELF (`table = read_elf_symbol(staged_elf, symbol)`), again as the fallback when GDB's marker-based expression query returns nothing.

So: **no debugger reads happen here** — `elfsymbols.read_elf_symbol` reads `st_value`/`st_size` directly out of the ELF's symbol table on disk, and `gdbdebug.py` invokes it as the non-debugger fallback path.",True,True,True,src/agentic_hil/elfsymbols.py,True,"The answer names src/agentic_hil/elfsymbols.py and its read_elf_symbol function reading st_value/st_size from the ELF directly, matching the expected location and behaviour with accurate extra detail.",0.083701,0.075186,0.008515,0.075186,,locate,true
agentic_hil_q01,indexed_topk3,3929,153,0,0,2,False,end_turn,,3.643,2026-09-08T12:04:28Z,"The OpenOCD debugger backend is implemented in `src/agentic_hil/backends/openocd.py`, which exposes the `OpenOCDBackend` class (with `backend_name = ""openocd""`).",True,True,True,src/agentic_hil/backends/openocd.py,True,"The answer names the expected file src/agentic_hil/backends/openocd.py and the expected class OpenOCDBackend, matching the question's requested location and symbol.",0.014683,0.009388,0.005295,0.009388,,locate,false
agentic_hil_q39,indexed,174522,5583,0,0,5,False,end_turn,,64.275,2026-09-08T12:04:58Z,"## The path from plan file to a GDB breakpoint

**1. The plan step**
A YAML/JSON test plan names a debugger step by action, e.g. `{device: dut, action: run_until_breakpoint, location: capture_done, timeout_s: 5}` (`docs/testing.md`). `run_until_breakpoint`'s `location` (or `debug_set_breakpoint`'s `symbol`) can be a bare string, or an object with `symbol`/`function`, or a `{file, line}` pair — that shape is defined by `breakpoint_symbol()` and later `normalize_breakpoint_location()`.

**2. Reactor preflight (before any hardware is touched)**
`DebuggerRunner.preflight` in `src/agentic_hil/test_reactor.py` runs for every step before the plan executes a single hardware action (`docs/testing.md`, `docs/test-plan-contract.md`):

- Resolves which debugger the step names and checks session-order state (a `run_until_breakpoint`/`dump_memory`/`read_symbol` needs a `debug_start` already open on *this* debugger; wrong debugger or no session → `preflight_error`).
- For `run_until_breakpoint` specifically: refuses immediately if `permissions.allow_debug_execution` is false, because `_run_until_breakpoint` will unconditionally call `debug_continue` afterward.
- Extracts the symbol via `breakpoint_symbol(step.arguments.get(""location""))`. If the location is a `{file, line}` form (no symbol), it requires `config.debug.allow_all_symbols`.
- If a symbol name is present, `symbol_allowed(config, symbol)` — `config.debug.allow_all_symbols or symbol in config.debug.allowed_symbols` — must be true, or the whole plan is refused with a `preflight_error` naming the field (`location` for `run_until_breakpoint`, `symbol` for other debug actions).

Any finding here rejects the whole plan before anything reaches the backend (`docs/testing.md`'s pipeline diagram, `docs/test-plan-contract.md`).

**3. Step execution**
`DebuggerRunner._run_until_breakpoint_step` → `_run_until_breakpoint(arguments)` (`src/agentic_hil/test_reactor.py`) calls `self.service.call(""debug_set_breakpoint"", {""location"": arguments[""location""]})`, then (if that succeeds) `debug_continue`, then always `debug_clear_breakpoints`, merging the statuses.

**4. Tool-service layer**
`AgenticHILToolService.debug_set_breakpoint` (`src/agentic_hil/tools.py`) does one more syntactic check — the location must be a non-empty string or non-empty object, else `invalid_argument` — before forwarding to `self.backend.debug_set_breakpoint(...)`. Calls made through `.call(...)` also go through the coordinator/hardware-lease machinery (`src/agentic_hil/coordination.py`, `HardwareCoordinator`/`HardwareLease`), which can refuse or block a call if the resource is `resource_busy` (locked by another process) or already `quarantined`/blocked by a standing incident from a prior unconfirmed effect.

**5. GDB backend**
`GdbDebugBackend.set_breakpoint` (`src/agentic_hil/backends/gdbdebug.py`):
- `_require_session(tool)` — refuses `session_not_active` if there's no active/halted GDB session.
- `normalize_breakpoint_location(tool, location)` → `normalize_symbol_location` — the symbol must match `DEBUG_SYMBOL_PATTERN` (a valid C/C++ identifier) or it's refused `invalid_argument`.
- If it resolved to a symbol, `_validate_symbol(tool, symbol)` re-checks the identifier pattern and the allowlist (`config.debug.allowed_symbols`/`allow_all_symbols`) again at the backend layer — defense in depth against the same `permission_denied` preflight already checked.
- If it resolved to a file/line instead (no symbol), and `allow_all_symbols` is false, it's refused `permission_denied`.
- Only past all of that does it issue the actual GDB/MI command: `-break-insert <location>` via `_gdb_command`.
- The response is then judged: it needs `response.ok` **and** a parseable numeric `bkpt.number`. If the ack timed out, or executed with an unparsable id, or the audit log write afterward fails (`self._audit_broken`), the breakpoint is *not* reported as a clean success — it's tracked as `provisional`, with `side_effect_status: ""unknown""`, `cleanup_required: True`, and the lease may be quarantined pending reconciliation (later confirmed/cleared only against GDB's own `-break-list`, per `debug_clear_breakpoints`'s reconcile-first logic, seen in `tests/test_debug_sessions.py`).

## What can refuse it, end to end
- **Session-order / routing**: unknown or unnamed debugger, no `debug_start` yet, or session belongs to a different debugger (`test_reactor.py` preflight).
- **Permission**: `allow_debug_execution` false (only for `run_until_breakpoint`, checked at preflight before the backend is ever reached).
- **Symbol allowlist**: symbol not in `debug.allowed_symbols` and `allow_all_symbols` not set — refused at preflight (`symbol_allowed`) and again independently at the backend (`_validate_symbol`).
- **File/line form without blanket permission**: `debug.allow_all_symbols` false for a `{file,line}` location.
- **Syntax**: location that isn't a valid C/C++ identifier or a well-formed `{file,line}` — `invalid_argument` from `normalize_breakpoint_location`/`normalize_symbol_location`, and again a shallower check in `AgenticHILToolService.debug_set_breakpoint`.
- **No live/halted session**: `_require_session` → `session_not_active`.
- **Hardware coordination**: the resource is locked by another process (`resource_busy`) or the coordinator/lease is already blocked/quarantined by a standing incident.
- **Backend-communication failure**: the GDB ack times out, is unparsable, or the audit log write fails after the insert actually executed — treated as an unconfirmed/undecided effect (`side_effect_status: unknown`, `cleanup_required`, possibly `quarantined`) rather than silently succeeding or silently failing.",True,True,True,src/agentic_hil/test_reactor.py;src/agentic_hil/backends/gdbdebug.py,True,"Answer traces the plan step through test_reactor.py preflight (breakpoint_symbol, symbol_allowed) into gdbdebug.py set_breakpoint/normalize_breakpoint_location, naming all expected files and symbols plus accurate refusal points.",0.424019,0.404874,0.019145,0.404874,,multi_hop,false
agentic_hil_q06,agentic,7891,403,0,0,2,False,end_turn,,5.703,2026-09-08T12:06:06Z,"The redaction logic lives in `src/agentic_hil/redact.py`, which scans captured stdout/stderr for credential-shaped substrings (URL userinfo, `Authorization:`-style headers, and sensitive shell/query assignments like `token`, `password`, `api_key`) and replaces them with `[redacted]` via `_mask_url_userinfo`, `_mask_keep`, and `_mask_shell`, driven by the pattern table around line 213 (`_SENSITIVE_ASSIGNMENT_QUERY`, `_SENSITIVE_ASSIGNMENT_SHELL`, `_AUTH_HEADER_PATTERN`).

This redaction is applied to run evidence in `src/agentic_hil/runevidence.py` (see the module docstring around lines 37–46 describing the masking-by-key-name pass), which is where process output gets sanitized before being included in the evidence/report that leaves the server.",True,True,False,src/agentic_hil/redact.py,True,"It correctly identifies src/agentic_hil/redact.py as the masking location and describes the redaction behaviour, naming internal helpers rather than the exact public functions.",0.030567,0.019812,0.010755,0.019812,,locate,false
agentic_hil_q20,parametric,151,523,0,0,1,False,end_turn,,9.255,2026-09-08T12:06:17Z,"I don't have access to the actual repository files in this session (no code was provided or retrieved), so I can't trace the real call path from an MCP `flash_firmware` tool through to the ST-Link programmer or identify the specific config check that blocks it. 

To answer accurately I'd need to inspect the codebase, specifically:
- The MCP server/tool definitions (likely a `tools/` or `mcp/` module) where `flash_firmware` is registered and its handler implemented.
- The flashing/programmer abstraction layer (likely something like `flash.py`, `stlink.py`, or a `programmer/` module) that the handler calls into.
- The configuration loader (e.g., `config.py` or a settings module) that holds the ""authoritative config"" flag controlling whether flashing is enabled, and the guard/exception raised when it's disabled.

If you can share the relevant files (MCP tool registration, the flashing module, and the config module), I can trace the exact call chain and point to the specific function/class that refuses the flash when disabled.",False,False,True,,False,"The answer explicitly declines to determine the call path or the refusing component, identifying no specific files or symbols.",0.012017,0.005532,0.006485,0.005532,,multi_hop,false
agentic_hil_q10,agentic,21610,529,0,0,4,False,end_turn,,8.595,2026-09-08T12:06:30Z,"When both `image_path` and `artifact_id` are present in the payload, `AgenticHILToolService.flash_firmware` (in `src/agentic_hil/tools.py`, lines 274–312) rejects the call rather than preferring one input:

- It checks `bool(image_path) == bool(artifact_id)` (line 282). This is true both when neither field is set and when both are set.
- In that case it returns `tool_error(""flash_firmware"", ""invalid_argument"", ""Provide exactly one of image_path or artifact_id."")` (line 283), and the function returns immediately — no artifact resolution, staging, or backend flash call happens.

So providing both `image_path` and `artifact_id` simultaneously is treated identically to providing neither: an `invalid_argument` error is returned and no flashing is attempted.",True,True,True,src/agentic_hil/tools.py,True,"The answer correctly identifies flash_firmware in src/agentic_hil/tools.py returning tool_error with invalid_argument when both fields are set, matching the expected file and symbols.",0.055,0.04851,0.00649,0.04851,,trace,false
agentic_hil_q38,parametric,151,449,0,0,1,False,end_turn,,7.405,2026-09-08T12:06:42Z,"I don't have access to the actual codebase contents in this conversation—no files or source code have been provided—so I can't inspect how a `uart_expect` step is implemented (e.g., how it matches expected output against serial data or how it recovers the raw bytes that satisfied the match).

To answer accurately, I'd need the relevant source, likely something like a `uart_expect.py` step definition or a test-runner/plan-execution module (e.g., under a `steps/`, `plans/`, or `serial/` directory) that shows:

- The matching logic (e.g., regex/substring comparison against a buffered read of the UART).
- Whether it uses a timeout-based read loop accumulating bytes into a buffer.
- How/where the matched substring or byte range is sliced out and returned/logged.

If you can share the file(s) implementing `uart_expect` (or point me to the module/class name), I can give a precise, cited answer.",False,False,False,,False,"The candidate explicitly states it cannot determine the answer and identifies no files or symbols, failing to locate UartRunner, StepComparator, decode_bytes, or matched_span_bytes.",0.011737,0.004792,0.006945,0.004792,,multi_hop,false
agentic_hil_q03,indexed,8911,422,0,0,2,False,end_turn,,10.818,2026-09-08T12:06:53Z,"The broker is implemented in **`src/agentic_hil/canbroker.py`**, specifically the `CanBroker` class (and its `main()` CLI entry point, `agentic-hil-can-broker`).

- `CanBroker` (defined starting around `canbroker.py:519`) is described as ""One process, one physical bus, many named participants."" It acquires the machine-wide bus lock (`take_bus()`), opens the CAN adapter once (`open_bus()`), and then serves multiple named ""participant"" connections over local IPC, each with its own filter/frame view (`serve()`, `_handle_attach()`).
- The participant/client side of the protocol (`attach_participant`, descriptor/authkey helpers) is also in that same module.
- The data model for a shared bus/participant view is `CanShareConfig` in `src/agentic_hil/types.py`.
- The design rationale is documented in `docs/can-service-design.md` (""CAN as a Service: One Bus Owner, Named Participants"").
- Tests exercising this behavior are in `tests/test_can_broker.py`.",True,True,True,src/agentic_hil/canbroker.py,True,"The answer names the correct file (src/agentic_hil/canbroker.py) and the primary CanBroker class, plus accurate supporting detail; omitting BrokerDescriptor is minor since descriptor helpers are mentioned.",0.029357,0.022042,0.007315,0.022042,,locate,true
agentic_hil_q25,agentic,19436,1423,0,0,3,False,end_turn,,18.106,2026-09-08T12:07:07Z,"This is the mechanism: each report includes a `canonical_audit` field (attached by `attach_canonical_audit_evidence` in `src/agentic_hil/report.py`).

**How the proof works:**

1. **Trusted canonical copy under `state_root`** — Every agent-initiated hardware-effect event is written twice: first to a *canonical* audit ledger under the trusted `state_root` (`audit_logs_directory`/`canonical_audit_log_path` in `src/agentic_hil/report.py`), and only if that succeeds is it mirrored into the untrusted workspace log (`append_jsonl`, lines 50‑66). This ordering means a claimed success can never exist only in the tamperable workspace copy.

2. **Hash-chained sidecar** — Each canonical log has a `.digest` sidecar (`_canonical_sidecar_path`) tracking `sequence`, `bytes`, and a running `chain_sha256`. On every append, `append_canonical_audit_log` (report.py:105‑130) first checks that the on-disk file size still matches the sidecar's recorded `bytes` (failing closed if it doesn't — meaning a line was added or removed outside the chain), then folds the new line into the chain via `sha256(prev_chain_digest + new_line)`, and atomically updates sequence/bytes/digest. `write_audit_log` (full-file rewrites) similarly re-hashes the whole content and bumps the sequence. The chain starts from `_GENESIS_DIGEST` (all zeros).

3. **What the agent's report actually carries back** — `attach_canonical_audit_evidence`/`canonical_audit_evidence` (report.py:160‑214) build a `canonical_audit` object attached to the result: `canonical_log_present`, `canonical_log_name`, `log_sequence`, `log_chain_sha256`, and `workspace_log_verified`. The absolute canonical path is deliberately withheld (only the basename), so the digest/sequence pair is the actual proof surfaced to the agent, not the raw file.

4. **Cross-check against the workspace copy** — `workspace_log_verified` is computed by checking that every line in the canonical (trusted) log still appears, in order, as a subsequence of the workspace log's lines (`_is_ordered_subsequence`). Extra passive lines in the workspace mirror (e.g., COM RX feedback) are tolerated, but deleting or altering an effect record breaks the subsequence check and flips `workspace_log_verified` to `False`.

5. **Fail-closed on corruption** — If the canonical log or sidecar is missing/unreadable/corrupt, evidence reports `canonical_log_corrupted: True` or `workspace_log_verified: False` rather than silently treating it as fine (report.py:171‑193), and elsewhere in the module (`mark_audit_failure`, `merge_audit_status`) any such failure forces `audit_ok: False` on the returned result so downstream logic can't treat a broken chain as a clean run.

So the proof the agent gets back isn't the log content itself but a hash-chain digest + sequence number from the trusted canonical ledger, plus an explicit boolean showing whether the exposed workspace log still contains every canonically-recorded line in order — any edit or deletion in the workspace copy, or any break in the chain/size invariant of the canonical copy itself, is detectable and surfaces as `workspace_log_verified: False` / `audit_ok: False`.",True,False,True,src/agentic_hil/report.py,True,"It identifies the canonical_audit evidence attached via attach_canonical_audit_evidence/canonical_audit_evidence and the hash-chained append_canonical_audit_log, describing the digest/sequence proof and workspace subsequence verification accurately.",0.071527,0.053102,0.018425,0.053102,,multi_hop,false
agentic_hil_q30,parametric,144,220,0,0,1,False,end_turn,,3.54,2026-09-08T12:07:31Z,"I don't have access to the codebase itself—no files or repository contents have been shared with me in this conversation. I can't identify specific file paths, functions, or harnesses (like one related to `agentic-hil` or bench checks) without being able to inspect the actual project structure and source code.

If you'd like help finding this, please share:
- The relevant repository contents or file listing
- Or specific files you suspect might contain this harness (e.g., scripts/, tests/, or CLI entry point definitions like `setup.py`/`pyproject.toml` showing the `agentic-hil` command)

Once I can see the actual code, I can point you to the exact file paths and relevant functions/classes.",False,False,False,,False,"The answer declines to identify any location, stating it cannot access the codebase, so it fails to name tools/bench_battery.py or its symbols.",0.008398,0.002488,0.00591,0.002488,,locate,false
agentic_hil_q27,indexed,14291,907,0,0,2,False,end_turn,,12.021,2026-09-08T12:07:39Z,"The machine-wide mutex is the `BenchMutex` class in **`src/agentic_hil/bench.py`**.

Key details:

- **`BenchMutex`** (`src/agentic_hil/bench.py`) implements the machine-wide mutex. It stores its lock files under one agreed, per-machine location, `~/.agentic-hil/device-locks` (deliberately *not* under a per-configuration `state_root`, since two sessions with different `state_root` values may still be the same physical bench — see `tests/test_bench_mutex.py`).
- It exposes `acquire()`/`acquire_named()`/`release()`/`release_all()`, which take/release OS-level locks per physical resource name (e.g. `probe:<serial>`, `com:<device>`, `can:<adapter>:<channel>`, or `physical:<resource_id>`), taking a whole declared set in one sorted, all-or-nothing acquisition and unwinding on failure (`BenchMutex.acquire`/`acquire_named` in `bench.py`).
- Contention raises `DeviceBusyError`, naming the current holder rather than silently blocking; waiting only happens if explicitly requested via `wait_s`.
- Because it's an OS-level lock, a crashed process releases the device immediately (no stale-lock recovery needed).

This mutex is consumed via the higher-level `Device`/`DeviceSet` abstractions in **`src/agentic_hil/devices.py`** (`Device.acquire`, `DeviceSet.acquire`), which derive a `lock_key` from hardware identity (probe serial, resource_id, serial device path, etc.) so that two config entries pointing at the same physical unit collapse to a single lock. The `HardwareCoordinator` (referenced in `tests/test_devices.py`) and CLI commands like `bench_run_start`/`grant`/`revoke` (`src/agentic_hil/cli.py`) go through this same `BenchMutex` to enforce exclusivity across separate processes/terminals on the machine.

Documentation of this design is in `docs/safety-model.md` (""Exclusivity per physical device is machine-wide and held for the whole run, kept in one agreed place..."").",True,True,True,src/agentic_hil/bench.py,True,"The answer names bench.py's BenchMutex and DeviceBusyError, plus the machine-wide device lock root location, matching the expected file and symbols with accurate supporting detail.",0.046497,0.037652,0.008845,0.037652,,locate,true
agentic_hil_q16,parametric,135,254,0,0,1,False,end_turn,,3.591,2026-09-08T12:07:54Z,"I don't have access to the codebase you're referencing—no files or repository contents have been shared with me in this conversation. 

To answer your question about `HardwareLease.quarantine` and how it differs from `HardwareLease.release`, I would need you to share:

- The relevant source file (e.g., something like `hardware/lease.py` or similar)
- Or paste the class definition containing these methods

Once you provide that code, I can explain:
- What `quarantine` does (likely marking a lease as unusable/isolated, possibly for inspection or fault handling)
- What `release` does (likely returning the lease to an available pool)
- The specific differences in their logic, side effects, and state transitions

Please share the relevant file(s) or code snippet so I can give you an accurate, cited answer.",False,False,True,,False,"The answer declines to answer, stating it lacks access to the codebase, and never identifies the file or behavior of quarantine versus release.",0.008775,0.00281,0.005965,0.00281,,trace,false
agentic_hil_q07,indexed,8163,241,0,0,2,False,end_turn,,4.607,2026-09-08T12:08:00Z,"The pytest plugin lives in **`src/agentic_hil/pytest_plugin.py`**. It registers the `agentic_hil` fixture (and the `pytest_addoption` hook for the deprecated `--agentic-hil-config`/`agentic_hil_config` ini option), and is exposed via the package's pytest entry point so that installing `agentic-hil` automatically registers it as a pytest plugin (see also `docs/testing.md`, which documents this behavior).",True,True,True,src/agentic_hil/pytest_plugin.py,True,"The answer names the correct file src/agentic_hil/pytest_plugin.py and the expected symbols agentic_hil fixture, agentic_hil_config option, and pytest_addoption hook.",0.024821,0.018736,0.006085,0.018736,,locate,false
agentic_hil_q13,agentic,9163,879,0,0,3,False,end_turn,,10.625,2026-09-08T12:08:09Z,"## Answer

`spawn_command` in `src/agentic_hil/backends/common.py` returns a `CompletedCommand` dataclass in both cases, but the two failure modes are distinguished by different fields:

- **Executable not there (`FileNotFoundError`, i.e. `ENOENT`)**: returns `CompletedCommand(stdout="""", stderr="""", returncode=None, timed_out=False, not_found=True)` — `not_found=True` and `not_executable_reason` left at its default `None`.

- **Executable present but the host will not run it** (an `OSError` whose `errno` is in `EXEC_REFUSED_ERRNOS = {EACCES, EPERM, ENOEXEC}`): returns `CompletedCommand(stdout="""", stderr="""", returncode=None, timed_out=False, not_found=False, not_executable_reason=<PERMISSION_DENIED_REASON or NOT_AN_EXECUTABLE_IMAGE_REASON>, spawn_error=str(error))`. Here `not_found=False`, and `not_executable_reason` is set — `PERMISSION_DENIED_REASON` for `EACCES`/`EPERM`, or `NOT_AN_EXECUTABLE_IMAGE_REASON` for `ENOEXEC`.

`CompletedCommand` also exposes a `not_executable` property (`self.not_executable_reason is not None`) as the convenient boolean check for the second case.

Any other `OSError` errno is re-raised rather than turned into a result (see the comment block above `EXEC_REFUSED_ERRNOS`, lines 142–159), since it says nothing about the configured file itself.

So callers distinguish ""not there"" vs ""there but won't run"" via `CompletedCommand.not_found` vs `CompletedCommand.not_executable`/`not_executable_reason`. This is used downstream by `not_executable_refusal` (same file, `src/agentic_hil/backends/common.py`) to build the operator-facing refusal for the second case, paired with each backend's own `*_NOT_FOUND` handling for the first case.",True,True,True,src/agentic_hil/backends/common.py,True,"Answer identifies the correct file, spawn_command's CompletedCommand return, the not_found vs not_executable_reason distinction, and not_executable_refusal, matching expectations.",0.038221,0.027116,0.011105,0.027116,,trace,false
agentic_hil_q37,parametric,152,261,0,0,1,False,end_turn,,5.872,2026-09-08T12:08:24Z,"I don't have access to the actual source of `decode_symbol_value` in this codebase (no file contents were provided), so I can't verify its behavior for non-1/2/4/8-byte inputs or the origin of its byte order. Could you share the relevant file (e.g., the module defining `decode_symbol_value`) so I can give a precise, cited answer?",False,False,True,,False,"The answer declines to identify any file, symbol, or behavior, stating it lacks access to the source, so it fails to locate the code.",0.008514,0.002914,0.0056,0.002914,,trace,false
agentic_hil_q16,indexed,9674,1573,0,0,2,False,end_turn,,16.747,2026-09-08T12:08:33Z,"## `HardwareLease.quarantine`

Defined in `src/agentic_hil/coordination.py` (class `HardwareLease`, ~line 484):

```python
def quarantine(self, reason: str, error: object | None = None, *, audit_broken: bool = False) -> None:
    self.coordinator.quarantine_lease(self, reason, error, audit_broken=audit_broken)
```

It delegates to `HardwareCoordinator.quarantine_lease`, which (if the lease is still valid) calls `_quarantine_registered_lease`. That method:

- Opens (or reuses) an incident by generating a `quarantine_id` if one doesn't exist.
- Grows the coordinator's `incident_resources` to include this lease's resources.
- Sets the lease's `state` to `""cleanup_required""`, stamps its `quarantine_id`, and marks `audit_ok` false if `audit_broken=True`.
- Appends a detail record (`reason`, `time`, `quarantine_id`, and optional `error_type`/`summary`) to `lease.errors` (deduplicated).
- Sets `self.blocked = True` on the coordinator (the whole project becomes blocked/quarantined).
- Persists the lease record and the project state as `""cleanup_required""`, and re-persists sibling quarantined leases if the incident's resource set grew, so all markers agree.

In short, `quarantine()` **does not release anything** — it puts the lease (and the whole project) into a blocked, incident state because something makes the physical/safe state of the hardware unknown (e.g., unconfirmed safe state, unreaped processes, or a broken audit trail). The bench stays held/blocked until recovery resolves the incident.

## `HardwareLease.release`

Defined right above `quarantine` in `coordination.py`:

```python
def release(self, *, safe_state_confirmed: bool = True, processes_reaped: bool = True, audit_ok: bool = True) -> bool:
    return self.coordinator.release_lease(
        self,
        safe_state_confirmed=safe_state_confirmed,
        processes_reaped=processes_reaped,
        audit_ok=audit_ok,
    )
```

This delegates to `HardwareCoordinator.release_lease`, which is the ""give the bench back"" path:

- If the lease isn't valid, marks it `""stale""` and returns `False`.
- If any of `safe_state_confirmed`, `processes_reaped`, or `audit_ok` is false, it internally calls `_quarantine_registered_lease` (the *same* function `quarantine()` uses) with a specific reason (`safe_state_unconfirmed`, `process_reap_unconfirmed`, or `audit_broken`) and returns `False` — i.e. a release can itself trigger a quarantine if the caller can't confirm the bench is safe.
- Otherwise, it sets `lease.state = ""releasing""`, persists the lease as `""released""`, updates the project's incident/blocked bookkeeping (removing this lease's resources from any residual incident, re-persisting other markers, etc.), and returns `True` on success (or handles failure to persist by re-quarantining under `lease_release_unconfirmed`, per `tools.py` comments at line ~1807).

## Key difference

- **`release()`** is the normal, successful-exit path: it tries to hand the resources back cleanly and only quarantines as a *side effect* if the caller cannot confirm safety/reaping/audit integrity, or if persisting the ""released"" record itself fails.
- **`quarantine()`** is a direct, explicit call to put the lease into the blocked `""cleanup_required""` state with a given `reason`/`error` — used when the caller already knows something went wrong (e.g., in `tools.py`, `_lease_result` calls `lease.quarantine(""debug_coordination_report_audit_broken"", audit_broken=True)` when writing the report itself reveals a broken audit trail). It doesn't attempt a clean release at all; it goes straight to the incident state.

Both ultimately route through the same internal `_quarantine_registered_lease` helper in `coordination.py` when an incident needs to be opened, but `release()` is the ""normal exit that can fail into quarantine,"" whereas `quarantine()` is the ""immediate, explicit quarantine"" entry point used elsewhere (e.g., `tools.py`) when a caller already has a specific reason to block the lease rather than release it.",True,True,True,src/agentic_hil/coordination.py,True,The answer correctly locates both methods in src/agentic_hil/coordination.py's HardwareLease class and accurately describes quarantine's incident/blocked cleanup_required behavior versus release's clean handback that can fall into quarantine.,0.048098,0.035078,0.01302,0.035078,,trace,false
agentic_hil_q14,agentic,15434,1291,0,0,4,False,end_turn,,15.977,2026-09-08T12:08:53Z,"## What `verify_port_identity` compares

Located in `src/agentic_hil/comports.py` (function `verify_port_identity`, lines 466–~620).

Before a configured port (`ComPortConfig`) may be opened, the function looks up the *expectation* declared for that port (`expected_port_identity`) — the serial number and/or USB VID/PID that the configuration entry names for the board — and then enumerates the host's currently-attached serial ports via `list_available_com_ports`.

For the single host port entry that matches the configured device name (`port_names_device`), it compares:

1. **Serial number** — the configured `expectation.expected` serial vs. the host-reported `found` serial number (`fold_hardware_id` normalized), if the entry declares one.
2. **USB VID/PID** — the configured `expectation.vid`/`expectation.pid` vs. the host-reported `found_vid`/`found_pid` (via `host_usb_id`), if the entry declares either. This VID/PID check runs *after* the serial check (never instead of it), because a USB serial number is only unique within a vendor, so the type check is needed even when the serial matches.

If the entry declares neither (identity is `None`), the port is treated as `not_declared` and is opened without any comparison.

## What happens on a VID/PID mismatch

If the entry declares a VID and/or PID and the host-reported values differ (`any(claimed != seen for claimed, seen in declared)`), `verify_port_identity` calls the helper `_identity_mismatch`, which:

- Sets `identity[""status""] = ""mismatch""`.
- Returns `{""ok"": False, ...}` with `error_type = COM_PORT_IDENTITY_MISMATCH`.
- Produces a `summary` stating the port is ""currently a device of `<found vid/pid>`"", but the entry names `<expected vid/pid>` — noting that if a serial number was also declared, its match ""proves nothing, because a USB serial is unique only within a vendor.""
- Includes `expected_*`/`found_*` fields and a `likely_causes` list (e.g., a different USB-serial adapter now has that name, the entry is stale, or serial numbers coincide across vendors, which VID/PID exists to disambiguate).
- Marks the refusal as **no-contact/retry-safe**: `side_effect_committed: False`, `side_effect_status: ""not_started""`, `hardware_state: ""unchanged""`, `retry_safe: True` — i.e., the port is **never opened**; nothing is written to the mismatched hardware.

If instead the host port reports no VID/PID at all while the entry names one (rather than a differing value), the function instead treats this as an unverifiable check: `identity[""status""] = ""usb_ids_unknown""`, and returns via `_identity_unverified` (same ""not opened, retry-safe"" refusal shape, but a different `error_type`, `COM_PORT_IDENTITY_UNVERIFIED`, since the comparison itself couldn't run rather than having run and failed).",True,True,True,src/agentic_hil/comports.py,True,"Answer names comports.py and verify_port_identity/expected_port_identity, correctly describing serial and VID/PID comparison and the refusal to open the port on mismatch.",0.057993,0.043778,0.014215,0.043778,,trace,false
agentic_hil_q34,parametric,139,489,0,0,1,False,end_turn,,6.671,2026-09-08T12:09:13Z,"I don't have access to the actual codebase content, so I can't identify a `read_symbol` plan step or verify what claims/flag it defines. Could you point me to the specific file (e.g., a parser/interpreter module) where this step is implemented, or share the relevant code? With that I can give a precise, cited answer.",False,False,False,,False,"The candidate declined to answer, stating it lacked codebase access and identifying no file, symbol, or behaviour.",0.010293,0.005168,0.005125,0.005168,,trace,true
agentic_hil_q05,indexed,14280,675,0,0,2,False,end_turn,,9.757,2026-09-08T12:09:23Z,"The JUnit XML for a plan run is built and written in **`src/agentic_hil/junit.py`**:

- `junit_xml_document(result, *, plan_steps=())` builds the actual `<testsuite>`/`<testcase>` XML document as a pure function of the run's result dict and the loaded plan steps (uses `xml.etree.ElementTree`, not junitparser).
- `write_junit_xml(junit_xml_path, result, *, plan_steps=())` calls `junit_xml_document` and writes the output to the path given via `--junit-xml`, creating parent directories as needed.
- `result_with_junit_xml(result, junit_xml_path, *, plan_steps=())` wraps `write_junit_xml` for the success path, recording `junit_xml` (or `junit_xml_error`) on the returned result.
- `write_refusal_junit_xml(junit_xml_path, refusal, *, plan_steps=())` is the best-effort variant used when a run is refused before it produces a normal report.

These are invoked from the CLI entrypoint for a plan run in **`src/agentic_hil/reactorrun.py`**, e.g. `run_test_reactor`/`run_reactor` calls `write_refusal_junit_xml(...)` on preflight refusal and `result_with_junit_xml(result, junit_xml, plan_steps=test_config.steps)` after a normal run to attach the JUnit artifact.

Documentation of the resulting format is in `docs/testing.md` (""A JUnit report for CI"") and `docs/github-action-design.md` (""The JUnit mapping"").",True,True,True,src/agentic_hil/junit.py,True,"The answer names src/agentic_hil/junit.py and both expected symbols write_junit_xml and junit_xml_document, with accurate additional detail about callers and related helpers.",0.042995,0.03531,0.007685,0.03531,,locate,false
agentic_hil_q04,agentic,26329,648,0,0,3,False,end_turn,,8.855,2026-09-08T12:09:37Z,"The module `src/agentic_hil/mcp.py` handles this. Specifically:

- `handle_mcp_message` (and its per-item helper `handle_single_mcp_message`) parses the incoming JSON-RPC message envelope and validates it.
- `handle_method` dispatches based on the `method` field (e.g. `initialize`, `ping`, `tools/list`, `tools/call`, `resources/read`, etc.).
- For the `tools/call` method, `call_tool(params, tools)` invokes `tools.call(name, arguments)` on the `AgenticHILToolService` instance — this is the actual dispatch of a tool invocation to the tool service.

The stdio transport in `src/agentic_hil/stdio.py` reads lines from stdin, constructs an `AgenticHILToolService(config, frontend=""mcp"")`, and calls `handle_mcp_message(message, tools)` for each parsed message (see `mcp_stdio`/`serve` in `stdio.py`), which is what wires the raw JSON-RPC stream to `agentic_hil/mcp.py`'s dispatcher.",True,True,True,src/agentic_hil/mcp.py,True,"The answer names src/agentic_hil/mcp.py and all expected symbols (handle_mcp_message, handle_method, call_tool), correctly describing the JSON-RPC dispatch to the tool service.",0.066353,0.059138,0.007215,0.059138,,locate,false
agentic_hil_q25,parametric,132,320,0,0,1,False,end_turn,,4.44,2026-09-08T12:09:49Z,"I don't have access to the actual codebase contents in this conversation—no files or source code were provided for me to inspect. Without being able to examine the repository, I can't identify the specific mechanism (e.g., hash chaining, HMAC signatures, Merkle trees, or append-only log verification) that the report-generation code uses to prove the audit log wasn't tampered with, nor can I cite the relevant file paths or functions/classes involved.

If you can share the relevant source files (e.g., the audit logging module, the report generation module, or any signing/verification utilities), I can give you a precise answer with specific citations to the code.",False,False,False,,False,"The candidate declined to answer, identifying no files, symbols, or mechanism, so it fails to locate the expected audit evidence functions.",0.009359,0.003464,0.005895,0.003464,,multi_hop,false
agentic_hil_q38,indexed,51192,2056,0,0,3,False,end_turn,,25.557,2026-09-08T12:09:57Z,"## How a `uart_expect` step decides a match

`uart_expect` (and `uart_read` with a `comparator:`) are both implemented on top of one shared read-until-match loop, `TestReactorUart._read_until` (`src/agentic_hil/test_reactor.py`, around line 1790 onward):

1. **Bytes, not per-chunk text, are accumulated.** Each pass calls `com_read` via `self.service.call(...)`, decodes the returned hex into raw bytes, and appends them to a rolling `bytearray` (`received`), capped to a `window` size (`max(UART_EXPECT_TAIL_BYTES, 4*len(written)+16)`). Bytes are carried across reads *undecoded* rather than decoding each chunk independently — decoding chunk-by-chunk would turn a multi-byte character split across two reads into replacement characters on each side of the seam.

2. **The whole accumulated window is decoded once per pass** (`decode_bytes(raw, encoding)`), and the claim is tested against that decoded string, not against the latest chunk alone — so a value split across two `com_read` calls is still one match.

3. **The match predicate is the `matches` callable** built for the expectation:
   - For `uart_expect` (v2 `text`/`pattern`), `_matcher()` (`test_reactor.py`) returns either a plain substring test (`expected in decoded`) for `text`, or a compiled `re.search` for `pattern`.
   - For a `comparator:` (v3 `equals`/`pattern`/`range`), it's `StepComparator.matches()` (`test_reactor.py` ~line 307), which handles `equals` via `decoded_equals` (a complete-line match), `pattern` via `re.finditer`, and `pattern`+`range` by scanning every match, extracting the captured number, and taking the *latest* one that falls in `[min, max]`.

4. **The deadline is checked before the match, not after** — the pass where the timeout has expired still gets to test `matches(decoded, final=True)`, so a value with no trailing terminator can still be judged ""final"" on its last look. If nothing matches and the deadline has passed, the step fails with `uart_expect_timeout` (v2) or `comparator_unmet` (v3), carrying the last `UART_EXPECT_TAIL_BYTES` (512) of what was actually received as `received_tail` (`{hex, text, encoding}`).

## Recovering the raw wire bytes for the match

Because `decode_bytes` decodes with `errors=""replace""`, the decode is **not reversible** — you cannot safely re-encode a matched substring back into the bytes the wire actually sent (an invalid `ff` byte turns into `�`, and stateful codecs can inject characters like a BOM). So instead of re-encoding, the reactor slices the raw bytes straight out of the same receive buffer:

- The comparator/matcher records the character span of the match (`matched_span`) alongside the decoded text.
- `matched_span_bytes(received, encoding, span)` (`src/agentic_hil/comports.py`, ~line 1625) recovers the byte span: it feeds `received` to an *incremental* decoder one byte at a time, mapping each produced character to the exact byte run it consumed (this stays correct across `replace` substitutions). It cross-checks that the incremental decode matches the one-shot `decode_bytes` output the match was made against; if they disagree, or if the requested span begins/ends inside a multi-character decode run emitted atomically by a stateful codec (e.g. UTF-7), it returns `None` rather than guess.
- Back in `_read_until` (`test_reactor.py`, around line 1842), this is wired up as:
  ```python
  span = getattr(getattr(matches, ""__self__"", None), ""matched_span"", None)
  matched_raw = matched_span_bytes(raw, encoding, span) if span is not None else None
  ```
  and stored on `UartReadOutcome.matched_raw`.
- `UartReadOutcome.matched_result()` (`test_reactor.py`, ~line 423) turns that into the reported `matched_text` field, in the same `{hex, text, encoding}` shape as the red-path `received_tail`, bounded by the same `UART_EXPECT_TAIL_BYTES` cap (kept from the front, ""because a match begins where it begins""), with `matched_text_truncated` set when the cap applied. If the byte span couldn't be established, the text is still reported but the `hex` field is simply omitted rather than fabricated.

So: the *decision* that the line said what the plan claimed is made against a byte-accurate, cross-chunk decoded window using a per-comparator match predicate that also records where the match landed; the *raw bytes* backing that match/tail are then recovered not by re-encoding the decoded string but by slicing the original byte buffer at the byte offsets an incremental decode pass established for that same character span.",True,True,True,src/agentic_hil/test_reactor.py;src/agentic_hil/comports.py,True,"The answer identifies the read-until-match loop in test_reactor.py using StepComparator/decode_bytes and recovers raw bytes via matched_span_bytes in comports.py, matching all expected files and symbols.",0.136779,0.122944,0.013835,0.122944,,multi_hop,false
agentic_hil_q19,agentic,44019,1311,0,0,4,False,end_turn,,14.684,2026-09-08T12:10:27Z,"I found the mechanism in `src/agentic_hil/mcp.py` (`call_tool`) and `src/agentic_hil/redact.py`.

**How it works:**

In `call_tool()` (`src/agentic_hil/mcp.py:250-268`), after `tools.call(name, arguments)` produces the raw tool result, the code applies `redact_sensitive(result)` as a defense-in-depth step *before* building the MCP response:

```python
result = tools.call(name, arguments)
# Defense-in-depth: strip any secret-named field before the result is
# serialized into the MCP content text and structuredContent. isError is
# computed from the raw result (redaction touches no success field).
safe_result = redact_sensitive(result)
return {""content"": [{""type"": ""text"", ""text"": tool_result_text(safe_result)}], ""structuredContent"": safe_result, ""isError"": not overall_success(result)}
```

Both the `content` text block and `structuredContent` are built from the *redacted* `safe_result`, not the raw tool result — so nothing raw ever reaches the client. `isError` is computed separately from the unredacted `result` since redaction never touches success/error fields.

**Redaction logic** (`src/agentic_hil/redact.py`, functions `redact_sensitive`, `_redact_member`, `_redact_stream_member`, `redact_stream_text`):
- Any dict key matching `_SENSITIVE_KEY_PATTERN` (`*_token`, `*secret`, `*password`/`passwd`, `*api_key`/`apikey`, `*authkey`/`auth_key`) has its value replaced with the placeholder `""[redacted]""`, recursively at any depth.
- Additionally, values under known captured-stream keys (`stdout`, `stderr`, `backend_warnings`) get a second, content-based pass (`redact_stream_text`) that masks credential *shapes* embedded in text even when no key name flags them — e.g. URL userinfo (`scheme://user:secret@host`), `Authorization: Bearer`/`Basic` headers, and secret-named assignments/query params — since a tool's own printed output (like a pip/uv index URL with an embedded token) wouldn't otherwise be caught by key-name matching alone.

So the safeguard is applied uniformly at the MCP envelope layer (`call_tool` in `mcp.py`) regardless of which tool ran, ensuring no tool result can leak a secret back to the client even if the tool itself failed to redact it.",True,True,True,src/agentic_hil/mcp.py;src/agentic_hil/redact.py,True,"The answer names call_tool in mcp.py, redact_sensitive in redact.py, and tool_result_text, correctly describing redaction before serialization into content and structuredContent.",0.110468,0.101148,0.00932,0.101148,,multi_hop,false
agentic_hil_q24,parametric,140,239,0,0,1,False,end_turn,,4.382,2026-09-08T12:10:45Z,"I don't have access to any codebase content in this conversation—no files, source excerpts, or repository structure were provided—so I can't inspect how config reload logic or run-state guards are implemented. Could you share the relevant files (e.g., the config loader/watcher module and whatever manages run/session state), or point me to the repository so I can look at the actual code? Without that, I can't give a grounded answer with specific file/function citations.",False,False,False,,False,"The answer declines to identify any location, stating it lacks codebase access, so it fails to name the expected files or symbols.",0.008035,0.00267,0.005365,0.00267,,multi_hop,false
agentic_hil_q40,indexed,215741,3249,0,0,6,False,end_turn,,46.77,2026-09-08T12:10:53Z,"I now have a full trace of the `agentic-hil init` path from CLI entry to the written probe serial. Here's the answer:

## The path from `agentic-hil init` to a probe serial in the config file

**1. `init` calls `init_config`, which calls hardware discovery before writing anything**
`agentic-hil init` (registered in `build_parser` in `src/agentic_hil/cli.py`) runs `init_config()`, whose body (`src/agentic_hil/cli.py`, ~lines 2803‑2838) calls `discover_attached_hardware` and, if it succeeds, fills the shipped `DEFAULT_CONFIG_TEMPLATE` from the result via `apply_discovery_to_template`; only then is the YAML written to disk (`overall_success(discovery)` gates the ""real bench"" branch vs. the unbound-placeholder branch).

**2. `discover_attached_hardware` (`src/agentic_hil/bootstrap.py`) enumerates the probe two possible ways**
- If STM32CubeProgrammer's `STM32_Programmer_CLI` is installed, it runs the fixed `-q -l st-link-only` listing and parses the serial with `stlink_probe_ids` (`discovered_by: stlink_cli`).
- Otherwise — the ordinary Linux/ST-Link-only case — it falls back to `_usb_enumeration`, which reads the host's own USB serial inventory. `usb_stlink_probe_ids`/`usb_stlink_ports` in `src/agentic_hil/comports.py` match ports whose `vid == STLINK_USB_VENDOR_ID (0x0483)` and `pid` in `STLINK_USB_PRODUCT_IDS`, and take the port's `serial_number` — the same string OpenOCD's `adapter serial` takes (`discovered_by: usb_serial_inventory`).

**3. Exactly one visible probe is selected (`select_probe_id`)**
With one probe found, `discover_attached_hardware` binds that `probe_id` (folded through `fold_hardware_id`). Because the USB-inventory path can't prove completeness (it only sees probes that publish a virtual COM port), the result also carries `probe_inventory_caveat(probe_id)` — `discovered_by`, `probe_inventory: incomplete`, and an explanatory `probe_inventory_note` — unless STM32CubeProgrammer's authoritative listing answered or the caller explicitly named the serial (`probe_named_by`). Two or more visible probes instead produce `ambiguous_hardware`, and no probe at all yields `probe_inventory_incomplete`/`adapter_not_found` and an unbound placeholder.

**4. A short HOTPLUG/target read identifies the board**
Still read-only, `discover_attached_hardware` connects in HOTPLUG mode (STM32CubeProgrammer path) or runs a read-only OpenOCD `init/targets/shutdown` (USB-inventory path) to learn the target controller, and correlates the matching COM port via `correlate_com_port`.

**5. `apply_discovery_to_template` writes the serial into the config document**
This function (`src/agentic_hil/bootstrap.py`) takes the discovery result's `probe_id` and puts it directly into `debuggers.<name>.probe_id` in the filled-in copy of `DEFAULT_CONFIG_TEMPLATE`, sets `type` to whichever backend actually answered (`stlink` or `openocd`, with its `interface_cfg`/`target_cfg` scripts), and also records the same serial as `com_ports.dut_uart.serial_number` (plus `vid`/`pid`) so the port entry is tied to that exact probe.

**6. `init_config` writes the resulting YAML to the project's config file**
The `document = {""workspace_root"": ..., ""state_root"": ..., **configured}` dict from step 5 is serialized with `yaml.safe_dump` and written to the project's configuration path, which is what a later `flash_firmware`/`probe_target` call reads back as `debuggers.dut.probe_id`.

So: `init` → `discover_attached_hardware` (enumerate via STM32CubeProgrammer CLI or, lacking that, the host's USB serial descriptor for vendor `0483`/ST-Link product IDs) → select the one visible probe (with an `incomplete`-inventory caveat when it came from the USB path) → `apply_discovery_to_template` copies that serial into `debuggers.<name>.probe_id` (and the matching `com_ports` entry) → `init_config` writes the YAML file that now names that probe's serial.",True,False,True,src/agentic_hil/cli.py;src/agentic_hil/bootstrap.py,True,"It correctly traces init_config in cli.py to discover_attached_hardware/stlink_probe_ids and apply_discovery_to_template writing probe_id into the YAML, matching the expected primary chain despite some extra detail.",0.490877,0.463972,0.026905,0.463972,,multi_hop,false
agentic_hil_q09,agentic,67713,604,0,0,4,False,end_turn,,8.821,2026-09-08T12:11:50Z,"The demo firmware lives in `examples/nucleo-f446re_demo/`, and the code that directly programs USART2 (register offsets, GPIO alternate-function setup for PA2/PA3, baud rate, and the polled TX loop) is in `examples/nucleo-f446re_demo/Src/main.c` (see the `USART2_*` register macros and the `usart2_init`/putchar-style logic around lines 27–107).

This is the bare-metal C firmware built via `examples/nucleo-f446re_demo/CMakeLists.txt`/`CMakePresets.json`, flashed and exercised through the plan in `examples/nucleo-f446re_demo/testconfig.yaml` and the pytest regression `examples/nucleo-f446re_demo/tests/test_firmware.py`, which asserts on the UART boot banner Sent over USART2's virtual COM port.",True,True,True,examples/nucleo-f446re_demo/Src/main.c,True,"The answer names the expected file examples/nucleo-f446re_demo/Src/main.c and references the USART2 register macros and initialization/transmit logic, matching the expected location and behaviour.",0.148146,0.141466,0.00668,0.141466,,locate,false
agentic_hil_q23,parametric,144,513,0,0,1,False,end_turn,,7.694,2026-09-08T12:12:01Z,"I don't have access to any repository contents in this conversation—no files, directory listing, or code snippets have been provided—so I can't trace the actual path from a ""plan run"" object to PR-review evidence or identify the specific redaction/secret-scrubbing logic involved.

If you can share the relevant source files (e.g., the modules that define the plan/run objects, the PR-evidence or reporting generator, and any secret-redaction utilities), I can trace the exact flow and cite the specific classes/functions responsible. Alternatively, if this is a specific open-source project, let me know its name/repo so I can reference it accurately rather than guessing.",False,False,False,,False,"The answer declines to identify any location, stating it lacks repository access, so it fails to name runevidence.py, redact.py, or the expected symbols.",0.011423,0.005418,0.006005,0.005418,,multi_hop,false
agentic_hil_q12,indexed,69745,1817,0,0,4,False,end_turn,,24.087,2026-09-08T12:12:13Z,"I have the full answer now.

## What `listen_only_send_refusal` returns

In `src/agentic_hil/can.py` (lines 874–921):

```python
def listen_only_send_refusal(bus_id: str, bus_config: CanBusConfig, tool: str = ""can_send"") -> JsonObject | None:
    ...
    if not bus_config.listen_only:
        return None
    return { ... }
```

For a bus whose `CanBusConfig.listen_only` is falsy (i.e. not configured `listen_only: true`), it simply **returns `None`**. The docstring says it explicitly: *""Returns `None` for a bus that never made the claim, so the caller's ordinary path is untouched.""* This lets `CanBusService.send` (and the equivalent brokered-send path in `src/agentic_hil/canbroker.py`) fall through unimpeded to the normal permission checks (e.g. `permission_denied` still fires as usual — see `tests/test_can_listen_only.py::test_the_permission_refusal_still_fires_on_a_bus_that_is_not_listen_only`).

When the bus *is* configured `listen_only: true`, it instead returns a JSON refusal object with `error_type` set to `LISTEN_ONLY_MODE_ERROR` (""`can_listen_only_mode`""), `listen_only: True`, `side_effect_committed: False`, `retry_safe: False`, plus remediation/likely-causes fields.

## Why the gate lives at the tool layer, not per adapter

The function's own docstring (`src/agentic_hil/can.py:874-891`) gives the rationale, and it's reinforced elsewhere:

1. **`listen_only` is a bus-entry property, not an adapter behavior.** Since the flag describes the configured `CanBusConfig`, the answer must be identical regardless of which adapter (PEAK, SocketCAN, process bridge) backs the bus — ""without the flag meaning three things."" Tests explicitly pin this: `tests/test_can_listen_only.py::test_the_listen_only_refusal_is_word_for_word_the_same_on_every_adapter` compares the literal refusal payload across all three adapters.

2. **Only the layer holding `CanBusConfig` can refuse *before* a driver call.** A refusal produced inside an adapter would already have handed the frame to the driver — too late. Placing the check in the tool layer (`CanBusService.send`, and mirrored in `canbroker.py`'s send handler) guarantees the check happens strictly before any adapter method is invoked.

3. **The installed adapter can't be trusted to fail the send itself.** The docstring notes that python-can 4.6.1's `PcanBus.send()` never reads bus state — it just calls `PCANBasic.Write()` and only raises on a non-OK driver return code. A PASSIVE (listen-only) channel's transmit is accepted and reported as sent by the driver itself, which is exactly the historical bug (see `CHANGELOG.md`: *""`listen_only` was read from the configuration and then dropped on the direct CAN path""*, issue #115). So relying on per-adapter enforcement of the *send* refusal would silently fail for PEAK.

4. **Uniform refusal across every route.** `LISTEN_ONLY_MODE_ERROR`'s catalogue entry in `src/agentic_hil/knowledge.py` states the refusal is ""the same on every adapter and through every route (the direct tool, a test plan's `can_send` step, a broker participant) because the flag describes the medium rather than the caller."" The test-plan preflight check in `src/agentic_hil/test_reactor.py` and the broker's `_handle_send` in `src/agentic_hil/canbroker.py` both call the same `listen_only_send_refusal` function, ensuring one authoritative gate rather than three (or more) reimplementations that could drift.

So the single tool-layer gate is what makes the refusal adapter-independent, pre-driver, and immune to a specific adapter's failure to enforce it — whereas *session-start* enforcement (confirming the bus can actually be held in listen-only) is necessarily per-adapter, since PEAK, SocketCAN, and process bridges each obtain and confirm that mode differently (see `listen_only_precondition` in `can.py` and `docs/safety-model.md`).",True,True,True,src/agentic_hil/can.py,True,"The answer correctly identifies can.py's listen_only_send_refusal returning None for non-listen_only buses and explains the tool-layer gate rationale (adapter-uniform, pre-driver refusal), matching expected file and behavior.",0.170615,0.15766,0.012955,0.15766,,trace,false
agentic_hil_q17,agentic,21115,1210,0,0,5,False,end_turn,,15.696,2026-09-08T12:12:41Z,"Based on `src/agentic_hil/tools.py` (`Tools.flash_firmware`) and `src/agentic_hil/artifacts.py` (`ArtifactManager.stage_for_backend` / `release_stage`):

**Before calling the backend:**
- After validating the artifact (`validate_local_path`/`resolve_artifact_id`), `flash_firmware` calls `self.artifacts.stage_for_backend(validation[""artifact""], ""flash_firmware"")` (`tools.py:292`).
- `stage_for_backend` opens the validated source file with `safe_open_binary` (refusing symlinks/multi-link files, TOCTOU-style), streams its bytes into a fresh private temp directory under the manager's `tempfile.TemporaryDirectory` staging root, computing a SHA-256 as it copies. It re-checks that the file is still a single-link regular file, within size limits, and that the freshly computed hash matches the hash recorded at validation time — refusing (`artifact_changed`/`artifact_not_found`/too-large, all with `side_effect_committed: False`) if anything drifted since validation. On success it atomically `os.replace`s the temp file into place and returns a new artifact dict marked `""staged"": True` pointing at this staged copy (`artifacts.py:181-259`).
- Only this staged artifact (`staged[""artifact""]`) is passed to `self.backend.flash_firmware(...)` — the backend never sees the original workspace path directly.

**After the backend call:**
- In a `finally` block, `flash_firmware` calls `self.artifacts.release_stage(staged[""artifact""])` regardless of whether the backend succeeded, failed, or raised (`tools.py:309-310`).
- `release_stage` checks the artifact is marked `""staged"": True` and that its resolved path is actually inside the manager's staging root (`is_path_within_frozen`), then unlinks the staged file and attempts to remove its now-empty parent staging directory, suppressing any `OSError` (`artifacts.py:44-54`).
- Separately, `_remember_symbol_elf` (called after a successful return) deliberately uses the **pre-staging** `validation[""artifact""]` (the original path), not the staged copy, as the long-lived symbol source — since the staged copy is deleted immediately while the original file remains valid to read later (`tools.py:311,314-338`).",True,True,True,src/agentic_hil/tools.py;src/agentic_hil/artifacts.py,True,"Answer correctly identifies flash_firmware staging the artifact via stage_for_backend in artifacts.py and deleting it via release_stage in a finally block, matching expected files and symbols.",0.065005,0.05433,0.010675,0.05433,,trace,false
agentic_hil_q19,parametric,130,312,0,0,1,False,end_turn,,3.941,2026-09-08T12:13:00Z,"I don't have access to the actual contents of this codebase in our conversation—no files or code have been provided for me to inspect. Since I can't view the repository, I can't identify the specific mechanism (e.g., a redaction filter, secret-scrubbing middleware, or output sanitizer function) that prevents secrets from being included in an MCP `tools/call` result, nor can I cite the relevant file paths or function names.

If you can share the relevant source files (e.g., the MCP server/tool-call handler, any middleware/interceptor code, or secret-management modules), I can analyze them and give you a precise answer with citations to the specific files and functions involved.",False,False,False,,False,"The candidate declined to answer, identifying no files or symbols, and thus fails to locate the redaction mechanism in mcp.py/redact.py.",0.00935,0.00338,0.00597,0.00338,,multi_hop,false
agentic_hil_q18,indexed,62368,2353,0,0,4,False,end_turn,,30.437,2026-09-08T12:13:08Z,"## What `start_detached_run` does differently from a foreground run

`start_detached_run` (`src/agentic_hil/runlifecycle.py`, roughly lines 743–821) does **not** run the plan itself. Instead of executing the steps in the calling process and blocking until they finish (the way a foreground `run_plan`/`run_registered_plan` call in `src/agentic_hil/reactorrun.py` does), it:

1. Validates `wait_s` up front (a non-finite wait is refused *before* anything is spawned, so a bad value never strands a background worker — see the comment block above `start_detached_run`).
2. Mints a fresh handle with `new_run_handle()`.
3. Spawns a **separate, detached child process** via `spawn_run_worker` (`runlifecycle.py:914-967`), which re-invokes `python -m agentic_hil test-reactor --run-handle <handle>` using `spawn_detached_process` rather than a managed/job-owned child — deliberately so the worker survives after the starting command returns. The worker's stdout/stderr are redirected to a log file instead of a pipe (nobody would be left to drain a pipe once the starting command exits).
4. Polls `read_run_record` in a loop (bounded by `worker_publish_window_s(wait_s)`) waiting only until the worker *publishes* that it's running or has been refused — not until the plan finishes. This is the key difference: the caller gets an answer as soon as the worker states what it's doing (holds the devices, or was refused them), while the actual plan execution continues in the background.
5. Handles the worker's failure modes itself: if the worker process exits before publishing, it's `run_worker_failed`; if the worker never publishes within the window, `start_detached_run` proactively writes a stop file under the handle (`_plant_stop_after_unresponsive`) so that if the worker does wake up late, it ends cooperatively at its first step boundary instead of running the whole plan behind a caller who was told the start had failed.

A foreground run instead goes straight through `RunRegistration.take` → `run_registered_plan` in the same process and only returns once the plan (and its report) is complete.

## What it writes so a later call can find the run again

Everything lives under `runs_directory(config)` (`derived_state_directory(..., ""coordination"", ""runs"")`), keyed by the handle:

- **`<handle>.json`** (`record_path`) — the run record itself, first written by `RunRegistration.take` (`runlifecycle.py:543-590`) with `version`, `run`, `name`, `test_config_path`, `report_path`, `detached`, `pid`, `started_at`, and then updated with progress/state and finally a terminal result. This is the file `run_status`/`read_run_record` reads later to answer status or stop requests by handle.
- **`<handle>.lock`** (`lock_path`) — the lifetime lock the worker process holds for the run's duration, used to tell whether the worker is still alive (`worker_is_gone`).
- **`<handle>.stop`** (`stop_path`) — the cooperative stop flag, written either by a later `request_run_stop` call or preemptively by `start_detached_run` itself if the worker was unresponsive.
- **`<handle>.log`** (`worker_log_path`) — the detached worker's stdout/stderr, opened by `spawn_run_worker` before the worker exists, used by refusal/diagnostic paths.

The handle returned in the result's `""run""` field is what a later call (`run_status`, `request_run_stop`) uses to locate this record set again under `runs_directory(config)`.",True,True,True,src/agentic_hil/runlifecycle.py,True,"The answer names runlifecycle.py, start_detached_run, spawn_run_worker, and the run record file written/read by handle, matching expected location and behaviour with accurate extra detail.",0.159461,0.148266,0.011195,0.148266,,trace,false
agentic_hil_q32,agentic,9837,632,0,0,3,False,end_turn,,9.081,2026-09-08T12:13:43Z,"`read_elf_symbol` (in `src/agentic_hil/elfsymbols.py`) returns `{""ok"": False, ""reason"": ""no_size""}` when the name exists as a defined symbol table entry but with `st_size == 0` (e.g. a bare assembler label with no `.size` directive), versus `{""ok"": False, ""reason"": ""not_found""}` when no defined entry for that name exists in the symbol table at all.

Details, from `_read_symbol`:

- It iterates all `SHT_SYMTAB` entries, matching by name and skipping `SHN_UNDEF` entries. For each matching *defined* entry it sets `defined = True`, but only adds `(value, size)` to the `found` set if `entry[""size""] > 0`.
- After scanning, if `found` is empty: it returns `""no_size""` if `defined` is `True` (meaning at least one defined entry with that name was seen, just all with zero size), or `""not_found""` if `defined` is `False` (the name never appeared as a defined symbol).

So the distinction is exactly this `defined` flag: a zero-size symbol is `no_size` (found but unusable — the docstring explains this is deliberate, to avoid presenting a zero-byte read as success), while a truly absent name is `not_found`. Both are reported as `ok: False` but with different `reason` values, which callers use to decide the appropriate fix (add the symbol vs. add a `.size` directive), per the docstring on `read_elf_symbol`.",True,True,True,src/agentic_hil/elfsymbols.py,True,The answer names the right file and symbols and correctly distinguishes the 'no_size' result for zero-size defined symbols from 'not_found' for absent names.,0.033449,0.025994,0.007455,0.025994,,trace,true
agentic_hil_q39,parametric,152,377,0,0,1,False,end_turn,,5.916,2026-09-08T12:14:07Z,"I don't have access to any actual codebase content in this conversation—no files, source code, or repository structure have been provided to me. Without being able to inspect the plan-file parsing logic, the breakpoint-setting code path, and any validation/filtering steps in between, I can't trace how a plan step referencing a named symbol would be turned into a GDB breakpoint, nor what might reject it along the way (e.g., symbol-not-found checks, plan validation, permission/scope filters, etc.).

If you can share the relevant files (e.g., the plan loader/parser, the module that talks to GDB via its Python API or MI interface, and any validation/config code), I can give a precise, file-cited answer.",False,False,False,,False,"The answer declines to identify any location or behaviour, stating it lacks codebase access, so it fails to name the expected files or symbols.",0.010209,0.004074,0.006135,0.004074,,multi_hop,false
agentic_hil_q33,indexed,7757,360,0,0,2,False,end_turn,,8.532,2026-09-08T12:14:17Z,"`read_intel_hex_file` in `src/agentic_hil/gdbmi.py` returns `None` in both cases.

Per its docstring and implementation (lines 346-401):

- If the dump doesn't cover every byte of the requested `[start_address, start_address + size_bytes)` window (a ""hole""), the function's `covered` bytearray will have unset positions, and the final check (after the loop) returns `None` rather than a partial result.
- If a record writes an address twice with a different value than previously seen, the check `if covered[position] and window[position] != value: return None` immediately returns `None`.

The docstring explicitly states the contract: it returns the exact `size_bytes` window only if every byte was written and consistently, otherwise `None` — ""Never a partial answer... and the caller reports a read that failed."" This covers ""a malformed record, a failed checksum, a record type... not understood, one address written twice with different values, or a hole.""",True,True,True,src/agentic_hil/gdbmi.py,True,"The answer correctly identifies read_intel_hex_file in src/agentic_hil/gdbmi.py returning None for both incomplete coverage and conflicting duplicate writes, matching expected file and behaviour.",0.026134,0.019114,0.00702,0.019114,,trace,true
agentic_hil_q23,agentic,159341,2828,0,0,8,False,end_turn,,40.127,2026-09-08T12:14:29Z,"I now have a full picture of the pipeline. Let me answer.

## Path from bench run to reviewer evidence

**1. The run produces a JSON report.** `agentic-hil test-reactor` executes the plan and writes the run's own JSON report (also emitting an optional JUnit XML). In the example workflow (`examples/ci/github-actions.yml`), this is captured into `artifacts/reports/<plan>.json`.

**2. `agentic-hil run-evidence` maps that report into reviewer-facing artifacts.** The mapping logic lives in `src/agentic_hil/runevidence.py`, entered through `write_run_evidence()`. From one report path it produces three things in an output directory:
- `run-summary.json` (built by `run_summary()`),
- `job-summary.md` (built by `job_summary()`), appended to `$GITHUB_STEP_SUMMARY` when present (`_append_step_summary`), which is exactly the CI ""job page"" a reviewer opens,
- `logs/` — byte-for-byte copies of the JSONL event logs the report names (`collect_logs()`).

The CLI/CI caller and any other invoker of this code (a GitLab job, an operator at a shell) all go through the same function, so ""the same evidence from the same report because it is the same code"" (module docstring).

**3. The bundle is uploaded as a PR artifact.** In `examples/ci/github-actions.yml`, `agentic-hil run-evidence --report ""$report"" --out ""artifacts/evidence/$name""` runs per plan, and the whole `artifacts/` tree is later uploaded with `actions/upload-artifact`, giving a reviewer without bench access something to read on the pull request/job page — this is the ""evidence"" the question refers to.

## What stops secrets from riding along

Three layered defenses inside `runevidence.py`, all documented in its module docstring:

1. **Redact-first, fail-closed.** Before anything is mapped, the whole report is passed through `redact_sensitive()` (`src/agentic_hil/redact.py`) — the same function used by every other output sink (`cli.py`, `mcp.py`, `comstdio.py`). If redaction doesn't hand back a dict, `write_run_evidence` calls `_redaction_refusal()` instead of writing any bundle: no field of the original report is used, and the summaries/logs say `REDACTION_UNAVAILABLE_SUMMARY` instead (`error_type: redaction_unavailable`). This is fail-closed by construction, not by exception handling.

2. **Copy-by-name, not pass-through.** `run_summary()`/`job_summary()` only copy an explicit small set of fields (`plan`, `firmware`, `tools`, `bench`, `run`), so nothing not named in the mapping can leak, unlike a full report dump.

3. **Two extra scrubbing passes over every string bound for the two summaries** (`_scrub()`, called via `_scrubbed()`):
   - **Content-shape credential pass** — `redact_stream_text()` (in `redact.py`) is applied even to prose fields (`summary`, `likely_causes`, etc.), which normal `redact_sensitive` deliberately skips for operator terminals. It masks URL userinfo (`_mask_url_userinfo`), `Authorization: Bearer/Basic` headers (`_AUTH_HEADER_PATTERN`), and `token=`/`password=`-style assignments in shell or query form — because a backend's own diagnostic sentence may embed a private index URL or bearer token.
   - **Identity sweep** — `excluded_values()` walks the whole report and collects every string under an identity-shaped key (`executable`, `executable_path`, `probe_id` — `IDENTITY_FIELDS`) or a lock-key field (`declared_devices`, `lock_key`, `resource`, … — `LOCK_KEY_FIELDS`), plus any absolute path outside the workspace and the `config_in_force` path. Every occurrence of those exact values anywhere in the summary text is replaced with `[withheld]` (`WITHHELD`), and any residual absolute path (`ABSOLUTE_PATH` regex) not inside the workspace is likewise withheld and rewritten relative to the workspace otherwise (`_path_replacement`). This is what stops a probe serial, a device path, an outside absolute path, or a lock key like `probe:<serial>` from surfacing in prose that no key-name or credential-shape pattern would catch.

4. **The one deliberate exception — event logs are copied verbatim, unredacted**, because they must remain byte-identical to the hash-chained copies under `state_root` for verification; the docstring explicitly notes this is ""the log's problem to fix where it is written,"" so only the two summaries (the world-readable half of the bundle) get the scrubbing — the logs directory is treated as a separate, non-public artifact concern.

So: bench run → JSON report → `run-evidence` (`runevidence.py: write_run_evidence`) → redact_sensitive fail-closed gate → name-based field copying → content-shape credential masking (`redact.py: redact_stream_text`) + identity/path sweep (`runevidence.py: excluded_values`/`_scrub`) → `run-summary.json` / `job-summary.md` uploaded for the reviewer.",True,True,True,src/agentic_hil/runevidence.py;src/agentic_hil/redact.py,True,"The answer identifies runevidence.py (write_run_evidence, job_summary, run_summary) and redact.py (redact_sensitive, redact_stream_text) with accurate detail on fail-closed redaction and scrubbing, matching expected files and symbols.",0.361802,0.346962,0.01484,0.346962,,multi_hop,false
agentic_hil_q05,parametric,122,235,0,0,1,False,end_turn,,4.443,2026-09-08T12:15:13Z,"I don't have access to the actual codebase files in this conversation—no repository contents were provided for me to search. Could you share the relevant source files (or a repository/directory listing) so I can locate where the JUnit XML output for a plan run is generated? Likely candidates would be a test runner or reporting module (e.g., something like `reporters/junit.py`, `runner.py`, or similar), but I can't confirm without inspecting the actual code.",False,False,False,,False,"The answer states it cannot access the codebase and only speculates about possible locations, failing to identify src/agentic_hil/junit.py or the expected symbols.",0.008134,0.002594,0.00554,0.002594,,locate,false
agentic_hil_q29,indexed,16340,981,0,0,2,False,end_turn,,17.989,2026-09-08T12:15:22Z,"## Answer

The closed schema is **`src/agentic_hil/schemas/testconfig.schema.json`**.

It is a JSON Schema (Draft 2020-12) that is intentionally ""closed"": it sets `additionalProperties: false` at the root and on every step definition, so any key the schema does not explicitly name causes a refusal rather than being silently ignored. This is documented in `docs/test-plan-contract.md`, which states the plan document has exactly three root keys (`version`, optional `name`, and `steps`), and that a step is a route field, an action, and that action's arguments (`repeat` being the one block exception).

Key places tying into this:

- **`src/agentic_hil/test_reactor.py`** – `validate_test_config_schema()` loads this schema via `test_config_schema()`, validates it with `Draft202012Validator`, and applies it to the raw plan document (with per-step validation done separately via `validate_test_steps_schema`). The action vocabulary itself (`ACTION_SCHEMAS`) is built from the `STEP_DEVICE_CLASSES` (`DebuggerRunner`, `UartRunner`, `CanRunner`) plus the reactor's own `repeat` action, and each device class's declared `step_action_specs` map action names to entries (`$defs`) in this same schema — so the schema's `oneOf`/`$defs` are what actually enumerate which actions and keys a step may contain.
- **`src/agentic_hil/knowledge.py`** – exposes the parsed document via `plan_schema_document()` / `TEST_CONFIG_SCHEMA_RESOURCE`, and functions like `_plan_step_entries`, `_plan_version_rows`, `_plan_comparator_documents` read the schema's `$defs`/`oneOf` and `x-since-version` markers to generate documentation of exactly what actions/keys exist per plan version.
- **`src/agentic_hil/contracts.py`** – defines the `object_schema()` helper (`additionalProperties: False`) used to build closed schemas generally, following the same pattern as the plan schema.

So: the file `src/agentic_hil/schemas/testconfig.schema.json` is the closed JSON Schema itself, loaded/enforced through `test_reactor.py`'s `validate_test_config_schema`, and its content is derived from/mirrored by the `STEP_DEVICE_CLASSES` declarations also in `test_reactor.py`.",True,True,True,src/agentic_hil/schemas/testconfig.schema.json,True,"The answer names the correct file, src/agentic_hil/schemas/testconfig.schema.json, describes its closed additionalProperties nature, action $defs, and x-since-version markers, matching the expected location.",0.051975,0.04249,0.009485,0.04249,,locate,false
agentic_hil_q24,agentic,62936,1693,0,0,5,False,end_turn,,21.653,2026-09-08T12:15:43Z,"I now have enough to answer.

## How an edit on disk gets picked up

A running Agentic HIL MCP server parses its configuration once at startup and never reloads automatically (`src/agentic_hil/mcp.py`, `src/agentic_hil/configreload.py` module docstring). Picking up a file edit requires an explicit call:

- Over MCP: `project_config_reload_description` (no arguments), dispatched by `ToolService.reload_description` in `src/agentic_hil/tools.py:894`.
- At a shell: `agentic-hil config-reload`, implemented by `config_reload()` in `src/agentic_hil/cli.py:4726`, which previews the same thing without mutating a live server.

The actual work is `reload_description()` in `src/agentic_hil/configreload.py:291`:
1. It re-runs `load_authoritative_config()` on the workspace to get the disk version (`disk`), the same loader used at startup.
2. It refuses if the resolved config path has moved (`_relocated_refusal`) — that would rebind the server to a different project.
3. It builds a new configuration via `merged_description(existing, disk)` (`configreload.py:221`), which takes only four sections from disk — `target`, `debuggers`, `com_ports`, `can_buses` (each entry's own `permissions:` block excluded) — and carries every other section, including all permissions, over unchanged from the object parsed at startup. It re-validates permission-dependent pinning on the *composed* object.
4. `ToolService.reload_description()` then does one atomic swap: `self._swap_config(reloaded)` (`tools.py:943`), which replaces `self.config` and pushes the new config into the coordinator, backend, artifacts, and COM/CAN collaborators — no field-by-field mutation of a live object.

Permissions are never re-read by this path; only a full server restart adopts a changed `permissions` block (or `version`, `workspace_root`, `state_root`, etc. — the full list is documented in `NOT_RELOADED_SECTIONS` in `configreload.py`).

## What refuses the reload while a run is open

`ToolService.reload_description()` gathers `open_holds = self.open_hardware_holds()` (`tools.py:1133`) before calling `reload_description()`. `open_hardware_holds()` returns non-`None` if either a declared run is active (`self.coordinator.run_status()[""run_active""]`) or any hardware lease is held outside a run (`self.coordinator.leases`), covering the case where a COM/CAN session outlives `bench_run_stop`.

If `open_holds` is truthy, `reload_description()` (the function in `configreload.py:291`) short-circuits at the `if open_holds:` check and returns `None, _open_run_refusal(existing, open_holds)` (`configreload.py:412`), with `error_type = ""config_reload_in_open_run""` (`RELOAD_IN_OPEN_RUN_ERROR`, `configreload.py:108`). The refusal explains that the held names must keep meaning the same physical board mid-run, so nothing is re-read and the run is left untouched. The same function also refuses on an unresolved quarantine/incident via `_unresolved_incident()` (`tools.py:921`), for the analogous reason that an operator is about to be asked to physically check a device by name.",True,False,True,src/agentic_hil/configreload.py,True,It correctly names reload_description in configreload.py and the _open_run_refusal path for open runs; omitting config_status is acceptable since the primary locations are identified.,0.157247,0.142802,0.014445,0.142802,,multi_hop,false
agentic_hil_q18,parametric,139,274,0,0,1,False,end_turn,,4.221,2026-09-08T12:16:09Z,"I don't have access to the actual codebase contents in this session (no repository files were provided or retrievable), so I can't inspect the implementation of `start_detached_run` or confirm details like what metadata it persists versus a foreground plan run. 

If you can share the relevant source file (likely something like `core/run.py`, `orchestrator/detached.py`, or similar), I can give you a precise answer citing the exact file path and function/class names.",False,False,True,,False,"The answer declines to answer, stating it cannot access the codebase, and fails to identify runlifecycle.py or any expected symbols.",0.008513,0.003018,0.005495,0.003018,,trace,false
agentic_hil_q35,agentic,14895,1032,0,0,5,False,end_turn,,15.71,2026-09-08T12:16:17Z,"`BenchMutex.acquire` (in `src/agentic_hil/bench.py`) is all-or-nothing: it iterates the sorted/deduplicated resource names and calls the internal `_take()` helper for each one.

- If a resource is already held by *this* owner, `_take` just increments the holder count and continues (`BenchMutex._take`, lines ~510-513).
- If a resource is held by *another* process, the underlying OS file lock (`_LifetimeLock.acquire`) fails. `_take` then either waits (polling until `deadline`/`wait_s` or until `stop_requested()` says to stop) or, once the deadline is reached, raises `DeviceBusyError` naming the current holder (via `self.busy_result(...)`), or `DeviceWaitStoppedError` if a cooperative stop was requested mid-wait.
- Back in `acquire`, this exception propagates out of the `try` block, and the `except BaseException` handler releases (via `self._drop`) every resource that had already been newly taken earlier in that same `acquire` call (in reverse order) before re-raising.

So the net effect: none of the requested devices end up held by this call—anything it grabbed before hitting the busy device is rolled back, and the caller sees `DeviceBusyError` (or `DeviceWaitStoppedError` if it was waiting and got a stop signal) identifying which device and holder blocked it. This matches the class docstring: ""`acquire` is all-or-nothing over sorted resource names, so two owners reaching for an overlapping set cannot each keep half of it.""",True,True,True,src/agentic_hil/bench.py,True,"Answer correctly identifies bench.py's BenchMutex.acquire as all-or-nothing, using _take, waiting then raising DeviceBusyError and rolling back already-taken resources; omitting validated_wait by name is minor.",0.05,0.04011,0.00989,0.04011,,trace,true
agentic_hil_q13,parametric,140,288,0,0,1,False,end_turn,,3.981,2026-09-08T12:16:37Z,"I don't have access to search this codebase's actual files, so I can't locate a `spawn_command` function or verify its behavior. Could you point me to the specific file (e.g., via a repository path) where `spawn_command` is defined, or paste the relevant code? With that I can give you an accurate answer, citing the exact file and function logic (e.g., how it differentiates a missing executable—likely via `FileNotFoundError`/`OSError` with `errno.ENOENT`—from one that exists but fails to execute, such as a permission error `errno.EACCES` or a non-zero exit/`CalledProcessError`).",False,False,True,,False,"The answer declines to identify the file or behavior, admitting it cannot determine the answer and only speculating, so it fails to identify the expected location.",0.009005,0.00316,0.005845,0.00316,,trace,false
agentic_hil_q14,indexed,34988,1296,0,0,3,False,end_turn,,17.718,2026-09-08T12:16:44Z,"## `verify_port_identity` (in `src/agentic_hil/comports.py`)

### What it compares before opening

`verify_port_identity(config, port_id, tool)` (comports.py:466–539, 541–617) runs before a serial port is opened and, for a configured entry that declares hardware identity (`serial_number`, `vid`/`pid`, or `resource_id`, via `expected_port_identity`), performs these comparisons:

1. **Device enumeration**: it asks the host's live inventory (`list_available_com_ports`) and finds the entry whose `device`/`stable_device` matches the configured `port.device` (`port_names_device`). Exactly one match is required.
2. **Serial number** (if the entry names one, `expectation.expected is not None`): the enumerated port's reported serial number is folded (`fold_hardware_id`) and compared against the configured `expected` serial.
3. **USB VID/PID** (if the entry names `vid` and/or `pid`): the enumerated port's `vid`/`pid` (normalized via `host_usb_id`) are compared against the configured `expectation.vid`/`expectation.pid`. This runs *after* the serial check and independently of it — a matching serial does not skip the vid/pid comparison, because ""a USB serial number is unique within a vendor and nowhere else"" (comports.py:578–583).

If the entry names no identity at all, the check is skipped and the port is treated as `not_declared`/openable.

### What happens on a VID/PID mismatch

If either the configured `vid` or `pid` doesn't match what the host reports for that device (comports.py:591–617), `verify_port_identity` returns a **refusal before opening**, via `_identity_mismatch`:

- `identity[""status""] = ""mismatch""`
- `error_type = COM_PORT_IDENTITY_MISMATCH` (`com_port_identity_mismatch`)
- `ok: False`
- A summary stating the port ""is currently a device of ⟨found vid:pid⟩, but this entry names ⟨expected vid:pid⟩... this is a different kind of device under the name this entry used to have,"" noting (when a serial was also configured) that the matching serial ""proves nothing, because a USB serial is unique only within a vendor.""
- `expected_vid`/`expected_pid` and `found_vid`/`found_pid` (plus any serial fields) are included in the result for the caller to inspect.
- `likely_causes` listing possibilities (different adapter attached under the same kernel-assigned name, stale entry, or a coincidental duplicate serial across vendors, which is exactly what vid/pid is meant to catch).
- Side-effect metadata marking it as safe/no-op: `side_effect_committed: False`, `side_effect_status: ""not_started""`, `hardware_state: ""unchanged""`, `retry_safe: True`.

This refusal is returned to `ComPortService.session_start` (comports.py:914–939), which checks `identity[""ok""]` and returns the refusal immediately — the port is never opened, and no serial handle is created (confirmed by tests such as `tests/test_serial_port_identity.py::test_a_matching_serial_under_a_foreign_device_type_is_refused`).",True,True,True,src/agentic_hil/comports.py,True,"Answer correctly names comports.py's verify_port_identity and expected_port_identity, describing serial/VID-PID comparison against enumerated host ports and the pre-open mismatch refusal, matching expectations.",0.095481,0.082936,0.012545,0.082936,,trace,false
agentic_hil_q28,agentic,18275,583,0,0,3,False,end_turn,,8.988,2026-09-08T12:17:05Z,"The reactor is `TestReactor` in `src/agentic_hil/test_reactor.py` (class defined at line 2811, with helpers like `step_device` and `step_device_class` resolving which device a step names, and a `run_plan` method walking `test_config.steps`). It's invoked via `run_plan`/`run_registered_plan` in `src/agentic_hil/reactorrun.py`, which loads the `TestConfig`, locks the plan's declared devices, and drives `TestReactor` through each step against the device the step names.",True,True,True,src/agentic_hil/test_reactor.py,True,"The answer names TestReactor in src/agentic_hil/test_reactor.py and describes step-to-device resolution and plan-step iteration, matching the expected file and primary symbol.",0.048385,0.04238,0.006005,0.04238,,locate,false
agentic_hil_q21,parametric,139,264,0,0,1,False,end_turn,,4.295,2026-09-08T12:17:17Z,"I don't have access to the actual repository contents in this conversation—no files or search results have been provided—so I can't trace the flash/readback logic or locate the ELF-loading code with confidence. Could you share the relevant source files (e.g., the flashing/programming module and wherever ELF symbols are parsed) so I can point to the specific functions and paths?",False,False,False,,False,"The candidate declines to answer, providing no file or symbol identification, so it fails to identify the expected locations.",0.008248,0.002918,0.00533,0.002918,,multi_hop,true
agentic_hil_q19,indexed,57039,1292,0,0,4,False,end_turn,,19.945,2026-09-08T12:17:25Z,"I have enough to answer clearly.

## Answer

An MCP `tools/call` result is guaranteed not to carry a secret to the client by running it through a **defense-in-depth redaction pass right at the point the response is built**, in `call_tool()` in `src/agentic_hil/mcp.py`:

```python
result = tools.call(name, arguments)
# Defense-in-depth: strip any secret-named field before the result is
# serialized into the MCP content text and structuredContent. isError is
# computed from the raw result (redaction touches no success field).
safe_result = redact_sensitive(result)
return {""content"": [{""type"": ""text"", ""text"": tool_result_text(safe_result)}], ""structuredContent"": safe_result, ""isError"": not overall_success(result)}
```

Key points of the mechanism:

- **Redaction happens after the backend call, before serialization**, so both output channels of the MCP result — `structuredContent` (the machine-readable object) and `content[0].text` (the serialized JSON text) — are built from the *already-redacted* `safe_result`, never from the raw tool output. This is verified in `tests/test_coordination.py::test_mcp_and_cli_redact_secret_named_fields_at_the_sink`.
- The actual scrubbing logic lives in `redact_sensitive()` (`src/agentic_hil/redact.py`). It recursively walks dicts/lists and:
  - Replaces the value of any **secret-named key** (patterns like `*_token`, `*secret`, `password`, `api_key`, `authkey`, etc., with underscore/hyphen separators) with `[redacted]`, at any nesting depth, while leaving non-secret keys (e.g. `quarantine_id`, `owner_marker`, `state`) untouched.
  - Also does a **content pass over known captured-stream keys** (`stdout`, `stderr`, at any depth), masking things a secret-named key wouldn't catch — URL userinfo passwords, `Authorization: Bearer/Basic` header values, and `token=`/`--client-secret=`/`PASSWORD=`-style assignments embedded in text — without touching prose fields like `summary` or `likely_causes`.
- **`isError`** is deliberately computed from the *raw* result before redaction, since redaction never changes success/failure signaling — only field values.
- The same `redact_sensitive` function is also applied at other sinks that emit a result outward (e.g. the CLI's `print_json`, `write_error` in `src/agentic_hil/comstdio.py`), so the guarantee is: whichever door a result leaves through, it passes through `redact_sensitive` first.

So the mechanism is a single shared sanitizer (`redact_sensitive` in `agentic_hil/redact.py`) invoked as the last step before an MCP tool result is packaged, in `call_tool()` in `agentic_hil/mcp.py`.",True,True,True,src/agentic_hil/mcp.py;src/agentic_hil/redact.py,True,"The answer identifies call_tool in mcp.py applying redact_sensitive (redact.py) before building content via tool_result_text and structuredContent, matching the expected files and symbols.",0.137008,0.126998,0.01001,0.126998,,multi_hop,false
agentic_hil_q37,agentic,12004,1142,0,0,4,False,end_turn,,14.038,2026-09-08T12:17:48Z,"## What happens for other lengths

In `decode_symbol_value` (`src/agentic_hil/backends/gdbdebug.py:1733`), the raw bytes are always returned as `hex`. Only for lengths in `INTEGER_VALUE_WIDTHS = frozenset({1, 2, 4, 8})` (line 81) does it also compute `value_unsigned`/`value_signed` via `int.from_bytes`. For any other length (e.g. 3 or 408 bytes), it skips numeric decoding and instead sets:

```python
result[""value_not_decoded""] = ""size_bytes is not 1, 2, 4 or 8, so the bytes carry no single integer reading.""
```

The docstring explains the rationale: a value of that size ""is not a number,"" so inventing an integer reading would be fabricating data rather than reporting it.

## Where the byte order comes from

The `order` argument is a dict produced by `image_byte_order(elf_path)` (`src/agentic_hil/backends/gdbdebug.py:1709`), which is passed in by callers such as `gdbdebug.py:677`, `stlink.py:492`, and `pyocd.py:427` (via `resolved[""image_byte_order""]`).

`image_byte_order` determines the order by:
1. Calling `read_elf_byte_order(elf_path)` (from `agentic_hil.elfsymbols`), which reads the ELF header's `EI_DATA` field for the firmware image tied to the debug session.
2. If the ELF declares an order, it's returned as `{""byte_order"": declared, ""byte_order_from"": ""elf_header""}`.
3. If the ELF doesn't declare one (`None`, e.g. a stub/truncated file), it falls back to `{""byte_order"": DEFAULT_SYMBOL_VALUE_BYTE_ORDER, ""byte_order_from"": ""default""}`, where `DEFAULT_SYMBOL_VALUE_BYTE_ORDER = ""little""`.

`decode_symbol_value` then just reads `order[""byte_order""]` and uses it in `int.from_bytes(data, byte_order, ...)`, and it copies the whole `order` dict (including `byte_order_from`) into its result so callers know whether the order was read from the ELF header or defaulted.",True,False,True,src/agentic_hil/backends/gdbdebug.py,True,"Answer correctly identifies decode_symbol_value returning only hex with a value_not_decoded note for non-1/2/4/8 lengths, and traces byte order to image_byte_order/read_elf_byte_order from the ELF header with little-endian fallback.",0.045378,0.035428,0.00995,0.035428,,trace,false
agentic_hil_q26,parametric,143,269,0,0,1,False,end_turn,,3.804,2026-09-08T12:18:06Z,"I don't have access to the actual contents of the ""agentic-hil"" repository in this conversation, so I can't point to the specific file/function that performs the symbol-to-Intel-HEX conversion and the reverse read-back. I'd need the repository source (or a tool to browse it) to give a precise citation rather than guessing.",False,False,False,,False,"The candidate declined to answer, providing no file or symbol identification, which fails to locate the Intel HEX read/write functions in src/agentic_hil/gdbmi.py.",0.008686,0.002976,0.00571,0.002976,,locate,true
agentic_hil_q21,indexed,87645,2627,0,0,4,False,end_turn,,33.418,2026-09-08T12:18:14Z,"## Reading a symbol's value back off the board

The tool is `debug_symbol_value` (`src/agentic_hil/tools.py`), which validates the symbol argument and delegates to `self.backend.debug_symbol_value(symbol, self._symbol_elf)`. The path taken from there depends on the backend:

**Session-based backend (OpenOCD)** — `src/agentic_hil/backends/openocd.py::debug_symbol_value` ignores the passed `symbol_elf` and delegates to `GDBDebugSession.symbol_value` (`src/agentic_hil/backends/gdbdebug.py`, around line 646). It requires a live session (`_require_session`), resolves the symbol's address/size via `_resolve_symbol` against the session's own loaded image, enforces `debug.max_dump_size_bytes`, then reads the bytes with `_read_memory_bytes` over the existing GDB session, and finally decodes them with `decode_symbol_value` using the byte order read from the session's own ELF (`image_byte_order(session.artifact[""resolved_path""])`).

**Sessionless backends (ST-Link / pyOCD)** — `debug_symbol_value` in `src/agentic_hil/backends/stlink.py` and `src/agentic_hil/backends/pyocd.py` (via `_prepare_symbol_read`) both call the shared `resolve_symbol_offline` in `src/agentic_hil/backends/gdbdebug.py` to get address/size (running a batch-mode GDB against a staged, digest-verified copy of the ELF, or falling back to a direct parse of the ELF symbol table via `src/agentic_hil/elfsymbols.py`), then physically read the target:
- ST-Link runs STM32CubeProgrammer's `-r <address> <size> <file>` (hot-plug connect), parses the Intel HEX file back by address.
- pyOCD runs `pyocd commander --connect attach --command ""savemem ADDR LEN FILE""` via `_read_target_memory`, reading the raw binary back.

Both then call `decode_symbol_value` on the bytes, using the byte order taken from the resolved ELF's `EI_DATA` field (falling back to a stated default), and the result includes `hex`, `value_unsigned`/`value_signed`, `byte_order`, `byte_order_from`, and (for the sessionless case) a `symbol_source` field naming the ELF that answered.

## Where the ELF comes from

The ELF is never independently supplied for the read — it is the image the service itself flashed. In `src/agentic_hil/tools.py`:

- `flash_firmware` stages and flashes an artifact through `self.backend.flash_firmware(...)`.
- After the backend call returns, `_remember_symbol_elf(artifact, result)` records that artifact as `self._symbol_elf` only if the flash was confirmed successful and the file is a `.elf` (a `.hex`/`.bin` carries no symbols, so it clears the source instead). If the flash failed, the old ELF is kept only when `side_effect_status` was `""not_started""` (proving the board was untouched); any unknown/partial outcome (including a backend that raised) drops `_symbol_elf` entirely, since the board's actual image is no longer provably known.

This remembered artifact (`self._symbol_elf`) is what gets passed into `debug_symbol_info`/`debug_symbol_value`/`debug_dump_symbol_ihex` calls. The session-based OpenOCD backend ignores it (it already has the flashed image loaded in the live GDB session). The sessionless backends use it in `resolve_symbol_offline`, which re-copies the file to a private staging directory and re-verifies its `sha256` against the digest recorded at flash time before trusting it — guarding against the ELF on disk having been rebuilt/replaced since the flash.",True,True,True,src/agentic_hil/tools.py;src/agentic_hil/backends/stlink.py;src/agentic_hil/elfsymbols.py,True,"It correctly names debug_symbol_value in tools.py/stlink.py, the elfsymbols.py symbol-table fallback, and _remember_symbol_elf recording the flashed ELF, matching expected locations and behaviour.",0.21723,0.20156,0.01567,0.20156,,multi_hop,true
agentic_hil_q30,agentic,65587,1214,0,0,5,False,end_turn,,18.959,2026-09-08T12:18:52Z,"## Answer

The harness is the **`.github/workflows/hardware-bench.yml`** GitHub Actions workflow (""Hardware bench""), which runs nightly (and on manual `workflow_dispatch`) on a self-hosted runner with a real Nucleo-F446RE board wired to it. Rather than exercising the project through pytest, it drives the demo in `examples/nucleo-f446re_demo` directly through the installed `agentic-hil` CLI:

- `agentic-hil --version` / `agentic-hil doctor` to report the bench,
- CMake build of the demo firmware,
- `agentic-hil test-reactor --test-config testconfig.yaml --json` to run the declared plan (flash, reset, read UART) on the real board,
- `agentic-hil run-evidence --report ... --out artifacts/evidence` to bundle evidence.

It *also* separately runs `pytest tests/` afterward as ""the other way this demo reaches the board"" (via the `agentic_hil` pytest fixture/plugin), explicitly noted in the workflow comments as a distinct claim from the CLI-driven plan run.

Related pieces:
- `examples/nucleo-f446re_demo/` — the demo project (firmware + `testconfig.yaml`) that this workflow builds and flashes.
- `evals/hil/` (`README.md`, `testconfig.openocd.yaml`, `testconfig.stlink.yaml`, `config.*.template.yaml`, `mcp_probe.py`) — a related but distinct, not-yet-fully-built-out harness intended for running hardware evaluations against real silicon in a container with the board passed through (its README notes the older VMware-based harness for this was removed).
- `docs/ci-examples.md` documents what the self-hosted runner needs to provide for `hardware-bench.yml` to work.",False,False,False,,False,"The answer names a GitHub Actions workflow and other directories, not the expected tools/bench_battery.py harness with its Battery, report_document, and too_old_to_measure symbols.",0.151564,0.143314,0.00825,0.143314,,locate,false
agentic_hil_q22,parametric,130,457,0,0,1,False,end_turn,,5.906,2026-09-08T12:19:14Z,"I don't have access to the actual contents of this codebase in our conversation, so I can't trace the specific code path (e.g., which socket/bus abstraction, virtual CAN interface, or IPC mechanism is used) that connects two processes on the same CAN bus.

To answer accurately, I'd need to inspect relevant files such as those implementing the CAN bus/interface classes (commonly named things like `bus.py`, `interface.py`, `socketcan.py`, or similar), where you'd typically look for:

- The class handling frame transmission (a `send()` method)
- The class handling frame reception (a `recv()` method or a background listener thread)
- The underlying transport used to share frames between processes — e.g., a `socket.CAN_RAW` socket bound to a SocketCAN interface (like `vcan0`), a Unix domain socket, shared memory, or a message queue

If you can share the specific files (e.g., the module defining the `Bus` class or the interface implementation), I can trace exactly how a sent frame propagates from one process to another.",False,False,False,,False,"The candidate explicitly states it cannot determine the answer and names no actual files or symbols, failing to identify CanBusService, CanBroker, or frame_to_wire.",0.011635,0.00483,0.006805,0.00483,,multi_hop,true
agentic_hil_q15,indexed,33527,1415,0,0,3,False,end_turn,,25.076,2026-09-08T12:19:25Z,"## `terminate_process_tree` on POSIX

The public entry point is `terminate_process_tree` in `src/agentic_hil/process.py`, which wraps `_terminate_process_tree`, recording a `cleanup_pending` state with error detail if the internal call raises (so a failed cleanup stays registered for retry) and re-raises.

### The POSIX path in `_terminate_process_tree`

1. **Determine the child's process group** via `_child_process_group(child)`, which returns a stored pgid, the child's own pid if it already exited, or `os.getpgid(child.pid)`.
   - If there's no group (`None`) or the group is the caller's own (`os.getpgrp()`), it falls back to simply terminating the single child with `_terminate_single_child` (SIGTERM then SIGKILL on the one process, via `child.terminate()`/`child.kill()`), then forgets the record.

2. **Otherwise, for a real child-owned group**, it loops over `(signal.SIGTERM, signal.SIGKILL)`:
   - Sends the signal to the whole group with `_signal_process_group(pgid, sig)` (a wrapper around `os.killpg`), noting whether delivery succeeded.
   - Waits for the group to clear with `_wait_for_process_group(child, pgid, timeout_s)`. If it clears, the record is forgotten and the function returns.
   - If it didn't clear **and** the signal could not be delivered at all, it raises immediately (`RuntimeError(""Could not signal process group ... and the group still had a member after ... wait."")`).
   - Otherwise it proceeds to try SIGKILL next.
   - If both SIGTERM and SIGKILL pass fail to clear the group even after signal delivery succeeded, it falls through to `_terminate_single_child` (to make sure the direct child/leader is finished) and then does one more group-existence check (`_process_group_exists(pgid)`) — if it still exists, it raises `RuntimeError(""Process group remained active after SIGKILL."")`.

### How it decides the group is actually gone

The membership check is `_process_group_exists(pgid)` (used inside `_wait_for_process_group`'s polling loop and again as the final check):

- It calls `os.killpg(pgid, 0)` — sending signal 0 delivers nothing, it just probes membership.
  - `ProcessLookupError` → the group is empty → **not** existing (False).
  - `PermissionError` → a member exists that this process isn't permitted to signal → treated as **existing** (True) — the opposite of gone.
  - Otherwise (the kernel says a member exists): it refines the answer using `_running_process_group_members(pgid)`, which reads `/proc/<pid>/stat` for all processes in that group and filters out zombies (`state in (""Z"", ""X"")`), since `killpg` counts zombies as members even though they're not actually running anything. If `/proc` isn't available/readable, it falls back to trusting the kernel's ""somebody's there"" answer.

So the group counts as ""gone"" only when `killpg(pgid, 0)` raises `ProcessLookupError`, or (where `/proc` is readable) when every remaining group member is a zombie. `_wait_for_process_group` polls this alongside `child.poll()` until both the direct child has exited and the group shows no members, retrying every 0.02s up to the timeout.",True,True,True,src/agentic_hil/process.py,True,"Answer names process.py and terminate_process_tree/_terminate_process_tree/_signal_process_group, correctly describing SIGTERM-then-SIGKILL via killpg and liveness checks with killpg(pgid, 0) polling.",0.096609,0.081204,0.015405,0.081204,,trace,false
agentic_hil_q12,agentic,7380,899,0,0,3,False,end_turn,,12.968,2026-09-08T12:19:55Z,"## `listen_only_send_refusal` return value

For a bus that is **not** configured `listen_only`, `listen_only_send_refusal` returns `None` (`src/agentic_hil/can.py`, function `listen_only_send_refusal`, lines 874–921). The check is a simple guard:

```python
if not bus_config.listen_only:
    return None
```

The docstring notes this is deliberate: ""Returns `None` for a bus that never made the claim, so the caller's ordinary path is untouched."" Callers (`src/agentic_hil/can.py:594` and `src/agentic_hil/canbroker.py:931`) treat a non-`None` result as an immediate refusal, and `None` means proceed normally.

## Why the gate is at the tool layer, not per adapter

Per the docstring in `can.py`:

1. **`listen_only` is a property of the bus config entry**, not of any particular adapter, so the refusal logic must live where `CanBusConfig` is available — a single place — rather than being reimplemented (and potentially diverging) across PEAK, SocketCAN, and the process-bridge adapters.
2. **It must fire *before* a driver is called.** If an adapter itself produced the refusal, the frame would already have been handed to the driver — too late for the guarantee being made.
3. **The installed adapter won't do it for you.** The comment explains that python-can 4.6.1's `PcanBus.send()` never inspects bus state — it just calls `PCANBasic.Write()` and only raises on a non-OK driver return code. So a PASSIVE/listen-only channel silently accepts the ""send"" and reports success even though no frame reaches the wire. Relying on adapter-level enforcement would produce exactly this false ""CAN frame sent"" behavior, which is the bug this function exists to prevent (and which `test_can_listen_only.py` pins against the real library so the reasoning breaks loudly if python-can's behavior ever changes).

So the tool-layer gate in `listen_only_send_refusal` centralizes a config-level guarantee and ensures it's enforced before any driver call, since the adapters themselves cannot be trusted to refuse the transmit.",True,True,True,src/agentic_hil/can.py,True,"Correctly names can.py's listen_only_send_refusal, the None return for non-listen_only buses, and the rationale that the config-level gate must precede any adapter/driver call.",0.037215,0.02375,0.013465,0.02375,,trace,false
agentic_hil_q31,parametric,136,326,0,0,1,False,end_turn,,4.64,2026-09-08T12:20:13Z,"I don't have access to the actual codebase in this session (no repository content has been provided or retrieved), so I can't search for tests related to board ""hold"" locking across processes with different `state_root` values. Could you provide the relevant files or paste the repository contents (e.g., the test directory structure or files containing ""hold"" and ""state_root"") so I can locate and cite the specific test file and function?",False,False,False,,False,"The answer fails to identify any file or symbol, stating it cannot access the codebase, so it does not locate the expected test.",0.008842,0.003532,0.00531,0.003532,,locate,false
agentic_hil_q17,indexed,18614,1001,0,0,3,False,end_turn,,13.138,2026-09-08T12:20:21Z,"## What `flash_firmware` does with the artifact

In `AgenticHILToolService.flash_firmware` (`src/agentic_hil/tools.py:274-310`):

1. It validates the requested firmware, either via `self.artifacts.validate_local_path(image_path)` or `self.artifacts.resolve_artifact_id(artifact_id)`.
2. Before calling the backend, it stages the validated artifact into a **private staging area** with `self.artifacts.stage_for_backend(validation[""artifact""], ""flash_firmware"")` (implemented in `src/agentic_hil/artifacts.py`, `ArtifactManager.stage_for_backend`). This re-opens the source file safely (`safe_open_binary`), verifies it hasn't changed since validation, and copies it into a temporary staging directory (backed by `self._staging`, a `tempfile` mkdtemp-based dir). It returns a new artifact dict pointing at the staged copy (`resolved_path` inside the staging root, `staged: True`).
3. Only the **staged** artifact is passed to the backend: `self.backend.flash_firmware(staged[""artifact""], reset_after_flash)`.

## What happens to the staged copy afterwards

The staged file is always cleaned up right after the backend call, via a `finally` block:

```python
finally:
    self.artifacts.release_stage(staged[""artifact""])
```

`ArtifactManager.release_stage` (`src/agentic_hil/artifacts.py:44-54`) only acts if `artifact[""staged""] is True` and the resolved path actually lives inside the staging root (`is_path_within_frozen` check, guarding against acting outside the sandbox). If so, it deletes the staged file (`path.unlink()`) and attempts to remove its now-empty parent directory (`path.parent.rmdir()`), suppressing `OSError`s from either operation.

This cleanup runs regardless of whether the flash succeeded, failed, or the backend raised an exception (the `except BaseException` branch also drops `self._symbol_elf` before re-raising, but the `finally` still fires to release the stage).

This is confirmed by the test `test_flash_releases_private_backend_stage` in `tests/test_hardening.py`, which asserts the staging root is empty (`list(staging_root.iterdir()) == []`) after a successful `flash_firmware` call.

So: the artifact is copied into a temporary, private staging directory before being handed to the backend, and that staged copy is always deleted (file + its temp parent dir) once the backend call returns or raises.",True,True,True,src/agentic_hil/tools.py;src/agentic_hil/artifacts.py,True,Answer correctly identifies flash_firmware in tools.py staging the artifact via stage_for_backend and always releasing the staged copy with release_stage in artifacts.py.,0.058238,0.047238,0.011,0.047238,,trace,false
agentic_hil_q20,agentic,388887,4960,0,0,12,False,end_turn,,62.96,2026-09-08T12:20:37Z,"## Path from MCP call to the ST‑Link programmer

1. **Contract/schema** – `flash_firmware` is declared as an MCP tool in `src/agentic_hil/contracts.py` (`TOOLS` list, ~line 80), taking exactly one of `image_path`/`artifact_id` plus an optional `reset_after_flash`.

2. **Dispatch** – The MCP server routes the `tools/call` request into the tool layer in `src/agentic_hil/tools.py`, where the dispatch table maps `""flash_firmware"": lambda: self.flash_firmware(args)` (`tools.py:629`, and the coordination-wrapped entry at `tools.py:1864-1868`).

3. **Tool method** – `AgenticHilService.flash_firmware()` (`tools.py:274`):
   - re-enters through `self.call(...)` the first time (`_dispatch_depth == 0`) so the call goes through the coordination/lease machinery (`coordination.py`) before actually running.
   - on the real invocation, checks `self.debugger_permissions.allow_flash`; if false, returns a `permission_denied` result citing `debuggers.<name>.permissions.allow_flash` and stops here.
   - validates the arguments (`invalid_argument` if not exactly one of `image_path`/`artifact_id`, or if `reset_after_flash` isn't a bool), and if `reset_after_flash` is requested, also requires `allow_reset`.
   - resolves/validates the artifact through `Artifacts.validate_local_path`/`resolve_artifact_id` and stages it with `Artifacts.stage_for_backend` (`artifacts.py`).
   - calls `self.backend.flash_firmware(staged_artifact, reset_after_flash)` — the backend interface declared in `src/agentic_hil/debugger.py` (`flash_firmware` in the `Debugger` protocol).

4. **Backend implementation (ST‑Link)** – for a `type: stlink` entry, this resolves to `STLinkBackend.flash_firmware` in `src/agentic_hil/backends/stlink.py` (`stlink.py:338`), which:
   - re-checks `self.config.debugger.permissions.allow_flash` (defense in depth), and additionally checks the two interlock permissions (see below).
   - builds the STM32CubeProgrammer CLI arguments: `_connection_args(self._flash_connect_mode())` (SWD/port, `mode=HOTPLUG` or `mode=UR` per `connect_mode`, `sn=<probe_id>`), `-w <artifact_path>` (plus a flash address for `.bin` artifacts), `-v`, and `-rst` if a reset was requested.
   - runs it through `_run_stlink()` (`stlink.py:616`), which resolves the `STM32_Programmer_CLI` executable, spawns it as a subprocess (`spawn_command`), writes a log, and classifies success/failure from the captured stdout/stderr before returning a structured result.

5. Back in `tools.py`, the result updates the remembered symbol-ELF source (`_remember_symbol_elf`) and the staged artifact is released, then the result flows back up through the coordination wrapper to the MCP response.

## What refuses flashing when disabled

Two independent checks can refuse the call, both driven by `DebuggerPermissions` (dataclass in `src/agentic_hil/types.py`, populated from the YAML in `src/agentic_hil/config.py` around line 3428):

- **`allow_flash` false** – checked first in `AgenticHilService.flash_firmware` (`tools.py:278-279`) and again defensively in the backend (`stlink.py:339-340`, and analogously in `backends/openocd.py:395-396` and `backends/pyocd.py:292-293`). Returns `error_type: ""permission_denied""` naming `debuggers.<name>.permissions.allow_flash`.

- **The mutual-exclusion interlock** – even with `allow_flash: true`, `STLinkBackend.flash_firmware` refuses if either `allow_raw_debugger_commands` or `allow_mass_erase` is `true` on that probe (`stlink.py:341-344`), via `self._exclusive_permission_denied(""flash_firmware"", ""Flashing"", ""allow_raw_debugger_commands""/""allow_mass_erase"")` (`stlink.py:800-814`). This is the ""authoritative config"" exclusivity documented throughout `docs/configuration.md` and `SECURITY.md`: validated flashing and unrestricted debugger access can't coexist, so turning either of those two flags on refuses `flash_firmware` on that probe regardless of `allow_flash`.

Both refusal paths return `ok: false` with `error_type: ""permission_denied""` before any subprocess is spawned, so the ST-Link/STM32CubeProgrammer CLI is never invoked when either condition holds.",True,False,True,src/agentic_hil/tools.py;src/agentic_hil/backends/stlink.py,True,"It correctly traces MCP dispatch to tools.py flash_firmware, the debugger_permissions.allow_flash refusal, and STLinkBackend.flash_firmware in backends/stlink.py, only omitting mcp.py's call_tool by name.",0.849499,0.827374,0.022125,0.827374,,multi_hop,false
agentic_hil_q10,parametric,140,236,0,0,1,False,end_turn,,4.687,2026-09-08T12:21:46Z,"I don't have access to the codebase itself—no files or repository content have been provided in this conversation. I can't locate `AgenticHILToolService.flash_firmware` or determine its behavior when a payload contains both `image_path` and `artifact_id` without being able to search the actual source code.

To answer accurately, please share:
- The file path where `AgenticHILToolService` is defined (likely something like `*/hil/*.py` or `*/tools/*.py`)
- Or paste the relevant `flash_firmware` method implementation

Once you provide the code, I can explain precisely what happens when both fields are present (e.g., which one takes precedence, whether it raises an error, merges data, etc.) and cite the specific file/function.",False,False,True,,False,"The answer declines to identify any location or behavior, stating it cannot access the codebase, so it fails to name the expected file or symbols.",0.008525,0.00264,0.005885,0.00264,,trace,false
agentic_hil_q20,indexed,57702,2360,0,0,3,False,end_turn,,26.588,2026-09-08T12:21:54Z,"## Path from `flash_firmware` MCP call to the ST-Link programmer

**1. MCP entry point / dispatch**
An MCP call to `flash_firmware` goes to `AgenticHILToolService.call(""flash_firmware"", payload)` (`src/agentic_hil/tools.py`), which validates the payload against the tool's schema and then invokes the bound method `AgenticHILToolService.flash_firmware`.

**2. Service-level gate and staging** (`src/agentic_hil/tools.py:274-310`)
`flash_firmware` first re-enters `call()` if invoked directly (the `_dispatch_depth` guard), then:
- Checks `self.debugger_permissions.allow_flash` — this is the first place flashing-disabled is refused (see below).
- Validates exactly one of `image_path`/`artifact_id` is given, validates `reset_after_flash` is a bool, and (if true) requires `allow_reset`.
- Resolves/stages the artifact via `self.artifacts` (`ArtifactManager.validate_local_path` / `resolve_artifact_id`, then `stage_for_backend`).
- Calls `self.backend.flash_firmware(staged[""artifact""], reset_after_flash)`.

**3. Backend selection**
`self.backend` was constructed by `create_debugger_backend(self.config)` at service construction time, based on `debuggers.<name>.type` in config. When `type: stlink`, this yields an `STLinkBackend` instance (`src/agentic_hil/backends/stlink.py`).

**4. STLinkBackend.flash_firmware** (`src/agentic_hil/backends/stlink.py:338-359`)
This method:
- Re-checks `self.config.debugger.permissions.allow_flash` (permission_denied if off).
- Refuses if `allow_raw_debugger_commands` or `allow_mass_erase` is set (exclusive-permission denial, since those make flashing's write-claims unverifiable).
- Builds the `STM32_Programmer_CLI` argv: connection args (`port=SWD`, connect mode, `sn=<probe_id>`), `-w <artifact_path>` (plus a `flash_address` if the artifact is `.bin`), `-v` (verify), and `-rst` if `reset_after_flash`.
- Runs it via `self._run_stlink(...)` → `spawn_command` (subprocess call to the ST-Link/STM32CubeProgrammer CLI, resolved via `find_stm32_programmer_cli`/`_resolve_executable`).
- Classifies output (`_classify_output`) into success/failure buckets (`flash_failed`, `verify_failed`, `flash_erase_failed`, etc.) and writes an action report (`_write_action_report`).

So the call chain is:
`MCP flash_firmware` → `AgenticHILToolService.flash_firmware` (tools.py) → `STLinkBackend.flash_firmware` (backends/stlink.py) → `STM32_Programmer_CLI` subprocess (the actual ST-Link programmer).

## What refuses it when flashing is disabled

Flashing is gated by the `allow_flash` permission on the bound debugger entry (`debuggers.<name>.permissions.allow_flash` in the authoritative config), and the refusal happens in **two places, redundantly**:

- **Service layer**: `AgenticHILToolService.flash_firmware` in `src/agentic_hil/tools.py`:
  ```python
  if not self.debugger_permissions.allow_flash:
      return tool_error(""flash_firmware"", ""permission_denied"",
          ""Flashing is disabled by the authoritative config."",
          self.debugger_permission_key(""allow_flash""))
  ```
- **Backend layer**: `STLinkBackend.flash_firmware` in `src/agentic_hil/backends/stlink.py` (and identically in `OpenOCDBackend.flash_firmware` / `PyOCDBackend.flash_firmware`):
  ```python
  if not self.config.debugger.permissions.allow_flash:
      return self._permission_denied(""flash_firmware"", ""Flashing is disabled by the authoritative config."", self._permission_key(""allow_flash""))
  ```

Additionally, flashing is refused when either of the two ""exclusive"" permissions is granted — `allow_raw_debugger_commands` or `allow_mass_erase` — because those permissions make what's actually on the flash unverifiable, and the two policies (validated flashing vs. unrestricted debugger access) are treated as mutually exclusive (`EXCLUSIVE_FLASH_PERMISSIONS` in `src/agentic_hil/knowledge.py`, checked via `_exclusive_permission_denied` in each backend).

There's also a preflight-time refusal at the test-plan level: `src/agentic_hil/test_reactor.py` (`TestReactor`, handling `step.action == ""flash""`) checks `permissions.allow_flash`, `allow_reset` (for `reset_after_flash`), `allow_raw_debugger_commands`, and `allow_mass_erase` before a plan step is even run, producing a `permission_preflight_error`/`exclusive_permission_preflight_error`.

All these refusals ultimately trace back to the same authoritative source: the `DebuggerPermissions` loaded from config (`src/agentic_hil/config.py` / `types.py`), specifically the `allow_flash` (and the two exclusive) flags under `debuggers.<name>.permissions`.",True,False,True,src/agentic_hil/tools.py;src/agentic_hil/backends/stlink.py,True,It traces the chain through tools.py flash_firmware into STLinkBackend and correctly names debugger_permissions.allow_flash as the refusal; only the mcp.py call_tool dispatch layer is under-specified.,0.162324,0.139004,0.02332,0.139004,,multi_hop,false
agentic_hil_q31,agentic,47294,1554,0,0,6,False,end_turn,,23.813,2026-09-08T12:22:27Z,"The primary test proving this is `test_two_state_roots_on_one_board_see_each_other` in `tests/test_bench_mutex.py` (lines 206–248). It:

1. Spawns a **child subprocess** with its own `LOCALAPPDATA`/`XDG_STATE_HOME` (i.e., a different `state_root`, via `child_environment`), which loads its own config and calls `HardwareCoordinator.begin_run(['physical:bench-board'], ...)` to hold `physical:bench-board`.
2. In the **parent process**, points `LOCALAPPDATA`/`XDG_STATE_HOME` at yet another directory (a different `state_root`), builds its own `HardwareCoordinator`, and tries `coordinator.acquire(BOARD)`.
3. Asserts the parent gets a `CoordinationError`/`device_busy` naming the child's actual pid and label (`""child-plan""`), proving the hold is visible across processes/state_roots — i.e., the machine-wide `BenchMutex`/device lock (kept in `device_lock_root()`, outside any `state_root`) is what makes this visible.

Supporting context:
- `child_environment()` (same file, lines 37–48) documents ""Different state_root is the whole point: on 2026-08-02 that difference made two live sessions invisible to one another.""
- `test_device_lock_lives_outside_state_root_and_under_the_user_home` (lines 71–79) checks the lock directory (`device_lock_root()` from `src/agentic_hil/bench.py`) is not under any configuration's `state_root`, which is why the cross-process visibility works.
- The module docstring at the top of `tests/test_bench_mutex.py` (lines 1–6) states the whole file's purpose: ""while one run holds a board, nothing else on the machine reaches it, no matter which configuration, state_root, or process the other side came from.""

Related/adjacent tests reinforcing the same property:
- `tests/test_config_adopt.py:927` — comment: ""A second process on this machine gets `device_busy`, not the board.""
- `tests/bench/test_bench_serial.py` (around lines 837–903) — tests a second process's own listing/read against a held bench, showing the hold is respected across processes (though not specifically varying `state_root`).

Implementation referenced: `BenchMutex`, `device_lock_root`, `DeviceBusyError`, `resource_digest` in `src/agentic_hil/bench.py`, and `HardwareCoordinator` in `src/agentic_hil/coordination.py`.",True,True,True,tests/test_bench_mutex.py,True,"The answer names the expected file and the specific test function, plus BenchMutex and DeviceBusyError context, correctly describing cross-state_root visibility of the board hold.",0.119533,0.110128,0.009405,0.110128,,locate,false
agentic_hil_q14,parametric,147,281,0,0,1,False,end_turn,,4.462,2026-09-08T12:22:55Z,"I don't have access to the actual codebase content in this conversation—no files or code were provided—so I can't locate a `verify_port_identity` function or inspect its implementation to tell you what it compares (e.g., USB VID/PID) or what it does on a mismatch.

To answer accurately, please provide the relevant file (e.g., the module where `verify_port_identity` is defined, likely something like a serial/USB port utility file) or paste its source code.",False,False,True,,False,"The candidate declined to answer, stating it lacked codebase access, and identified no file, symbol, or behavior for verify_port_identity.",0.008674,0.003104,0.00557,0.003104,,trace,false
agentic_hil_q34,indexed,9838,719,0,0,2,False,end_turn,,11.074,2026-09-08T12:42:41Z,"## The three claims (`SymbolComparator`)

Defined in `src/agentic_hil/test_reactor.py` (class `SymbolComparator`), a `read_symbol` step's `comparator:` can make exactly one of three claims about the decoded integer:

1. **`equals`** — the value must equal one specific number.
2. **`range: {min, max}`** — the value must fall within inclusive bounds.
3. **`mask` (paired with `equals`)** — a bitwise claim, `(value & mask) == equals`, letting a plan assert one flag of a status word without stating the rest of it.

These are deliberately not `StepComparator`'s text-matching vocabulary (`pattern`, etc.), since a symbol is bytes/an integer, not characters — there's one read, one look, one verdict (no `timeout_s`, no rolling window).

## What `signed` selects

`signed: true` picks which of the tool's two decoded readings (`value_signed` vs `value_unsigned`) the claim is judged against — `debug_symbol_value` always decodes and returns both readings from the same bytes, and above the sign bit the two disagree, so `signed` chooses the interpretation. It defaults to `false` (unsigned reading).

Because `mask` is a claim about bits rather than about the whole word's numeric value, `signed` is refused alongside `mask` by the schema (enforced in `SymbolComparator` / plan validation, exercised in `tests/test_test_reactor.py::test_a_symbol_comparator_the_format_cannot_mean_is_refused_at_load`, case `mask_with_signed`).

**Sources:** `src/agentic_hil/test_reactor.py` (`SymbolComparator` class and its `claim`/`reading` properties), corroborated by `docs/test-plan-contract.md` and `docs/testing.md`, and tested in `tests/test_test_reactor.py`.",True,True,True,src/agentic_hil/test_reactor.py,True,"Answer names test_reactor.py's SymbolComparator, the three claims (equals, range, mask) matching masked_value, and correctly says signed picks value_signed vs unsigned decoding.",0.039931,0.026866,0.013065,0.026866,,trace,true
agentic_hil_q33,agentic,5547,419,0,0,3,False,end_turn,,8.086,2026-09-08T12:42:57Z,"It returns `None` in both cases.

Per `read_intel_hex_file` in `src/agentic_hil/gdbmi.py`:

- If the dump has a **hole** (not every byte of `[start_address, start_address+size_bytes)` is covered), the final check `if not all(covered): return None` triggers, returning `None`.
- If an address is written twice with **conflicting values**, the loop's check `if covered[position] and window[position] != value: return None` immediately returns `None`.

The docstring explicitly states the function never returns a partial answer—only the exact requested byte window or `None`—for cases like a malformed record, a failed checksum, an unrecognized record type, a doubly-written address with differing values, or a hole in coverage.",True,True,True,src/agentic_hil/gdbmi.py,True,"The answer correctly identifies read_intel_hex_file in src/agentic_hil/gdbmi.py returning None for both incomplete coverage and conflicting duplicate writes, with accurate detail about the checks.",0.021994,0.015284,0.00671,0.015284,,trace,true
agentic_hil_q11,parametric,145,201,0,0,1,False,end_turn,,2.614,2026-09-08T12:43:09Z,"I don't have access to the actual repository contents in this conversation, so I can't inspect the `flash_firmware` implementation or determine what it does with the remembered ELF symbol source when a backend raises during flashing. Could you provide the relevant source file(s) (e.g., the module containing `flash_firmware`) so I can give an accurate, cited answer?",False,False,True,,False,"The candidate declines to answer, stating it cannot access the repository, and identifies no file, symbol, or behaviour.",0.007535,0.0023,0.005235,0.0023,,trace,false
agentic_hil_q11,indexed,14731,622,0,0,2,False,end_turn,,10.176,2026-09-08T12:43:15Z,"In `flash_firmware` (`src/agentic_hil/tools.py:274-310`), when `self.backend.flash_firmware(...)` raises any exception, the code catches it and explicitly sets `self._symbol_elf = None` before re-raising the exception (`raise`).

The reasoning, per the inline comment, is that a backend which raised may have contacted or partially written the target, so the previously remembered ELF can no longer be trusted to describe what's actually on the board. Since `_remember_symbol_elf` only runs on a *returned* result (never reached when an exception propagates), the source has to be dropped explicitly in the `except` clause. This ensures the outer coordination wrapper reports the side effect as `""unknown""`, and that a later ST-Link symbol dump (which relies on `self._symbol_elf`) cannot resolve a symbol against a build that the failed flash may have replaced.

This behavior is exercised by `test_flash_that_raises_drops_the_previously_trusted_symbol_source` in `tests/test_debug_sessions.py:1939-1967`, which confirms that after a raising `flash_firmware` backend call, `result[""side_effect_status""] == ""unknown""` and `service._symbol_elf is None`.

Note the `finally` block still calls `self.artifacts.release_stage(staged[""artifact""])` regardless, but the symbol-source drop happens specifically in the `except BaseException` branch.",True,True,True,src/agentic_hil/tools.py,True,"The answer correctly identifies flash_firmware in src/agentic_hil/tools.py clearing the remembered _symbol_elf (setting it to None) on backend exception before re-raising, matching the expected location and behaviour.",0.043592,0.035682,0.00791,0.035682,,trace,false
agentic_hil_q15,agentic,20682,1340,0,0,4,False,end_turn,,17.801,2026-09-08T12:43:29Z,"## `terminate_process_tree` on POSIX

Source: `src/agentic_hil/process.py`, function `_terminate_process_tree` (called by the public wrapper `terminate_process_tree`, lines 217–299).

**Stopping the children:**

1. It looks up the child's process group id via `_child_process_group` (using the pgid stored at spawn time in `_register_process_group`, or falling back to `os.getpgid`).
2. If there's no separate group (or the pgid equals this process's own group), it just does a normal single-process terminate/kill/wait via `_terminate_single_child`.
3. Otherwise it treats the pgid as the whole backend subtree and does two escalating rounds:
   - `os.killpg(pgid, signal.SIGTERM)` via `_signal_process_group`, then waits up to `timeout_s` for the group to empty (`_wait_for_process_group`).
   - If it's not empty, repeats with `signal.SIGKILL`.
   - If the group is still non-empty after both rounds, it falls back to `_terminate_single_child` on just the leader `child`, then does one final ""does the group still exist"" check (`_process_group_exists`) and raises `RuntimeError(""Process group remained active after SIGKILL."")` if so.
4. On success it calls `_forget_process(child)` to drop the record.

**Deciding the group is actually gone:**

The membership question is answered by `_process_group_exists(pgid)`, which calls `os.killpg(pgid, 0)` (no signal, just a liveness probe):
- `ProcessLookupError` → group is empty/gone.
- `PermissionError` → treated as ""still there"" (a member exists that this process can't signal — notably Darwin can return `EPERM` even for an empty-of-non-zombies group when all remaining members are zombies, so EPERM alone isn't trusted).
- Otherwise (kernel says a member exists) → it refines the answer via `_running_process_group_members(pgid)`, which reads `/proc/<pid>/stat` for every pid in that group and:
  - Skips/reaps pids in state `Z`/`X` (zombies) that this process is the parent of (via `os.waitpid(pid, WNOHANG)`), since a zombie the signal killed holds no resources and shouldn't count as ""alive.""
  - Counts only non-zombie pids as genuinely running.
  - If `/proc` isn't available (`_PROC` dir missing or `_proc_lists_this_process()` fails), it returns `None`, and the caller falls back to trusting the raw kernel answer (group counted as existing).

`_wait_for_process_group` polls this check (plus `child.poll()`) every 20ms until the deadline, returning `True` only once the leader has exited *and* `_process_group_exists` says the group is empty. Additionally, `_signal_process_group` treats a failed `killpg` delivery (e.g., permission error) as not itself fatal — the real failure is only raised if the group *also* still shows a member after the wait, since an EPERM from signalling routinely just means the group was already gone (per the design note at lines 264–285).",True,True,True,src/agentic_hil/process.py,True,"Answer names the correct file and functions (terminate_process_tree/_terminate_process_tree/_signal_process_group) and describes SIGTERM-then-SIGKILL on the process group with killpg(pgid, 0) liveness probing.",0.070669,0.054764,0.015905,0.054764,,trace,false
agentic_hil_q32,parametric,148,1752,0,0,1,False,end_turn,,21.31,2026-09-08T12:43:52Z,"I don't have enough information from this codebase to answer confidently. I can't locate a `read_elf_symbol` function in the files I have access to, so I can't cite the specific module/function that defines this behavior or verify what it returns for a zero-size symbol versus a missing one. Rather than guess, I'll say plainly: I cannot determine the answer without being able to inspect the actual definition of `read_elf_symbol` in the repository.

If you can point me to the file that defines `read_elf_symbol` (e.g., a test utility or ELF-parsing module), I can give a precise, cited answer.",False,False,True,,False,"The candidate explicitly states it cannot determine the answer or locate read_elf_symbol, failing to identify the expected file src/agentic_hil/elfsymbols.py or its behavior.",0.024066,0.017816,0.00625,0.017816,,trace,true
agentic_hil_q23,indexed,82900,2770,0,0,4,False,end_turn,,37.001,2026-09-08T12:44:17Z,"I now have enough detail to trace the full path from a plan run to reviewer-readable evidence, and each layer that stands between it and secret leakage.

## From plan run to reviewer evidence

1. **The run itself.** A CI job executes `agentic-hil test-reactor --test-config <plan> --junit-xml <path>` (or the equivalent inside the `agentic-hil/run` action), which writes a JSON run report — steps, results, `config_in_force`, `cleanup`, `recovery` — under the workspace (`docs/github-action-design.md`, `docs/testing.md`).

2. **Turning the report into evidence.** `agentic-hil run-evidence --report <report> --out <dir>` (implemented in `src/agentic_hil/runevidence.py`, entry point `write_run_evidence`) reads only that report and the workspace (the plan file and the JSONL logs the report names) — it loads no configuration and touches no hardware. It writes three things into the output directory a workflow uploads with `if: always()`:
   - `run-summary.json` — the machine-readable outcome, plan+digest, firmware info, tool versions, bench identity, failing step (`_evidence_summary`, shape documented in `docs/github-action-design.md`).
   - `job-summary.md` — the same facts as prose/step table for a human reviewer, built by `job_summary()` and, on GitHub, appended to `GITHUB_STEP_SUMMARY` (`_append_step_summary`) so it lands on the job page itself.
   - `logs/` — byte-for-byte copies of the run's JSONL event logs (`collect_logs`), never rewritten, because ""a redacted log is not evidence of anything.""

3. **What a reviewer actually reads** is `job-summary.md` on the PR/job page, cross-checked against `run-summary.json` if they need the machine shape (`docs/ci-examples.md`, `docs/github-action-design.md`).

## What stops secrets/identities from riding along

Several independent layers, all inside `run-evidence`'s own code (not the caller's):

- **Identity/lock-key exclusion by field name.** `excluded_values()` walks the whole report and collects any string sitting under an identity field (`executable`, `executable_path`, `probe_id` — `IDENTITY_FIELDS`) or a lock-key field (`declared_devices`, `lock_key`, `resource`, etc. — `LOCK_KEY_FIELDS`), plus any absolute path that isn't inside the workspace (foreign paths, e.g. `config_in_force.path`). These exact string values are then scrubbed everywhere they occur, including inside prose a backend wrote, replaced with `[withheld]` rather than deleting the surrounding sentence (`_scrub`/`_scrubbed`, used by both `job_summary()` and the JSON summary builder).

- **Devices named logically, not physically.** Instead of publishing a `probe:<serial>` lock key, the bench section names devices by the plan's own logical names (`dut`, `dut_uart`, etc.), via `DEVICE_GROUPS`/`DEVICE_LABELS`.

- **General secret/content redaction.** Everything also passes through `redact_sensitive()` in `src/agentic_hil/redact.py`, which recurses through the document: any mapping key matching a secret-name pattern is replaced wholesale (`_SENSITIVE_KEY_PATTERN` → `_REDACTION_MARKER`), and known ""stream"" keys (stdout/stderr-like content) get a content-level pass (`redact_stream_text`) that masks URL userinfo, `Authorization: Bearer/Basic` headers, and `token=`-style assignments without touching the surrounding prose (this is the same function the CLI's `emit_result`/`print_json` sinks use for every command's output, `src/agentic_hil/cli.py`).

- **Fail closed, not fail open.** If redaction of the report doesn't hand back a usable document (`redact_sensitive` returns something other than a dict), `run-evidence` does **not** fall back to publishing the raw report. `_redaction_refusal()` writes a `redaction_unavailable` refusal into both `run-summary.json` and `job-summary.md` (and onto the GitHub step summary), containing nothing from the original report — not even `outcome`, so a consumer can't mistake it for a completed run — and the command exits nonzero. This mirrors the same fail-closed pattern in `emit_result`/`print_json`/`emit_protocol_error` in `src/agentic_hil/cli.py`.

- **The two canonical stores that never leave the bench.** The hash-chained ledger of reports/logs under `state_root`, and the bench's hardware identities, are deliberately kept off the uploaded, world-readable artifact; only the configuration digest and logical device names are published (`docs/ci-examples.md`, `docs/github-action-design.md`).

- **Logs are copied verbatim, not redacted**, but that's intentional and bounded: they're the hash-chained ledger's own bytes needed to verify against `state_root`, and any secret a backend printed into its own log is explicitly called ""the log's problem,"" kept out of the two published documents that a reviewer reads, not scrubbed inside the log copy itself.

So the chain is: run report → `run-evidence` (reads report+workspace only) → identity/lock-key sweep (`excluded_values`/`_scrub`) + generic secret/content redaction (`redact_sensitive`/`redact_stream_text`) → `run-summary.json` + `job-summary.md` uploaded for the reviewer, with a hard fail-closed refusal (`redaction_unavailable`) standing in for the whole bundle if that redaction step can't vouch for the result.",True,True,True,src/agentic_hil/runevidence.py;src/agentic_hil/redact.py,True,"The answer names both expected files and all three expected symbols (write_run_evidence, job_summary, redact_sensitive), correctly tracing report→evidence artifacts and the redaction/fail-closed protections.",0.20862,0.1935,0.01512,0.1935,,multi_hop,false
agentic_hil_q29,agentic,19568,360,0,0,2,False,end_turn,,6.285,2026-09-08T12:44:58Z,"The closed JSON Schema for test plans is `src/agentic_hil/schemas/testconfig.schema.json` (each object level sets `""additionalProperties"": false`, closing which actions/keys a plan may contain).

It's loaded and exposed in code via `agentic_hil/knowledge.py` (see the docstring near line 3757: *""The shipped test plan schema, parsed once.""*), which parses this file and raises if it isn't a valid JSON object; it's also referenced as the resource `agentic-hil://reference/test-plan-schema` (`AGENTS.md` line 66, `knowledge.py` line 5296).",True,True,False,src/agentic_hil/schemas/testconfig.schema.json,True,"The answer names the expected schema file and correctly describes its closed nature via additionalProperties:false, plus accurate extra detail about loading in knowledge.py.",0.049721,0.042736,0.006985,0.042736,,locate,false
agentic_hil_q15,parametric,143,248,0,0,1,False,end_turn,,3.574,2026-09-08T12:45:07Z,"I don't have access to the actual codebase content in this conversation (no files were provided), so I can't locate a `terminate_process_tree` function or verify its implementation. Could you share the relevant source file (e.g., its repository-relative path) or paste the function's code? Once I have that, I can explain exactly how it signals the process group on POSIX and how it determines the group has terminated.",False,False,True,,False,"The candidate declined to answer, stating it lacked codebase access, and identified no file, symbol, or behaviour.",0.008036,0.002766,0.00527,0.002766,,trace,false
agentic_hil_q08,indexed,48136,2268,0,0,4,False,end_turn,,38.796,2026-09-08T12:45:14Z,"## Answer

The module that arbitrates exclusive, machine-wide access to a bench is **`src/agentic_hil/bench.py`**, via its **`BenchMutex`** class.

- `BenchMutex.__init__` docstring: *""One owner's hold on a set of physical devices. `acquire` is all-or-nothing over sorted resource names, so two owners reaching for an overlapping set cannot each keep half of it.""* (`src/agentic_hil/bench.py:328`)
- `BenchMutex.acquire(resources, wait_s=..., stop_requested=...)` (`src/agentic_hil/bench.py:371`) takes every named physical resource under an internal `RLock` guard (`self._guard`) and **returns the list of resource names it newly took** on success (an already-held resource contributes nothing to that list). If any resource is already held by another owner, it raises **`DeviceBusyError`**, whose `.result` names the holder (pid, host, frontend, label, heartbeat age, etc.) — see `test_second_owner_is_refused_and_the_refusal_names_the_holder` in `tests/test_bench_mutex.py`.
- There's also `acquire_named` for locking non-device pseudo-resources (e.g. the debugger-discovery enumeration lock) through the same path, likewise returning a bool / raising `DeviceBusyError`.

So a bare caller of `BenchMutex.acquire` gets back **the list of resource keys it just locked**, and must call `.release(...)`/`.release_all()` itself to give them up.

On top of that, **`src/agentic_hil/coordination.py`**'s `HardwareCoordinator` wraps a `BenchMutex` internally and, when its own `acquire(...)` succeeds, hands the caller a richer **`HardwareLease`** object (`src/agentic_hil/coordination.py:452`) instead of a bare list — this lease carries the resources, the underlying `_LifetimeLock`s, and any `bench_resources` it separately took, plus methods `.release(...)`, `.quarantine(...)`, and `.record_cleanup_event(...)` for tracking and safely giving back the hold (see `tests/test_coordination.py`, e.g. `test_coordinator_creates_no_state_before_hardware_is_coordinated`).

So: **`agentic_hil.bench.BenchMutex`** is the arbiter of bench-wide exclusivity, and a caller that successfully acquires a device gets back the list of newly-held resource names (or, going through `HardwareCoordinator`, a `HardwareLease` object wrapping that hold).",True,True,True,src/agentic_hil/coordination.py,False,"It commits primarily to bench.py's BenchMutex returning a list of resource names, only secondarily mentioning coordination.py's HardwareCoordinator/HardwareLease, so the headline answer names the wrong module.",0.144117,0.118952,0.025165,0.118952,,locate,false
agentic_hil_q07,agentic,14334,312,0,0,2,False,end_turn,,5.016,2026-09-08T12:46:04Z,"The pytest plugin is `src/agentic_hil/pytest_plugin.py`. It defines the `agentic_hil` fixture (built on the internal `_agentic_hil_service` fixture, which wraps `AgenticHILToolService`), along with `agentic_hil_config` and the `pytest_addoption`/`pytest_collection_modifyitems`-style hooks for the `--agentic-hil-config` option and `agentic_hil_config` ini key.

This plugin is registered via the `agentic_hil` package's pytest entry point (per `CHANGELOG.md`: ""installing `agentic_hil` registers the session-scoped `agentic_hil` fixture"") and documented in `docs/testing.md`.",True,True,True,src/agentic_hil/pytest_plugin.py,True,"The answer names the expected file src/agentic_hil/pytest_plugin.py and the symbols agentic_hil, agentic_hil_config, and pytest_addoption, matching the expected location and behaviour.",0.038383,0.031788,0.006595,0.031788,,locate,false
agentic_hil_q28,parametric,132,243,0,0,1,False,end_turn,,3.531,2026-09-08T12:46:13Z,"I don't have access to the actual codebase content in this conversation—no repository files were provided for me to search through. Could you share the relevant source files or directory structure? Once I can see the code (e.g., files related to test plan execution, runners, or reactors), I can identify the specific component that iterates through a test plan's steps and executes each one against its named device, and cite the exact file path and class/function.",False,False,False,,False,"The answer declines to identify any location, stating it lacks access to the codebase, so it fails to name the expected file or symbols.",0.007934,0.002694,0.00524,0.002694,,locate,false
agentic_hil_q35,indexed,23453,945,0,0,3,False,end_turn,,13.438,2026-09-08T12:46:19Z,"Based on `src/agentic_hil/bench.py` (`BenchMutex.acquire`, lines ~371–423, and the `_take`/`_drop` helpers it calls):

**What happens:**

1. `acquire` normalizes the requested resources with `physical_resources(resources)` and sorts/walks them one at a time under a single `RLock`-guarded loop.
2. For each resource it calls `self._take(resource, deadline, stop_requested)`, appending it to a local `taken` list whenever `_take` actually acquires a new lock (an already-held-by-this-owner resource just bumps a holder count and doesn't get appended).
3. If one of the resources is already held by another owner, `_take` cannot get the underlying OS advisory lock. It polls until `deadline` (governed by `wait_s`, default `0.0`, i.e. no wait unless explicitly requested), checking `stop_requested()` on every turn.
   - If a stop is requested during the wait, `_take` raises `DeviceWaitStoppedError`.
   - If the deadline passes without success, `_take` raises `DeviceBusyError`, whose result names the current holder (via `busy_result`), including holder identity and how long this call waited (`waited_s`).
4. Back in `acquire`, that exception (`DeviceBusyError`/`DeviceWaitStoppedError`, or really any `BaseException`) propagates out of the `for` loop. The `except BaseException` clause in `acquire` catches it and, **before re-raising**, walks the `taken` list in reverse and calls `self._drop(resource)` on each one — releasing every device this call had already succeeded in acquiring earlier in the same call.
5. The exception is then re-raised, so the caller sees the `DeviceBusyError` (or `DeviceWaitStoppedError`) naming the busy resource/holder, and the `BenchMutex` ends up holding **none** of the requested set — it never leaves a partial acquisition in place.

In short: acquisition of a multi-device set is all-or-nothing. If any device in the set is already held by someone else, the whole call fails with `DeviceBusyError` (naming the resource and its holder), and any devices from that same set already taken earlier in the loop are immediately released again, unwinding back to the pre-call state.",True,True,True,src/agentic_hil/bench.py,True,"The answer correctly identifies bench.py's BenchMutex.acquire, _take, DeviceBusyError and the wait/deadline logic, describing all-or-nothing rollback via _drop, matching the expected files and symbols.",0.065741,0.056356,0.009385,0.056356,,trace,true
agentic_hil_q03,agentic,7950,220,0,0,2,False,end_turn,,6.413,2026-09-08T12:46:36Z,"The broker is implemented in `src/agentic_hil/canbroker.py` — specifically the `CANBroker` class (and its `_serve`/attach logic), which holds the machine-wide bus lock and lets multiple processes attach as `Participant`s to share one physical CAN bus (see `attach`/`_attach_with_broker` functions in the same file for how clients find or spawn a broker).",True,True,False,src/agentic_hil/canbroker.py,True,"The answer names the correct file (src/agentic_hil/canbroker.py) and the broker class, matching the expected location despite minor capitalization differences and not naming BrokerDescriptor.",0.02389,0.0181,0.00579,0.0181,,locate,true
agentic_hil_q30,indexed,15182,823,0,0,2,False,end_turn,,11.128,2026-09-08T12:46:46Z,"The harness you're looking for is **`tools/bench_battery.py`**, documented in **`docs/bench-battery.md`**.

- **What it is**: A script that runs the project's bench checks against an *installed* `agentic-hil` product and a real project directory, invoking everything through `agentic-hil` CLI subcommands rather than through pytest against the source checkout. As the module docstring in `tools/bench_battery.py` puts it, it asks ""the same set of questions the two published test tiers ask, asked through the product's own commands rather than through pytest, so a bench that has no checkout of this repository can still be measured.""

- **How it's invoked**:
  ```
  python tools/bench_battery.py --project ~/work/my-firmware
  python tools/bench_battery.py --project ~/work/my-firmware --hardware
  ```
  Without `--hardware` it runs probe-free checks (version, port inventory, probe listing, board-free plan check). With `--hardware` it also runs probe/board-dependent checks (doctor, a real reset, the project's own plan, a plan whose claim cannot hold, revoking/granting a needed permission, and evidence built from the run).

- **Key options** (per `docs/bench-battery.md`): `--project` (required), `--product` (which installed `agentic-hil` to measure, defaults to `PATH`), `--hardware`, `--out` (report path, default `bench-battery.json`), `--keep` (retain generated plans/artifacts for inspection).

- **Relationship to the test tiers**: `docs/bench-battery.md` describes it as ""the operator's counterpart to the two published test tiers"" — the container tier proves the code with no hardware in CI, and the bench tier needs a real probe/board; the battery asks the same questions but through `agentic-hil`'s own commands rather than pytest, so it can validate an installation on a machine with no checkout of the repo.

This is distinct from `evals/hil/` (an HIL evaluation harness for a different purpose — proving an exact artifact drives real silicon in an eval/container context) and from `tests/` (pytest-based test tiers).",True,True,False,tools/bench_battery.py,True,"The answer names tools/bench_battery.py as the harness running bench checks via the installed agentic-hil CLI against a real board, matching the expected file and describing its behaviour accurately.",0.047254,0.038594,0.00866,0.038594,,locate,false
agentic_hil_q38,agentic,166446,2677,0,0,9,False,end_turn,,43.6,2026-09-08T12:47:00Z,"## How `uart_expect` decides the line said what the plan claimed

The step is implemented by `UartRunner._uart_expect` in `src/agentic_hil/test_reactor.py` (bound to the `uart_expect` action via `step_action(...)`). It picks whichever of the two v2 expectation fields the schema's `oneOf` guarantees is present — `text` or `pattern` (`UartRunner.expect_fields`) — and calls `UartRunner._expect(field_name, expected, timeout_s)`.

`_expect` builds a matcher with `UartRunner._matcher`:
- for `text`, a substring test (`expected in decoded`);
- for `pattern`, a compiled `re.search` (compiled once at construction, since preflight's `_pattern_refusal`/`pattern_refusal` already proved it compiles).

It then delegates the actual waiting to `UartRunner._read_until`, which is the same read-and-match loop `uart_read`'s comparator path uses. `_read_until`:

1. Computes a deadline from `timeout_s` and a rolling `window` size (at least `UART_EXPECT_TAIL_BYTES` = 512 bytes, or `4*len(written)+16` if larger, so a UTF‑8 character — or the expected text/pattern itself — can never be cut across the retained tail).
2. Loops calling the `com_read` tool (`self.service.call(""com_read"", {...})`) with whatever time remains — the exact tool call an agent driving the port by hand would make.
3. Appends each returned chunk (decoded from the tool's `hex` field back to bytes) onto a `bytearray` buffer, trimmed to the rolling `window`.
4. On every pass, decodes the buffer (`decode_bytes(raw, encoding)`, `errors=""replace""`) and calls `matches(decoded, expired)` — matching against *everything accumulated so far*, not just the newest chunk, so a banner or value split across two reads is still recognized once fully assembled.
5. If it matches, returns success; if the deadline has expired without a match, returns a timeout; if a read returns nothing while time remains, it sleeps `UART_EXPECT_IDLE_POLL_S` before the next pass rather than busy-spinning.
6. If `com_read` itself fails (closed session, permission, audit break, etc.), that's reported as a read failure, not a timeout — kept distinct so a broken read isn't confused with a board that legitimately said nothing.

The result is packaged as `UartReadOutcome`, and `_expect` turns that into the step result: `ok: true` with `expected_text`/`expected_pattern`, `bytes_received`, `reads` on a match, or `ok: false` / `error_type: ""uart_expect_timeout""` plus the tail of what was actually received on failure.

## How the raw wire bytes behind the match are recovered

Matching happens against *decoded* text, but the report needs the actual bytes that satisfied the claim, not a re-encoding of the decoded string (which would be lossy/dishonest wherever `errors=""replace""` altered anything). This recovery is done by `matched_span_bytes` in `src/agentic_hil/comports.py`:

- The matcher (`StepComparator.matches`, used for `uart_read`'s comparator; `uart_expect`'s own matcher records its span via `getattr(matches, ""__self__"", None).matched_span` in `_read_until`) records the `[start, end)` character span in the decoded string where the match occurred.
- `matched_span_bytes(raw_bytes, encoding, span)` rebuilds a character-index → byte-offset map by feeding the raw buffer to an *incremental* decoder one byte at a time, tracking which byte(s) produced each character.
- It then slices the raw bytes corresponding to that character span and cross-checks that decoding that exact slice reproduces the matched substring.
- If the span lands on an ambiguous boundary (a stateful codec like UTF‑7 or ISO‑2022‑JP that emits multiple characters per decoder call, or whose decode of an isolated slice differs from the decode-in-context), it returns `None` rather than fabricate bytes, and the report falls back to a text-only match (`matched_text_bytes_unavailable: True`).

This is invoked from `UartRunner._read_until` (line ~1845): `matched_raw = matched_span_bytes(raw, encoding, span)`, and surfaces in the result via `UartReadOutcome.matched_result`/`tail_result`, which put the recovered bytes (or the last `UART_EXPECT_TAIL_BYTES` of the receive buffer, on timeout) into `data_result(...)` as `{hex, text, encoding}` — so the report's `matched_text.hex`/`received_tail.hex` is exactly what the port put on the wire, never a re-encoding.",True,True,True,src/agentic_hil/test_reactor.py;src/agentic_hil/comports.py,True,"It names UartRunner's uart_expect/_read_until in test_reactor.py plus decode_bytes, StepComparator, and matched_span_bytes in comports.py, matching the expected files and symbols and behaviour.",0.375137,0.359662,0.015475,0.359662,,multi_hop,false
agentic_hil_q17,parametric,142,166,0,0,1,False,end_turn,,2.908,2026-09-08T12:47:48Z,"I don't have access to a codebase or repository in this conversation—no files have been shared with me. Since I can't inspect the actual source code, I can't tell you what `flash_firmware` does with the artifact, how it stages it, or what happens to that copy afterward.

If you can paste the relevant code (e.g., the `flash_firmware` function and any related helper functions it calls) or share the repository path/contents, I'd be glad to trace through the logic and answer precisely, citing the specific file paths and function names as requested.",False,False,True,,False,"The answer declines to answer, stating it cannot access the codebase, and identifies no file, symbol, or behavior.",0.007484,0.001944,0.00554,0.001944,,trace,false
agentic_hil_q36,indexed,17543,975,0,0,2,False,end_turn,,14.512,2026-09-08T12:47:53Z,"## Behavior on probe mismatch

When a debugger entry's configured `probe_id` names a different probe from the one actually attached, the adoption plan refuses **entirely** — it produces no plan and writes nothing, rather than carrying over the subset of keys that happen to be unset.

This is implemented in `_different_board()` in `src/agentic_hil/adopt.py:404-437`, called from `plan_adoption` (`src/agentic_hil/adopt.py:460-507`, via `configured_probe_id`, `src/agentic_hil/adopt.py:396-402`) when the entry's `debuggers.<name>.probe_id` doesn't match the discovered probe's id (case/format folded — matching only differs in ""spelling"" is treated as the same board, per `test_the_pure_planner_refuses_a_mixed_board_plan` in `tests/test_config_adopt.py`).

The rationale, per the docstring of `_different_board`:

> The identity keys are not independent. `probe_id` names a board, and `target.controller`, the COM device and the backend executable all describe *that* board. Carrying the ones that happen to be unset while keeping a `probe_id` that names a different probe produces a configuration whose debugger drives one Nucleo and whose UART talks to another: a file that loads, passes `doctor`, and is wrong in the one way nobody would look for. So the disagreement is not a per-key `kept`: nothing is planned and nothing is written.

Concretely the returned result is:
- `ok: False`
- `error_type: ""hardware_mismatch""`
- `field: ""probe_id""`
- `configured_probe_id` and `discovered_probe_id` fields naming both serials
- a `next_step` telling the operator to either attach the board the entry is configured for, or name the entry that matches the attached board as `debugger_id` — explicitly noting that repointing a configured entry at another probe is ""an operator's edit, not this path's""
- `retry_safe: False`

This is confirmed at the integration level in `tests/test_config_adopt.py` (`test_a_different_attached_board_is_refused_whole_rather_than_partly_carried`), which asserts the file is left byte-for-byte unchanged and the result has no `""carried""` key at all, and is documented in `docs/configuration.md` (""an entry that already names a probe with a *different* probe attached is refused whole rather than partly carried, because the identity keys describe one board between them"") and `CHANGELOG.md`.",True,True,True,src/agentic_hil/adopt.py,True,"The answer identifies adopt.py's plan_adoption, _different_board, and configured_probe_id, correctly stating the plan refuses wholesale (hardware_mismatch, nothing written) rather than partially carrying keys.",0.054476,0.044836,0.00964,0.044836,,trace,false
agentic_hil_q21,agentic,379903,2099,0,0,15,True,tool_use,,51.388,2026-09-08T12:48:11Z,,False,False,False,,False,empty answer,0.780796,0.780796,0.0,0.780796,,multi_hop,true
agentic_hil_q40,parametric,143,501,0,0,1,False,end_turn,,7.836,2026-09-08T12:49:03Z,"I don't have access to the actual repository contents in this session (no file listing or search results were provided), so I can't trace the real code path for `agentic-hil init` or confirm how it detects an ST-Link and writes its serial into a config file. 

To answer accurately I'd need to inspect the codebase, e.g.:
- Look for a CLI entry point (likely something like `cli.py` or a `commands/init.py`) implementing the `init` subcommand.
- Look for probe-detection logic that calls into a probe library (e.g. pyOCD, probe-rs, or a custom wrapper) to enumerate connected debuggers and read their serial numbers.
- Look for the config-writing logic (e.g. a `Config`/`HilConfig` dataclass or TOML/YAML writer) that takes the detected serial and persists it.

If you can share the relevant files (such as the CLI module, any `probe`/`hardware` discovery module, and the config schema/writer module), I can give a precise, cited walkthrough of how `init` goes from ""ST-Link attached"" to ""serial recorded in config.""",False,False,False,,False,"The answer declines to identify any location, stating it lacks repository access, and only speculates about possible file names, which is too vague and non-committal.",0.012396,0.005296,0.0071,0.005296,,multi_hop,false
agentic_hil_q10,indexed,8726,427,0,0,2,False,end_turn,,6.232,2026-09-08T12:49:14Z,"Found it in `src/agentic_hil/tools.py`, in `flash_firmware` (lines 274-310):

```python
image_path = payload.get(""image_path"")
artifact_id = payload.get(""artifact_id"")
if bool(image_path) == bool(artifact_id):
    return tool_error(""flash_firmware"", ""invalid_argument"", ""Provide exactly one of image_path or artifact_id."")
```

When both `image_path` and `artifact_id` are present (both truthy), `bool(image_path) == bool(artifact_id)` evaluates to `True == True`, so the method short-circuits and returns a `tool_error` with `error_type` `""invalid_argument""` and the message `""Provide exactly one of image_path or artifact_id.""` — it never proceeds to permission checks for `reset_after_flash`, artifact validation/staging, or the actual `self.backend.flash_firmware(...)` call. (Note: the same check also rejects the case where neither is provided, since `False == False` is also `True`.)",True,True,True,src/agentic_hil/tools.py,True,"Answer names the correct file, function flash_firmware, and tool_error symbol, accurately describing the mutual-exclusivity check returning an invalid_argument error.",0.028387,0.021722,0.006665,0.021722,,trace,false
agentic_hil_q06,parametric,126,215,0,0,1,False,end_turn,,3.358,2026-09-08T12:49:24Z,"I don't have access to a specific codebase in this conversation—no repository content has been shared with me. Could you please provide the relevant source files or paste the code you'd like me to examine?

Once you share the repository (or the relevant files/directories), I can help locate where secrets are masked or redacted from captured process output, typically found in areas like:

- Logging utilities/formatters
- Subprocess output handlers
- Middleware that sanitizes responses before sending them to clients
- Configuration for secret detection/redaction (e.g., regex patterns for API keys, tokens, passwords)

Please share the code and I'll give you a precise answer with file paths and function/class names.",False,False,False,,False,"The candidate did not identify any location, stating it lacked access to the codebase and asking for files instead of committing to an answer.",0.008032,0.002402,0.00563,0.002402,,locate,false
agentic_hil_q24,indexed,38414,1477,0,0,3,False,end_turn,,20.656,2026-09-08T12:49:30Z,"## How a config edit reaches a running server

The MCP server does **not** watch the file or auto-reload it. It parses the config once at startup and keeps serving that in-memory object indefinitely (`src/agentic_hil/knowledge.py`, `RUNNING_SERVER_COMPARISON`). Picking up an edit on disk requires an explicit call:

- **`project_config_reload_description`** (MCP tool) / **`agentic-hil config-reload`** (CLI preview) — implemented via `reload_description()` in `src/agentic_hil/configreload.py`, invoked from `AgenticHilTools.reload_description()` in `src/agentic_hil/tools.py`.
- It takes no arguments, needs no permission (it writes nothing), and only re-reads four sections from disk: `target`, `debuggers`, `com_ports`, `can_buses` — each **minus** its `permissions:` block. Everything else (`version`, `workspace_root`, `state_root`, `debug`, `artifacts`, `validation`, `recovery`, `reports`, `logs`, and every permission anywhere) is untouched and still only adopted by a full server **restart**.
- On success, `tools.py`'s `reload_description` calls `self._swap_config(reloaded)` to atomically replace the config object all collaborators hold, at a defined point in the dispatch path (already serialized under `_lifecycle_lock`).
- A newly-appeared device arrives with **no grants at all** (can be probed/read, cannot be flashed/reset/written) until a restart binds it to permissions.

The CLI counterpart `config_reload()` in `src/agentic_hil/cli.py` doesn't act on a live server at all — it's only a preview/check, since a command-line invocation always loads the file fresh and never held a stale copy.

## What refuses the reload during an open run

The refusal is `RELOAD_IN_OPEN_RUN_ERROR` (`config_reload_in_open_run`), produced by `_open_run_refusal()` in `src/agentic_hil/configreload.py`. The check is driven by `AgenticHilTools.open_hardware_holds()` (in `tools.py`), which reports whether the coordinator's `bench_held` is true — covering:

- a declared **run** (`bench_run_start`/`bench_run_stop`),
- an open **COM** or **CAN** session (`com_session_start/stop`, `can_session_start/stop`),
- an open **debug session** (`debug_stop_session`),
- open **leases** outside a run (e.g. via `HardwareCoordinator.acquire`).

Separately, `_unresolved_incident()` in `tools.py` also blocks the reload (`resource_quarantined`) if the coordinator's incident is still standing, even after the leases that caused it are gone — because an operator is about to be told to physically check devices by name, and a rename mid-check would invalidate that.

The rationale (documented in `src/agentic_hil/knowledge.py`'s `config_reload_in_open_run` entry): open holds name physical devices by their configuration entry name, and the description on disk decides which physical unit each name refers to, so re-reading it mid-run could repoint a held name at a different board. The refusal commits nothing (`side_effect_committed: False`), is `retry_safe: True`, and clears automatically once the run/session/lease is closed — confirmed by tests like `test_refused_while_a_run_holds_the_bench` and `test_refused_while_a_lease_outside_a_run_holds_the_bench` in `tests/test_config_reload.py`.",True,False,True,src/agentic_hil/configreload.py,True,"It names configreload.py, reload_description, and _open_run_refusal, correctly describing explicit reload and the open-run refusal; missing only the secondary config_status/configstate detail.",0.106578,0.091598,0.01498,0.091598,,multi_hop,false
agentic_hil_q39,agentic,236244,4114,0,0,10,False,end_turn,,60.118,2026-09-08T12:51:48Z,"## Full path

**1. Plan → tool calls (`test_reactor.py`)**
`ExecuteBreakpointStep`/`run_until_breakpoint` (`_run_until_breakpoint_step`, `tool_calls`, and `_run_until_breakpoint` around `test_reactor.py:2364–2426, 2687`) turns the step's `location` argument into two tool calls: `debug_set_breakpoint` (with that `location`) followed by `debug_continue`. `breakpoint_symbol()` (`test_reactor.py:3455`) extracts the named symbol from whatever form the location took (bare string, `{symbol:}`, `{function:}`), returning `None` for a `{file, line}` location.

**2. Preflight refusals before anything runs (`TestReactor.preflight`, `test_reactor.py:2432‑2551`)**
Before any tool call is issued, the reactor can refuse the whole plan:
- Missing/ambiguous debugger name (`unnamed_refusal`, `name_refusal`).
- No active debug session, or session bound to a different debugger (`without_session` / `state.debug_session` checks).
- `permissions.allow_debug_execution` false → refused (""Resuming target execution requires allow_debug_execution…"") because `run_until_breakpoint` always calls `debug_continue`.
- Symbol resolution/allowlisting: `symbol = breakpoint_symbol(...)`; if `symbol is None` (a `{file, line}` location) and `config.debug.allow_all_symbols` is false → refused (file/line breakpoints require `debug.allow_all_symbols`). If a symbol *is* named but not in `symbol_allowed(config, symbol)` (`test_reactor.py:3464‑3465`, i.e. not in `config.debug.allowed_symbols` and `allow_all_symbols` is false) → refused as ""Symbol is not allowed by the authoritative debug config.""
- Backend-type mismatch: debug-session actions on a non-`openocd` debugger are refused via `_backend_debug_refusal`.

**3. Tool dispatch (`AgenticHILToolService`, `src/agentic_hil/tools.py:399‑407`)**
`debug_set_breakpoint` validates that `location` is a non-empty string or non-empty object (else `invalid_argument`), then forwards `{""location"": location}` to `self.backend.debug_set_breakpoint(...)`.

**4. Backend enforcement and GDB command (`GdbDebugBackend.set_breakpoint`, `src/agentic_hil/backends/gdbdebug.py:407‑452`)**
This is the actual gate that talks to GDB:
- `_require_session` refuses with `session_not_active` (no session/backend not running) or `resource_quarantined` (`cleanup_required`) if the session isn't usable.
- `normalize_breakpoint_location` (`gdbdebug.py:1807`) parses the location into `{""symbol"": name}` or `{""file"", ""line""}`, validating the symbol against `DEBUG_SYMBOL_PATTERN` or the file against `BREAKPOINT_FILE_PATTERN`/no `..`; otherwise `invalid_argument`.
- If it resolved to a symbol, `_validate_symbol` (`gdbdebug.py:1083‑1089`) re-checks the identifier pattern and that it's in `config.debug.allowed_symbols` (unless `allow_all_symbols`) → `permission_denied` again if not.
- If it resolved to `{file, line}` instead, it's refused unless `config.debug.allow_all_symbols` is set (`gdbdebug.py:421‑429`).
- Only after all that does it issue the real GDB/MI command: `self._gdb_command(session, f""-break-insert {mi_string(...)}"")`.

**5. What can still fail at the GDB layer itself**
- `_gdb_command` refuses outright if the audit latch (`self._audit_broken`) is already set (evidence log broken) — a non-containment command like this is blocked before reaching the target.
- If the MI response isn't `ok` or doesn't carry a parseable `number` field, the breakpoint is treated as unconfirmed: if the command timed out or otherwise ""executed"" ambiguously, a *provisional* breakpoint is recorded and the call fails with `cleanup_required`/`side_effect_status: unknown` (a lost ACK could mean GDB actually set it); otherwise it's reported through `_gdb_failure` (e.g. `symbol_not_found`, `symbol_ambiguous`, `timeout`, `debugger_error`) via `_symbol_failure`/`_gdb_failure`.
- If the audit log write itself fails right after a successful insert, the result comes back as `audit_broken` with `quarantined: True` even though the breakpoint is physically set.

So the refusal points on the way from plan to a live GDB breakpoint are: schema validation of the `location` shape, `test_reactor.py` preflight (session/debugger binding, `allow_debug_execution`, and the `allowed_symbols`/`allow_all_symbols` check), `tools.py`'s argument-shape check, and finally `gdbdebug.py`'s own re-validation (symbol pattern/allowlist, file/line `allow_all_symbols` gate, session liveness, audit-latch block) plus GDB's own MI response (symbol not found/ambiguous, timeout, unconfirmed insert).",True,False,True,src/agentic_hil/backends/gdbdebug.py,True,"The answer identifies both expected files and all four expected symbols (breakpoint_symbol, symbol_allowed, set_breakpoint, normalize_breakpoint_location), correctly tracing the plan-to-GDB path and refusal points.",0.528788,0.513628,0.01516,0.513628,,multi_hop,false
agentic_hil_q08,parametric,137,337,0,0,1,False,end_turn,,4.762,2026-09-08T12:52:52Z,"I don't have access to the codebase you're referring to—no repository content has been shared in our conversation. 

To answer your question about which module arbitrates exclusive access to a ""bench"" and what it hands a caller upon acquisition, I would need you to share:

1. The relevant source files (e.g., paths like `bench/manager.py`, `core/lock.py`, or similar)
2. Or grant me access to browse the repository structure

Could you please paste the relevant code or provide the repository contents? Once I can see the actual implementation, I can identify:
- The specific module/class responsible for bench access arbitration (e.g., a `BenchManager`, `BenchPool`, or similar construct)
- What object/handle it returns to callers—commonly this might be a context manager, a lock object, a session/handle wrapping the bench resource, or a lease token

If you're working with a specific well-known project, please let me know its name, and I can try to reason about it based on general knowledge, though I'd still recommend confirming against the actual source since implementation details can vary by version.",False,False,False,,False,"The answer declines to identify any location, stating it lacks codebase access, so it fails to name coordination.py, HardwareCoordinator, or HardwareLease.",0.010299,0.003644,0.006655,0.003644,,locate,false
agentic_hil_q37,indexed,28019,1256,0,0,3,False,end_turn,,16.515,2026-09-08T12:53:01Z,"## `decode_symbol_value` on non-1/2/4/8-byte data

Defined in `src/agentic_hil/backends/gdbdebug.py` (function `decode_symbol_value`, ~line 1733):

```python
def decode_symbol_value(data: bytes, order: JsonObject) -> JsonObject:
    byte_order = str(order[""byte_order""])
    result: JsonObject = {""hex"": data.hex(), **order}
    if len(data) in INTEGER_VALUE_WIDTHS:
        result[""value_unsigned""] = int.from_bytes(data, byte_order, signed=False)
        result[""value_signed""] = int.from_bytes(data, byte_order, signed=True)
    else:
        result[""value_not_decoded""] = ""size_bytes is not 1, 2, 4 or 8, so the bytes carry no single integer reading.""
    return result
```

For a length not in `INTEGER_VALUE_WIDTHS` (i.e. not 1, 2, 4, or 8), it does **not** invent a numeric reading: it omits `value_unsigned`/`value_signed` entirely and instead adds `value_not_decoded` with the message `""size_bytes is not 1, 2, 4 or 8, so the bytes carry no single integer reading.""` The raw bytes are still returned as `hex` (memory order), unaffected by this decision.

## Where the byte order comes from

The `order` argument is a dict (e.g. `{""byte_order"": ""little""|""big"", ""byte_order_from"": ""elf_header""|""default""}`) produced by `image_byte_order()` in `src/agentic_hil/backends/gdbdebug.py`. That function:

- Calls `read_elf_byte_order(elf_path)` (defined in `src/agentic_hil/elfsymbols.py`), which reads the ELF's `EI_DATA` byte from the file's identification header and reports `""little""` or `""big""`, or `None` if the file isn't a valid/readable ELF or declares neither.
- If a value was read from the ELF, it returns `{""byte_order"": declared, ""byte_order_from"": ""elf_header""}`.
- If nothing could be read (no valid EI_DATA), it falls back to `{""byte_order"": DEFAULT_SYMBOL_VALUE_BYTE_ORDER, ""byte_order_from"": ""default""}`.

The caller (`GDBDebugger.debug_symbol_value` in `gdbdebug.py`) passes `image_byte_order(str(session.artifact[""resolved_path""]))` — i.e., the ELF image that was loaded into and is running on the debug session — into `decode_symbol_value`. So the byte order used to interpret the raw memory bytes is read from the target's own ELF image's `EI_DATA` field (falling back to a documented default, e.g. little-endian for unsupported/undeclared images), rather than being fixed or configured elsewhere. The `decode_symbol_value` result then echoes this back unchanged via `**order` (the `byte_order` and `byte_order_from` fields).",True,True,True,src/agentic_hil/backends/gdbdebug.py;src/agentic_hil/elfsymbols.py,True,"Answer correctly identifies decode_symbol_value in gdbdebug.py skipping integer decode (value_not_decoded) for widths outside INTEGER_VALUE_WIDTHS, and byte order from image_byte_order via read_elf_byte_order in elfsymbols.py with default fallback.",0.080253,0.068598,0.011655,0.068598,,trace,false
agentic_hil_q18,agentic,79579,2350,0,0,9,False,end_turn,,31.527,2026-09-08T12:53:22Z,"I have sufficient information now.

## What `start_detached_run` does differently from a foreground plan run

`start_detached_run` (in `src/agentic_hil/runlifecycle.py`) does not run the plan itself at all — it launches the plan in a **separate, detached OS process** and returns almost immediately, rather than blocking until the whole plan finishes:

1. It mints a fresh **handle** with `new_run_handle()` (`run-<16 hex>`).
2. It calls `spawn_run_worker`, which uses `spawn_detached_process` (from `agentic_hil.process`) instead of a managed/job-object-bound child — deliberately, ""so a detached test run whose whole point is to outlive the command that started it would [not be] killed the moment that command returned."" The worker's stdout/stderr are redirected to a log file beside its record (`worker_log_path`), since nothing is left to read a pipe once the starting command returns.
3. Rather than waiting for the plan to complete, it only waits (up to `worker_publish_window_s(wait_s)`, polling `read_run_record`) for the worker to **publish** that it is either running (holding its devices) or already at a terminal state — i.e., it waits for the record to leave the `starting` state, not for the report.
4. It handles cases a foreground run doesn't need to: a worker process that exits before publishing anything (`run_worker_failed`), and a worker that never publishes within its window, in which case it proactively plants a **stop file** under the handle (`_plant_stop_after_unresponsive`) so that if the worker does come alive later it terminates at the next step boundary instead of running unsupervised.
5. On success it returns the handle plus pointers to check on it later (`test-reactor-status --run <handle>` / `test-reactor-stop --run <handle>`), instead of the plan's actual pass/fail result (unless the worker already finished inside the publish window, in which case `_detached_terminal_result` reports the verdict directly).

A foreground run, by contrast, executes the plan synchronously in the calling process and returns the final report/result directly — it never needs a handle, a lock, or a stop-request channel because the caller *is* the thing running it.

## What it writes so a later call can find the run again

Everything needed to look the run up later lives under `runs_directory(config)` (`derived_state_directory(state_root, ""coordination"", ""runs"")`), keyed by the handle:

- **`<handle>.json`** — the run record, written via `write_run_record`/`RunRegistration._write` (atomic write, retried on contention). It holds `version`, `state` (`starting` → `running` → `finished`/`stopped`), `name`, `test_config_path`, `started_at`/`updated_at`/`finished_at`, `progress`, `run_ok`, `error_type`, `report_path`/canonical report key, and `pid`. This is what `read_run_record`/`run_status` reads back to answer `test-reactor-status --run <handle>`.
- **`<handle>.lock`** — a lifetime lock (`_LifetimeLock`) held by the worker for as long as it runs; a later caller (`worker_is_gone`) can tell whether the process is still alive by attempting to acquire it, rather than trusting a pid.
- **`<handle>.log`** — the worker's captured stdout/stderr (`worker_log_path`, read by `worker_output`), used when there's no record/report to explain what happened.
- **`<handle>.stop`** (written later, by `request_run_stop`/`_plant_stop_after_unresponsive`) — the one-writer stop-request file a later `test-reactor-stop --run <handle>` call creates and the run polls for between steps.

The handle itself is what `start_detached_run` returns to the caller (`{""run"": handle, ...}`), and it's the only string later calls need to reconstruct all these paths (`record_path`, `lock_path`, `stop_path`, `worker_log_path`) and find the run again.",True,True,True,src/agentic_hil/runlifecycle.py,True,"Answer names runlifecycle.py, spawn_run_worker, and write_run_record, correctly describing detached process spawn plus the handle-keyed run record (and lock/log/stop files) used for later lookup.",0.194648,0.182658,0.01199,0.182658,,trace,false
agentic_hil_q04,indexed,8154,410,0,0,2,False,end_turn,,6.648,2026-09-08T12:53:58Z,"The module is **`src/agentic_hil/mcp.py`**.

Its top-level entry point `handle_mcp_message` (which delegates to `handle_single_mcp_message`) parses an incoming MCP JSON-RPC message, validates the envelope, and then calls `handle_method(request_id, method, params, tools)` to dispatch the request to the `AgenticHILToolService` (the tool service), turning exceptions into proper JSON-RPC error responses (`-32602`/`-32603`) as needed.

This is invoked from the stdio transport in `src/agentic_hil/stdio.py` (`run_stdio_server`), which reads each line from the input stream and passes it to the dispatcher in `mcp.py` along with an `AgenticHILToolService` instance.",True,True,True,src/agentic_hil/mcp.py,True,"The answer names the expected module src/agentic_hil/mcp.py and its dispatch functions handle_mcp_message and handle_method routing to the tool service, matching the expected location and behaviour.",0.026928,0.020408,0.00652,0.020408,,locate,false
agentic_hil_q40,agentic,243399,1838,0,0,15,True,tool_use,,62.694,2026-09-08T12:54:09Z,,False,False,False,,False,empty answer,0.505178,0.505178,0.0,0.505178,,multi_hop,false
agentic_hil_q04,parametric,132,131,0,0,1,False,end_turn,,2.488,2026-09-08T12:55:12Z,"I don't have access to a specific codebase in this conversation—no repository files have been shared with me yet. Could you please share the relevant source files or repository content (e.g., paste the code or provide the file listing/contents)? 

Once you provide the codebase, I can identify the specific module and function/class responsible for dispatching incoming MCP JSON-RPC messages to the tool service, and cite the exact file path.",False,False,False,,False,"The candidate did not identify any module or symbol, instead requesting the codebase, so it fails to name the expected mcp.py dispatch location.",0.007009,0.001574,0.005435,0.001574,,locate,false
agentic_hil_q26,indexed,14331,739,0,0,2,False,end_turn,,10.351,2026-09-08T12:55:19Z,"Both conversions live in `src/agentic_hil/gdbmi.py`:

- **Writing**: `write_intel_hex_file(file_path, start_address, data, *, workspace)` (src/agentic_hil/gdbmi.py:324-341) turns a symbol's raw memory bytes into Intel HEX records (using `intel_hex_record`, emitting extended linear address records at 64 KiB boundaries and an EOF record), then writes them atomically via `atomic_write_text`.

- **Reading**: `read_intel_hex_file(file_path, start_address, size_bytes)` (src/agentic_hil/gdbmi.py:350-401) parses an Intel HEX file back off disk, reconstructing exactly the `[start_address, start_address+size_bytes)` window of bytes (using `parse_intel_hex_record` per line), returning `None` if the window isn't fully and unambiguously covered.

These two functions are used together by the backends that implement symbol dumping/reading, e.g.:

- `src/agentic_hil/backends/gdbdebug.py` — `dump_symbol_ihex` calls `write_intel_hex_file` after reading memory via a live debug session.
- `src/agentic_hil/backends/pyocd.py` — `debug_dump_symbol_ihex` similarly calls `write_intel_hex_file` on bytes read via pyOCD's memory read (since pyOCD itself can't emit Intel HEX).
- `src/agentic_hil/backends/stlink.py` — `debug_symbol_value` calls `read_intel_hex_file` to parse back the `.hex` file that STM32CubeProgrammer's `-r` command wrote (since STLink's only memory-read mechanism is dumping to a file), and `debug_dump_symbol_ihex` lets the CLI write the Intel HEX directly, then validates it.",True,True,True,src/agentic_hil/gdbmi.py,True,"The answer names the correct file (src/agentic_hil/gdbmi.py) and the expected symbols write_intel_hex_file, read_intel_hex_file, and intel_hex_record, with accurate supporting detail.",0.044742,0.036052,0.00869,0.036052,,locate,true
agentic_hil_q34,agentic,10403,606,0,0,2,False,end_turn,,10.629,2026-09-08T12:55:33Z,"Confirmed via `src/agentic_hil/schemas/testconfig.schema.json` (readSymbol comparator description) and `docs/testing.md`/`docs/test-plan-contract.md`.

**The three claims a `read_symbol` comparator can make:**
- `equals` — the decoded value must equal exactly one number.
- `range` (with `min`/`max`) — the decoded value must fall within inclusive bounds.
- `mask` alongside `equals` — asserts `(value & mask) == equals`, i.e. a claim about specific bits (e.g. one flag of a status word) rather than the whole word.

Exactly one of `equals`/`range` is required, and `mask` may only accompany `equals` (not `range`).

**What `signed: true` selects:** it picks the *signed* interpretation of the decoded bytes rather than the unsigned one. The underlying tool (`debug_symbol_value`) returns both a signed and an unsigned reading of the same bytes, and the two only disagree above the top bit of the word; `signed: true` chooses which reading the comparator judges against. Because a mask is a claim about raw bits, `signed` is refused when `mask` is present rather than silently ignored.

Sources: `src/agentic_hil/schemas/testconfig.schema.json` (the `readSymbol` comparator description, around line 109), `docs/testing.md` (lines ~19–65), `docs/test-plan-contract.md`, and the implementation in `src/agentic_hil/test_reactor.py` (`_read_symbol`, and the comparator-evaluation table near line 141).",True,True,False,src/agentic_hil/test_reactor.py,True,"Answer correctly names equals, range, and mask+equals claims and that signed selects signed vs unsigned interpretation, citing test_reactor.py implementation.",0.039666,0.026866,0.0128,0.026866,,trace,true
agentic_hil_q29,parametric,133,355,0,0,1,False,end_turn,,4.571,2026-09-08T12:55:49Z,"I don't have access to the actual codebase to search for this file, so I can't identify the specific path with confidence. To answer accurately, I'd need to search the repository for something like:

- A JSON Schema file (e.g., `schema.json`, `test_plan_schema.json`) with `""additionalProperties"": false` (which makes it ""closed"")
- Python code that references `jsonschema.validate` alongside a schema defining `""actions""` or `""steps""` and their allowed keys

If you can share the repository structure or let me search specific directories (e.g., `schemas/`, `validation/`, or wherever test plan parsing occurs), I can pinpoint the exact file and cite it properly. Could you point me to the relevant module or allow me to search the repo?",False,False,False,,False,"The answer declines to identify any file or symbol, stating it cannot determine the location, rather than naming the testconfig.schema.json schema.",0.009851,0.003816,0.006035,0.003816,,locate,false
agentic_hil_q22,indexed,51068,1696,0,0,3,False,end_turn,,23.607,2026-09-08T12:55:56Z,"## How a CAN frame reaches a second process on a shared bus

This project models a shared CAN bus through a broker process (`src/agentic_hil/canbroker.py`), and the path a frame takes is entirely mediated by that single broker rather than by any direct peer-to-peer link between the two client processes.

**1. One broker process owns the physical bus.**
`CanBroker` (`src/agentic_hil/canbroker.py`) holds the bus lock and the single open adapter session for the bus's whole life (`CanBroker.__init__`, `take_bus`, `open_bus`). It listens for participant connections via a `multiprocessing.connection.Listener` (`publish()`), using local IPC only — `AF_UNIX` on POSIX or a named pipe on Windows, authenticated with an HMAC authkey (module docstring, `canbroker.py:36-96`).

**2. Each process attaches as a named participant.**
A client process calls `attach_participant()` / `_attach_with_broker()`/`_attach_once()`, which reads the broker's published descriptor and opens a `Client` connection, sending an `attach` message (`canbroker.py:1288-1447`). The broker's `serve()` loop accepts the connection and spawns a handler thread per connection (`_serve_connection`), which processes messages including `attach`, `send`, `read`, `detach` (`canbroker.py:604-725`).

**3. Sending: the first process writes to the medium.**
When process A calls `Participant.send()`, it sends a `""send""` message over its own connection to the broker. The broker's handler calls the real adapter's `send()` (via `session.adapter_session.send(frame)` reached through `_handle_send`/`canbroker.py:977-1000`), which actually puts the frame on the physical CAN bus/adapter. The broker logs this transmit in the whole-bus frame log with a sequence number (`self._log_bus({""event"": ""frame"", ""direction"": ""tx"", ...})`).

**4. Receiving: the broker is the only reader, and fans frames out.**
The broker is the sole reader of the adapter (`_draw_from_bus`, `canbroker.py:1002-1074`): ""a read is destructive at the controller, so a per-participant read would have been one participant stealing frames."" When any participant issues a `read` request (`_handle_read`), the broker draws frames from the adapter and, for **every** attached participant whose permissions and identifier filter (`filter_accepts`) match, appends the frame to that participant's own in-broker queue (`item.queue.append(...)`), recording which participants it was `delivered_to` in the bus log.

**5. Process B retrieves the frame from its queue.**
When process B (e.g., participant `beta`) later calls `Participant.read()`, this sends a `""read""` request to the broker; `_handle_read` first tries to draw fresh frames from the bus (`_draw_from_bus`) and then hands back whatever is sitting in `beta`'s participant-specific queue, up to `max_frames`.

So concretely: **A's `send()` → IPC message to broker → broker calls the real adapter's `send()` (frame hits the actual bus) → broker logs it → next adapter `read()` (triggered by any participant's read call, including B's) pulls the frame back off the bus and fans it into every matching participant's queue → B's `read()` request drains its own queue and returns the frame to B.** The frame never passes directly between the two processes; it is only ever exchanged as a message with the broker, which is the single owner of the physical bus and adapter (`CanBroker` docstring, `canbroker.py:519-526`).

This whole design and its rules (locking, permissions, `shares:` config, `listen_only`) are documented in `docs/can-service-design.md`, and the end-to-end behavior (send by one participant, fanned to and read by another, both logs correlated by `frame_seq`) is exercised in `tests/test_can_broker.py::test_a_sent_frame_is_attributable_in_both_logs`.",True,False,True,src/agentic_hil/canbroker.py,True,"Answer correctly identifies CanBroker in canbroker.py as the mediator, describing IPC send, adapter transmit, sole-reader fan-out into per-participant queues, and the second process's read.",0.141051,0.119096,0.021955,0.119096,,multi_hop,true
agentic_hil_q26,agentic,26369,794,0,0,4,False,end_turn,,13.328,2026-09-08T12:56:27Z,"Found it in `src/agentic_hil/gdbmi.py`:

- **Writing**: `write_intel_hex_file()` (line 324) turns a symbol's raw memory bytes into Intel HEX text using `intel_hex_record()` (line 344) to build each `:llaaaatt<data>cc` line, then commits it via `atomic_write_text`.
- **Reading**: `read_intel_hex_file()` (line 350) is the inverse — it reads the `.hex` file back off disk, parses each line with `parse_intel_hex_record()` (line 407), and reconstructs the byte window `[start_address, start_address+size_bytes)`. This exists specifically because STM32CubeProgrammer's `-r` (used by the ST-Link backend) only writes an Intel HEX file and has no other read path — see the docstring's reference to `src/agentic_hil/backends/stlink.py` (issue #249).

These are used by the debug-dump-symbol flow (e.g. `debug_dump_symbol_ihex` calls exercised in `tests/test_debug_sessions.py`) and by `src/agentic_hil/backends/stlink.py` (around lines 467–558) when staging/reading `symbol-value.hex`.",True,True,True,src/agentic_hil/gdbmi.py,True,"The answer names the correct file (src/agentic_hil/gdbmi.py) and all three expected symbols (write_intel_hex_file, read_intel_hex_file, intel_hex_record) with accurate behavioral descriptions.",0.068403,0.060678,0.007725,0.060678,,locate,true
agentic_hil_q27,parametric,135,386,0,0,1,False,end_turn,,6.572,2026-09-08T12:56:45Z,"I don't have access to any codebase content in this conversation—no files, repository structure, or source code have been shared with me. I can't identify where a machine-wide mutex for probe/serial port access control is implemented without being able to inspect the actual codebase.

To help you find this, I'd need either:

1. **Access to the repository** (if this is meant to be connected to a codebase browsing tool), or
2. **You to paste relevant code/files** you suspect might contain this logic, or
3. **The repository name/location** if you expect me to have prior knowledge of it (though I should note I can't browse external repos in real-time)

If you can share the relevant source files or describe the project structure, I can help you search for:
- Named mutex or lock implementations (e.g., `Mutex`, `FileLock`, OS-level named mutexes)
- Device/port enumeration code that might reference a lock file path
- Platform-specific locking (e.g., `/tmp/lock-*` on Unix, named mutex on Windows via `CreateMutex`)
- Serial port or probe management classes that guard `open()`/`connect()` calls

Please share the relevant code or clarify how you'd like to provide codebase access.",False,False,False,,False,"The answer declines to identify any location, stating it lacks codebase access, so it fails to name bench.py or BenchMutex.",0.010745,0.00413,0.006615,0.00413,,locate,true
agentic_hil_q28,indexed,17365,557,0,0,2,False,end_turn,,8.245,2026-09-08T12:56:54Z,"The reactor is the `TestReactor` class in **`src/agentic_hil/test_reactor.py`**.

- `TestReactor.run()` is the top-level entry point that drives a loaded `TestConfig` plan end-to-end (preflight → execute → cleanup → report).
- The actual walk over the plan's steps happens in `TestReactor.execute_steps()`, which iterates a `Sequence[TestStep]` in order, recording each and stopping at the first failure (also descending into `repeat` blocks).
- For each individual step, `TestReactor.execute_step()` resolves the step to the device it names (via `self.step_device(step)`) and calls `device.execute(step)`, driving that step against exactly the device it addresses.

The per-device execution logic itself lives in the `StepDevice` subclasses (e.g. `DebuggerRunner` for debugger steps), which ""serve"" the actions named in the plan — see the `StepDevice` docstring in `test_reactor.py` around line 1109, and the description in `docs/testing.md` (""Test Reactor"" section) confirming this is the component that ""executes a strict, sequential YAML or JSON test plan against the named devices in the authoritative config.""",True,True,True,src/agentic_hil/test_reactor.py,True,"The answer names the correct file (src/agentic_hil/test_reactor.py) and the expected symbols TestReactor, TestStep, and StepDevice, accurately describing the step-walking and per-device dispatch behavior.",0.047775,0.0403,0.007475,0.0403,,locate,false
agentic_hil_q27,agentic,13555,296,0,0,2,False,end_turn,,6.12,2026-09-08T12:57:06Z,"The machine-wide mutex is `BenchMutex`, defined in `src/agentic_hil/bench.py`. It uses OS-level file locks under a home-directory lock root (see `tests/test_bench_mutex.py` and `src/agentic_hil/coordination.py`, which describes it as ""the same home-directory mutex every session uses"" to prevent two processes from driving the same probe/board/serial port simultaneously).",True,True,True,src/agentic_hil/bench.py,True,"The answer names BenchMutex in src/agentic_hil/bench.py and describes the file-lock root behaviour, correctly identifying the primary location and mechanism.",0.035805,0.03007,0.005735,0.03007,,locate,true
agentic_hil_q03,parametric,126,1173,0,0,1,False,end_turn,,12.334,2026-09-08T12:57:17Z,"I don't have access to the actual codebase content in this conversation, so I can't point to a specific file or class that implements such a broker. Could you share the relevant source files or the repository structure? With that I can identify the exact module/class responsible for allowing multiple processes to share a single physical CAN bus.",False,False,False,,False,"The candidate declined to answer, stating it lacked codebase access, and failed to identify canbroker.py or the CanBroker/BrokerDescriptor symbols.",0.017417,0.011982,0.005435,0.011982,,locate,true
agentic_hil_q25,indexed,38375,1797,0,0,3,False,end_turn,,24.22,2026-09-08T12:57:33Z,"## How the report proves the audit log wasn't tampered with

The mechanism has two layers: a **tamper-evident canonical ledger** written outside the agent's reach, and a **`canonical_audit` evidence block** attached to reports at read time so any divergence is visible to the reader.

### 1. A trusted, hash-chained canonical copy under `state_root`

Every hardware-effect line the agent's tools write to a workspace log is also mirrored into a canonical copy kept under the operator-pinned `state_root` (outside the workspace the agent can freely edit) via `append_canonical_audit_log` and `write_audit_log` in `src/agentic_hil/report.py`:

- Each canonical log has a sidecar `.digest` file storing `sequence`, `chain_sha256`, and `bytes`.
- On each append, the new chain digest is `sha256(previous_chain_sha256 + new_text)` — a classic hash chain (`src/agentic_hil/report.py:105-130`, `append_canonical_audit_log`).
- Before appending, the code checks that the on-disk file size still matches the sidecar's recorded `bytes`; if not, it fails closed with `coordination_state_invalid` rather than extending a chain that no longer matches its own log (`src/agentic_hil/report.py:105-130`).
- A full-file rewrite (e.g., a GDB session snapshot) goes through `write_audit_log`, which also refreshes the canonical copy and recomputes the chain digest over the whole content (`src/agentic_hil/report.py:133-150`).

This canonical file+sidecar pair is the trusted anchor; the workspace-visible log is explicitly documented as an ""untrusted mirror"" (`docs/security-design.md`).

### 2. Verifying the untrusted workspace mirror against the canonical anchor

`canonical_audit_evidence` (`src/agentic_hil/report.py:160-197`) reads the canonical file and its sidecar and compares against the workspace log:

- Returns `canonical_log_present`, `canonical_log_name` (basename only — the absolute state-root path is never exposed), `log_sequence`, and `log_chain_sha256`.
- Then checks `workspace_log_verified`: every line in the canonical log must appear, in the same order, as an ordered subsequence within the workspace log (`_is_ordered_subsequence`). Extra passive lines (e.g., COM RX feedback that was never mirrored) are tolerated, but deletion, alteration, or reordering of any canonical (effect) line makes `workspace_log_verified` false.
- If the canonical sidecar/log itself can't be read, it reports `canonical_log_corrupted: True` distinctly from ""no canonical log,"" so corruption of the trusted anchor is never confused with benign absence.

### 3. Surfacing this proof in the report an agent reads back

`attach_canonical_audit_evidence` (`src/agentic_hil/report.py:200-214`) takes a result/report, resolves its `log_path`, computes `canonical_audit_evidence` against it, and merges the evidence in as a `canonical_audit` field — computed fresh at read time, not baked into the stored report.

This is wired into the read-back tools:
- `get_last_report` in `src/agentic_hil/tools.py:468-473` calls `attach_canonical_audit_evidence` on the report before returning it.
- `classify_last_error` → `classify_failure_report` in `src/agentic_hil/report.py:856-880` likewise attaches it to the classification result.

So when an agent calls `get_last_report` or `classify_last_error`, the response carries a `canonical_audit` block with `log_sequence`, `log_chain_sha256`, and `workspace_log_verified`. If the workspace log was edited, reordered, or deleted underneath the agent, `workspace_log_verified` will be `false` even though the canonical, hash-chained copy under `state_root` remains intact — giving the reader proof the ledger held (or didn't) independent of what the workspace file currently shows.

Tests confirming this behavior: `tests/test_hardening.py::test_workspace_audit_log_tampering_is_detected`, `test_canonical_evidence_detects_reordered_effect_lines`, `test_canonical_evidence_tolerates_extra_passive_workspace_lines`, and `test_report_api_surfaces_canonical_audit_evidence`; also `tests/test_sessions_devices_coordination.py::test_a_corrupt_or_mismatched_audit_sidecar_fails_the_append_closed`.

Documentation of the design intent is in `docs/security-design.md` and `docs/test-plan-contract.md` (""Whether the ledger held"").",True,True,True,src/agentic_hil/tools.py;src/agentic_hil/report.py,True,"The answer identifies attach_canonical_audit_evidence, canonical_audit_evidence, and append_canonical_audit_log in report.py plus the tools.py read-back wiring, matching expected files and symbols with accurate detail.",0.10831,0.09472,0.01359,0.09472,,multi_hop,false
agentic_hil_q16,agentic,40004,1839,0,0,7,False,end_turn,,27.225,2026-09-08T12:58:00Z,"Now I have enough context to answer comprehensively.

## `HardwareLease.quarantine`

`quarantine(reason, error=None, *, audit_broken=False)` (`src/agentic_hil/coordination.py:486`) delegates to `HardwareCoordinator.quarantine_lease` → `_quarantine_registered_lease` (`coordination.py:1082`, `:2249`). It:

- Marks the lease as **not cleanly finished**: sets `lease.state = ""cleanup_required""`.
- Assigns/reuses a `coordinator.quarantine_id`, stamping it onto `lease.quarantine_id`.
- Adds the resources this lease holds to `coordinator.incident_resources` and sets `coordinator.blocked = True`, i.e. it **opens (or extends) a machine/project-wide incident** that blocks other leases/holds on those resources until resolved.
- Appends a detailed entry (reason, timestamp, quarantine_id, optional error type/summary) to `lease.errors`, which feeds `cleanup_reasons()`/`status()` and is what gates future recovery.
- Marks the audit as broken (`audit_incident`) if `audit_broken=True`, and persists the lease and project records to disk (`_persist_lease`, `_persist_project(""cleanup_required"")`), re-normalizing sibling quarantined markers if the incident set grew.

So `quarantine` is used when a lease's teardown **cannot be trusted** (e.g., safe state not confirmed, processes not reaped, audit broken) — it leaves the lease/resource in a blocked, incident state that requires explicit recovery (a ""gate"") before the resource can be reused.

## `HardwareLease.release`

`release(*, safe_state_confirmed=True, processes_reaped=True, audit_ok=True)` (`coordination.py:478`) delegates to `HardwareCoordinator.release_lease` (`:990`). It:

- Only proceeds if the lease is valid and either `active` or in a retryable cleanup state.
- If `safe_state_confirmed`, `processes_reaped`, and `audit_ok` are all true, it **actually tears the lease down cleanly**: persists the lease as `""released""`, releases its locks, releases any bench holds, removes it from `coordinator.leases`, clears its `errors`/`quarantine_id`, and marks `lease.valid = False`.
- If any of the confirmation flags is false, `release_lease` itself calls `_quarantine_registered_lease` internally instead of releasing — i.e. **an unclean release turns into a quarantine** rather than completing.
- If a genuine failure occurs while persisting/releasing (e.g. I/O error), it also falls back to quarantining the lease as a retryable incident (`LEASE_RELEASE_RETRY_REASON`) rather than silently succeeding.

## Key difference

- `release` is the **normal, successful teardown path**: it returns the resources/locks and erases the lease's error state, and only takes the coordinator's lock/incident-blocking path as a fallback when confirmation fails or persistence errors occur.
- `quarantine` is the **explicit ""this did not end well"" path**: it never frees resources or locks; instead it puts the lease (and the resources it holds) into a durable `cleanup_required`/incident state, tracked via `quarantine_id`, that blocks further use of those resources until an operator or recovery process resolves it. It's essentially the internal mechanism `release` falls back on when its confirmation arguments (`safe_state_confirmed`, `processes_reaped`, `audit_ok`) aren't all true, or when the release itself fails.",True,True,True,src/agentic_hil/coordination.py,True,The answer identifies HardwareLease.quarantine and release in src/agentic_hil/coordination.py and accurately describes quarantine's incident/cleanup_required blocking state versus release's clean teardown with quarantine fallback.,0.110053,0.098398,0.011655,0.098398,,trace,false
agentic_hil_q09,parametric,134,277,0,0,1,False,end_turn,,4.007,2026-09-08T12:58:31Z,"I don't have access to a specific codebase in this conversation—no repository files have been provided for me to search through.

To find the demo firmware driving USART2 on a Nucleo F446RE board, I'd need you to share the repository contents or provide the codebase for me to examine. Once you do, I can look for:

- Files typically named something like `main.c`, `usart.c`, or board-specific examples (e.g., `nucleo_f446re.c`)
- Directories such as `examples/`, `demo/`, or `boards/nucleo_f446re/`
- USART2 initialization code (often referencing `USART2` peripheral handles, GPIO pins like PA2/PA3, or HAL functions like `HAL_UART_Init`)

If you can paste the relevant file tree or share the repository, I'll pinpoint the exact file path and function names for you.",False,False,True,,False,"The candidate declined to answer, stating it lacked codebase access, and failed to identify examples/nucleo-f446re_demo/Src/main.c or any specific location.",0.009423,0.003038,0.006385,0.003038,,locate,false
agentic_hil_q13,indexed,19720,1063,0,0,3,False,end_turn,,15.403,2026-09-08T12:58:38Z,"## `spawn_command` in `src/agentic_hil/backends/common.py`

`spawn_command` returns a `CompletedCommand` dataclass, and it distinguishes the two failure modes via distinct fields on that object rather than by exception type or return code:

**Executable not there (missing file):**
- Catches `FileNotFoundError` from `spawn_managed_process`
- Returns `CompletedCommand(stdout="""", stderr="""", returncode=None, timed_out=False, not_found=True)`
- Only `not_found=True` is set; `not_executable_reason` stays at its default of `None`.

**Executable is there but the host refuses to run it:**
- Catches a general `OSError` (checked *after* `FileNotFoundError`, since `ENOENT` is a special case of `OSError`), but only re-raises if `error.errno` is not in `EXEC_REFUSED_ERRNOS` — otherwise it treats it as an exec refusal.
- Returns `CompletedCommand(stdout="""", stderr="""", returncode=None, timed_out=False, not_found=False, not_executable_reason=..., spawn_error=str(error))`, where `not_executable_reason` is set to:
  - `NOT_AN_EXECUTABLE_IMAGE_REASON` if `error.errno == errno.ENOEXEC` (the file exists but isn't something this machine can run as a program — e.g. wrong architecture, missing shebang), or
  - `PERMISSION_DENIED_REASON` for other refused-exec errnos (e.g. missing execute bit).
- Here `not_found=False`, and `not_executable_reason` is non-`None` (exposed via the `CompletedCommand.not_executable` property).

So the two cases are told apart by which flag is populated: `not_found=True` for a missing executable vs. `not_executable_reason` set (with `not_found=False`) plus `spawn_error` carrying the OS's own message for one that exists but won't execute. Callers use this distinction downstream — e.g. `not_executable_refusal` in the same file builds a `""debugger_not_executable""` error (as opposed to the corresponding `*_NOT_FOUND` error backends use for `not_found`), explicitly noting ""The counterpart of every backend's `*_NOT_FOUND` constant... What it may not be is the same refusal.""",True,True,True,src/agentic_hil/backends/common.py,True,"Answer names the correct file and identifies spawn_command returning CompletedCommand with not_found for a missing executable versus not_executable_reason/refusal for one that won't run, citing not_executable_refusal.",0.062005,0.05007,0.011935,0.05007,,trace,false
agentic_hil_q11,agentic,6857,473,0,0,3,False,end_turn,,8.953,2026-09-08T12:58:58Z,"## Answer

In `HilTools.flash_firmware` (`src/agentic_hil/tools.py`, lines 274–312), if `self.backend.flash_firmware(...)` raises any exception, the code sets `self._symbol_elf = None` before re-raising the exception (lines 295–308).

The rationale documented inline: a backend that raised may have contacted or partially written the target, so the bench's previously remembered ELF symbol source can no longer be trusted to describe what's actually on the board. Since `_remember_symbol_elf` (the normal path that decides whether to keep/update the symbol ELF, lines 314–338) only runs on a *returned* result and is never reached on an exception, `flash_firmware` explicitly clears `self._symbol_elf` itself before propagating the exception — ensuring a later ST-Link symbol dump can't resolve against a build that a failed flash may have replaced.",True,True,True,src/agentic_hil/tools.py,True,"The answer correctly locates flash_firmware in src/agentic_hil/tools.py and states it clears the remembered _symbol_elf (setting it to None) before re-raising, matching the expected invalidation behavior.",0.030869,0.018444,0.012425,0.018444,,trace,false
agentic_hil_q12,parametric,152,289,0,0,1,False,end_turn,,4.272,2026-09-08T12:59:13Z,"I don't have access to any source files in this conversation—no codebase content has been provided—so I can't locate `listen_only_send_refusal` or inspect its implementation, return value, or the surrounding architecture (tool layer vs. adapter layer). 

To answer accurately, I'd need the actual file(s) containing this function, e.g. something like the tool/bus abstraction module where `listen_only` mode is checked. If you can share the relevant source file(s) or repository path, I can give a precise answer with citations.",False,False,True,,False,"The answer declines to identify any location or behaviour, stating it cannot access the codebase, so it fails to name the expected file or symbols.",0.008844,0.003194,0.00565,0.003194,,trace,false
agentic_hil_q32,indexed,9018,827,0,0,2,False,end_turn,,10.317,2026-09-08T12:59:20Z,"## `read_elf_symbol` behavior for zero-size vs. absent symbols

Both cases return `{""ok"": False, ...}`, but with a different `reason`, defined in `_read_symbol` in `src/agentic_hil/elfsymbols.py`:

- **Zero size (`entry[""size""] > 0` is false for every defined match)** → `reason: ""no_size""`. The function tracks a `defined` flag that becomes `True` whenever a matching, non-`SHN_UNDEF` symbol table entry is found, but such entries are only added to the `found` set (address/size pairs) when their size is greater than zero. If nothing ends up in `found` but `defined` is `True`, the reason returned is `""no_size""` — meaning the name exists in the symbol table (e.g., a bare assembler label with no `.size` directive) but carries no usable size.

- **Name not carried at all** → `reason: ""not_found""`. If no entry in the symbol table ever matches the name (or only undefined `SHN_UNDEF` entries match, i.e. declared-but-not-defined), `defined` stays `False`, and the reason is `""not_found""`.

The code comment makes the distinction explicit:

> ""`defined` separates the two silences: a name the table does not carry at all is `not_found`, and a name it carries without a size is `no_size`. The caller reports which, because the fix differs: add the symbol, or add the `.size` directive behind it."" (`src/agentic_hil/elfsymbols.py`)

This is also exercised in `tests/test_debug_sessions.py` (`test_elf_symbol_table_refuses_what_it_cannot_answer`), where:
- `[(""main"", ...)]` looked up as `""g_pfnVectors""` (absent entirely) → `reason: ""not_found""`.
- `[(""g_pfnVectors"", addr, 0)]` (symbol present, size 0) → `reason: ""no_size""`.

Practically, in `src/agentic_hil/backends/gdbdebug.py`, this distinction feeds into `error_type`/`summary` reporting downstream (e.g., `""symbol_not_found""` vs. a generic resolution failure), so callers can tell whether to add the missing symbol or add a `.size` directive.",True,True,True,src/agentic_hil/elfsymbols.py,True,"The answer identifies the correct file and both symbols, and accurately distinguishes the ""no_size"" reason for zero-size symbols from ""not_found"" for absent names.",0.035191,0.026306,0.008885,0.026306,,trace,true
agentic_hil_q05,agentic,20151,550,0,0,3,False,end_turn,,8.339,2026-09-08T12:59:34Z,"The JUnit XML for a plan run is produced in `src/agentic_hil/junit.py`, specifically:

- `junit_xml_document()` builds the XML document (a pure function of the run's JSON result and, optionally, the loaded plan steps).
- `write_junit_xml()` writes that document to the path given via `--junit-xml` (creating parent directories as needed).
- `result_with_junit_xml()` is called from `src/agentic_hil/reactorrun.py` (`run_plan`) after a normal run completes, wrapping `write_junit_xml` and recording success/failure of the write back into the result.
- `write_refusal_junit_xml()` handles the refusal cases (e.g. a plan that never loads), called from both `src/agentic_hil/reactorrun.py` and `src/agentic_hil/cli.py` (`run_test_reactor`).

The CLI wiring is in `src/agentic_hil/cli.py`: the `--junit-xml` argument is defined around line 490, and `run_test_reactor()` (around line 3225) passes `junit_xml` through to `run_plan()` in `reactorrun.py`, which calls `result_with_junit_xml` to actually produce the file.",True,True,True,src/agentic_hil/junit.py,True,"The answer names src/agentic_hil/junit.py and both expected symbols, junit_xml_document and write_junit_xml, with accurate supporting detail on CLI wiring.",0.052847,0.045802,0.007045,0.045802,,locate,false
agentic_hil_q35,parametric,139,109,0,0,1,False,end_turn,,2.248,2026-09-08T12:59:46Z,"I don't have access to the actual codebase content in this conversation—no files have been provided for me to inspect. Could you share the relevant source file (e.g., the module containing the `BenchMutex` class), or point me to its path in the repository so I can review the `acquire` method's implementation?",False,False,True,,False,"The candidate declines to answer, stating no access to the codebase, and identifies no file, symbol, or behavior.",0.006433,0.001368,0.005065,0.001368,,trace,true
agentic_hil_q31,indexed,16899,1042,0,0,2,False,end_turn,,13.735,2026-09-08T12:59:52Z,"## Answer

The primary test proving this is **`test_two_state_roots_on_one_board_see_each_other`** in `tests/test_bench_mutex.py` (lines ~199–247).

This test directly reproduces ""the 2026-08-02 incident"" where two live sessions held the same board (a Nucleo) but couldn't see each other's hold because the lock was mistakenly kept beside each session's own state. The test:

1. Spawns a **child subprocess** with its own state directory (`child_environment(tmp_path / ""child-state"")`, setting `LOCALAPPDATA`/`XDG_STATE_HOME`), which calls `HardwareCoordinator.begin_run(['physical:bench-board'], ...)` to take a hold on `bench-board`.
2. In the **parent process**, points `LOCALAPPDATA`/`XDG_STATE_HOME` at a *different* directory (`tmp_path / ""parent-state""`) — i.e., a different `state_root`.
3. Has the parent's `HardwareCoordinator.acquire(BOARD)` attempt to take the same board, and asserts it raises `CoordinationError` with `error_type == ""device_busy""`, naming the child's PID and label as the holder.

This confirms that the device lock (`BenchMutex`, keyed under `~/.agentic-hil/device-locks`) is machine-wide and independent of `state_root`, so a hold taken by one process is correctly visible to a second process running against an entirely different `state_root`.

A companion assertion in the same file, `test_the_lock_lives_beside_the_home_not_the_state_root` (around `tests/test_bench_mutex.py:77-90`), backs this up structurally by asserting that the lock directory root is never inside `config.state_root` and is not a parent/child of it — i.e., that the lock location is deliberately decoupled from `state_root` so this cross-process visibility holds.

Related but distinct tests that also exercise ""hold visible elsewhere"" scenarios (not specifically about differing `state_root`, but about the same guarantee in other contexts):
- `tests/test_run_lifecycle.py::test_a_killed_worker_leaves_the_bench_to_the_machinery_that_already_owns_it` — checks a hold record is visible/consistent after a worker is killed.
- `tests/test_virtualized_user_paths.py::test_the_audit_repair_read_still_holds_the_configured_resource_id` — checks a lock taken by a ""stranger"" `BenchMutex` blocks a service instance with a broken `state_root`.",True,True,True,tests/test_bench_mutex.py,True,"The answer names the expected file tests/test_bench_mutex.py and the exact test test_two_state_roots_on_one_board_see_each_other, referencing BenchMutex and device_busy error behavior accurately.",0.053978,0.044218,0.00976,0.044218,,locate,false
agentic_hil_q08,agentic,21609,775,0,0,4,False,end_turn,,13.527,2026-09-08T13:00:10Z,"The module is **`src/agentic_hil/bench.py`**, specifically the `BenchMutex` class (the file itself notes it is deliberately *not* a config setting but the actual ""bench lock"", see the module docstring around line 14/66).

A caller acquires exclusive access to physical devices/bench resources via `BenchMutex.acquire(resources, wait_s=..., stop_requested=...)`. This is an all-or-nothing lock over the sorted resource names: it returns a `list[str]` of the resource names it *newly* took (an already-held device contributes nothing to that list, since a second acquire by the same owner just increments a holder count rather than re-locking). If the devices are already held by someone else, it raises `DeviceBusyError` (naming the current holder) or, if a wait was requested and stopped cooperatively, `DeviceWaitStoppedError`.

So the ""hand"" the caller gets back is simply the list of resource names it now exclusively holds — the actual exclusivity state (who owns what) is tracked internally by `BenchMutex` via its `owner` (`BenchOwner`) and `_held` dict, with `held_resources()`/`holds()` letting the caller check its current holdings afterward.",False,False,False,,False,"The answer names bench.py/BenchMutex returning a list of resource names, not the expected coordination.py HardwareCoordinator handing back a HardwareLease object.",0.057983,0.050968,0.007015,0.050968,,locate,false
agentic_hil_q07,parametric,131,337,0,0,1,False,end_turn,,4.573,2026-09-08T13:00:28Z,"I don't have access to search the actual codebase in this session, so I can't locate a file that defines an `agentic_hil` fixture. I don't see any reference to that fixture name or plugin in what's available to me, so I can't confirm its existence or location—I'd be guessing if I gave a specific path.

If you can share the relevant directory listing or grep results (e.g., `grep -r ""agentic_hil""`), I can pinpoint the exact file and plugin registration (likely via a `pytest_plugins` entry or `conftest.py`/`setup.cfg` `[options.entry_points]` under `pytest11`).",False,False,True,,False,"The candidate explicitly declines to identify any file or symbol, stating it cannot determine the answer, so it fails to name the expected pytest_plugin.py location.",0.009632,0.003632,0.006,0.003632,,locate,false
agentic_hil_q06,indexed,102104,1557,0,0,5,False,end_turn,,25.846,2026-09-08T13:01:00Z,"## Answer

Secrets are masked out of captured process output at two points, both funneled through the same core function, `redact_sensitive` in **`src/agentic_hil/redact.py`**:

1. **Key-name pass**: `redact_sensitive` (and its helper `_redact_member`) replaces the value of any secret-named field (`*_token`, `*secret`, `password`, `api_key`, `authkey`) with `[redacted]`.

2. **Content pass on captured streams**: For any value stored under a recognized stream key (`stdout`, `stderr`, at any depth — handled by `_redact_stream_member`), `redact_stream_text` (also in `src/agentic_hil/redact.py`) additionally masks URL userinfo (`_mask_url_userinfo`), `Authorization: Bearer`/`Basic` header values, and secret-named assignments/query parameters inside the text itself — since a manager's stderr can echo a credential embedded in a URL or command line rather than under a secret-named key.

This is applied at the actual exit points from the server/process before anything leaves it:

- **MCP tool responses**: `call_tool` in `src/agentic_hil/mcp.py` calls `redact_sensitive(result)` to build `safe_result`, which becomes both the `structuredContent` and the serialized `content[0].text` returned to the MCP client.
- **CLI machine/human output**: `emit_result` and `emit_protocol_error` in `src/agentic_hil/cli.py` run the result through `redact_sensitive` before `print_json` or rendering to the terminal, and fail closed (emit a `redaction_unavailable` refusal) if redaction doesn't return a dict.
- **Eval/log capture** (a related but separate sink for the install-eval harness, not the MCP server itself): `evals/install/redaction.py` provides `SecretRedactor`/`RedactingLogWriter`, used by `run_logged` in `evals/install/runner.py` to redact process output as it streams to a log file, and `redact_value` used in `evals/install/runner.py` before writing `result.json`.

So the canonical masking logic lives in `src/agentic_hil/redact.py` (`redact_sensitive`, `redact_stream_text`, `_redact_member`, `_redact_stream_member`), and it's invoked at the server's actual output boundaries in `src/agentic_hil/mcp.py::call_tool` and `src/agentic_hil/cli.py::emit_result`/`emit_protocol_error`.",True,True,True,src/agentic_hil/redact.py,True,"The answer identifies src/agentic_hil/redact.py with both expected symbols, redact_sensitive and redact_stream_text, plus accurate supplementary detail about call sites.",0.229048,0.219778,0.00927,0.219778,,locate,false
agentic_hil_q22,agentic,119531,2729,0,0,8,False,end_turn,,37.276,2026-09-08T13:01:29Z,"## How a frame gets from one process to another on the same CAN bus

The mechanism is the **CAN broker** (`src/agentic_hil/canbroker.py`), which sits between multiple processes and the single physical adapter. Design rationale is in `docs/can-service-design.md`.

**1. One broker owns the physical bus.** When a `can_buses` entry has a `shares:` section, a single broker process holds the bus's exclusive device lock and opens the adapter exactly once (`CanBrokerService`/`_broker_home` machinery in `canbroker.py`). Each participating process (""participant"") connects to it over a local `AF_UNIX` socket (or a named pipe on Windows) rather than opening the adapter itself, authenticated via a per-broker HMAC authkey, with the peer additionally proving it holds the bus lock via `probe_bus_lock`.

**2. Sending.** When participant A sends a frame, its `send` message is handled by `CanBrokerService._handle_send` (`canbroker.py:920`). After permission/filter/size checks, it calls `self.adapter_session.send(frame)` — the one shared adapter session — putting the frame on the physical/virtual wire, and logs the transmit to the whole-bus frame log (`self._log_bus(...)`, `bus_frame_log`).

**3. Reading back off the wire and fan-out.** The broker is the *only* reader of the adapter (comment at `canbroker.py:1030`: ""a read is destructive at the controller, so a per-participant read would have been one participant stealing frames""). When any participant issues a `read` request, `_handle_read` (`canbroker.py:1002`) first tries to satisfy it from that participant's own already-queued frames; if there aren't enough, it calls `_draw_from_bus` (`canbroker.py:1027`), which performs the actual `adapter_session.read(...)` call once, then **fans the resulting frames out to every attached participant** whose declared view accepts them:

```python
for name, item in sorted(self.participants.items()):
    if not item.share.permissions.allow_read or not filter_accepts(item.share, wire[""id""], wire[""extended""]):
        continue
    ...
    item.queue.append({**wire, ""frame_seq"": seq})
```
(`canbroker.py:1052-1066`)

So process B's frame (sent via process A) becomes visible on the wire, gets pulled off it the next time *any* participant polls, and is appended to process B's own per-participant queue (`attached.queue`) if B's `CanShareConfig` permits reading and its identifier filter accepts that frame ID (`filter_accepts`).

**4. Retrieval.** Process B eventually calls `read`, which `_handle_read` serves out of `attached.queue` (draining/consuming its own budget of `max_frames`), returning the frame to B.

**Key points:**
- Delivery is *read-driven fan-out*, not push: frames only move off the physical adapter into participants' queues when some participant requests a read (`_draw_from_bus`), at which point all eligible participants get a copy.
- Each participant has its own bounded queue (`_receive_queue_bound`) and its own view/filter (`CanShareConfig`, `filter_accepts`), so a process only ever sees frames matching its configured filter and permissions.
- The whole-bus frame log (`bus_frame_log`, written via `_log_bus`) records both the tx and rx sides so a frame is attributable in every participant's own report.
- Bus-wide faults (adapter raising/reporting failure) abort every participant via `_raise_bus_incident`; a participant-scoped failure (filter violation, budget exhaustion) aborts only that participant, per the ""Incidents"" rules in `docs/can-service-design.md`.",True,False,False,src/agentic_hil/canbroker.py,True,"The answer correctly identifies the broker (canbroker.py) as the single adapter owner that fans out frames read off the wire into each participant's filtered queue, matching the expected mechanism.",0.288722,0.266352,0.02237,0.266352,,multi_hop,true
agentic_hil_q36,parametric,138,223,0,0,1,False,end_turn,,3.452,2026-09-08T13:02:15Z,"I don't have access to the actual codebase content to inspect the ""adoption plan"" logic or the debugger entry/probe_id handling you're describing, so I can't determine the answer from the repository. Could you point me to the specific file(s) or module (e.g., a debugger/adoption plan implementation path) so I can review the relevant code and give you an accurate, cited answer?",False,False,False,,False,"The candidate declines to answer, stating it cannot access the codebase, and identifies no file, symbol, or behaviour.",0.007766,0.002506,0.00526,0.002506,,trace,false
agentic_hil_q09,indexed,13364,644,0,0,2,False,end_turn,,11.661,2026-09-08T13:02:22Z,"The demo firmware that drives USART2 on the Nucleo-F446RE board lives in `examples/nucleo-f446re_demo/`, specifically in the single source file **`examples/nucleo-f446re_demo/Src/main.c`**.

Key details from that file:
- `usart2_init()` — configures GPIOA pins PA2/PA3 as USART2 TX/RX (AF7), enables the GPIOA and USART2 clocks, and sets up USART2 at 115200 baud (using `USART2_BRR_115200_PCLK16MHZ`), enabling RX/TX (`USART_CR1_RE | USART_CR1_TE | USART_CR1_UE`).
- `__io_putchar()` — implements the low-level character write used by `printf`, polling `USART2_SR` for `TXE` before writing to `USART2_DR`.
- `main()` — calls `usart2_init()` and `systick_init()`, then prints `""Hello World\n""` over USART2, and blinks the LD2 LED in a loop via `delay()`.

This is described in `examples/nucleo-f446re_demo/README.md`, which explains that the firmware prints ""Hello World"" on USART2 (PA2/PA3, routed to the ST-LINK virtual COM port at 115200 baud) at boot, then blinks LD2 — ""No HAL, no external dependencies: the whole program is `Src/main.c`.""

The accompanying `testconfig.yaml` in that same directory (referenced in `tests/test_test_reactor.py`) drives the flash → uart_open → reset → uart_read sequence that asserts on the ""Hello World"" banner produced by this firmware.",True,True,True,examples/nucleo-f446re_demo/Src/main.c,True,"The answer names the expected file examples/nucleo-f446re_demo/Src/main.c and describes main() and the USART2_DR writes, matching the expected location and behaviour.",0.041033,0.033168,0.007865,0.033168,,locate,false
agentic_hil_q36,agentic,22106,806,0,0,4,False,end_turn,,13.181,2026-09-08T13:02:36Z,"Based on `src/agentic_hil/adopt.py`:

When `plan_adoption` (in `adopt.py`) compares the debugger entry's `configured_probe_id` against the `discovered` probe from the discovery result and finds they differ (after folding hardware IDs for comparison), it calls `_different_board(debugger_name, configured, discovered)` and returns that result immediately instead of proceeding.

`_different_board` refuses the **entire plan**, not just the `probe_id` field:
- Returns `ok: False`, `error_type: ""hardware_mismatch""`, `field: ""probe_id""`.
- Nothing is planned and nothing is written — this is not treated as a per-key `kept` decision.
- The rationale (documented in its docstring) is that the identity keys aren't independent: `probe_id` names a board, while `target.controller`, the COM device, and the backend executable all describe *that* board. Carrying over the unset fields while keeping a `probe_id` naming a different probe would create a configuration that loads and passes `doctor` but is silently wrong (debugger pointed at one board, UART at another).
- It reports `debugger_id`, `configured_probe_id`, and `discovered_probe_id` in the result.
- The `next_step` tells the operator to either attach the board the entry is configured for, or name the entry matching the attached board via `debugger_id`, noting that repointing a configured entry at a different probe is an operator's manual edit, not something this adoption path performs.
- `retry_safe` is `False`.",True,True,True,src/agentic_hil/adopt.py,True,"It correctly identifies adopt.py's plan_adoption detecting the mismatch via configured_probe_id and returning _different_board, which refuses the whole plan as a hardware mismatch.",0.062257,0.052272,0.009985,0.052272,,trace,false
agentic_hil_q33,parametric,147,252,0,0,1,False,end_turn,,4.385,2026-09-08T13:02:53Z,"I don't have access to search the actual codebase in this session, so I can't locate the `read_intel_hex_file` function's source or confirm its exact behavior. Could you point me to the specific file (e.g., its repository path) containing this function, or paste its implementation? That would let me give a precise, cited answer about how it handles incomplete coverage of the requested window or conflicting duplicate-address writes.",False,False,True,,False,"The candidate did not identify any file, symbol, or behavior, explicitly stating it could not locate the function and asking for more information.",0.008204,0.002814,0.00539,0.002814,,trace,true
agentic_hil_q18,indexed_topk3,75823,3330,0,0,7,False,end_turn,,50.451,2026-09-08T13:03:02Z,"## What `start_detached_run` does differently

`start_detached_run` (in `src/agentic_hil/runlifecycle.py`) is the detached counterpart to a foreground run, which is done by `run_plan`/`run_registered_plan` (`src/agentic_hil/reactorrun.py`): a foreground run calls `RunRegistration.take(...)` and then `run_registered_plan` *in the calling process*, blocking until the plan finishes and returning the terminal report directly.

`start_detached_run` instead:

1. Validates `wait_s`, then mints a fresh handle with `new_run_handle()` (`run-<16 hex chars>`).
2. Calls `spawn_run_worker(config, handle, test_config_path, wait_s=wait_s)`, which launches the plan in its own OS process via `spawn_detached_process` rather than a managed/kill-on-close child — deliberately, so the run outlives the command that started it (`spawn_run_worker` docstring, `runlifecycle.py:914-928`).
3. Instead of running the plan itself, it polls `read_run_record(config, handle)` in a loop (bounded by `worker_publish_window_s(wait_s)`) waiting only until the worker's record leaves the `RUN_STARTING` state — i.e. until the worker has taken its devices and published `running` (or already ended). As soon as that happens it returns to the caller, while the plan keeps executing asynchronously in the spawned process (`runlifecycle.py:743-785`).
4. Handles the failure windows a foreground run doesn't need to: if the worker process exits before publishing anything (`run_worker_failed`, using `WORKER_EXIT_GRACE_S`) or never publishes at all inside the window (`run_worker_unresponsive`), it plants a stop request under the handle so that if the worker eventually wakes it ends immediately at its next step boundary rather than running unattended after being reported as failed.

So the essential difference is: a foreground run executes the plan and returns its final result in one call; `start_detached_run` hands the plan to an independent process and returns as soon as that process is confirmed alive/running (or has already reached a terminal state), giving the caller a handle instead of waiting for completion.

## What it writes so the run can be found again

Everything is keyed off the handle and lives under `runs_directory(config)` (`derived_state_directory(..., ""coordination"", ""runs"")`), via helper paths in `runlifecycle.py:123-160`:

- **`record_path` → `runs/<handle>.json`**: written by `RunRegistration.take` (`runlifecycle.py:543-590`) inside the spawned worker. It atomically writes the initial record (`version`, `run`, `name`, `test_config_path`, `report_path`, `detached: true`, `pid`, `started_at`, state `RUN_STARTING`), then updates it to `running` and finally to a terminal state. This is the file `run_status`/`request_run_stop` read later via `read_run_record`.
- **`lock_path` → `runs/<handle>.lock`**: an OS-level lifetime lock (`_LifetimeLock`) held by the worker for the run's duration, used to detect a dead worker (`worker_is_gone`) versus one still legitimately running.
- **`worker_log_path` → `runs/<handle>.log`**: the worker's stdout/stderr, opened before the worker is spawned, so a run that dies before publishing a record still leaves diagnostic output for a caller to read.
- **`stop_path` → `runs/<handle>.stop`**: written by `request_run_stop` (or defensively by `start_detached_run` itself when a worker is unresponsive) as a cooperative stop signal the running process polls between steps.
- The report path recorded in the JSON record (`report_path`, plus the canonical per-run report file) is where the plan's final output ends up, so a later caller looking up the handle can also find the report.

The returned handle (`result[""run""]`) is thus the key a later call (`run_status`, `request_run_stop`, etc.) uses to locate `runs/<handle>.json` and act on the same run.",True,True,True,src/agentic_hil/runlifecycle.py,True,"It names runlifecycle.py, start_detached_run's spawn of a detached worker via spawn_run_worker, and the handle-keyed runs/<handle>.json run record used by later status/stop calls.",0.206136,0.184946,0.02119,0.184946,,trace,false
agentic_hil_q22,indexed_topk3,102265,2351,0,0,7,False,end_turn,,43.872,2026-09-08T13:04:00Z,"I now have enough detail to answer thoroughly.

## Path a CAN frame takes from one process to another

The two processes never talk to each other directly. Each process is a **participant** attached to a single **`CanBroker`** process that owns the real (or fake) adapter for that bus. The broker is the sole reader/writer of the medium and fans frames out to every attached participant. Concretely:

1. **One broker per physical bus, many participant processes.** `CanBroker` (`src/agentic_hil/canbroker.py`) holds the machine-wide bus lock and the single `adapter_session` for the bus's whole life (""Owns the bus lock and the adapter for its whole life... the broker is the only writer""). It publishes a `multiprocessing.connection.Listener` (`CanBroker.publish`) at an endpoint recorded in a `BrokerDescriptor` file, along with a random per-broker `authkey`.

2. **Attach.** Each process that wants to use the bus connects to that broker as a client via `multiprocessing.connection.Client` using the shared authkey (`_attach_once` in `canbroker.py`), and sends an `""attach""` message identifying its participant name. The broker records it as an `_Attached` entry (name, permissions/share config, its `Connection`, and its own inbound `queue: list[JsonObject]`) in `self.participants`.

3. **Sending.** When process A calls `can_send` (`Session.send` invoked from `src/agentic_hil/can.py`'s `AgenticHILToolService.send`), the request travels over that process's `Connection` to the broker, which dispatches it to `CanBroker._handle_send` (`canbroker.py`). This method:
   - checks permissions/listen-only mode,
   - calls the broker's single `adapter_session.send(frame)` — the one place a frame actually reaches the physical/virtual wire,
   - increments `self.frame_seq` and appends a `""frame""`/`""tx""` event to the whole-bus JSONL log (`bus_frame_log`).

4. **Receiving.** The broker is also the only reader of the adapter. `CanBroker._draw_from_bus` calls `self.adapter_session.read(...)` once and then fans each received frame out to *every* attached participant whose permissions/filters accept it, appending the wire frame (tagged with `frame_seq`) to that participant's own in-memory `item.queue` (in `_Attached.queue`) and logging `delivered_to` in the bus log.
   - Because sends go through the same adapter as reads (real hardware/vcan loops the frame back, or the socketcan/virtual bus naturally delivers it to other listeners), a frame process A sent shows up in the adapter's next read and is then delivered into process B's queue by this fan-out step — this is how the second process actually gets it (unless `receive_own_messages` is off, in which case the *sending* participant's own queue is not one of the ones it's delivered to, per `test_receive_own_messages_reads_back_the_frame_the_same_session_sent`).

5. **Process B's `can_read`.** When process B calls `can_read`, its request goes to `CanBroker._handle_read`, which first checks its own `attached.queue`; if not enough frames are queued it triggers `_draw_from_bus` to pull more off the adapter, then pops frames off `attached.queue` and returns them over B's own `Connection`.

So the delivery path is:
**Process A → its Connection → `CanBroker._handle_send` → `adapter_session.send()` (real/virtual CAN medium) → (next) `CanBroker._draw_from_bus()` reading `adapter_session.read()` → fan-out into `_Attached.queue` for every permitted participant, including Process B → `CanBroker._handle_read` → Process B's Connection → Process B.**

Key files/classes: `src/agentic_hil/canbroker.py` (`CanBroker`, `_Attached`, `_handle_send`, `_draw_from_bus`, `_handle_read`, `_attach_once`, `Participant`), and `src/agentic_hil/can.py` (`AgenticHILToolService.send`, adapter session abstraction).",True,True,True,src/agentic_hil/can.py;src/agentic_hil/canbroker.py,True,"Names both expected files and the CanBroker fan-out mechanism as the primary delivery path, despite omitting frame_to_wire and slightly misnaming the can.py service class.",0.251525,0.22804,0.023485,0.22804,,multi_hop,true
agentic_hil_q39,indexed_topk3,73182,4580,0,0,5,False,end_turn,,55.289,2026-09-08T13:04:53Z,"## The path from a plan step to a GDB breakpoint

**1. Plan parsing.** A test-plan step naming a symbol is read as a `TestStep`, e.g. `action: run_until_breakpoint` with `location: {symbol: ...}` (or a bare `debug_set_breakpoint` step with `location`). (`src/agentic_hil/test_reactor.py`, `docs/testing.md`)

**2. Reactor preflight (before anything talks to GDB).** For debug breakpoint-type steps, the reactor's `preflight` classmethod (`src/agentic_hil/test_reactor.py:2497‑2551`) runs several checks *before* any tool call is issued:
- If the action is `run_until_breakpoint`, it refuses immediately unless `debugger.permissions.allow_debug_execution` is true, since this step always resumes execution.
- It extracts the target symbol via `breakpoint_symbol(step.arguments.get(""location""))` (for `run_until_breakpoint`) or `step.arguments.get(""symbol"")`.
- If there's no symbol (a file/line breakpoint) and `config.debug.allow_all_symbols` is false, it refuses with a permission-denied error citing `ALLOW_ALL_SYMBOLS_PERMISSION`.
- If there is a symbol and `symbol_allowed(config, symbol)` is false (checked against the authoritative debug config), it refuses with `permission_denied`.

Only a step that survives preflight goes on to generate tool calls.

**3. Tool call construction.** `RunUntilBreakpointStep.tool_calls` (`test_reactor.py:2422‑2429`) turns the step into `(""debug_set_breakpoint"", {""location"": ...})` followed by `debug_continue` if a timeout was given. These calls are dispatched through the bound `AgenticHILToolService`.

**4. Service-level validation.** `AgenticHILToolService.debug_set_breakpoint` (`src/agentic_hil/tools.py:399‑406`) re-validates the payload shape: `location` must be a non-empty string or non-empty dict, else `invalid_argument`. It then forwards `{""location"": location}` to the debugger backend.

**5. Backend (`GdbDebug.set_breakpoint`, `src/agentic_hil/backends/gdbdebug.py:407‑439`):**
- `self._require_session(tool)` — refuses `session_not_active` if there's no live session/GDB process, or `resource_quarantined`/`cleanup_required` if the session needs cleanup first (`gdbdebug.py:875‑881`).
- `normalize_breakpoint_location(tool, location)` — canonicalizes a string or `{symbol|function}`/`{file,line}` dict into `{""symbol"": ...}` or `{""file"",""line""}`; refuses `invalid_argument` for anything else, and validates symbol names against `DEBUG_SYMBOL_PATTERN` (a strict C/C++ identifier regex) or file paths against `BREAKPOINT_FILE_PATTERN` with no `..` (`gdbdebug.py:1807‑1824`).
- If the location resolved to a symbol, `self._validate_symbol(tool, symbol)` re-checks the identifier pattern and enforces `config.debug.allow_all_symbols` / `config.debug.allowed_symbols`, refusing with `permission_denied` if the symbol isn't allowlisted (`gdbdebug.py:1082‑1087`).
- If the location is a file/line instead of a symbol, it requires `config.debug.allow_all_symbols`, else `permission_denied`.

**6. Only now is GDB touched:** `self._gdb_command(session, f""-break-insert {mi_string(normalized['gdb_location'])}"")` issues the actual GDB/MI insert. The response is parsed for a numeric `number` field; if `-break-insert` fails or times out, the breakpoint is not recorded as committed (seen in `tests/test_debug_sessions.py::test_breakpoint_insert_ack_loss_requires_backend_reconciliation`, which shows a timed-out insert reported as `side_effect_status: ""unknown""`, `cleanup_required: True`, with a `provisional_breakpoint` whose `backend_id` is `None`, and the coordinator becoming blocked pending reconciliation).

If the insert succeeds, the breakpoint is recorded in `session.breakpoints` and the session log is written; if writing the audit log then fails, `set_breakpoint` still reports failure (`audit_broken`, `quarantined`, `cleanup_required`) even though the breakpoint is physically set (`gdbdebug.py:432‑439`).

## What can refuse it, in order

1. **Reactor preflight** (`test_reactor.py`): `allow_debug_execution` missing (for `run_until_breakpoint`), `allow_all_symbols` missing for non-symbol locations, or `symbol_allowed()` failing the allowlist — all refused before any tool call.
2. **Service payload check** (`tools.py::debug_set_breakpoint`): malformed/empty `location` → `invalid_argument`.
3. **Backend session check** (`gdbdebug.py::_require_session`): no active session → `session_not_active`; session needing cleanup → `resource_quarantined`/`cleanup_required`.
4. **Location normalization** (`normalize_breakpoint_location`/`normalize_symbol_location`): non-identifier symbol or unsafe file/line spec → `invalid_argument`.
5. **Backend symbol/file authorization** (`_validate_symbol`, or the `allow_all_symbols` check for file/line): symbol not in `debug.allowed_symbols` and `allow_all_symbols` false → `permission_denied`.
6. **The actual GDB/MI exchange**: a failed or timed-out `-break-insert` leaves the operation unconfirmed (`side_effect_status: ""unknown""`), forcing cleanup/reconciliation rather than silently succeeding.
7. **Post-insert audit write**: even after GDB accepts the breakpoint, a failed audit-log write reports the call as failed (`audit_broken`, `quarantined`) despite the side effect already being committed.",True,True,True,src/agentic_hil/test_reactor.py;src/agentic_hil/backends/gdbdebug.py,True,"The answer traces the plan step through test_reactor.py preflight (breakpoint_symbol, symbol_allowed) into gdbdebug.py set_breakpoint and normalize_breakpoint_location, naming all expected files and symbols plus accurate refusal points.",0.208904,0.192164,0.01674,0.192164,,multi_hop,false
agentic_hil_q30,indexed_topk3,6104,644,0,0,2,False,end_turn,,10.816,2026-09-08T13:05:52Z,"The harness you're looking for is **`tools/bench_battery.py`**, documented in **`docs/bench-battery.md`**.

It runs this project's own bench checks against an already-installed `agentic-hil` product and a target project directory, driving everything through `agentic-hil` subcommands (version, doctor, list-ports, list-probes, check-plan, reset, run-evidence, permission grant/revoke, etc.) rather than through the pytest-based test tiers. As the module docstring in `tools/bench_battery.py` puts it, it ""proves an installation... the same set of questions the two published test tiers ask, asked through the product's own commands rather than through pytest, so a bench that has no checkout of this repository can still be measured.""

Usage:
```
python tools/bench_battery.py --project ~/work/my-firmware
python tools/bench_battery.py --project ~/work/my-firmware --hardware
```
- Without `--hardware`: runs checks needing no probe (version, port inventory, probe listing, board-free plan check).
- With `--hardware`: also runs checks needing the probe/board (doctor, real reset, project's own plan, a plan whose claim can't hold, permission revoke/grant, and evidence built from the run).

This is distinguished from the pytest-based hardware testing described in `docs/testing.md` (the `agentic_hil` pytest plugin/fixture), which drives permission-gated tools directly inside pytest rather than through the installed CLI.",True,True,False,tools/bench_battery.py,True,"The answer names tools/bench_battery.py as the CLI-driven bench harness and accurately describes its behavior, matching the expected primary location.",0.025908,0.018648,0.00726,0.018648,,locate,false
agentic_hil_q04,indexed_topk3,13653,353,0,0,3,False,end_turn,,9.255,2026-09-08T13:06:06Z,"The dispatch logic lives in `src/agentic_hil/mcp.py`, specifically in `handle_mcp_message` (which fans out batched requests) and `handle_single_mcp_message`, which validates the JSON-RPC envelope and then calls `handle_method(request_id, method, params, tools)` to route the request (e.g. `tools/call`, `tools/list`, etc.) to the `AgenticHILToolService` instance passed in as `tools`.",True,True,True,src/agentic_hil/mcp.py,True,"The answer names the correct module (src/agentic_hil/mcp.py) and the key dispatch functions handle_mcp_message and handle_method routing to the tool service, matching expectations.",0.036761,0.030836,0.005925,0.030836,,locate,false
agentic_hil_q23,indexed_topk3,29015,1871,0,0,4,False,end_turn,,31.54,2026-09-08T13:06:18Z,"Here's the chain from a plan run to reviewer-visible evidence, and the guards on it.

## Path: plan run → PR evidence

1. **A plan runs.** `agentic-hil test-reactor --test-config <plan> --json --junit-xml <path>` executes the plan's steps and writes a run report (JSON) — success or failure/refusal — naming the plan and its own JSONL event logs (`docs/ci-examples.md`).

2. **The report is turned into a bundle.** `agentic-hil run-evidence --report <report> --out <dir>` (implemented in `src/agentic_hil/runevidence.py`) reads only that report and the workspace (never touches hardware or config), and writes three things:
   - `run-summary.json` — the machine-readable outcome, plan/digest, firmware commit, tool versions, bench identity (by config digest), failing step/error type.
   - `job-summary.md` — the same run as prose/table for a human reviewer (appended to `$GITHUB_STEP_SUMMARY` on GitHub, printed/kept as an artifact on GitLab).
   - `logs/` — copies of the JSONL event logs.

3. **CI uploads it as artifacts** with `if: always()` / `when: always`, so both green and red runs produce evidence (`docs/ci-examples.md`, `docs/github-action-design.md`).

## What stops secrets leaking into that evidence

The two summaries (the parts meant to be read by anyone, including on a public repo/PR) go through layered redaction in `src/agentic_hil/runevidence.py` and `src/agentic_hil/redact.py`:

- **Key-name pass** (`redact_sensitive`): any field named like `token`, `password`, `api_key` is masked outright — the same function used everywhere else results are printed (`print_json`, rendered CLI results).
- **Content pass on prose** (`redact_stream_text`): unlike the ordinary key-name-only pass (which deliberately skips prose to avoid eating an operator's diagnosis), every string headed into `run-summary.json`/`job-summary.md` is content-scanned for credential shapes — URL userinfo, `Authorization: Bearer/Basic` headers, `token=`-style assignments — masking only the credential span so the surrounding diagnostic sentence stays readable.
- **Identity sweep**: run on top of both passes to strip things that are neither secret-named nor credential-shaped but still identify the bench — device paths, serials, lock keys — replacing them with logical device names / config digest instead.
- **Fail-closed on redaction failure**: if redaction can't vouch for the document (doesn't hand back a dict), the command doesn't print the raw result — it writes a `redaction_unavailable` refusal (`REDACTION_UNAVAILABLE_ERROR`, `src/agentic_hil/knowledge.py`) into `run-summary.json`/`job-summary.md` instead, collects no logs, and exits nonzero. The same fail-closed rule governs `emit_result`/`emit_protocol_error` in `src/agentic_hil/cli.py`.

**The one deliberate exception is `logs/`.** These are copied byte-for-byte, unredacted, because they must still verify against the hash-chained canonical copies kept under the bench's `state_root`; editing them would break that verification. So a backend that itself printed a secret into its own log leaves that secret in the mirror — that's treated as the backend's bug to fix, not the bundle's to paper over. This is why `logs/` is explicitly *not* uploaded onto the public job page/PR comment (only the two summaries are treated as world-readable); it goes into the artifact store, which is a private-by-default decision left to the repository owner.

This is documented in `docs/testing.md` (""The evidence bundle for CI"") and mirrored in the docstring of `src/agentic_hil/runevidence.py`.",True,True,True,src/agentic_hil/runevidence.py;src/agentic_hil/redact.py,True,"The answer identifies runevidence.py (write_run_evidence bundle producing job-summary.md) and redact.py's redact_sensitive as the secret guard, matching the expected files and symbols with accurate detail.",0.088765,0.07674,0.012025,0.07674,,multi_hop,false
agentic_hil_q11,indexed_topk3,7056,628,0,0,2,False,end_turn,,9.063,2026-09-08T13:06:53Z,"## Answer

In `flash_firmware` (`src/agentic_hil/tools.py:274-310`), when the underlying `self.backend.flash_firmware(...)` call raises any exception, the tool **explicitly clears the remembered symbol-source ELF** by setting `self._symbol_elf = None` inside the `except BaseException:` block, and then re-raises the exception (`raise`).

The reasoning, per the inline comment, is:

- A backend that raises may have contacted or partly written the target, so the ELF the bench previously remembered can no longer be proven to describe the image actually on the board.
- `_remember_symbol_elf` (the helper that normally records a successfully-flashed image as the trusted symbol source) only runs on a *returned* result, never on a raised exception — so it's never reached in this failure path.
- Because the coordination/dispatch wrapper reports the physical side effect as `""unknown""` in this case, the code proactively drops the previously trusted ELF rather than leaving it in place, ensuring a later symbol-based operation (e.g., an ST-Link memory dump by symbol) can't resolve an address against a build that the failed flash may have overwritten.

This behavior is confirmed by the test `test_flash_that_raises_drops_the_previously_trusted_symbol_source` in `tests/test_debug_sessions.py:1939-1967`, which shows that after a successful flash sets `service._symbol_elf`, a subsequent raising flash results in `result[""side_effect_status""] == ""unknown""` and `service._symbol_elf is None`.",True,True,True,src/agentic_hil/tools.py,True,The answer names the right file and symbols and correctly describes clearing the remembered ELF (_symbol_elf = None) on backend exception before re-raising.,0.031477,0.020392,0.011085,0.020392,,trace,false
agentic_hil_q37,indexed_topk3,21432,1255,0,0,4,False,end_turn,,19.949,2026-09-08T13:07:06Z,"## `decode_symbol_value`'s handling of unsupported widths

`decode_symbol_value` is defined in `src/agentic_hil/backends/gdbdebug.py` (lines ~1733–1756). It always returns `hex` (the raw bytes in memory order, unchanged regardless of length). For integer readings, it checks `len(data) in INTEGER_VALUE_WIDTHS` (i.e. 1, 2, 4, or 8 bytes). If the length is anything else, it does **not** attempt to interpret the bytes as a number; instead it sets:

```python
result[""value_not_decoded""] = ""size_bytes is not 1, 2, 4 or 8, so the bytes carry no single integer reading.""
```

No `value_unsigned`/`value_signed` keys are produced in that case — the function's docstring explains the rationale: a 3-byte or 408-byte object ""is not a number,"" so inventing an interpretation would be inventing an answer rather than returning one.

## Where the byte order comes from

The `order` argument passed to `decode_symbol_value` is a dict produced by `image_byte_order()` (also in `src/agentic_hil/backends/gdbdebug.py`), which returns `{""byte_order"": ..., ""byte_order_from"": ...}`. That function:

- Calls `read_elf_byte_order(elf_path)` to read the ELF's `EI_DATA` field.
- If the ELF declares an order, returns `{""byte_order"": declared, ""byte_order_from"": ""elf_header""}`.
- If it can't determine one (e.g., a stub/truncated file), falls back to `{""byte_order"": DEFAULT_SYMBOL_VALUE_BYTE_ORDER, ""byte_order_from"": ""default""}`.

The rationale (per the docstring) is that the target/GDB memory read (`-data-read-memory-bytes`) and STM32CubeProgrammer's `-r` both return bytes in raw memory order with no notion of byte order, so only the ELF image itself can state how its integers should be interpreted (via `EI_DATA`).

This `image_byte_order` result flows into `decode_symbol_value` via callers such as `pyocd.py`'s `debug_symbol_value` (`resolved[""image_byte_order""]`, set during `_prepare_symbol_read`), or directly in tests/doubles like `tests/test_test_reactor.py`'s `symbol_value_result`, which hardcodes `{""byte_order"": ""little"", ""byte_order_from"": ""default""}` to mimic an image that declares no order.",True,False,True,src/agentic_hil/backends/gdbdebug.py,True,"Correctly locates decode_symbol_value in gdbdebug.py, the INTEGER_VALUE_WIDTHS check leaving non-1/2/4/8 bytes undecoded, and byte order from image_byte_order/read_elf_byte_order's ELF EI_DATA with default fallback.",0.071384,0.055414,0.01597,0.055414,,trace,false
agentic_hil_q20,indexed_topk3,100863,3310,0,0,7,False,end_turn,,45.911,2026-09-08T13:07:39Z,"Now I have the full path traced. Here's the answer:

## Path from `flash_firmware` MCP call to the ST-Link programmer

1. **Transport / RPC layer** — An agent's `tools/call` JSON-RPC request is received and validated (name lookup, schema validation against `TOOL_SCHEMAS` built from `MCP_TOOLS`) by `handle_mcp_message` (`src/agentic_hil/mcp.py`), which then invokes `AgenticHILToolService.call(""flash_firmware"", arguments)`.

2. **Service dispatch** — `AgenticHILToolService.call` acquires the bench lock/dispatch bookkeeping and invokes the bound `flash_firmware` method in `src/agentic_hil/tools.py`. That method:
   - re-enters through `self.call(...)` if not already inside a locked dispatch (`self._dispatch_depth == 0` guard),
   - checks `self.debugger_permissions.allow_flash`,
   - validates that exactly one of `image_path`/`artifact_id` is given, and that `reset_after_flash` is a bool (requiring `allow_reset` if true),
   - resolves/stages the artifact via `self.artifacts` (`validate_local_path`/`resolve_artifact_id`, `stage_for_backend`),
   - finally calls `self.backend.flash_firmware(staged_artifact, reset_after_flash)`.

3. **Backend layer (ST-Link)** — When the bound debugger is `stlink`, `self.backend` is a `STLinkBackend` (`src/agentic_hil/backends/stlink.py`). Its `flash_firmware` method:
   - re-checks `self.config.debugger.permissions.allow_flash` and the exclusive-permission gates (`allow_raw_debugger_commands`, `allow_mass_erase`),
   - builds the ST-Link CLI argument list (`-w <path>`, an optional flash address for `.bin` artifacts, `-v`, and `-rst` if resetting),
   - calls `self._run_stlink(""flash_firmware"", [...connection args..., ...write args...])`.

4. **Process execution** — `_run_stlink` (`src/agentic_hil/backends/stlink.py`) resolves the configured debugger executable, builds the full `invocation(...)` command line, and calls `spawn_command(...)` to actually run the ST-Link/STM32CubeProgrammer CLI subprocess with a timeout, capturing stdout/stderr into a log file (`self._write_log`) and turning the result into the tool's JSON report (`_write_action_report`, `_finish_log_audit`, etc.).

So the call chain is: **MCP `tools/call` → `handle_mcp_message` → `AgenticHILToolService.call` → `tools.py: flash_firmware` → `backends/stlink.py: STLinkBackend.flash_firmware` → `_run_stlink` → `spawn_command` (actual ST-Link CLI subprocess)**.

## What refuses it when flashing is disabled

The refusal happens at **two independent layers**, both reading the same authoritative field, `DebuggerConfig.permissions.allow_flash` (`src/agentic_hil/types.py`, `DebuggerPermissions`), loaded from the authoritative project config:

- **Service layer** — `AgenticHILToolService.flash_firmware` (`src/agentic_hil/tools.py`) checks `self.debugger_permissions.allow_flash` first thing and returns `tool_error(""flash_firmware"", ""permission_denied"", ""Flashing is disabled by the authoritative config."", ...)` before any artifact staging happens.
- **Backend layer** — `STLinkBackend.flash_firmware` (`src/agentic_hil/backends/stlink.py`) redundantly re-checks `self.config.debugger.permissions.allow_flash` (and also refuses if `allow_raw_debugger_commands` or `allow_mass_erase` is set, via `_exclusive_permission_denied`, per the mutual-exclusion policy documented in `docs/security-design.md` and enforced via `EXCLUSIVE_FLASH_PERMISSIONS` in `src/agentic_hil/knowledge.py`), so a direct backend call is refused even if it somehow bypassed the service-layer check.

A parallel refusal exists for the test-plan/reactor path: `TestReactor` (`src/agentic_hil/test_reactor.py`) performs the same `allow_flash`/`allow_reset`/exclusive-permission checks at ""flash"" step preflight, returning a `permission_preflight_error`/`exclusive_permission_preflight_error` before any tool call is dispatched.",True,True,True,src/agentic_hil/mcp.py;src/agentic_hil/tools.py;src/agentic_hil/backends/stlink.py,True,"It traces MCP dispatch in mcp.py 	o tools.flash_firmware 	o STLinkBackend and correctly identifies the debugger_permissions.allow_flash refusal, despite naming the mcp entry handler slightly differently.",0.259081,0.234826,0.024255,0.234826,,multi_hop,false
agentic_hil_q35,indexed_topk3,28334,1301,0,0,5,False,end_turn,,30.016,2026-09-08T13:08:33Z,"I found the implementation in `src/agentic_hil/bench.py` (`BenchMutex.acquire`, lines ~371–396).

**Behavior when a device in the requested set is already held by another owner:**

`acquire` walks the requested resources (deduplicated/normalized via `physical_resources(resources)`) in sorted order under a single deadline, calling `self._take(resource, deadline, stop_requested)` for each one and appending it to a local `taken` list as it succeeds.

- When `_take` hits a resource already held by someone else, it raises `DeviceBusyError` (naming the current holder in its result payload).
- This exception propagates out of the `for` loop into the surrounding `try/except BaseException` block, which then walks `taken` **in reverse** and calls `self._drop(resource)` for every resource this call had already successfully acquired.
- After releasing everything it had taken, it re-raises the original exception.

So the semantics are strictly **all-or-nothing**: if any device in the set is busy, the call gives back every device it already grabbed in that same `acquire` call before raising `DeviceBusyError` — the caller never ends up holding a partial subset. (This same unwind-and-reraise pattern also covers a cooperative stop request, which raises `DeviceWaitStoppedError` instead.)

This is confirmed by the test `test_acquire_is_all_or_nothing_over_the_declared_set` in `tests/test_bench_mutex.py`, which acquires one device successfully elsewhere, then asks a second `BenchMutex` for `[BOARD, other]` where `other` is already held — the call raises `DeviceBusyError`, and afterward `second.held_resources()` is asserted to be empty, i.e., the `BOARD` it did briefly acquire is released, and the still-free `BOARD` can then be acquired cleanly by a third caller.

Relevant code/docs:
- `src/agentic_hil/bench.py`: `BenchMutex.acquire` (the try/except with reverse-order `_drop` unwind) and `BenchMutex._take`/`_drop`.
- `src/agentic_hil/devices.py:570-614`: `DeviceSet.acquire`, whose docstring explicitly states the whole set goes into one `BenchMutex.acquire` call precisely so it ""unwinds everything it already took when one of them is busy,"" since ""a partially acquired set is exactly what must never escape.""
- `tests/test_bench_mutex.py::test_acquire_is_all_or_nothing_over_the_declared_set`.",True,True,True,src/agentic_hil/bench.py,True,"Answer correctly names bench.py's BenchMutex.acquire/_take, DeviceBusyError, and the all-or-nothing reverse unwind with deadline, matching expected location and behaviour.",0.085128,0.069678,0.01545,0.069678,,trace,true
agentic_hil_q12,indexed_topk3,40602,1491,0,0,5,False,end_turn,,23.863,2026-09-08T13:09:08Z,"## `listen_only_send_refusal`

**Location:** `src/agentic_hil/can.py` (around line 874), signature `listen_only_send_refusal(bus_id: str, bus_config: CanBusConfig, tool: str = ""can_send"") -> JsonObject | None`.

**Return value for a non‑`listen_only` bus:** `None`. The function checks `bus_config.listen_only` first, and if it's falsy it returns `None` immediately, leaving ""the caller's ordinary path... untouched"" (per the function's own docstring). Only when `bus_config.listen_only` is truthy does it build and return the refusal dict (`ok: False`, `error_type: LISTEN_ONLY_MODE_ERROR`, `side_effect_committed: False`, `retry_safe: False`, plus remediation/likely-cause fields).

**Why the gate lives at the tool layer, not per-adapter** (per the docstring in `src/agentic_hil/can.py`):

1. **`listen_only` is a property of the bus entry (`CanBusConfig`), not of any particular driver.** The tool layer is the only place that holds the `CanBusConfig` directly, so it's the only layer that can give one consistent answer regardless of which adapter (PEAK, SocketCAN, process bridge) is behind the bus. Pushing the check into each adapter risks the flag meaning three different things.

2. **It must refuse *before* a driver is ever called.** An adapter-level refusal would already have handed the frame to the driver — too late. The tool-layer gate runs prior to any adapter call, guaranteeing no frame is ever committed.

3. **The adapters cannot be trusted to refuse the send themselves.** The docstring cites a concrete example: python-can 4.6.1's `PcanBus.send()` never reads the controller's bus state — it just writes the message and lets `PCANBasic.Write()` succeed, so a PASSIVE (listen-only) channel will transmit and be reported as sent. Relying on the adapter to fail would silently violate the `listen_only` claim.

This same function is reused across all call routes — the direct `can_send` tool, the test-plan preflight (`src/agentic_hil/test_reactor.py`, which mirrors the same `LISTEN_ONLY_MODE_ERROR` for a plan step), and the broker participant path (`src/agentic_hil/canbroker.py`, which calls `listen_only_send_refusal` and restates fields like `listen_only_enforcement`) — so there is ""one gate"" and ""one catalogue entry"" for the refusal rather than a per-adapter or per-route reimplementation.",True,True,True,src/agentic_hil/can.py,True,"Identifies the right file and function, correctly states it returns None for non-listen_only buses, and gives accurate reasoning for the tool-layer gate across adapters.",0.110204,0.096114,0.01409,0.096114,,trace,false
agentic_hil_q34,indexed_topk3,4725,583,0,0,2,False,end_turn,,7.937,2026-09-08T13:09:37Z,"## Three claims a `read_symbol` step can make

Defined by `SymbolComparator` in `src/agentic_hil/test_reactor.py`:

1. **`equals`** — the symbol holds exactly one specific value.
2. **`range`** — the value falls within inclusive `min`/`max` bounds.
3. **`mask`** (used together with `equals`) — a bitwise claim, `(value & mask) == equals`, letting a plan assert one flag of a status word without stating the rest of it.

## What `signed` selects

The `debug_symbol_value` tool decodes the same raw bytes into **two** integer readings — `value_signed` and `value_unsigned` — which can disagree above the top bit. The `signed` flag on the comparator picks **which of those two readings the claim is judged against**:
- `signed: false` (default) → compares against `value_unsigned`
- `signed: true` → compares against `value_signed`

This is exposed via the `reading` property, which returns `""value_signed""` or `""value_unsigned""` accordingly.

Because `mask` is a claim about *bits* rather than a reading of the whole width, `signed` is refused by the schema when `mask` is present (per the `SymbolComparator` docstring and `docs/testing.md`).

**Sources:** `src/agentic_hil/test_reactor.py` (`SymbolComparator` class), `docs/testing.md` (lines ~19–21), and confirmed by test behavior in `tests/test_test_reactor.py` (`test_signed_picks_the_reading_the_claim_is_about`).",True,True,True,src/agentic_hil/test_reactor.py,True,"Answer names SymbolComparator in test_reactor.py, the three claims (equals, range, mask/masked value), and correctly states signed selects value_signed vs value_unsigned reading.",0.026475,0.01528,0.011195,0.01528,,trace,true
agentic_hil_q27,indexed_topk3,6543,831,0,0,2,False,end_turn,,14.136,2026-09-08T13:10:17Z,"## Answer

The machine-wide mutex is the **`BenchMutex`** class in **`src/agentic_hil/bench.py`**.

It implements the cross-process, machine-wide advisory locking that prevents two processes (or two runs within one process) from driving the same physical probe, debugger, or serial port simultaneously. Key details:

- Locks are held under `~/.agentic-hil/device-locks` — a single agreed location per machine, deliberately outside any per-config `state_root`, so it works across separate configurations too (`src/agentic_hil/knowledge.py` documents this).
- It locks by *physical resource identity* rather than config name, e.g. `probe:<serial>`, `com:serial:<serial_number>`, `com:<device>`, `physical:<resource_id>`, `can:<adapter>:<channel>`, `probe-exe:<executable>`, using `fold_resource_name`/`fold_hardware_id` to normalize case so the same hardware can't be split into two locks by spelling differences.
- Method `acquire()` takes a whole declared set of resource keys atomically (sorted order, single deadline), unwinding anything already taken if one resource is busy — this is used by `DeviceSet.acquire()` in `src/agentic_hil/devices.py`, which wraps `BenchMutex` for a run's declared devices.
- `acquire_named()` is used for the one non-device pseudo-resource (`debugger-discovery:all`) to serialize probe enumeration itself.
- If the resource is busy, it raises `DeviceBusyError` naming the current holder.
- If the owning process crashes, the OS releases the lock automatically (no manual ""recover"" step needed).

The higher-level `HardwareCoordinator` (also in `src/agentic_hil/devices.py`) sits on top of `BenchMutex`/`DeviceSet` to manage per-run device leases (`begin_run`/`acquire`/`end_run`), but the actual mutual-exclusion primitive across processes is `BenchMutex` in `bench.py`.",True,True,True,src/agentic_hil/bench.py,True,"The answer names BenchMutex in src/agentic_hil/bench.py, the device-lock root directory, and DeviceBusyError, matching the expected file and symbols with accurate supporting detail.",0.030101,0.021396,0.008705,0.021396,,locate,true
agentic_hil_q13,indexed_topk3,7144,1114,0,0,2,False,end_turn,,13.334,2026-09-08T13:10:35Z,"## `spawn_command` behavior (`src/agentic_hil/backends/common.py`)

`spawn_command` returns a `CompletedCommand` dataclass, and the *reason* the process never ran is distinguished via two separate fields plus a related `not_executable_reason`/`spawn_error`:

**1. Executable not there at all** — `FileNotFoundError` (raised by the OS/`spawn_managed_process` when the path doesn't resolve to a file):
```python
except FileNotFoundError:
    return CompletedCommand(stdout="""", stderr="""", returncode=None, timed_out=False, not_found=True)
```
- `not_found=True`
- `returncode=None`
- `not_executable_reason` stays at its default `None` (so `.not_executable` property is `False`)

**2. Executable is there but cannot be run** — some other `OSError` whose `errno` is one of `EXEC_REFUSED_ERRNOS` (e.g. `ENOEXEC` — not an executable image, or a permission error):
```python
except OSError as error:
    if error.errno not in EXEC_REFUSED_ERRNOS:
        raise
    return CompletedCommand(
        stdout="""", stderr="""", returncode=None, timed_out=False,
        not_found=False,
        not_executable_reason=(NOT_AN_EXECUTABLE_IMAGE_REASON if error.errno == errno.ENOEXEC else PERMISSION_DENIED_REASON),
        spawn_error=str(error),
    )
```
- `not_found=False` explicitly
- `not_executable_reason` is set to a specific human-readable reason (`NOT_AN_EXECUTABLE_IMAGE_REASON` for `ENOEXEC`, otherwise `PERMISSION_DENIED_REASON`)
- `spawn_error` carries the string of the underlying `OSError`
- The `.not_executable` property (defined on `CompletedCommand`) becomes `True` since `not_executable_reason is not None`

Any `OSError` with an errno *not* in `EXEC_REFUSED_ERRNOS` is re-raised rather than turned into a `CompletedCommand`.

**Consuming code** (e.g. `src/agentic_hil/backends/pyocd.py`, `_enumerate_probes`) checks `completed.not_found` first and `completed.not_executable` second to produce distinct error responses (`not_found` → ""could not be found"" refusal; `not_executable` → `not_executable_refusal(...)` with the specific reason/spawn error).

Tests confirming this distinction live in `tests/test_executable_refusals.py` (e.g. `test_an_executable_that_disappears_before_the_spawn_keeps_its_refusal`, checking `error_type == ""debugger_not_found""` for the not-found case) versus other cases in that same file exercising the not-executable path.",True,True,True,src/agentic_hil/backends/common.py,True,"Answer names the correct file, spawn_command's CompletedCommand return, the not_found flag versus not_executable_reason/not_executable_refusal distinction, matching the expected symbols and behaviour.",0.035648,0.025428,0.01022,0.025428,,trace,false
agentic_hil_q15,indexed_topk3,21431,1629,0,0,4,False,end_turn,,23.453,2026-09-08T13:10:52Z,"## `terminate_process_tree` on POSIX

Entry point: `terminate_process_tree` (src/agentic_hil/process.py:217) is a thin wrapper that calls `_terminate_process_tree` and, if it raises, records a `cleanup_pending` state on the process's tracking record before re-raising.

The actual POSIX logic lives in `_terminate_process_tree` (src/agentic_hil/process.py:228-262):

1. **Group lookup**: It calls `_child_process_group(child)` to get the backend's process group id. If there's no distinct group (the child already exited or shares this process's own group), it falls back to `_terminate_single_child` (plain `terminate()`/`wait()`, then `kill()`/`wait()` on timeout) and returns — no group signalling needed.

2. **Two-phase group kill**: Otherwise it loops over `(signal.SIGTERM, signal.SIGKILL)`. For each signal it:
   - Calls `_signal_process_group(child_pgid, sig)`, which does `os.killpg(pgid, sig)` and returns `True` if the signal was delivered *or* `ProcessLookupError` was raised (group already empty), and `False` only on other `OSError`s (e.g. `PermissionError`).
   - Then calls `_wait_for_process_group(child, child_pgid, timeout_s)` to poll (every 0.02s up to the timeout) whether both `child.poll() is not None` *and* the group is gone (`not _process_group_exists(pgid)`). If that's true, it forgets the process (`_forget_process`) and returns successfully.
   - If the signal wasn't delivered (`delivered is False`) and the wait also didn't confirm the group is gone, it raises a `RuntimeError` immediately rather than proceeding to SIGKILL blindly.

3. **Fallback after SIGKILL**: If the loop finishes without confirming the group is gone, it does one more `_terminate_single_child` pass on the leader, then checks `_process_group_exists(child_pgid)` one last time — raising `RuntimeError(""Process group remained active after SIGKILL."")` if members remain, otherwise forgetting the process and returning.

## How it decides the group is actually gone

The membership check is `_process_group_exists(pgid)` (src/agentic_hil/process.py:358-381), used both directly and inside `_wait_for_process_group`:

- It calls `os.killpg(pgid, 0)` (a signal-0 probe, no actual signal sent).
- `ProcessLookupError` → group is empty → **not** existing (gone).
- `PermissionError` → treated as ""still there"" (a member exists that this process isn't permitted to signal) — deliberately the *opposite* interpretation of the same errno used in `_signal_process_group`, since PermissionError there means ""couldn't reach anyone"" but here means ""kernel still knows a member.""
- If the kernel reports a member exists, it doesn't stop there: it calls `_running_process_group_members(pgid)`, which reads `/proc` (where available) to filter out members that are zombies (dead but unreaped, e.g. under a subreaper/PID-1 style process that adopts orphans and never waits on them). Only a non-zombie member counts as the group still being alive; a group containing only zombies reads as emptied (and `_running_process_group_members` also reaps zombies this process itself adopted). If `/proc` can't be read, it conservatively falls back to ""exists.""

So ""gone"" specifically means: `killpg(pgid,0)` raises `ProcessLookupError`, or the kernel-reported members are all reapable zombies with none actually running — this handles the Linux ""PID 1/subreaper adopts orphaned zombies"" problem and the macOS quirk where `EPERM` from `killpg` can mean ""nobody left to signal"" rather than ""permission denied for a live process"" (handled by prioritizing the membership check over the delivery-error check in `_terminate_process_tree`'s loop).",True,True,True,src/agentic_hil/process.py,True,"Answer identifies src/agentic_hil/process.py and the expected symbols (terminate_process_tree, _terminate_process_tree, _signal_process_group), describing SIGTERM/SIGKILL killpg escalation and killpg(pgid,0) group-existence checking.",0.073817,0.059152,0.014665,0.059152,,trace,false
agentic_hil_q21,indexed_topk3,158663,3127,0,0,9,False,end_turn,,46.196,2026-09-08T13:11:19Z,"I now have a full picture of the mechanism. Here's how it works:

## Where the ELF comes from

The ELF that names the symbol is whatever `.elf` was most recently proven to have been flashed onto the board **through this service**.

- `AgenticHILToolService.flash_firmware` (`src/agentic_hil/tools.py`) validates/stages the requested image, calls `self.backend.flash_firmware(...)`, and then calls `self._remember_symbol_elf(validation[""artifact""], result)`.
- `_remember_symbol_elf` (tested in `tests/test_debug_sessions.py::test_remember_symbol_elf_keeps_only_the_source_still_proven_on_the_target`) sets `self._symbol_elf` to the flashed artifact **only** when the flash is a confirmed ELF flash. A confirmed non-ELF flash (`.hex`/`.bin`, which carries no symbols) clears it, an *unconfirmed* flash clears it (it may have partially overwritten the image), and only a flash that provably never started leaves the previous `_symbol_elf` untouched (the board still runs what it ran before). A backend that raises mid-flash also clears `self._symbol_elf` explicitly (`tools.py:274-310`).
- This remembered artifact (`self._symbol_elf`) is what gets passed as the `symbol_elf` argument into `debug_symbol_info` / `debug_symbol_value` / `debug_dump_symbol_ihex` (see `tools.py:454-476` for the `debug_dump_symbol_ihex` wiring, same pattern for the others via `debugger.py`'s abstract signatures).

So the ELF is never a caller-supplied path for the read tools themselves — it's the file the tool service itself flashed and proved reached the target, tracked as session/service state.

## How the value is read back — two different paths depending on backend

**1. OpenOCD/GDB session backend (`src/agentic_hil/backends/openocd.py` → `src/agentic_hil/backends/gdbdebug.py`)**

Here a live GDB session already has an image loaded, so the passed-in `symbol_elf` is deliberately *ignored* (`openocd.py:433-482`, comments say ""the session loaded an image, and that image is the one the target is running""). The flow in `gdbdebug.py`'s `symbol_value`:
1. `_require_session` gets the active session.
2. `_resolve_symbol` resolves the address/size — first by asking GDB's expression evaluator (`_evaluate_symbol_expression`, `-data-evaluate-expression (unsigned long)&symbol` and `sizeof(symbol)`), falling back to reading `st_value`/`st_size` directly out of the ELF's symbol table (`read_elf_symbol`, backed by `src/agentic_hil/elfsymbols.py`) when the symbol has no debug type info GDB can answer.
3. `_read_memory_bytes` reads the raw bytes from target memory at that address over the session.
4. `decode_symbol_value` turns the bytes into `hex`, `value_unsigned`, `value_signed`, using the byte order taken from the session's own loaded ELF (`image_byte_order(...)`), because that's the file actually driving the target.

**2. ST-Link backend (`src/agentic_hil/backends/stlink.py`)**

This backend has no persistent debug session, so it uses the digest-verified `symbol_elf` passed in from the service (the ELF a prior `flash_firmware` proved reached the board). The flow:
1. Resolve the symbol's address/size against that ELF's symbol table (going through the digest re-check in `gdbdebug.py:1595-1621` / the shared symbol-resolution helper, which refuses to answer if the on-disk file no longer matches the digest recorded at flash time — `error_type: symbol_source_changed`).
2. Run STM32CubeProgrammer with `-r <address> <size> <tmp-file>.hex` into a private temp directory (`stlink.py:466-496`), confirmed by the `""Data read successfully""` marker (`STLINK_MEMORY_READ_CONFIRMATION`).
3. Parse the resulting Intel HEX with `read_intel_hex_file` to extract exactly the requested window of bytes.
4. Decode via `decode_symbol_value`, again using the byte order read from the flashed ELF's header (`image_byte_order`) rather than any assumption, since STM32CubeProgrammer's upload format says nothing about it.
5. The private temp file is deleted before the result is returned; only the log records its path.

Both paths ultimately return `ok`, `address`, `size_bytes`, `resolved_from` (`debug_info` vs the ELF symbol-table fallback), `hex`, `value_unsigned`, `value_signed`, and `byte_order`/`byte_order_from`.",True,True,True,src/agentic_hil/tools.py;src/agentic_hil/backends/stlink.py;src/agentic_hil/elfsymbols.py,True,"It correctly names _remember_symbol_elf in tools.py as the ELF source, and the stlink backend's symbol value read using read_elf_symbol from elfsymbols.py.",0.364816,0.348596,0.01622,0.348596,,multi_hop,true
agentic_hil_q38,indexed_topk3,28070,1865,0,0,4,False,end_turn,,26.118,2026-09-08T13:12:09Z,"## How a `uart_expect` step decides the plan's claim was met

The matching logic lives in `src/agentic_hil/test_reactor.py`, in the shared `_read_until` loop (used by both the v2 `uart_expect` action via `_expect` and the v3 `uart_read`/comparator path via `_compare`):

- **What counts as a match** is produced by `_matcher(field_name, expected)` (`test_reactor.py`): for `text` it's a plain substring test (`expected in decoded`); for `pattern` it's `re.compile(expected).search(decoded) is not None`, i.e. unanchored `re.search` semantics — a plan wanting ""starts with"" has to write `^` itself. (For v3, the equivalent decision comes from the comparator object's own `.matches` callable.)
- **The read loop** (`_read_until`) repeatedly calls the `com_read` tool (the same one an agent could call by hand), decodes the running byte buffer with `decode_bytes(raw, encoding)`, and calls the matcher against **the whole decoded window accumulated so far**, not just the newest chunk. This is deliberate: a banner or pattern match that straddles two separate reads (a character split across a read boundary, or a value that only becomes recognizable once two chunks are joined) still counts as satisfied, because matching happens against everything read so far rather than per-chunk.
- The buffer is capped to a `window` sized `max(UART_EXPECT_TAIL_BYTES, 4*len(written)+16)` — generous enough (4 bytes/char, UTF-8 worst case) that it can never cut into a match no matter how long the expected text/pattern is.
- The loop terminates when either `matches(...)` returns true (claim met) or the deadline passes and one final check is made on the last chunk (`expired` flag lets ""nothing more is coming"" settle a claim on the last pass); if neither, the step returns a `uart_expect_timeout`/`comparator_unmet` failure carrying the last `UART_EXPECT_TAIL_BYTES` of what was actually received.

## How the raw wire bytes that satisfied it are recovered

Once `matches` succeeds, the report must show the actual bytes that satisfied the claim — not a re-encoding of the decoded string, since decoding used `errors=""replace""` (irreversible: e.g. an invalid `ff` becomes `�`, and stateful codecs can add things like a BOM). Re-encoding would risk attesting to bytes the port never sent.

Instead:
- The comparator/matcher records *where* in the decoded string the match occurred (its span), exposed via `matched_span` on the matching callable.
- `matched_span_bytes(raw, encoding, span)` (`src/agentic_hil/comports.py`) maps that character span back to a byte range by feeding `raw` through an **incremental decoder one byte at a time**, tracking which byte run produced each decoded character. It cross-checks this against the plain `decode_bytes` result to make sure indices line up, and returns `None` (rather than a fabricated or misaligned slice) when:
  - the incremental and one-shot decodes disagree, or
  - the span begins/ends on a character produced by a stateful, multi-byte-emitting codec run (e.g., UTF-7's buffered runs) where the interior byte boundary isn't recoverable, or
  - the candidate slice, decoded on its own, doesn't equal the matched substring (a stateful codec like ISO-2022-JP can decode the same bytes differently depending on prior shift-state).
- When it succeeds, this yields `matched_raw`, the exact wire bytes sliced straight out of the receive buffer, which is what ends up in the report's `matched_text.hex` (via `UartReadOutcome.matched_result`) alongside the decoded text and encoding — in the same `{hex, text, encoding}` shape as an unmet claim's `received_tail`. If the byte span can't be established, the text is still reported but the `hex` field is simply omitted rather than invented.",True,True,True,src/agentic_hil/test_reactor.py;src/agentic_hil/comports.py,True,"It identifies both files, the comparator-based matching in test_reactor.py, and comports.decode_bytes/matched_span_bytes for recovering exact wire bytes, matching expected locations and behavior.",0.092555,0.07479,0.017765,0.07479,,multi_hop,false
agentic_hil_q32,indexed_topk3,11649,787,0,0,3,False,end_turn,,18.637,2026-09-08T13:12:41Z,"Based on `read_elf_symbol`'s behavior (defined and tested in `tests/test_debug_sessions.py`, backing `src/agentic_hil/backends/stlink.py`):

- **A name present in the symbol table with size 0** (a bare assembler label with no `.size` directive behind it) → `{""ok"": False, ""reason"": ""no_size""}`. The symbol is found, but a zero-length read isn't treated as an answer, so it's refused specifically as `no_size`.
- **A name not carried in the symbol table at all** → `{""ok"": False, ""reason"": ""not_found""}`. This same `not_found` reason is also used for an *undefined* symbol (one with a name but no section/definition), since answering from it would give an address that isn't actually on the target.

So both cases refuse to return an address/size, but they're distinguished by `reason`: `""no_size""` when the symbol exists but its size is zero, versus `""not_found""` when the name simply isn't a defined entry in the table.

This is shown directly in the parametrized test `test_elf_symbol_table_refuses_what_it_cannot_answer` (tests/test_debug_sessions.py:2554-2576), which enumerates:
- `(""main"", ...)` looked up as `""g_pfnVectors""` → `""not_found""` (absent name)
- `(""g_pfnVectors"", 0x08000000, 0)` → `""no_size""` (present, zero size)
- `(""g_pfnVectors"", 0x08000000, 428, 0)` (undefined, `st_shndx=0`) → `""not_found""`

For contrast, a successful lookup (`test_elf_symbol_table_answers_address_and_size`, same file) returns `{""ok"": True, ""address"": ..., ""size_bytes"": ...}`.",False,False,True,,False,"Behavior (no_size vs not_found) is described accurately, but the answer misplaces read_elf_symbol in tests/test_debug_sessions.py and stlink.py, never identifying src/agentic_hil/elfsymbols.py.",0.060378,0.031168,0.02921,0.031168,,trace,true
agentic_hil_q17,indexed_topk3,53259,1416,0,0,7,False,end_turn,,25.047,2026-09-08T13:13:12Z,"I now have the full picture across `src/agentic_hil/tools.py` and `src/agentic_hil/artifacts.py`.

**Before handing to the backend** (`FlashFirmware` handler in `src/agentic_hil/tools.py`, method `flash_firmware`):

1. It validates the source (`validate_local_path` or `resolve_artifact_id`).
2. It calls `self.artifacts.stage_for_backend(validation[""artifact""], ""flash_firmware"")` (`ArtifactManager.stage_for_backend` in `src/agentic_hil/artifacts.py`), which:
   - Opens the original file with `safe_open_binary` and checks (via `fstat`) that it is still a regular, single-hard-link file and within the size limit.
   - Creates a fresh temp directory inside the manager's private staging area (`tempfile.mkdtemp(dir=self._staging.name, prefix=""stage-"")`) and streams the file's bytes into a `NamedTemporaryFile` there, computing a SHA-256 digest as it copies.
   - Verifies the freshly computed hash matches the hash recorded at validation time (`integrity_sha256`/`sha256`) — refusing with `artifact_changed` if the file was swapped in between.
   - `os.replace`s the temp file to its final name inside the staging directory, and returns a new artifact dict (a copy of the original) with `resolved_path` pointed at this staged copy and `staged: True`.
3. Only this staged copy (`staged[""artifact""]`) — not the original validated path — is passed to `self.backend.flash_firmware(staged[""artifact""], reset_after_flash)`.

**Afterwards**, in a `finally` block, `flash_firmware` calls `self.artifacts.release_stage(staged[""artifact""])` regardless of success or failure of the backend call. `ArtifactManager.release_stage` (`src/agentic_hil/artifacts.py`):
- No-ops if `artifact[""staged""]` isn't `True`.
- Otherwise confirms the resolved path is still within the staging root (`is_path_within_frozen`), then `unlink()`s the staged file and `rmdir()`s its parent staging directory, suppressing any `OSError`.

So the staged copy is a one-time-use, hash-verified duplicate written into a private per-flash temp directory, and it is deleted (file + directory) immediately after the backend call returns or raises, whether or not the flash succeeded (also noted in the surrounding comment about `_symbol_elf` being cleared on backend exceptions since the flash's effect becomes unknown).",True,True,True,src/agentic_hil/tools.py;src/agentic_hil/artifacts.py,True,"The answer identifies flash_firmware in tools.py staging a hash-verified copy via stage_for_backend, and its deletion via release_stage in a finally block, matching expected files and symbols.",0.130363,0.120678,0.009685,0.120678,,trace,false
agentic_hil_q16,indexed_topk3,157817,2889,0,0,10,False,end_turn,,42.325,2026-09-08T13:13:41Z,"Now I have full picture. Let me answer.

## `HardwareLease.quarantine`

Defined in `src/agentic_hil/coordination.py` (`HardwareLease.quarantine`, ~line 485):

```python
def quarantine(self, reason: str, error: object | None = None, *, audit_broken: bool = False) -> None:
    self.coordinator.quarantine_lease(self, reason, error, audit_broken=audit_broken)
```

It delegates to `HardwareCoordinator.quarantine_lease`, which (under the coordinator's `_guard` lock) validates the lease and then calls the internal `_quarantine_registered_lease`. That routine:

- assigns (or reuses) a `quarantine_id` for the coordinator's open incident,
- adds the lease's resources to `incident_resources`,
- forces `lease.state = ""cleanup_required""`, stamps `lease.quarantine_id`, and folds `audit_broken` into `lease.audit_ok`,
- appends a structured error entry (`reason`, timestamp, `quarantine_id`, and optional `error_type`/`summary`) to `lease.errors`,
- sets `self.blocked = True` on the coordinator,
- persists the lease record and, if the incident's resource set grew, re-persists every other still-quarantined/cleanup-required lease so all on-disk markers agree,
- persists the project record with `state = ""cleanup_required""`.

Crucially, `quarantine()` **does not release the lease's locks** — it keeps the lease registered, `valid`, and blocking. It's how code declares ""the physical state here is unknown and must be treated as an incident until an operator confirms safe state and calls `recover`.""

## `HardwareLease.release`

```python
def release(self, *, safe_state_confirmed: bool = True, processes_reaped: bool = True, audit_ok: bool = True) -> bool:
    return self.coordinator.release_lease(self, safe_state_confirmed=safe_state_confirmed, processes_reaped=processes_reaped, audit_ok=audit_ok)
```

`HardwareCoordinator.release_lease` (coordination.py, ~line 990) is the normal ""give the bench back"" path:

- If `safe_state_confirmed`, `processes_reaped`, and `audit_ok` are all true, it transitions the lease through `""releasing""` → persists it as `""released""`, releases its locks, and unblocks the project (unless a residual/sibling incident still exists) — returning `True`.
- If **any** of those three conditions is false, `release_lease` itself calls `self._quarantine_registered_lease(...)` (the same internal routine `quarantine()` uses) with a reason derived from which condition failed (`safe_state_unconfirmed`, `process_reap_unconfirmed`, or `audit_broken`), and returns `False`.

## The difference

- `release()` is the caller's attempt to hand the resource back cleanly; it only quarantines as a *fallback* when the caller cannot honestly confirm safe state, reaped processes, or an intact audit trail — and it reports that failure back via a boolean return value.
- `quarantine()` is an explicit, direct declaration that an incident exists (called from many places in the codebase — e.g. `comports.py`, `can.py`, `tools.py` — when something mid-operation proves the hardware's state can no longer be trusted). It always fails the lease into `""cleanup_required""` and never tries to release the resource.

Both ultimately route through the same core state-mutation code (`_quarantine_registered_lease`) so a quarantined lease looks identical on disk regardless of which path triggered it, but `release()` is the ""success path with a safety fallback"" while `quarantine()` is a direct, unconditional incident declaration. Contrast this with the separate `record_cleanup_event()` method (also in `coordination.py`), which writes the same kind of error entry but deliberately opens **no** incident and does not block the project — used when the missing proof is expected to resolve itself on the next open (e.g., a stuck COM port or CAN adapter handle).",True,True,True,src/agentic_hil/coordination.py,True,The answer correctly locates HardwareLease.quarantine and release in src/agentic_hil/coordination.py and accurately describes quarantine's incident/cleanup_required blocking behavior versus release's clean handback with quarantine fallback.,0.356969,0.344524,0.012445,0.344524,,trace,false
agentic_hil_q33,indexed_topk3,4353,364,0,0,2,False,end_turn,,10.101,2026-09-08T13:14:26Z,"`read_intel_hex_file` (in `src/agentic_hil/gdbmi.py`) returns `None` in both cases:

- **Incomplete coverage** (a hole — some byte(s) in `[start_address, start_address + size_bytes)` were never written by any data record): after processing all records, the function checks the `covered` bytearray for any byte not marked covered, and returns `None` rather than a partial result.
- **Conflicting writes** (the same address is written twice with different values): while applying a data record, if `covered[position]` is already set and `window[position] != value`, the function immediately returns `None`.

As the docstring states, the function is designed to return ""Never a partial answer"" — it returns the exact `size_bytes` window only if every byte was written consistently exactly once (or more, but consistently); any malformed record, failed checksum, unrecognized record type, duplicate-address conflict, or gap causes it to return `None` instead of bytes.",True,True,True,src/agentic_hil/gdbmi.py,True,"The answer correctly names src/agentic_hil/gdbmi.py's read_intel_hex_file and states it returns None for both incomplete coverage and conflicting duplicate writes, with accurate supporting detail.",0.019386,0.012346,0.00704,0.012346,,trace,true
agentic_hil_q36,indexed_topk3,4269,749,0,0,2,False,end_turn,,9.797,2026-09-08T13:14:39Z,"## Behavior when configured `probe_id` differs from the attached probe

The adoption plan **refuses the entire plan outright** rather than partially applying it. This logic lives in `plan_adoption` in `src/agentic_hil/adopt.py`, which compares the entry's `configured_probe_id(debugger)` against `discovery.get(""probe_id"")` (after normalizing both with `fold_hardware_id`). If they don't match, it short-circuits to `_different_board(debugger_name, configured, discovered)` instead of proceeding to build any `carried`/`kept`/`already` proposals.

`_different_board` (also in `src/agentic_hil/adopt.py`) returns a result with:
- `""ok"": False`
- `""error_type"": ""hardware_mismatch""`
- `""field"": ""probe_id""`
- A `summary` explaining that the configured probe and the attached probe are different boards, so nothing was planned and nothing was written
- `""retry_safe"": False`
- A `next_step` telling the operator to either attach the board that entry is configured for, or use `--probe-id`/`debugger_id` to name the correct entry — noting that repointing a configured entry to a different probe is ""an operator's edit, not this path's""

### Why: it's not a per-key decision
The code comment explains the rationale: identity keys aren't independent. `probe_id` names a specific board, while `target.controller`, the COM device, and the backend executable all describe *that same board*. If the plan carried the currently-unset fields while leaving a `probe_id` that names a different probe, the resulting config would have a debugger pointing at one board and a UART/controller pointing at another — a config that ""loads, passes `doctor`, and is wrong in the one way nobody would look for."" So this case is not treated as a per-key `kept` (like an ordinary already-set-value disagreement); the whole plan is refused and nothing is written.

This is also documented in `docs/configuration.md`: ""an entry that already names a probe with a *different* probe attached is refused whole rather than partly carried, because the identity keys describe one board between them.""",True,True,True,src/agentic_hil/adopt.py,True,"The answer correctly identifies plan_adoption, _different_board, and configured_probe_id in src/agentic_hil/adopt.py, and accurately describes the whole-plan refusal with hardware_mismatch error.",0.024923,0.016028,0.008895,0.016028,,trace,false
agentic_hil_q29,indexed_topk3,6356,334,0,0,2,False,end_turn,,7.019,2026-09-08T13:14:53Z,"The closed JSON Schema is at `src/agentic_hil/schemas/testconfig.schema.json`.

It is closed with `additionalProperties: false` set at the root and on every step definition, so any key/action not explicitly named in the schema is rejected rather than silently ignored. This is described in `docs/test-plan-contract.md`, which notes the schema governs the three root keys (`version`, `name`, `steps`) and, for each step, the allowed action and its permitted arguments/keys (with `$defs` entries per action, e.g., referenced via helpers like `_plan_step_entries` in `src/agentic_hil/knowledge.py`).",True,True,False,src/agentic_hil/schemas/testconfig.schema.json,True,The answer names the expected file src/agentic_hil/schemas/testconfig.schema.json and correctly describes its closed additionalProperties:false behavior governing allowed actions and keys.,0.022362,0.016052,0.00631,0.016052,,locate,false
agentic_hil_q40,indexed_topk3,247795,3783,0,0,12,False,end_turn,,65.24,2026-09-08T13:15:04Z,"I now have a complete trace of the path. Here's the answer:

## Path: `agentic-hil init` → probe serial in the config

**1. CLI entry point.** `agentic-hil init` is parsed by `build_parser` and dispatched in `dispatch()` (`src/agentic_hil/cli.py`) to `init_project(args.config, args.agent, args.force)`.

**2. Project setup.** `init_project` (`src/agentic_hil/cli.py`) does the actual bench read/write via `init_config()` (also in `cli.py`), which resolves where the config should live and then generates it from the attached hardware, using `DEFAULT_CONFIG_TEMPLATE` and `bootstrap_probe_listing`.

**3. Hardware discovery.** `init_config` calls `discover_attached_hardware()` in `src/agentic_hil/bootstrap.py`. This is where the ST-Link's serial is actually obtained, and it picks one of two routes depending on what's installed on the host:

- **STM32CubeProgrammer present** (`find_stm32_programmer_cli`): it runs `STM32_Programmer_CLI -q -l st-link-only` to enumerate probes, connects `port=SWD mode=HOTPLUG sn=<serial>`, and parses the `ST-LINK SN : ...` line with `stlink_target_info` (`src/agentic_hil/backends/stlink.py`). The result carries `discovered_by: DISCOVERED_BY_STLINK_CLI` and an authoritative `probe_id`.
- **OpenOCD-only fallback**: it enumerates the host's own USB serial inventory (`list_available_com_ports`, then `usb_stlink_ports`/`usb_stlink_probe_ids` in `src/agentic_hil/comports.py`), matching vendor id `0x0483` and an ST-Link product id to read the serial a V2‑1/V3 publishes in its USB descriptor (the same string OpenOCD's `adapter serial` takes). This path is tagged `discovered_by: DISCOVERED_BY_USB_INVENTORY` and is explicitly documented as *not* an authoritative probe count (`docs/configuration.md`), so `init` only binds it automatically when discovery/selection resolves a single unambiguous probe (`select_probe_id` in `bootstrap.py`); otherwise it leaves an unbound placeholder that a later `agentic-hil adopt-hardware --probe-id <serial>` must confirm.

**4. Writing it into the config.** The discovery result (a dict with `probe_id`, `target`, `com_port`, etc.) is merged into the YAML skeleton by `apply_discovery_to_template(template, profile, discovery)` (`src/agentic_hil/bootstrap.py`), which fills `debuggers.dut.type`/`probe_id`/`executable` and the matching `com_ports` entry (correlated via `correlate_com_port`). `init_config` then writes this document out at the resolved authoritative config path.

So the chain is: `cli.dispatch` → `cli.init_project` → `cli.init_config` → `bootstrap.discover_attached_hardware` (STM32CubeProgrammer HOTPLUG read, or USB-inventory fallback via `comports.usb_stlink_probe_ids`) → `bootstrap.apply_discovery_to_template` → config file written with `debuggers.<name>.probe_id` set to that ST-Link's serial (authoritatively on the STM32CubeProgrammer path, or as a fill only when uniquely resolvable on the OpenOCD/USB-inventory path).",True,False,True,src/agentic_hil/cli.py;src/agentic_hil/bootstrap.py;src/agentic_hil/backends/stlink.py,True,"It correctly traces cli init → bootstrap.discover_attached_hardware → apply_discovery_to_template writing probe_id, naming the primary files/symbols despite extra unverified fallback detail.",0.56114,0.53342,0.02772,0.53342,,multi_hop,false
agentic_hil_q10,indexed_topk3,10999,775,0,0,3,False,end_turn,,12.283,2026-09-08T13:16:19Z,"Found it in `src/agentic_hil/tools.py`, in `AgenticHILToolService.flash_firmware` (lines 274-310).

When the payload contains **both** `image_path` and `artifact_id` (i.e. both are truthy), the method does not attempt to prefer one over the other or process the flash at all. Instead it hits this check:

```python
image_path = payload.get(""image_path"")
artifact_id = payload.get(""artifact_id"")
if bool(image_path) == bool(artifact_id):
    return tool_error(""flash_firmware"", ""invalid_argument"", ""Provide exactly one of image_path or artifact_id."")
```

Since `bool(image_path) == bool(artifact_id)` is `True` when both are set (both `True`), it immediately returns a `tool_error` with:
- tool name: `""flash_firmware""`
- error type: `""invalid_argument""`
- message: `""Provide exactly one of image_path or artifact_id.""`

No staging, backend flashing, or permission checks happen beyond the earlier `allow_flash` permission check — the request is rejected outright as invalid before validating/resolving either artifact source. (This same guard also rejects the case where neither field is provided, since `bool(None) == bool(None)` is also `True`.)

This behavior is also reflected in the tool's schema declaration in `src/agentic_hil/contracts.py` (`MCP_TOOLS` entry for `""flash_firmware""`), which documents `one_of=[{""required"": [""image_path""]}, {""required"": [""artifact_id""]}]` — i.e., exactly one of the two fields is expected.",True,True,True,src/agentic_hil/tools.py,True,"The answer names the correct file and symbols (flash_firmware, tool_error) and accurately describes the mutual-exclusivity guard returning an invalid_argument tool_error when both fields are supplied.",0.037733,0.029748,0.007985,0.029748,,trace,false
agentic_hil_q19,indexed_topk3,23885,1908,0,0,4,False,end_turn,,26.031,2026-09-08T13:16:34Z,"An MCP `tools/call` result is passed through a dedicated redaction pass before it is ever serialized into the response.

**Where it happens:** `call_tool()` in `src/agentic_hil/mcp.py` (lines ~245-268) calls the tool implementation (`tools.call(name, arguments)`) to get the raw result, but instead of returning that raw result, it does:

```python
result = tools.call(name, arguments)
safe_result = redact_sensitive(result)
return {""content"": [{""type"": ""text"", ""text"": tool_result_text(safe_result)}],
        ""structuredContent"": safe_result,
        ""isError"": not overall_success(result)}
```

The comment in the code calls this ""defense-in-depth"": every field that could hold a secret is stripped before the result is serialized into *both* the MCP `content` text and `structuredContent`. Note `isError` is computed from the *raw* (unredacted) result, since redaction never touches success-indicating fields.

**How `redact_sensitive` works:** implemented in `src/agentic_hil/redact.py`, via `_redact_member()`:
- The function walks the result recursively (dicts/lists).
- For each mapping key, if the key name itself matches `_SENSITIVE_KEY_PATTERN` (things like `*token*`, `*secret*`, `*password*`, `*credential*`, etc.), the entire value is replaced with the placeholder `[redacted]` — regardless of the value's contents.
- If the key is a known ""stream"" key (e.g. `stdout`, `stderr`, `backend_warnings`), the value isn't blanked wholesale; instead `_redact_stream_member` scans the string for credential-shaped substrings (e.g. Basic-auth URLs, `token=`, `PASSWORD=`, `--client-secret=` assignments) and masks just those spans, leaving the rest of the diagnostic output intact.
- Non-sensitive keys (e.g. `quarantine_id`, `owner_marker`, `lease_state`) pass through unchanged.

This is verified in `tests/test_coordination.py::test_mcp_and_cli_redact_secret_named_fields_at_the_sink`, which shows a tool result containing `device_secret`/`session_token` coming back through `call_tool` with those fields turned into `[redacted]` in both `structuredContent` and the serialized `content[0].text`, while non-secret fields like `quarantine_id` are preserved.

There's a related but separate mechanism, `SecretRedactor`/`redact()` in `evals/install/redaction.py`, used for streaming output where the actual secret *value* (not just the key name) is known ahead of time and needs to be masked across chunk boundaries — that's used in the install-eval harness rather than the live MCP `tools/call` path, but demonstrates the same masking philosophy (JSON-escaped, slash-escaped, and URL-encoded variants of a secret are all matched and replaced with the same `REDACTION_MARKER`).",True,True,True,src/agentic_hil/mcp.py;src/agentic_hil/redact.py,True,"Answer identifies call_tool in src/agentic_hil/mcp.py applying redact_sensitive (redact.py) and tool_result_text before returning, matching expected files and symbols with accurate detail.",0.077215,0.06685,0.010365,0.06685,,multi_hop,false
agentic_hil_q25,indexed_topk3,53268,1602,0,0,5,False,end_turn,,27.126,2026-09-08T13:17:04Z,"## How the report proves the audit log wasn't edited underneath it

Every hardware-effect log has two copies (`src/agentic_hil/report.py`):

1. **The workspace copy** – an ordinary file the agent (and anything else with filesystem access) can freely edit, delete, or overwrite. It is untrusted by definition.
2. **The canonical copy** – written under the operator-pinned `state_root`, outside the workspace tree (`canonical_audit_log_path` in `audit_logs_directory`, which lives under `project_state_directory`), so the agent cannot reach it. Each append is protected by `append_canonical_audit_log`, which:
   - checks the on-disk canonical file's byte length against a sidecar record before appending (failing closed with `ConfigError(""coordination_state_invalid"", ...)` if they disagree, so an append can never silently extend a chain that no longer matches its own log),
   - appends the new line,
   - extends a SHA-256 hash chain: `chain = sha256(prev_chain_sha256 + new_text)`, and
   - atomically writes a sidecar (`<log>.digest`) recording `sequence`, `chain_sha256`, and `bytes`.

This gives the canonical ledger a monotonic sequence number and a tamper-evident hash chain — any edit, reordering, or truncation of a past line changes every subsequent `chain_sha256`.

When a tool result/report is produced, `attach_canonical_audit_evidence` calls `canonical_audit_evidence(config, log_path)` (both in `src/agentic_hil/report.py`) and attaches a `canonical_audit` object to the result containing:
- `canonical_log_present`
- `canonical_log_name` (basename only — the absolute state-root path is deliberately withheld from the agent/MCP sink)
- `log_sequence` and `log_chain_sha256` from the trusted sidecar
- `workspace_log_verified` — the result of checking that every line in the canonical (trusted) log still appears, in order, as a subsequence of the current workspace log (`_is_ordered_subsequence`). Extra passive lines (e.g., serial RX feedback) in the workspace copy are tolerated, but any deletion or alteration of a canonical effect line flips `workspace_log_verified` to `False`.

So the report the agent reads back doesn't just show the workspace log's contents — it carries the canonical log's sequence number and hash-chain digest plus an explicit boolean stating whether the workspace mirror still matches that trusted chain. If the agent rewrites or deletes the workspace log, `workspace_log_verified` becomes `False` while the canonical evidence (sequence/chain) stays intact and untouched, proving tampering rather than hiding it (verified by `tests/test_hardening.py::test_workspace_audit_log_tampering_is_detected` and `test_report_api_surfaces_canonical_audit_evidence`).",True,False,True,src/agentic_hil/report.py,True,"It names all three key symbols and accurately describes the canonical hash-chained log, sidecar digest, and evidence attached to reports, despite minor file attribution imprecision.",0.139426,0.122556,0.01687,0.122556,,multi_hop,false
agentic_hil_q03,indexed_topk3,6766,768,0,0,2,False,end_turn,,10.225,2026-09-08T13:17:37Z,"The broker is implemented in **`src/agentic_hil/canbroker.py`**, specifically the `CanBroker` class (defined around line 519):

```python
class CanBroker:
    """"""One process, one physical bus, many named participants.

    Owns the bus lock and the adapter for its whole life. Everything a
    participant does to the medium passes through here, which is what makes the
    whole-bus frame log complete: the broker is the only writer, so a frame in a
    participant's own log is a frame in this one, under the same sequence
    number.""""""
```

This class:
- Owns a single physical CAN bus, holding the machine-wide exclusive lock for its entire lifetime (`take_bus`), and opens the adapter once (`open_bus`).
- Exposes an IPC endpoint (via `multiprocessing.connection.Listener`) so multiple separate processes/runs can attach as **named participants** rather than each trying to open the physical device themselves.
- Serves those participants (`serve` method) until shutdown.

The module also provides:
- `main()` — the CLI entry point (`agentic-hil-can-broker`) that starts a `CanBroker` for a given `bus_id`.
- `attach_participant` — the client-side function participants use to connect to a running broker (referenced in `tests/test_can_broker.py`).

The design rationale is documented in `docs/can-service-design.md` (""CAN as a Service: One Bus Owner, Named Participants""), which states: ""One broker process owns one physical bus... Participants are named connections to the broker... Runs in different projects share the bus by each holding a participant connection, not by racing for the device lock.""

Related config types live in `src/agentic_hil/types.py` (`CanShareConfig`), describing the per-participant ""share"" view (filters, permissions, frame budget) of a shared bus.",True,True,True,src/agentic_hil/canbroker.py,True,"The answer names the correct file (src/agentic_hil/canbroker.py) and the primary CanBroker class with accurate behavioral detail, despite not mentioning BrokerDescriptor.",0.029422,0.021212,0.00821,0.021212,,locate,true
agentic_hil_q07,indexed_topk3,33250,826,0,0,5,False,end_turn,,18.628,2026-09-08T13:17:50Z,"Found it: the pytest plugin lives at `src/agentic_hil/pytest_plugin.py`. It registers itself via the package's `pytest11` entry point (declared in `pyproject.toml`), defines `pytest_addoption` for the (deprecated) `--agentic-hil-config`/`agentic_hil_config` options, config-discovery helpers like `configured_legacy_selector` and `rootdir_anchored`, and the `agentic_hil` fixture itself (which skips tests when no config is discovered, verifies `workspace_root` matches the pytest rootdir, and tears down COM/CAN sessions after each test), as documented in `docs/testing.md` and exercised by `tests/test_pytest_plugin.py`.",True,True,True,src/agentic_hil/pytest_plugin.py,True,"The answer names the correct file src/agentic_hil/pytest_plugin.py and identifies the agentic_hil fixture, pytest_addoption, and agentic_hil_config option, matching expected symbols.",0.081385,0.07476,0.006625,0.07476,,locate,false
agentic_hil_q26,indexed_topk3,36271,1052,0,0,5,False,end_turn,,20.139,2026-09-08T13:18:12Z,"Both functions live in **`src/agentic_hil/gdbmi.py`**:

- **`write_intel_hex_file(file_path, start_address, data, *, workspace)`** (`src/agentic_hil/gdbmi.py:325-341`) — turns a symbol's dumped memory bytes into Intel HEX records (using the `intel_hex_record` helper for extended-linear-address and data records, plus the `INTEL_HEX_EOF_RECORD`), and writes them atomically inside the given `workspace` via `atomic_write_text`.

- **`read_intel_hex_file(file_path, start_address, size_bytes)`** (`src/agentic_hil/gdbmi.py:350-401`+) — reads an Intel HEX file back off disk, parsing each record (`parse_intel_hex_record`) and reconstructing exactly the `[start_address, start_address+size_bytes)` byte window, returning `None` on any malformed record, checksum failure, conflicting overlap, or uncovered hole rather than a partial answer.

These are used by the backends that have no other way to read target memory, e.g. `debug_dump_symbol_ihex` and the STM32CubeProgrammer read path in `src/agentic_hil/backends/stlink.py` (which writes via `write_intel_hex_file`/the CLI's `-r` output and reads back via `read_intel_hex_file` at lines ~482 and ~560), as well as `src/agentic_hil/backends/pyocd.py`'s symbol-dump path.",True,True,True,src/agentic_hil/gdbmi.py,True,"The answer names the correct file (src/agentic_hil/gdbmi.py) and both expected functions plus the intel_hex_record helper, with accurate behavioral description.",0.090747,0.083062,0.007685,0.083062,,locate,true
agentic_hil_q24,indexed_topk3,48755,1874,0,0,5,False,end_turn,,30.131,2026-09-08T13:18:34Z,"## How a config-file edit reaches a running server

The reload is **explicit and pull-based**, not automatic. The server never watches the filesystem; a client must invoke the MCP tool `project_config_reload_description`, which is served by `AgenticHILTools.reload_description()` (`src/agentic_hil/tools.py`, ~line 894). That method:

1. Calls the pure-decision function `configreload.reload_description(self.config, open_holds=self.open_hardware_holds(), quarantine=self._unresolved_incident())` (`src/agentic_hil/configreload.py`).
2. That function re-runs the full startup load via `load_authoritative_config(existing.workspace_root)` — the same authoritative-path resolution, digesting, and validation the process used at boot — and then composes a `merged_description(existing, disk)` that takes **only** the four device-description sections (`target`, `debuggers`, `com_ports`, `can_buses`) from the freshly read disk file, while keeping every permission and everything else from the config already loaded in memory. This is what makes an on-disk edit ""picked up"": a new/renamed board, port, or bus.
3. If the merge/check succeeds, `AgenticHILTools.reload_description()` calls `self._swap_config(reloaded)`, replacing the whole `self.config` object in one atomic step, and the method runs inside `_lifecycle_lock`, so no other dispatched call can be mid-read of `self.config` while the swap happens.

The CLI counterpart `agentic-hil config-reload` (`config_reload()` in `src/agentic_hil/cli.py`) does the identical merge as a **preview only** — a fresh CLI process has no live server config to swap into, so it just reports what a real server's reload would take/leave.

## What refuses the reload during an open run

Before doing any of the above, `configreload.reload_description` checks two guards and short-circuits with `None` (nothing re-read, nothing swapped) if either is true:

- **`open_holds`** — supplied by `AgenticHILTools.open_hardware_holds()` (`src/agentic_hil/tools.py`, ~line 1133), which reports non-`None` if `self.coordinator.run_status()` shows an active declared run (`bench_run_start`/`bench_run_stop`) **or** there are any open leases (e.g., a COM/CAN/debug session that outlives a run). If present, `_open_run_refusal()` returns `error_type = config_reload_in_open_run` (constant `RELOAD_IN_OPEN_RUN_ERROR`).
- **`quarantine`** — supplied by `AgenticHILTools._unresolved_incident()`, true when `self.coordinator.incident_stands`. If present, `_quarantine_refusal()` returns `error_type = ""resource_quarantined""`.

The rationale (documented in `configreload.py` and `knowledge.py`'s `config_reload_in_open_run` remedy entry): a hold like a declared run or an open lease names a device by its configuration entry, and the on-disk description decides which physical board that name refers to. Re-reading it mid-run could silently repoint a live name at a different board, so the refusal leaves the file unread and the run untouched (`retry_safe: True`, `side_effect_committed: False`). Once the run/session is closed (`bench_run_stop`, `com_session_stop`/`can_session_stop`, `debug_stop_session`) or the incident is cleared, the identical reload call goes through — demonstrated in `tests/test_config_reload.py::test_refused_while_a_run_holds_the_bench` and `tests/test_config_reloaded_unreachable.py::test_a_reload_while_a_can_session_is_open_is_refused_and_swaps_nothing`.",True,False,True,src/agentic_hil/configreload.py,True,"Answer identifies configreload.py's reload_description and _open_run_refusal (config_reload_in_open_run) as the refusal for open runs, correctly describing the pull-based reload and merge behavior.",0.127925,0.11625,0.011675,0.11625,,multi_hop,false
agentic_hil_q14,indexed_topk3,40493,1355,0,0,5,False,end_turn,,20.009,2026-09-08T13:19:35Z,"## What `verify_port_identity` compares

`verify_port_identity` (in `src/agentic_hil/comports.py`) checks a configured `com_ports.<name>` entry against the host's live serial-port inventory (from `list_available_com_ports`) *before* opening the port:

1. **Serial number** — if the entry names `serial_number`, it compares the folded serial of the enumerated host port to `expectation.expected`.
2. **USB VID/PID** — if the entry names `vid` and/or `pid`, it separately compares the host-reported `found_vid`/`found_pid` against `expectation.vid`/`expectation.pid`. This runs *after* the serial check, ""never instead of it,"" because a matching serial only proves it's the right unit once the vendor also agrees — a USB serial number is unique within a vendor, not globally.

The comparison logic for VID/PID lives at `src/agentic_hil/comports.py:578-617`.

## When VID/PID don't match

If either declared id (`vid` or `pid`) differs from what the host reports for that port, `verify_port_identity` calls `_identity_mismatch` (`src/agentic_hil/comports.py:424-463`), and:

- The port is **not opened**.
- It returns `ok: False`, `error_type: COM_PORT_IDENTITY_MISMATCH`, with `identity[""status""] = ""mismatch""`.
- The result includes both sides of the comparison: `expected_vid`/`expected_pid` (from config) and `found_vid`/`found_pid` (from the host), alongside any serial fields.
- The summary explicitly states it's ""a different kind of device under the name this entry used to have,"" and — if a serial number was also configured and happened to match — adds that the serial match ""proves nothing, because a USB serial is unique only within a vendor.""
- It lists `likely_causes` (e.g., a different USB-serial adapter now holds this device name, the entry is stale, or the matching serial is a coincidental vendor-scoped duplicate).
- It marks the refusal as safe/non-destructive: `side_effect_committed: False`, `side_effect_status: ""not_started""`, `hardware_state: ""unchanged""`, `retry_safe: True`.

If instead the host simply doesn't report VID/PID at all for that port, it's treated as unverifiable rather than mismatched: `identity[""status""] = ""usb_ids_unknown""` and `error_type: COM_PORT_IDENTITY_UNVERIFIED` (also via `_identity_unverified`), again without opening the port.",True,True,True,src/agentic_hil/comports.py,True,"Answer names comports.py and verify_port_identity, correctly describing serial/VID-PID comparison against enumerated host ports and refusal to open with a mismatch error result.",0.108116,0.094536,0.01358,0.094536,,trace,false
agentic_hil_q28,indexed_topk3,3943,364,0,0,2,False,end_turn,,7.713,2026-09-08T13:20:00Z,"The reactor is the `TestReactor` class in `src/agentic_hil/test_reactor.py`, specifically its `execute_step` and `execute_steps` methods.

- `execute_step(self, step: TestStep)` resolves which configured device a given step names (via `self.step_device(step)`) and dispatches execution to that device's own `execute(step)` method.
- `execute_steps(self, steps, records, *, top_level=False)` walks a list of `TestStep`s in order, recording each result, and stops at the first failure or stop request — this is the loop that drives the whole plan step-by-step.

This is documented as the ""Test Reactor"" in `docs/testing.md`, which describes it as executing a strict, sequential YAML/JSON test plan against the named devices in the authoritative config, where each step names its target device via a `device:` key (or legacy aliases `debugger:`, `port_id:`, `bus_id:`).",True,True,True,src/agentic_hil/test_reactor.py,True,"Answer names src/agentic_hil/test_reactor.py and TestReactor, describes step-walking execution and device resolution via step_device/TestStep, matching the expected location and symbols.",0.019251,0.011526,0.007725,0.011526,,locate,false
agentic_hil_q05,indexed_topk3,7231,494,0,0,2,False,end_turn,,9.115,2026-09-08T13:20:11Z,"The JUnit XML for a plan run is produced in `src/agentic_hil/junit.py`.

- The document itself is built by the pure function `junit_xml_document(result, *, plan_steps=())`, which constructs a `<testsuite>`/`<testcase>` `ElementTree` structure from a run's JSON result (and optionally the loaded plan steps, so it can honestly report steps skipped after an abort/refusal).
- The XML is actually written to disk by the function shown just above it in that file (the one that ends `return {**result, ""junit_xml"": written}` and sets `JUNIT_WRITE_ERROR` on failure) — this is triggered via the CLI's `--junit-xml PATH` option (see `agentic_hil.reactorrun.run_registered_plan` / the `test-reactor` entrypoint), which calls into `agentic_hil/junit.py` after the run completes.

This behavior is documented in `docs/testing.md` under ""A JUnit report for CI"", and exercised by tests in `tests/test_junit_report.py`.",True,True,True,src/agentic_hil/junit.py,True,"It names src/agentic_hil/junit.py and junit_xml_document, and accurately describes the writing function (write_junit_xml) by its behavior, identifying the correct location.",0.028732,0.019402,0.00933,0.019402,,locate,false
agentic_hil_q31,indexed_topk3,7174,819,0,0,2,False,end_turn,,12.589,2026-09-08T13:20:24Z,"The test you're looking for is **`test_two_state_roots_on_one_board_see_each_other`** in `tests/test_bench_mutex.py` (lines ~207–247).

This test directly proves the scenario: it starts a child subprocess with its own `state_root` (via `LOCALAPPDATA`/`XDG_STATE_HOME` pointed at `tmp_path / ""child-state""`) that calls `HardwareCoordinator.begin_run(['physical:bench-board'], ...)` to hold the board, while the parent process is later configured with a *different* `state_root` (`tmp_path / ""parent-state""`). The parent then attempts `coordinator.acquire(BOARD)` and the test asserts it raises `CoordinationError` with `error_type == ""device_busy""` and the correct holder `pid`/`label`, confirming the second process (different state_root) can see the first process's hold.

The docstring explicitly references this as a regression test for ""The 2026-08-02 incident"": *""Two live sessions held the same Nucleo and neither could see the other, because the lock was kept beside each session's own state.""*

A closely related test, `test_a_killed_worker_leaves_the_bench_to_the_machinery_that_already_owns_it` in `tests/test_run_lifecycle.py` (lines 605–643), also demonstrates cross-process hold visibility (checking `BenchMutex(...).holder(device)` against a killed worker's PID), though it's focused on stale/killed-owner recovery rather than differing `state_root`s specifically.

The underlying mechanism these tests validate is in `src/agentic_hil/bench.py` (`BenchMutex`), which per `CHANGELOG.md` (~line 736) stores device locks at a fixed machine-wide location (`~/.agentic-hil/device-locks`) rather than under `state_root`, so that locks are visible across sessions regardless of `state_root`.",True,True,True,tests/test_bench_mutex.py,True,"The answer names the expected file and the key test symbol, correctly describing the cross-state_root lock visibility behaviour and the BenchMutex mechanism; minor extra details don't detract.",0.030983,0.022538,0.008445,0.022538,,locate,false
agentic_hil_q06,indexed_topk3,32203,1215,0,0,5,False,end_turn,,19.701,2026-09-08T13:20:40Z,"Secrets are masked out of captured process output (`stdout`/`stderr` fields, at any nesting depth, including split-line lists and carried fields like `backend_warnings`) by the `redact_sensitive` function defined in `src/agentic_hil/redact.py`. This function is applied at the points where a result document is about to leave the process:

- **CLI machine/human sinks** — `emit_result` and `emit_protocol_error` in `src/agentic_hil/cli.py` both call `redact_sensitive(result)` right before printing/dumping the result (comment: *""redaction is the last step before a result leaves this process by either of them""*). If redaction can't vouch for the shape of the result, it fails closed via `redaction_unavailable`.
- **COM stdio bridge sink** — `write_error` in `src/agentic_hil/comstdio.py` calls `redact_sensitive(result)` before writing the JSON line to its output stream.

`redact_sensitive` does two passes: it replaces the value of any secret-named field (`*_token`, `*secret`, `password`, `api_key`, `authkey`, matched with the underscore/hyphen separator rule), and, specifically for values under a captured stream key (`stdout`, `stderr`, at any depth), it also does a content-level pass masking URL userinfo, `Authorization: Bearer`/`Basic` header values, and secret-named assignments/query parameters (e.g. `?token=`, `--client-secret=`, `PIP_INDEX_PASSWORD=`). This behavior and its rationale are documented in `CHANGELOG.md` (issue #317) and exercised extensively in `tests/test_redact.py` and `tests/test_coordination.py::test_redact_sensitive_strips_secret_named_keys`.

There is also a separate, lower-level streaming redactor, `SecretRedactor`/`redact`/`redact_value` in `evals/install/redaction.py`, used in the install-eval harness to strip literal known secret values (in raw, JSON-escaped, and URL-encoded forms) from captured text/output — but the main server-side masking path for outgoing results is `redact_sensitive` in `src/agentic_hil/redact.py`.",True,True,True,src/agentic_hil/redact.py,True,"The answer names src/agentic_hil/redact.py and redact_sensitive, and describes the stream-text content masking (redact_stream_text's behavior) plus call sites, matching the expected location.",0.087781,0.076556,0.011225,0.076556,,locate,false
agentic_hil_q08,indexed_topk3,124003,2626,0,0,9,False,end_turn,,50.07,2026-09-08T13:21:03Z,"Based on this evidence, the answer is clear.

**Module:** `src/agentic_hil/bench.py`, via its `BenchMutex` class.

`BenchMutex` is the machine-wide arbiter of exclusive access to a bench (a physical device/board). It keeps its lock files under `~/.agentic-hil/device-locks` (deliberately *not* under a per-configuration `state_root`, since ""a lock kept per configuration is not a bench lock"" — `tests/test_bench_mutex.py`). Any caller can construct one (`BenchMutex(frontend=...)`) and call `acquire(resources, wait_s=...)`.

**What it hands back on success:** `BenchMutex.acquire()` returns a plain `list[str]` — the resource keys this particular call newly took (an already-held device by the same mutex contributes nothing to the list). There is no separate lease/handle object returned; the mutex instance itself is the caller's ongoing handle on the hold, and the caller later calls `release()`/`release_all()` on that same `BenchMutex` to give the devices back. If a resource is already held by someone else, `acquire` instead raises `DeviceBusyError`, whose `.result` names the current holder (see `_take` in `src/agentic_hil/bench.py`, lines ~371–423 for `acquire` and ~509+ for `_take`).

This is distinct from `HardwareCoordinator` in `src/agentic_hil/coordination.py`, which layers per-run *leases* (`HardwareLease` objects, with `.release()`, `.quarantine()`, etc.) on top of these same machine-wide `BenchMutex`/device locks for the duration of a declared run.",True,True,True,src/agentic_hil/coordination.py,False,"The answer commits to bench.py's BenchMutex returning a list of resource keys, explicitly rejecting the expected coordination.py HardwareCoordinator/HardwareLease answer.",0.286166,0.274266,0.0119,0.274266,,locate,false
agentic_hil_q09,indexed_topk3,5228,551,0,0,2,False,end_turn,,8.69,2026-09-08T13:21:57Z,"The demo firmware that drives USART2 on the Nucleo-F446RE example board lives in `examples/nucleo-f446re_demo/Src/main.c`.

It's a minimal bare-metal STM32F446RE program (no HAL/dependencies) described in `examples/nucleo-f446re_demo/README.md`. Key pieces in `main.c`:

- `usart2_init()` — configures GPIOA pins PA2/PA3 for USART2 alternate function (AF7), sets the baud rate via `USART2_BRR_115200_PCLK16MHZ`, and enables the USART (`USART_CR1_RE | USART_CR1_TE | USART_CR1_UE`).
- `__io_putchar()` — implements the low-level character output used by `printf`, polling the `USART_SR_TXE` flag and writing to `USART2_DR`.
- `main()` — calls `usart2_init()`, then `systick_init()`, prints `""Hello World\n""` over USART2, and blinks the LD2 LED in a loop.

This firmware is exercised in the Agentic HIL test flow, e.g., referenced by build/flash plans in `tests/test_test_reactor.py` (`V2_OPENOCD_PLAN`, `V2_STLINK_PLAN`).",True,True,True,examples/nucleo-f446re_demo/Src/main.c,True,"The answer names the expected file examples/nucleo-f446re_demo/Src/main.c and describes main() and the USART2_DR write, matching the expected location and symbols.",0.023161,0.015966,0.007195,0.015966,,locate,false
