qid,arm,input_tokens,output_tokens,cache_creation_input_tokens,cache_read_input_tokens,turns,hit_turn_cap,stop_reason,error,wall_clock_s,started_at,answer,any_file_hit,all_files_hit,symbol_hit,matched_files,judge_correct,judge_reason,cost_total_billed,cost_agent_billed,cost_judge_billed,cost_uncached_list,in_stuffed_prefix,difficulty,scaling_subset,size_point,corpus,corpus_tokens,corpus_files
agentic_hil_q02,indexed,13628,904,0,0,2,False,end_turn,,13.22,2026-09-15T19:53:07Z,"## Answer

Agentic HIL reads a symbol's address and size directly out of an ELF file — with no debugger attached — in `src/agentic_hil/elfsymbols.py`, via the function `_read_symbol` (exposed publicly as `read_elf_symbol`).

This function (`src/agentic_hil/elfsymbols.py:104-147`) hand-parses the ELF binary format itself (checking the `\x7fELF` magic, ELF class/byte order, walking the section headers to find `SHT_SYMTAB`, then iterating symbol table entries) to locate a symbol by name and pull its `st_value` (address) and `st_size` (size) fields — no `pyelftools`, no debugger, no external tool.

Two call sites use this pure-ELF path instead of a live debugger:

1. **`resolve_symbol_offline`** in `src/agentic_hil/backends/gdbdebug.py:1541` — used by the sessionless ST-Link (`src/agentic_hil/backends/stlink.py`) and pyOCD (`src/agentic_hil/backends/pyocd.py`) backends, which have no attached debug session at all. It spawns GDB in batch mode against a staged copy of the ELF to try the debug-info expression evaluator first, and when that fails (e.g. for assembly-defined symbols like a vector table with no DWARF type info), it falls back to `read_elf_symbol(staged_elf, symbol)` (`gdbdebug.py:1636`) to get the address/size straight from the symbol table.

2. **`GdbDebugSession._resolve_symbol`** in `src/agentic_hil/backends/gdbdebug.py:1016-1067` — even when a GDB session *is* active, if the typed expression lookup (`&symbol`/`sizeof(symbol)`) fails, it falls back to `read_elf_symbol(str(session.artifact[""resolved_path""]), symbol)` (`gdbdebug.py:1063`) to pull `st_value`/`st_size` from the ELF's symbol table directly rather than asking the live debugger.

So the core ""no debugger, straight from the ELF"" logic lives in `elfsymbols.py`'s `_read_symbol`/`read_elf_symbol`, and it's invoked as a fallback/offline path from `gdbdebug.py`.",True,True,True,src/agentic_hil/elfsymbols.py,True,"The answer identifies src/agentic_hil/elfsymbols.py and read_elf_symbol as the location parsing ELF symbol table for address/size without a debugger, matching expectations with accurate extra detail.",0.045636,0.036296,0.00934,0.036296,,locate,true,S,agentic_hil,1139248,49
agentic_hil_q01,agentic,8072,167,0,0,2,False,end_turn,,3.871,2026-09-15T19:53:24Z,"The OpenOCD backend is implemented in `src/agentic_hil/backends/openocd.py`, which exposes the `OpenOCDBackend` class (re-exported in `src/agentic_hil/backends/__init__.py`).",True,True,True,src/agentic_hil/backends/openocd.py,True,"The answer names the expected file src/agentic_hil/backends/openocd.py and the expected class OpenOCDBackend, with accurate extra detail about re-export.",0.023149,0.017814,0.005335,0.017814,,locate,false,S,agentic_hil,1139248,49
agentic_hil_q01,indexed,8668,311,0,0,2,False,end_turn,,5.633,2026-09-15T19:53:30Z,"The OpenOCD debugger backend is implemented in `src/agentic_hil/backends/openocd.py`, which exposes the `OpenOCDBackend` class (see `src/agentic_hil/backends/openocd.py:184`).

This class is instantiated via `create_debugger_backend()` in `src/agentic_hil/debugger.py` when `config.debugger.type == ""openocd""`. It uses `backend_name = ""openocd""`, wraps a `GdbDebugSessions` instance for session management, and implements methods such as `reconfigure`, `target_support`, `classify_last_error`, `close`, and `_debug_server_args` to drive the OpenOCD tool (invoking it with interface/target config scripts, GDB port setup, etc.).",True,True,True,src/agentic_hil/backends/openocd.py,True,"The answer names the expected file src/agentic_hil/backends/openocd.py and the expected class OpenOCDBackend, with accurate supporting detail.",0.026576,0.020446,0.00613,0.020446,,locate,false,S,agentic_hil,1139248,49
agentic_hil_q02,agentic,9532,345,0,0,2,False,end_turn,,5.388,2026-09-15T19:53:39Z,"The core logic lives in `src/agentic_hil/elfsymbols.py`, which parses the ELF's own section and symbol tables (reading `st_value`/`st_size` directly from the binary's symbol-table bytes) rather than going through a debugger. This is used by `src/agentic_hil/backends/gdbdebug.py` (e.g. `resolve_symbol_from_elf_only`/`OfflineSymbolResolver`-style helpers around lines 1542–1654) to resolve a symbol's address and size purely from the flashed ELF file when no debugger session is attached, backing the offline ""elf_symbol_table"" resolution path referenced in `backends/pyocd.py` and `backends/stlink.py`.",True,True,False,src/agentic_hil/elfsymbols.py,True,The answer names the expected file src/agentic_hil/elfsymbols.py and correctly describes reading st_value/st_size from the ELF symbol table without a debugger; extra unverified details don't negate the correct primary location.,0.029224,0.022514,0.00671,0.022514,,locate,true,S,agentic_hil,1139248,49
agentic_hil_q02,indexed_topk3,20353,713,0,0,4,False,end_turn,,13.366,2026-09-15T19:53:48Z,"The reading happens in `src/agentic_hil/elfsymbols.py`, in the `read_elf_symbol()` function and its helper `_read_symbol()`. This module hand-parses the raw ELF file bytes (ELF header, section headers, and the `SHT_SYMTAB` symbol table) to extract a symbol's `st_value` (address) and `st_size`, entirely independent of any debugger — it uses no `pyelftools`/GDB, just `struct`-based parsing of the file on disk.

It's invoked as a fallback in `src/agentic_hil/backends/gdbdebug.py` (`GdbDebugBackend._resolve_symbol`, around lines 1016–1067, and again around lines 1619–1646) when GDB's expression evaluator can't resolve a symbol's address/size from debug info (e.g., assembler-defined symbols with no DWARF type info, such as a vector table). In those cases the code reads the staged/flashed ELF file directly via `read_elf_symbol(...)` rather than asking the attached debugger.",True,True,True,src/agentic_hil/elfsymbols.py,True,"The answer names the expected file src/agentic_hil/elfsymbols.py and the primary symbol read_elf_symbol, correctly describing raw ELF parsing of st_value and st_size without a debugger.",0.055001,0.047836,0.007165,0.047836,,locate,true,S,agentic_hil,1139248,49
agentic_hil_q01,indexed_topk3,3817,129,0,0,2,False,end_turn,,3.104,2026-09-15T19:54:04Z,"The OpenOCD debugger backend is implemented in `src/agentic_hil/backends/openocd.py`, which exposes the `OpenOCDBackend` class (with `backend_name = ""openocd""`).",True,True,True,src/agentic_hil/backends/openocd.py,True,"The answer names the expected file src/agentic_hil/backends/openocd.py and the expected class OpenOCDBackend, matching the question's requested location and symbol.",0.014219,0.008924,0.005295,0.008924,,locate,false,S,agentic_hil,1139248,49
agentic_hil_q25,indexed,16144,1346,0,0,2,False,end_turn,,18.525,2026-09-15T19:57:42Z,"## How a report proves its audit log wasn't tampered with

The proof mechanism lives in `src/agentic_hil/report.py`, centered on a **hash-chained canonical ledger** kept separate from the workspace log the agent actually reads.

### The two copies

Every audit-logged event is written to two places (`append_jsonl` / `append_canonical_audit_log` in `report.py`):

1. **Canonical copy** — under the trusted `state_root`, in `audit_logs_directory()`, written *first*. Alongside it sits a `.digest` sidecar file (`_canonical_sidecar_path`) holding `sequence`, `chain_sha256`, and `bytes`.
2. **Workspace mirror** — the log path the agent/operator can actually see, written only after the canonical write succeeds.

The canonical write is never skipped or made best-effort: if it fails, the whole operation reports an audit error (`append_jsonl` returns the canonical error before even attempting the workspace write).

### The hash chain

`append_canonical_audit_log` extends the chain like a blockchain:

```python
chain = hashlib.sha256((str(sidecar[""chain_sha256""]) + text).encode(""utf-8"")).hexdigest()
```

Each new line's digest folds in the previous chain digest, so altering or deleting any earlier line changes every digest computed after it. It also sanity-checks that the canonical file's actual byte size matches what the sidecar recorded before appending — a fail-closed guard against a chain that was ever mutated out-of-band (`ConfigError(""coordination_state_invalid"", ...)` if sizes disagree).

`write_audit_log` does the same for full-file rewrites (e.g., a GDB session snapshot), hashing the whole content into `chain_sha256`.

### What the report carries back

`canonical_audit_evidence()` builds the proof attached to a report:

- `canonical_log_present`
- `canonical_log_name` (basename only — the absolute path under `state_root` is never exposed)
- `log_sequence`
- `log_chain_sha256`
- `workspace_log_verified` — computed by `_is_ordered_subsequence(canonical_lines, workspace_lines)`, checking that every line in the trusted canonical log still appears, in order, in the workspace mirror the agent is reading. Extra passive lines (e.g., COM RX feedback) in the workspace copy are tolerated, but deletion or alteration of any canonical effect record fails this check.

`attach_canonical_audit_evidence()` is the caller-facing entry point: it resolves the report's `log_path`, computes this evidence, and merges it into the result as a `canonical_audit` field — so any report referencing a log carries the sequence number, the chain digest, and an explicit verified/not-verified verdict rather than the agent having to trust the mirror file blindly.

If the canonical anchor itself is missing or corrupted, that's reported distinctly (`canonical_log_corrupted: True`) rather than being conflated with ""no log at all,"" so corruption of the trust anchor can't masquerade as benign absence.

### Backpressure into the report itself

Separately, `mark_audit_failure` (used throughout `can.py`, `comports.py`, `backends/gdbdebug.py`, `backends/pyocd.py`, `backends/openocd.py`) propagates any audit-write error into the result the agent reads (e.g. `audit_ok: false`, `cleanup_required: true`), so a broken audit trail is surfaced in-band on the very report describing the action, not just discoverable later via a side channel.",True,False,True,src/agentic_hil/report.py,True,Identifies the hash-chained canonical log with sidecar digest and the canonical_audit_evidence/attach_canonical_audit_evidence/append_canonical_audit_log symbols and their behaviour; only minor file attribution imprecision.,0.062248,0.045748,0.0165,0.045748,,multi_hop,false,S,agentic_hil,1139248,49
agentic_hil_q35,agentic,34707,1273,0,0,6,False,end_turn,,19.036,2026-09-15T19:58:05Z,"## Behavior

`BenchMutex.acquire` (in `src/agentic_hil/bench.py`) is **all-or-nothing**: it iterates the requested resources in sorted order, calling the private `_take` helper for each one, and if any single device turns out to be busy (held by another owner, or held-but-not-yet-timed-out), it aborts and gives back everything it had already grabbed for this call.

Concretely:

1. `acquire` loops over `wanted = physical_resources(resources)` and calls `self._take(resource, deadline, stop_requested)` for each, accumulating successfully-taken resources in `taken`.
2. `_take` tries to grab the resource's `_LifetimeLock` file. If the OS lock can't be acquired (`BlockingIOError`/`OSError`), it either:
   - waits and retries until `deadline` (derived from `wait_s`), polling on `stop_requested` so a cooperative stop raises `DeviceWaitStoppedError` immediately, or
   - once the deadline passes, calls `self.busy_result(resource, waited_s=...)` (which reads the other holder's recorded owner/pid/heartbeat info) and raises `DeviceBusyError(result)`.
3. Back in `acquire`, that exception propagates out of the `for` loop inside a `try/except BaseException` block. The `except` clause walks `taken` **in reverse** and calls `self._drop(resource)` on each already-acquired device, releasing them, before re-raising the original exception.

So if you ask for several devices and one is already held by someone else, `acquire` releases every device it had managed to lock so far in that same call and raises `DeviceBusyError` naming the busy resource and its holder — it never leaves the caller holding a partial subset of the requested set. This ""all-or-nothing"" guarantee is documented directly in the class/method docstrings (`BenchMutex` class docstring and `acquire`'s docstring, lines 328–336 and 369–382 of `src/agentic_hil/bench.py`).

Related note: `devices.py`'s `Devices.acquire` (src/agentic_hil/devices.py:570) relies on exactly this behavior — it deliberately puts the whole device set into one `BenchMutex.acquire` call so a partial/overlapping acquisition across owners can't happen.",True,True,True,src/agentic_hil/bench.py,True,"Answer correctly identifies bench.py's BenchMutex.acquire, _take, rollback of already-taken locks, and DeviceBusyError with wait/deadline handling — matching expected all-or-nothing behaviour.",0.093134,0.082144,0.01099,0.082144,,trace,true,S,agentic_hil,1139248,49
agentic_hil_q39,indexed,146090,4151,0,0,5,False,end_turn,,49.515,2026-09-15T19:58:44Z,"## The path from plan to a GDB breakpoint

**1. The plan step itself**

A plan step names a symbol breakpoint either as `run_until_breakpoint` (with `location: <symbol>` or `{symbol: ...}`/`{function: ...}`) or as an equivalent `debug_set_breakpoint`-style step. `run_until_breakpoint` is special: it declares no single backend tool, and its own preflight contract check and execution are both handled by `DebuggerDevice` (`src/agentic_hil/test_reactor.py`).

**2. Preflight, before any hardware is touched**

`TestReactor._preflight_step` (`test_reactor.py`) resolves the device class for the step and runs, in order:
- `device_class.name_refusal` → for an unnamed debugger with several configured, `DebuggerDevice.unnamed_refusal` refuses rather than guessing which board; for a named-but-unbound one, `unbound_refusal`/`name_refusal` refuses.
- `_preflight_tool_contract` → validates the step's arguments against the MCP tool's own JSON-schema contract (`validate_tool_arguments`).
- `DebuggerDevice.preflight` (`test_reactor.py:2372+` region), which for a breakpoint step checks, before anything is opened:
  - the debugger's backend actually has a session at all — `_backend_debug_refusal` refuses if the debugger's `type` isn't one that opens a typed debug session (e.g. pyOCD/STM32CubeProgrammer are refused with `not_supported`, pointing at switching to `type: openocd`);
  - a debug session is active and it's the same debugger the step names (`state.debug_session`);
  - `allow_debug_execution` permission is granted (`run_until_breakpoint` always resumes via `debug_continue`, so this is checked unconditionally even before `debug_set_breakpoint` runs);
  - the symbol is extracted via `breakpoint_symbol(step.arguments.get(""location""))`, and:
    - if there's no symbol at all (a file/line breakpoint) and `debug.allow_all_symbols` is false → refused;
    - if there is a symbol and `symbol_allowed(config, symbol)` is false (not in `debug.allowed_symbols` and `allow_all_symbols` not set) → refused (`preflight_error`).

Only after all of this does the reactor let the step run.

**3. Reactor execution**

`DebuggerDevice._run_until_breakpoint_step` calls `self._run_until_breakpoint(step.arguments)`, which:
1. `self.service.call(""debug_set_breakpoint"", {""location"": arguments[""location""]})`
2. on success, `self.service.call(""debug_continue"", ...)`
3. always `self.service.call(""debug_clear_breakpoints"")` afterward, merging results and matching the stop's `breakpoint_id` against the one just set (`unexpected_stop` if it doesn't match).

**4. The service/tool layer**

`self.service.call` goes through `AgenticHILToolService` (`src/agentic_hil/tools.py`), which manages the debug session lease (quarantining on unconfirmed cleanup, etc.) before/after dispatching to the backend.

**5. The GDB backend itself — `GdbDebugBackend.set_breakpoint` (`src/agentic_hil/backends/gdbdebug.py`)**

This is where the actual `-break-insert` is issued, and it re-checks everything independently of preflight (because the tool can also be called directly, not just via a plan):
- `_require_session` → refuses if there is no live session.
- `normalize_breakpoint_location` → turns a string or `{symbol|function}`/`{file,line}` dict into a normalized location; a symbol must match `DEBUG_SYMBOL_PATTERN` (a C/C++-identifier regex, with optional `::` scoping) or it's `invalid_argument`.
- If it's a symbol: `_validate_symbol` re-checks the identifier pattern and the `debug.allowed_symbols`/`allow_all_symbols` allowlist → `permission_denied` if not allowed.
- If it's a file/line location and `debug.allow_all_symbols` is false → refused with `permission_denied`.
- Only then: `self._gdb_command(session, f""-break-insert {mi_string(normalized['gdb_location'])}"")` — the actual GDB/MI insert.
- The response is then checked:
  - success with a parsable numeric `number=` → breakpoint recorded, session log written; but if the audit log couldn't be persisted (`self._audit_broken`), the call still fails with `audit_broken` (`cleanup_required`, `quarantined`) even though the breakpoint is live on the target.
  - a lost ack / timeout / unparsable id → the breakpoint may still exist on the target, so it's recorded as `provisional`, and the call fails with `cleanup_required` and `side_effect_status: unknown` until reconciliation proves it gone.
  - an outright GDB failure → `_gdb_failure`.

## What can refuse it, end to end

- **Preflight (`test_reactor.py`, `DebuggerDevice`)**: unnamed/unknown/unbound debugger; wrong backend type (no typed debug session at all, e.g. pyOCD/STM32CubeProgrammer — `_backend_debug_refusal`); no active session, or session belongs to a different debugger; `allow_debug_execution` not granted; symbol missing and `debug.allow_all_symbols` false; symbol present but not in `debug.allowed_symbols` (`symbol_allowed`).
- **Backend (`gdbdebug.py`, `GdbDebugBackend.set_breakpoint`)**: no session (`_require_session`); malformed location/symbol (fails `DEBUG_SYMBOL_PATTERN` or the file/line pattern); symbol not in `debug.allowed_symbols`; file/line breakpoint without `debug.allow_all_symbols`; audit-log persistence broken (`audit_broken`); GDB command timeout/lost ack (`provisional`/`cleanup_required`); GDB itself rejecting the insert (`_gdb_failure`).
- **After insertion, in `_run_until_breakpoint`**: `debug_continue` failing, `debug_clear_breakpoints` failing to reconcile against GDB's own `-break-list`, or the target stopping somewhere other than the expected breakpoint (`unexpected_stop`).",True,True,True,src/agentic_hil/test_reactor.py;src/agentic_hil/backends/gdbdebug.py,True,"The answer traces the plan step through test_reactor.py preflight (breakpoint_symbol, symbol_allowed) into gdbdebug.py set_breakpoint/normalize_breakpoint_location, naming the expected files, symbols, and refusal points.",0.352745,0.33369,0.019055,0.33369,,multi_hop,false,S,agentic_hil,1139248,49
agentic_hil_q37,agentic,5776,881,0,0,3,False,end_turn,,10.664,2026-09-15T19:59:36Z,"## `decode_symbol_value` behavior for non-standard widths

When `len(data)` is not one of the widths in `INTEGER_VALUE_WIDTHS` (1, 2, 4, or 8 bytes), the function does **not** attempt any numeric decoding. Instead it sets:

```python
result[""value_not_decoded""] = ""size_bytes is not 1, 2, 4 or 8, so the bytes carry no single integer reading.""
```

It still always includes `hex` (the raw bytes in memory order, `data.hex()`) and the `order` info, but skips `value_unsigned`/`value_signed`. This is deliberate per the docstring: a size like 3 or 408 bytes ""is not a number,"" so inventing an integer interpretation would be inventing an answer rather than reporting one.

Source: `src/agentic_hil/backends/gdbdebug.py`, function `decode_symbol_value` (lines 1733–1756).

## Where the byte order comes from

The `order` argument (containing `byte_order`) is produced by `image_byte_order(elf_path)` (same file, lines 1709–1730), not chosen inside `decode_symbol_value` itself. `image_byte_order`:

1. Calls `read_elf_byte_order(elf_path)` to read the ELF header's `EI_DATA` field.
2. If the ELF declares an order, returns `{""byte_order"": declared, ""byte_order_from"": ""elf_header""}`.
3. If it can't determine one (e.g., a stub/truncated file), falls back to `{""byte_order"": DEFAULT_SYMBOL_VALUE_BYTE_ORDER, ""byte_order_from"": ""default""}`.

So `decode_symbol_value` just reads `order[""byte_order""]` (line 1749) and uses it for `int.from_bytes(...)`, unchanged and passed through into the result — it doesn't independently decide the byte order; that decision is made upstream by `image_byte_order`/`read_elf_byte_order`, based on the target ELF's declared endianness (or a documented default when the ELF doesn't declare one).",True,False,True,src/agentic_hil/backends/gdbdebug.py,True,"The answer correctly identifies decode_symbol_value in gdbdebug.py skipping integer decoding (marking value_not_decoded, keeping hex) for non-1/2/4/8 widths, and byte order from image_byte_order/read_elf_byte_order ELF header with default fallback.",0.030267,0.020362,0.009905,0.020362,,trace,false,S,agentic_hil,1139248,49
agentic_hil_q03,indexed,16486,964,0,0,2,False,end_turn,,13.467,2026-09-15T19:59:52Z,"The broker is implemented in **`src/agentic_hil/canbroker.py`**, specifically the `CanBroker` class (defined around line 519).

Key details:
- The module docstring (`src/agentic_hil/canbroker.py:1-34`) states: *""One process owns one physical CAN bus; named participants share it.""* It explains that a `can_buses` entry with a `shares:` mapping is opened by a single broker process, which takes the machine-wide `BenchMutex` lock for the physical device (`can:<adapter>:<channel>`) and holds it for its whole life, while multiple named participants attach to it via logical per-participant locks (`<bus-key>#<name>`).
- The `CanBroker` class docstring (line ~519) summarizes it as *""One process, one physical bus, many named participants.""* It owns the bus lock and adapter, and all frame traffic passes through it, giving a complete whole-bus frame log.
- The CLI entry point is `main()` at the bottom of the file (`canbroker.py:1602`), exposed as the `agentic-hil-can-broker` script, which loads the config, takes the bus lock (`broker.take_bus()`), opens the adapter (`broker.open_bus()`), publishes its descriptor (`broker.publish()`), and serves attaching participants (`broker.serve()`).
- Configuration for participant ""shares"" of a bus is modeled by `CanShareConfig` and the `shares` field on `CanBusConfig` in `src/agentic_hil/types.py` (around lines 429–486), where the docstring notes: *""A share is what a run attaches to; the `can_buses` entry above it is what the broker owns.""*

So, to answer directly: the CAN-bus-sharing broker lives in `src/agentic_hil/canbroker.py` (`CanBroker` class and its `main()` CLI), with the shared-bus configuration types (`CanBusConfig.shares`, `CanShareConfig`) defined in `src/agentic_hil/types.py`.",True,True,True,src/agentic_hil/canbroker.py,True,"The answer names the correct file (src/agentic_hil/canbroker.py) and the primary symbol CanBroker, with accurate supporting detail; omitting BrokerDescriptor is minor since the main location is identified.",0.051347,0.042612,0.008735,0.042612,,locate,true,S,agentic_hil,1139248,49
agentic_hil_q32,agentic,7970,551,0,0,3,False,end_turn,,7.748,2026-09-15T20:00:09Z,"`read_elf_symbol` (in `src/agentic_hil/elfsymbols.py`) returns `{""ok"": False, ""reason"": ""no_size""}` when the symbol table contains a defined entry for the name but its `st_size` field is 0 (e.g. a bare assembler label with no `.size` directive). It returns `{""ok"": False, ""reason"": ""not_found""}` when no defined entry for that name exists in the symbol table at all.

This distinction is implemented in `_read_symbol`: it tracks a `defined` flag that is set whenever a matching, non-`SHN_UNDEF` symbol entry is found, but only adds `(value, size)` to the `found` set if `entry[""size""] > 0`. If `found` ends up empty, it reports `""no_size""` if `defined` is `True` (name exists but zero size) or `""not_found""` if `defined` is `False` (name never appears as a defined symbol).

The docstring explains the rationale: a zero-size entry is deliberately not treated as a successful zero-byte read, and the two ""silence"" cases are separated because the fix differs — add the symbol (`not_found`) versus add the `.size` directive (`no_size`).",True,True,True,src/agentic_hil/elfsymbols.py,True,"Answer names the correct file and both symbols, and accurately describes the no_size vs not_found distinction via the defined flag in _read_symbol.",0.02829,0.02145,0.00684,0.02145,,trace,true,S,agentic_hil,1139248,49
agentic_hil_q32,indexed,7029,626,0,0,2,False,end_turn,,7.268,2026-09-15T20:00:19Z,"## `read_elf_symbol` behavior for zero-size vs. absent symbols

Both cases return `{""ok"": False, ...}`, but with different `reason` values, distinguished by an internal `defined` flag in `_read_symbol` (`src/agentic_hil/elfsymbols.py`):

- **Name present in the symbol table but with `st_size == 0`** (a bare assembler label with no `.size` directive): reported as `{""ok"": False, ""reason"": ""no_size""}`.
- **Name not present in the symbol table at all** (no matching defined entry): reported as `{""ok"": False, ""reason"": ""not_found""}`.

The code walks each `SHT_SYMTAB` section's entries; for every entry matching the symbol name (excluding `SHN_UNDEF`), it sets `defined = True`, and only adds `(value, size)` to the `found` set if `entry[""size""] > 0`. After the loop, if `found` is empty, it picks `""no_size""` when `defined` is `True` and `""not_found""` when `defined` is `False`.

As the docstring/comment in `elfsymbols.py` explains:
> `defined` separates the two silences: a name the table does not carry at all is `not_found`, and a name it carries without a size is `no_size`. The caller reports which, because the fix differs: add the symbol, or add the `.size` directive behind it.

So `read_elf_symbol` never treats a zero-size symbol as `ok: True` with `size_bytes: 0` — that would look like a successful zero-byte read. Instead it's explicitly flagged `no_size`, distinct from a truly missing symbol (`not_found`), so callers/users know whether to add the symbol or add a `.size` directive.",True,True,True,src/agentic_hil/elfsymbols.py,True,"The answer names the expected file and both symbols, correctly distinguishing the 'no_size' result for zero-size entries from 'not_found' for absent names via the defined flag.",0.028283,0.020318,0.007965,0.020318,,trace,true,S,agentic_hil,1139248,49
agentic_hil_q13,agentic,9171,787,0,0,3,False,end_turn,,8.977,2026-09-15T20:00:29Z,"## Answer

`spawn_command` (in `src/agentic_hil/backends/common.py`) returns a `CompletedCommand` dataclass in both cases, but the two failure modes set different fields:

- **Executable not there** (`FileNotFoundError`, i.e. `ENOENT`): returns `CompletedCommand(stdout="""", stderr="""", returncode=None, timed_out=False, not_found=True)` — only `not_found` is `True`; `not_executable_reason` stays `None`.

- **Executable is present but the host refuses to run it** (an `OSError` with `errno` in `EXEC_REFUSED_ERRNOS = {EACCES, EPERM, ENOEXEC}`): returns `CompletedCommand(..., not_found=False, not_executable_reason=<PERMISSION_DENIED_REASON or NOT_AN_EXECUTABLE_IMAGE_REASON>, spawn_error=str(error))`. Here `not_found` is `False`, and the `not_executable` property (defined as `not_executable_reason is not None`) becomes `True`. The specific reason distinguishes a permissions problem (`EACCES`/`EPERM` → `""permission_denied""`) from a bad binary format (`ENOEXEC` → `""not_an_executable_image""`).

Any other `OSError` errno is re-raised rather than turned into a `CompletedCommand`, since it says nothing about the configured file itself.

So the distinguishing mechanism is the `not_found` flag vs. the `not_executable_reason`/`not_executable` property on `CompletedCommand`, and downstream, `not_executable_refusal()` in the same file produces the human-facing refusal for the ""present but won't run"" case, distinct from each backend's `*_NOT_FOUND` refusal for the ""missing"" case.",True,True,True,src/agentic_hil/backends/common.py,True,"Names the right file and identifies spawn_command returning CompletedCommand with not_found vs not_executable_reason, plus not_executable_refusal, matching expected symbols.",0.035787,0.026212,0.009575,0.026212,,trace,false,S,agentic_hil,1139248,49
agentic_hil_q07,indexed,6045,506,0,0,2,False,end_turn,,7.333,2026-09-15T20:00:41Z,"The pytest plugin lives in **`src/agentic_hil/pytest_plugin.py`**.

Specifically:
- The `agentic_hil` fixture (function-scoped, at pytest_plugin.py:143 area) yields an `AgenticHILToolService` for use in tests, with cleanup logic for debug/COM/CAN sessions afterward.
- It depends on `_agentic_hil_service` (session-scoped, pytest_plugin.py:131) which constructs the `AgenticHILToolService` once per session.
- That in turn depends on `agentic_hil_config` (session-scoped, pytest_plugin.py:88), which loads/validates the authoritative `AgenticHILConfig` via `agentic_hil.config.load_authoritative_config`.
- `pytest_addoption` (pytest_plugin.py:40) registers the `--agentic-hil-config` CLI option and `agentic_hil_config` ini option for configuring/discovering the config used by the session.

This plugin is registered as the installed package's pytest plugin entry point, as referenced in `src/agentic_hil/skills/agentic-hil/SKILL.md`: ""For automated regression runs the installed package registers a pytest plugin: the `agentic_hil` fixture drives the same tools through `agentic_hil.call(name, arguments)`.""",True,True,True,src/agentic_hil/pytest_plugin.py,True,"The answer names the expected file src/agentic_hil/pytest_plugin.py and all three expected symbols (agentic_hil, agentic_hil_config, pytest_addoption) with accurate behavioral detail.",0.02482,0.01715,0.00767,0.01715,,locate,false,S,agentic_hil,1139248,49
agentic_hil_q04,agentic,7915,329,0,0,2,False,end_turn,,4.619,2026-09-15T20:00:51Z,"The module `src/agentic_hil/mcp.py` handles this — specifically `handle_mcp_message` (and `handle_single_mcp_message`) parse an incoming MCP JSON-RPC message and dispatch it to an `AgenticHILToolService` instance. This is invoked from `src/agentic_hil/stdio.py`, where `handle_mcp_message(message, tools)` is called with a `tools = AgenticHILToolService(config, frontend=""mcp"")` instance.",True,True,True,src/agentic_hil/mcp.py,True,"The answer names the expected module src/agentic_hil/mcp.py and its handle_mcp_message dispatch to the tool service, with accurate extra detail about the stdio caller.",0.02504,0.01912,0.00592,0.01912,,locate,false,S,agentic_hil,1139248,49
agentic_hil_q13,indexed,7196,775,0,0,2,False,end_turn,,9.614,2026-09-15T20:00:58Z,"In `src/agentic_hil/backends/common.py`, `spawn_command` returns a `CompletedCommand` dataclass, and the two failure modes are distinguished by different fields on that object, set in different `except` branches:

- **Executable not there at all** — caught via `except FileNotFoundError:` — returns `CompletedCommand(stdout="""", stderr="""", returncode=None, timed_out=False, not_found=True)`. Here `not_found=True` and `not_executable_reason` is left at its default `None`.

- **Executable exists but cannot run** — caught via `except OSError as error:` (checked *after* `FileNotFoundError`, since ENOENT is itself an `OSError`), but only when `error.errno` is one of `EXEC_REFUSED_ERRNOS`. This returns `CompletedCommand(stdout="""", stderr="""", returncode=None, timed_out=False, not_found=False, not_executable_reason=..., spawn_error=str(error))`, where `not_executable_reason` is set to `NOT_AN_EXECUTABLE_IMAGE_REASON` (for `errno.ENOEXEC`) or `PERMISSION_DENIED_REASON` otherwise, and `spawn_error` records the underlying OS error text. `not_found` stays `False`.

`CompletedCommand` also exposes a `not_executable` property (`self.not_executable_reason is not None`), so callers distinguish the two cases by checking `completed.not_found` (missing executable) versus `completed.not_executable` (present but unrunnable), as seen for example in `src/agentic_hil/backends/pyocd.py`'s `_enumerate_probes`, which checks `completed.not_found` before `completed.not_executable` and routes to different error results (`PYOCD_NOT_FOUND` vs. `not_executable_refusal(...)`).

Any other `OSError` whose errno is not in `EXEC_REFUSED_ERRNOS` is simply re-raised rather than converted into a `CompletedCommand`.",True,True,True,src/agentic_hil/backends/common.py,True,"The answer names the right file, spawn_command returning CompletedCommand, and distinguishes not_found (FileNotFoundError) from not_executable_reason/not_executable_refusal for unrunnable executables, matching expectations.",0.032837,0.022142,0.010695,0.022142,,trace,false,S,agentic_hil,1139248,49
agentic_hil_q10,agentic,20515,594,0,0,3,False,end_turn,,7.714,2026-09-15T20:01:11Z,"When both `image_path` and `artifact_id` are present in the payload, `AgenticHILToolService.flash_firmware` rejects the call.

Specifically, in `src/agentic_hil/tools.py` (lines 280–283):

```python
image_path = payload.get(""image_path"")
artifact_id = payload.get(""artifact_id"")
if bool(image_path) == bool(artifact_id):
    return tool_error(""flash_firmware"", ""invalid_argument"", ""Provide exactly one of image_path or artifact_id."")
```

Since `bool(image_path) == bool(artifact_id)` is true both when both are absent and when both are present, supplying both fields causes it to short-circuit with an `invalid_argument` error (""Provide exactly one of image_path or artifact_id."") before any permission checks beyond `allow_flash`, artifact validation, staging, or the actual backend `flash_firmware` call occur. This matches the contract schema in `src/agentic_hil/contracts.py` (the `flash_firmware` tool definition uses `one_of=[{""required"": [""image_path""]}, {""required"": [""artifact_id""]}]`), enforcing mutual exclusivity of the two fields.",True,True,True,src/agentic_hil/tools.py,True,"The answer correctly identifies flash_firmware in src/agentic_hil/tools.py returning tool_error with invalid_argument when both fields are supplied, matching expected files and symbols.",0.054145,0.04697,0.007175,0.04697,,trace,false,S,agentic_hil,1139248,49
agentic_hil_q40,indexed,131888,2461,0,0,5,False,end_turn,,36.635,2026-09-15T20:01:22Z,"## Summary

Running `agentic-hil init` writes the probe's serial number into `debuggers.dut.probe_id` (and often into `com_ports.dut_uart.serial_number`) through this chain:

**1. `init` reads the attached hardware.**
`cli.py`'s `init_project`/`_init_bench_read` calls into the same discovery path `project_config_create` uses, which ultimately calls `discover_attached_hardware` in `src/agentic_hil/bootstrap.py:528`.

**2. Discovery enumerates probes with one of two backends, decided by what's installed.**
- If STM32CubeProgrammer's CLI is present, `STM32_Programmer_CLI -l st-link-only` lists probes and the serial is read directly off the probe (`src/agentic_hil/backends/stlink.py:290`, `list_probes`).
- Otherwise (the common Linux/OpenOCD case), the serial is read out of the host's USB serial inventory: `usb_stlink_probe_ids` in `src/agentic_hil/comports.py:160` filters ports by ST's vendor id (`0x0483`) and the known ST-Link product ids (`STLINK_USB_PRODUCT_IDS`, `comports.py:112`) and takes the `serial_number` the probe published in its USB descriptor — the same string OpenOCD's `adapter serial` takes.

**3. Exactly one visible probe is bound.**
Inside `discover_attached_hardware` (`bootstrap.py:604-679`), if the enumeration finds exactly one probe id, that serial is selected (`selected`) and becomes `probe_id` from that point on (`bootstrap.py:688`, comment: ""The enumerated spelling from here on... is what ends up in the configuration""). If it came from the non-authoritative USB inventory rather than an explicit `--probe-id`, a caveat (`probe_inventory: incomplete`, `discovered_by`, `probe_inventory_note`) is attached via `probe_inventory_caveat` (`bootstrap.py:116`).

**4. The discovery result is used to fill the configuration template.**
`apply_discovery_to_template` (`bootstrap.py:908`) builds `template[""debuggers""][""dut""]` and sets `""probe_id"": discovery[""probe_id""]` (`bootstrap.py:915`), along with the backend type/executable and any inventory caveat fields. If the matching serial port was correlated for the UART, the same serial is also written as `com_ports.dut_uart.serial_number` (`bootstrap.py:1014-1043`).

**5. The filled template is written to disk.**
In `cli.py` (`init_project`, around `cli.py:2803-2838`), once `overall_success(discovery)` is true, `apply_discovery_to_template` is called and the resulting document (including `workspace_root`, `state_root`, and the filled `debuggers`/`com_ports`) is dumped with `yaml.safe_dump` and written to the project's `config.yaml` (`PROJECT_CONFIG_FILENAME`, `src/agentic_hil/config.py:610`).

So, on a machine with a single ST-Link attached, `init`'s hardware discovery reads the probe's serial (via STM32CubeProgrammer or the USB serial inventory), binds it as the sole visible probe, and `apply_discovery_to_template` writes that exact serial into `debuggers.<name>.probe_id` of the generated `config.yaml`.",True,False,True,src/agentic_hil/bootstrap.py;src/agentic_hil/backends/stlink.py,True,The answer traces the correct primary chain: init's hardware discovery (discover_attached_hardware) enumerates the ST-Link serial and apply_discovery_to_template writes it as debuggers.dut.probe_id in config.yaml.,0.311621,0.288386,0.023235,0.288386,,multi_hop,false,S,agentic_hil,1139248,49
agentic_hil_q24,agentic,124218,2135,0,0,7,False,end_turn,,28.742,2026-09-15T20:02:06Z,"I have enough detail now to answer comprehensively.

## How a config edit gets picked up

There is no automatic file-watching. The server ""parses its configuration once, at startup, and does not reload it while it runs"" (`src/agentic_hil/configreload.py` module docstring; also stated in `src/agentic_hil/mcp.py:58`). Picking up an edit requires an explicit call:

- **MCP tool**: `project_config_reload_description` (constant `PROJECT_CONFIG_RELOAD` in `src/agentic_hil/configreload.py`), dispatched from `ToolServer.reload_description()` in `src/agentic_hil/tools.py:894`.
- **CLI preview**: `agentic-hil config-reload` (`config_reload()` in `src/agentic_hil/cli.py:4726`), which runs the same `reload_description()` logic read-only to show what a live reload would take.

What happens on a reload (`reload_description()` in `src/agentic_hil/configreload.py:291`):
1. Re-loads the file via `load_authoritative_config` (same path/validation rules as startup).
2. Checks the resolved authoritative path still matches the currently loaded one (refuses if the project's config moved — `_relocated_refusal`).
3. Builds a brand-new config object with `merged_description()` (`configreload.py:221`), which takes only four sections from disk — `target`, `debuggers`, `com_ports`, `can_buses` (`RELOADED_SECTIONS`) — while carrying over every other section (notably `permissions`, `version`, `workspace_root`, `state_root`, `debug`, `artifacts`, `validation`, `recovery`) from the config that was loaded at startup. Permissions are never re-read, even for devices whose description changed.
4. Re-validates the composed object (`revalidate_permission_dependent_pinning`), refusing if the new pairing of disk description + startup permissions fails validation (`_uncomposable_refusal`).
5. On success, `ToolServer.reload_description()` swaps the whole config object atomically via `self._swap_config(reloaded)` (`tools.py:918`, `_swap_config` at `tools.py:943`), under the same `_lifecycle_lock` serialization as every other dispatched call, so no call is mid-read of `self.config` while it changes.

## What refuses the reload while a run is open

Before doing any of the above, `reload_description()` checks two guards up front (`configreload.py:313-316`):

- **`open_holds`** — computed by `ToolServer.open_hardware_holds()` (`tools.py:1133`), which reports non-`None` if there's an active run (`self.coordinator.run_status()` showing `run_active`) or any open lease (`self.coordinator.leases`) — i.e., a declared run, an open COM/CAN session, or a debug session holding hardware. If present, the reload is refused via `_open_run_refusal()` (`configreload.py:412`) with `error_type` = `config_reload_in_open_run` (`RELOAD_IN_OPEN_RUN_ERROR`, `configreload.py:108`).
- **`quarantine`** — from `ToolServer._unresolved_incident()` (`tools.py:921`), which returns non-`None` if `self.coordinator.incident_stands`. If present, refused via `_quarantine_refusal()` (`configreload.py:431`) with `error_type` = `resource_quarantined`.

Both refusals leave the config completely untouched (`NOT_STARTED` sentinel, `retry_safe: True`) — the rationale, per the module docstring and `_open_run_refusal`'s summary, is that a held device name must keep meaning the same physical board for as long as it's held; repointing the description underneath an open run/lease could silently repoint a name at a different board mid-run.",True,False,True,src/agentic_hil/configreload.py,True,"Answer correctly identifies configreload.py's reload_description as the explicit reload path and _open_run_refusal (config_reload_in_open_run) as the open-run guard, with accurate detail.",0.284106,0.269786,0.01432,0.269786,,multi_hop,false,S,agentic_hil,1139248,49
agentic_hil_q23,indexed,41408,2202,0,0,3,False,end_turn,,28.464,2026-09-15T20:02:38Z,"## How a plan run becomes PR evidence

**1. The run produces a report.** Running a plan (`agentic-hil test-reactor`) executes the plan's steps against the bench and writes a run report — the raw JSON document with everything the reactor recorded (device identities, lock keys, captured stream output, etc.).

**2. `write_run_evidence` turns that report into a bundle.** This is the mapping function in `src/agentic_hil/runevidence.py`. It:
- Reads the report and immediately redacts it (`redact_sensitive`) before anything else touches it.
- Builds a `run-summary.json` (`run_summary`) — a JSON document assembled field-by-field from an explicit allow-list (bench devices, tools, firmware/CI info via `_firmware`, etc.), never by passing the report through wholesale.
- Builds a `job-summary.md` (`job_summary`) — the Markdown a human reviewer actually reads, generated from the *same* summary data as the JSON so the two can't disagree.
- Copies event logs byte-for-byte into a `logs/` directory (`collect_logs`), since those are the hash-chained originals rather than derived text.

**3. The job summary reaches the PR page.** `_append_step_summary` appends `job-summary.md` to the file named by `GITHUB_STEP_SUMMARY` (set by the GitHub Actions runner), which is what renders on the job's page that a PR reviewer opens — in addition to always being written under `--out` as an artifact, so GitLab jobs and shell operators get the same bundle (`src/agentic_hil/runevidence.py:786-829`). `agentic-hil run-evidence` in `src/agentic_hil/cli.py` is the thin CLI entry point that calls `write_run_evidence`.

## What stops secrets from riding along

Several independent layers, documented in the module docstring of `src/agentic_hil/runevidence.py`:

1. **Allow-list construction, not pass-through.** `run_summary`/`job_summary` copy only a short list of named fields out of the report (`DEVICE_GROUPS`, `IDENTITY_FIELDS`, `LOCK_KEY_FIELDS`, etc.). A field not on that list simply never reaches the output, regardless of what it contains.

2. **Key-name redaction (`redact_sensitive` in `src/agentic_hil/redact.py`).** Applied to the report *first*, before any mapping happens. `_redact_member` checks each dict key against `_SENSITIVE_KEY_PATTERN` (`token`, `password`, `api_key`, etc.) and replaces the value with a placeholder (`_REDACTION_MARKER`).

3. **Content-scanning of free text (`redact_stream_text`).** Captured process streams, and — uniquely for this sink — *every string that reaches the summary/job-summary documents* (via the `text()` helper in `job_summary`), are passed through `redact_stream_text`, which runs `_mask_url_userinfo` (masks `scheme://user:secret@…` credentials) and a set of `_CONTENT_PATTERNS` for credential-shaped spans. This is deliberately stricter than the normal operator-facing redaction, which avoids scanning prose to not eat diagnostic text — but a PR-visible summary is a public sink, so prose gets scanned too.

4. **An identity sweep on top of both.** `excluded_values` collects things that are identities by construction (device paths, probe serials, lock keys, absolute paths outside the workspace — matched via the `ABSOLUTE_PATH` regex) and every string written into either document is swept (`_scrub`) and replaced with `WITHHELD` where found. This catches things that are neither secret-named nor credential-shaped, like a probe's serial number or an absolute filesystem path.

5. **Fail-closed redaction.** If `redact_sensitive` doesn't hand back a well-formed document, `write_run_evidence` doesn't fall back to publishing the raw report — it writes a `_redaction_refusal` bundle instead: a fixed `REDACTION_UNAVAILABLE_SUMMARY` sentence and no report fields at all, with `outcome` deliberately omitted so nothing can be mistaken for a run that ""just failed.""

6. **Logs are the one narrow exception, scoped deliberately.** Event logs are copied byte-for-byte rather than redacted, because they must match a hash-chained copy under `state_root` to be trustworthy — so any secret a backend printed into its own log stays there. That's why logs are handled as separate artifacts from the two world-readable summaries, which are the documents actually meant for anonymous/PR-level reading.

7. **Same redaction path everywhere.** The docstring notes `print_json`/`emit_result` also redact via `redact_sensitive`, so the evidence-writing path isn't a separate, weaker mechanism — it's a third sink using the same core redaction function as the rest of the CLI.",True,True,True,src/agentic_hil/runevidence.py;src/agentic_hil/redact.py,True,"The answer identifies runevidence.py's write_run_evidence and job_summary plus redact.py's redact_sensitive, matching the expected files and symbols with accurate detail about the evidence and redaction flow.",0.118661,0.104836,0.013825,0.104836,,multi_hop,false,S,agentic_hil,1139248,49
agentic_hil_q20,agentic,138085,3152,0,0,7,False,end_turn,,32.954,2026-09-15T20:03:09Z,"I now have enough detail to answer.

## Path from MCP call to the ST-Link programmer

1. **Transport/dispatch** — An MCP `tools/call` request with `name: ""flash_firmware""` is handled by `handle_method` in `src/agentic_hil/mcp.py`, which calls `call_tool()`, which calls `tools.call(name, arguments)` on the `AgenticHILToolService`.

2. **`AgenticHILToolService.call`** (in `src/agentic_hil/tools.py`) locks/coordinates the call and eventually reaches `_call_unlocked`, whose dispatch table maps `""flash_firmware""` to `self.flash_firmware(args)`.

3. **`AgenticHILToolService.flash_firmware`** (`src/agentic_hil/tools.py:274`) is the service-level implementation:
   - Checks `self.debugger_permissions.allow_flash` and refuses with `permission_denied` if false.
   - Validates that exactly one of `image_path`/`artifact_id` was given, validates `reset_after_flash` and, if a reset is requested, checks `allow_reset` too.
   - Resolves/validates the firmware artifact via `self.artifacts.validate_local_path` / `resolve_artifact_id`, then stages it with `self.artifacts.stage_for_backend(...)`.
   - Finally calls `self.backend.flash_firmware(staged[""artifact""], reset_after_flash)` — `self.backend` is whatever `DebuggerBackend` was constructed for the configured debugger.

4. **Backend selection** — `create_debugger_backend()` in `src/agentic_hil/debugger.py` picks the concrete backend from `config.debugger.type`. When the authoritative config says `type: stlink`, it returns a `STLinkBackend` (`src/agentic_hil/backends/stlink.py`). If no debugger is bound, an `UnboundDebuggerBackend` is used instead, which refuses every call including `flash_firmware`.

5. **`STLinkBackend.flash_firmware`** (`src/agentic_hil/backends/stlink.py:338`) is what actually drives the programmer:
   - Re-checks `allow_flash`, `allow_raw_debugger_commands`, `allow_mass_erase` permissions (see below).
   - Builds the write arguments (`-w <artifact_path>`, plus a required `flash_address` for `.bin` artifacts) and connection args (`-c port=..., mode=HOTPLUG|UR[, sn=<probe_id>]` from `_connection_args`/`_flash_connect_mode`).
   - Calls `self._run_stlink(""flash_firmware"", [...])`, which resolves the `STM32_Programmer_CLI` executable (`_resolve_executable`) and spawns it via `spawn_command`, logging the transcript, and confirms success by checking for `""Download verified successfully""` in stdout/stderr (`STLINK_SUCCESS_CONFIRMATION` in `stlink.py`).
   - The parsed/confirmed result is written back through `_write_action_report`.

So the concrete chain is: **MCP `tools/call` → `mcp.call_tool` → `AgenticHILToolService.call`/`flash_firmware` → `STLinkBackend.flash_firmware` → `STM32_Programmer_CLI` subprocess** (the actual ST-Link programmer interface).

## What refuses it when disabled

Flashing is gated by the authoritative config's `permissions.allow_flash` for the bound debugger, and is checked **twice**, independently, at two layers:

- **Service layer**: `AgenticHILToolService.flash_firmware` (`src/agentic_hil/tools.py:278-279`) — if `self.debugger_permissions.allow_flash` is false, it returns a `permission_denied` error (""Flashing is disabled by the authoritative config."") before ever touching the artifact or backend.
- **Backend layer**: `STLinkBackend.flash_firmware` (`src/agentic_hil/backends/stlink.py:339-340`) repeats the same `self.config.debugger.permissions.allow_flash` check via `self._permission_denied(...)`, so even a direct backend invocation is refused.

In addition, flashing is mutually exclusive with two other permissions on the same probe: `allow_raw_debugger_commands` and `allow_mass_erase`. `STLinkBackend.flash_firmware` refuses with `_exclusive_permission_denied` if either is true (`stlink.py:341-344`), because a raw debugger command or mass erase could alter flash outside what this server can verify, so the ""validated flashing"" guarantee cannot be honored. This same exclusivity/permission model applies identically to the `openocd` and `pyocd` backends (`src/agentic_hil/backends/openocd.py:394-400`, `src/agentic_hil/backends/pyocd.py:291-297`), and is documented in `src/agentic_hil/schemas/config.schema.json` and `src/agentic_hil/knowledge.py` (e.g. around line 4391).",True,True,True,src/agentic_hil/mcp.py;src/agentic_hil/tools.py;src/agentic_hil/backends/stlink.py,True,"The answer correctly traces mcp.py's call_tool → tools.py flash_firmware → STLinkBackend, and names debugger_permissions.allow_flash as the refusal gate, matching expected files and symbols.",0.324025,0.30769,0.016335,0.30769,,multi_hop,false,S,agentic_hil,1139248,49
agentic_hil_q22,indexed,50144,4061,0,0,3,False,end_turn,,50.306,2026-09-15T20:03:45Z,"## Path a frame takes between two processes on the same CAN bus

Two independent processes never talk to each other directly. They both talk to a **third process — the `CanBroker`** — that is the sole owner of the physical (or virtual) CAN adapter for a bus declared with `shares:` in the authoritative config. This is described in `src/agentic_hil/canbroker.py`'s module docstring: ""One process owns one physical CAN bus; named participants share it.""

### 1. Both processes attach to the same broker over IPC
- The broker process (`CanBroker`, started via `main()` in `canbroker.py`) opens a `multiprocessing.connection.Listener` (`self._listener`) and holds the machine-wide bus lock (`take_bus()` → `BenchMutex`).
- Each client process calls the attach helper (around `canbroker.py:1420‑1447`), which connects with `multiprocessing.connection.Client`, sends an `attach` message (protocol version/digest, expected counter, participant name, pid), and gets back an `Attached`/`Participant` object wrapping that `Connection`. This handshake also proves the peer really owns the bus lock before trusting it.
- Each successful attach produces a `Participant` instance (`canbroker.py:1155` `class Participant`) that is this process's private, authenticated pipe to the broker.

### 2. Process A sends a frame
- Process A calls `Participant.send()` (`canbroker.py:1183`), which builds the wire frame and does `self._request({""message"": ""send"", ""frame"": wire})` over its own `Connection` to the broker.
- In the broker, `_handle_request` dispatches to the send handler (`canbroker.py:~945‑1000`), which checks the sender's filter/view, spends its budget, and then calls the **single shared** `self.adapter_session.send(frame)` — the real python-can adapter session opened once by the broker (`open_bus()` in `canbroker.py`, using `open_adapter` from `can.py`). This is what actually puts the frame on the physical/virtual bus.
- The broker logs the transmit (`_log_bus({""event"": ""frame"", ""direction"": ""tx"", ...})`) and returns an ack to process A over its connection — it does **not** push the frame into any other participant's queue directly.

### 3. The frame reaches Process B only when Process B reads
- Process B calls `Participant.read()` (`canbroker.py:1190`), which sends `{""message"": ""read"", ...}` to the broker.
- The broker's `_handle_read` (`canbroker.py:1002`) first checks B's own per-participant queue; if it doesn't have enough frames buffered, it calls `_draw_from_bus()` (`canbroker.py:1032`), which does the one and only read of the medium: `self.adapter_session.read(max_frames, wait_timeout_s)` on the broker's shared adapter session.
- Any frames read back off the adapter (including A's frame, if the underlying adapter/link is configured with `receive_own_messages`, or simply because the medium is shared) are then **fanned out** to every attached participant whose configured filter/view accepts that identifier and who has read permission — this is the loop `for name, item in sorted(self.participants.items())` in `_draw_from_bus`, which appends `{**wire, ""frame_seq"": seq}` onto each matching participant's `item.queue`.
- Back in `_handle_read`, the broker then pops frames off *B's* queue and returns them to B over B's own connection.

### Why routed this way
- The broker is the **only** reader and writer of the actual adapter (`canbroker.py` docstring: ""the broker is the only writer, so a frame in a participant's own log is a frame in this one, under the same sequence number""), which keeps the whole-bus frame log complete and prevents one participant from ""stealing"" a frame that a destructive single read would otherwise consume.
- Filtering/permission enforcement (`filter_accepts`, `share.permissions.allow_read`) happens per participant when frames are fanned out, and per-participant receive queues are bounded (`_receive_queue_bound`) so a slow reader can't grow memory without limit or block others (`_overflow_participant`).

**In short:** Process A → its own `Connection` → broker's `send` handler → broker's single adapter session writes to the real bus → (later) broker's single adapter session reads the bus (triggered by any participant's `read` request) → broker fans matching frames into every eligible participant's queue → Process B's own `Connection` → `Participant.read()` delivers it. The two application processes are never directly connected; the `CanBroker` (`src/agentic_hil/canbroker.py`) is the intermediary for both directions.",True,False,True,src/agentic_hil/canbroker.py,True,"Answer correctly identifies the CanBroker in canbroker.py as the mediating process, the wire-frame send/read fan-out path, and references can.py's adapter layer.",0.159643,0.140898,0.018745,0.140898,,multi_hop,true,S,agentic_hil,1139248,49
agentic_hil_q18,agentic,137339,3252,0,0,11,False,end_turn,,41.038,2026-09-15T20:04:41Z,"Now I have all the pieces needed for a comprehensive answer.

## What `start_detached_run` does differently

`start_detached_run` (`src/agentic_hil/runlifecycle.py:720`) does not run the plan itself. Instead it:

1. **Mints a handle** up front (`new_run_handle()`, `runlifecycle.py:128`), before anything runs — a `run-<16 hex>` string.
2. **Spawns the plan in a separate, detached OS process** via `spawn_run_worker` → `spawn_detached_process` (`runlifecycle.py:914`, using `agentic_hil.process.spawn_detached_process` rather than a managed/job-owned child), specifically so the worker outlives the command that started it instead of being killed when that command returns.
3. **Redirects the worker's stdout/stderr to a log file** beside its record (`worker_log_path`), since nothing is left to read a pipe once the start command has returned.
4. **Polls the worker's published record** for a bounded window (`worker_publish_window_s`, which extends the base startup timeout by the device `wait_s` the worker was handed) instead of blocking for the whole plan. It returns as soon as the worker publishes anything past the `starting` state (i.e., `running`, or a terminal state reached very fast).
5. **Handles worker liveness itself**: if the worker process exits with no record (`run_worker_failed`), or never publishes within the window (`run_worker_unresponsive`, in which case it proactively plants a stop request under the handle so a still-alive-but-stuck worker ends at its next step boundary rather than running unattended), it returns a failure result instead of raising.
6. **Returns a handle-bearing ""detached"" result** immediately — `{""detached"": True, ""run"": handle, ""state"": ..., ...}` — telling the caller to use `test-reactor-status --run <handle>` / `test-reactor-stop --run <handle>` later.

A foreground run (`run_plan` / `run_registered_plan` in `src/agentic_hil/reactorrun.py`) instead registers the same kind of run record but runs the plan synchronously in the calling process and blocks until it (and cleanup) finishes, returning the full report/result rather than a ""still running"" handle. (The worker process the detached path spawns re-invokes `agentic-hil test-reactor --run-handle <handle>`, which internally goes through the same `run_plan`/`RunRegistration` machinery — the difference is entirely in process detachment and early return, not in how the plan itself is executed.)

## What it writes so a later call can find the run

Everything is keyed off the handle and lives under the runs directory (`runs_directory(config)`), one file per concern, each with a single writer:

- **The run record** — `record_path(config, handle)` = `<runs_dir>/<handle>.json` (`runlifecycle.py:142`). Written by the worker process via `RunRegistration.take`/`_write` (`runlifecycle.py:544`, `:680`), starting at `RUN_STARTING`, then `RUN_RUNNING` with periodic `progress`, then a terminal `RUN_FINISHED`/`RUN_STOPPED` record (`RunRegistration.finish`, `:634`). It carries `version`, `run`, `name`, `test_config_path`, `report_path`, `detached`, `pid`, `started_at`, `state`, `updated_at`, and on finish `run_ok`, `error_type`, `failed_step`, `finished_at`, and the canonical report key. This is what `run_status`/`read_run_record` reads later by handle.
- **The lifetime lock** — `lock_path(config, handle)` = `<runs_dir>/<handle>.lock`, held by the worker for as long as it runs; a later caller (or `worker_is_gone`) uses whether this lock is takeable to detect a dead worker instead of trusting a stale `pid`.
- **The stop file** — `stop_path(config, handle)` = `<runs_dir>/<handle>.stop`, written on request (by `request_run_stop`, or defensively by `_plant_stop_after_unresponsive` if the worker never published in time) and polled by the run via `stop_requested_at`.
- **The worker log** — `worker_log_path(config, handle)` = `<runs_dir>/<handle>.log`, capturing the detached process's stdout/stderr for diagnosis if it never got far enough to publish a record or report.

The handle itself is the only thing `start_detached_run` returns to the caller; everything above is reconstructed from it via `record_path`/`lock_path`/`stop_path`/`worker_log_path`, which is why the returned summary tells the caller to use `test-reactor-status --run <handle>` and `test-reactor-stop --run <handle>`.",True,True,True,src/agentic_hil/runlifecycle.py,True,It correctly identifies runlifecycle.py's start_detached_run spawning a detached worker via spawn_run_worker and the handle-keyed run record JSON used by later status/stop calls.,0.327993,0.307198,0.020795,0.307198,,trace,false,S,agentic_hil,1139248,49
agentic_hil_q28,agentic,20202,549,0,0,4,False,end_turn,,21.871,2026-09-15T20:05:28Z,"The reactor is `TestReactor` in `src/agentic_hil/test_reactor.py`. It walks a plan's steps via `execute_steps` (calling `_advance`, `execute_step`, and `execute_repeat` for blocks), and each step is dispatched by `step_device`/`execute_step`, which resolves the device the step names (through `step_device_class` and `device_for`) and calls `device.execute(step)` on it (`src/agentic_hil/test_reactor.py:2811-2934`).",True,True,True,src/agentic_hil/test_reactor.py,True,"The answer names the correct file (src/agentic_hil/test_reactor.py) and the primary symbol TestReactor, describing step iteration and per-device dispatch as the question asks.",0.051864,0.045894,0.00597,0.045894,,locate,false,S,agentic_hil,1139248,49
agentic_hil_q05,indexed,13915,694,0,0,2,False,end_turn,,9.639,2026-09-15T20:05:52Z,"The JUnit XML report for a plan run is produced in `src/agentic_hil/junit.py`:

- **`junit_xml_document(result, *, plan_steps=())`** (`src/agentic_hil/junit.py`) builds the actual XML content as a pure function — it turns the run's JSON result (plus the loaded plan's steps, so it can mark unreached steps as skipped) into a `<testsuites>`/`<testsuite>`/`<testcase>` document.
- **`write_junit_xml(junit_xml_path, result, *, plan_steps=())`** (`src/agentic_hil/junit.py`) calls `junit_xml_document` and writes the resulting text to the path the caller specified (creating parent directories as needed).
- **`result_with_junit_xml(result, junit_xml_path, *, plan_steps=())`** (`src/agentic_hil/junit.py`) wraps `write_junit_xml`, attaching `""junit_xml""` (or a `""junit_xml_error""`) to the run's JSON result.
- **`write_refusal_junit_xml(junit_xml_path, refusal, *, plan_steps=())`** (`src/agentic_hil/junit.py`) does the same best-effort write for a run that was refused before it could produce a normal report.

These are invoked from the actual plan-run flow in `src/agentic_hil/reactorrun.py`: `run_plan` calls `write_refusal_junit_xml` if the plan fails to load, and otherwise calls `result_with_junit_xml(result, junit_xml, plan_steps=test_config.steps)` after `run_registered_plan` finishes, when a `--junit-xml` path was requested (wired up via the CLI in `src/agentic_hil/cli.py`).",True,True,True,src/agentic_hil/junit.py,True,"The answer names the expected file src/agentic_hil/junit.py and both expected symbols write_junit_xml and junit_xml_document, with accurate extra detail about callers.",0.042695,0.03477,0.007925,0.03477,,locate,false,S,agentic_hil,1139248,49
agentic_hil_q11,agentic,6267,396,0,0,3,False,end_turn,,7.288,2026-09-15T20:06:05Z,"In `flash_firmware` (`src/agentic_hil/tools.py`, `DebuggerTools.flash_firmware`), when `self.backend.flash_firmware(...)` raises, the `except BaseException` handler sets `self._symbol_elf = None` — discarding the previously remembered symbol-source ELF — before re-raising the exception. This is because `_remember_symbol_elf` (which normally decides whether to keep/replace the symbol source) only runs on a returned result, never on an exception, so a raise means the backend may have partially written the target, making the old ELF no longer provably correct; the code explicitly clears it rather than leaving stale symbol info in place.",True,True,True,src/agentic_hil/tools.py,True,"Candidate correctly identifies flash_firmware in tools.py clearing the remembered symbol ELF (setting it to None) on backend exception before re-raising, referencing _remember_symbol_elf.",0.028334,0.016494,0.01184,0.016494,,trace,false,S,agentic_hil,1139248,49
agentic_hil_q33,indexed,7334,461,0,0,2,False,end_turn,,7.421,2026-09-15T20:06:17Z,"`read_intel_hex_file` returns `None` in both cases.

In `src/agentic_hil/gdbmi.py` (function `read_intel_hex_file`, lines ~350-401):

- **Not covering every byte of the window**: it tracks a `covered` bytearray alongside the `window` buffer; the function only builds and returns the window if every byte in `[start_address, start_address+size_bytes)` was actually written by a data record. A ""hole"" (bytes never covered) results in `None` (per the docstring: ""a hole"" is one of the listed reasons for returning `None`).

- **Writing one address twice with different values**: while processing an `INTEL_HEX_DATA_RECORD`, it checks `if covered[position] and window[position] != value: return None` — i.e., if the same position is written again with a differing value, it immediately returns `None`.

As the docstring states explicitly: ""`None` for anything that is not exactly that window: a malformed record, a failed checksum, a record type that could be carrying bytes and is not understood, one address written twice with different values, or a hole. Never a partial answer... and the caller reports a read that failed.""

So in both scenarios described, the function returns `None`, never a partial or best-effort `bytes` result.",True,True,True,src/agentic_hil/gdbmi.py,True,"The answer correctly identifies read_intel_hex_file in src/agentic_hil/gdbmi.py returning None for holes and conflicting duplicate writes, matching expected location and behavior with accurate implementation detail.",0.026858,0.019278,0.00758,0.019278,,trace,true,S,agentic_hil,1139248,49
agentic_hil_q27,agentic,20062,1053,0,0,4,False,end_turn,,13.309,2026-09-15T20:06:27Z,"The mutex is `BenchMutex` in `src/agentic_hil/bench.py`.

- **What it is**: `BenchMutex` (class defined in `src/agentic_hil/bench.py`, line ~328) implements a machine-wide, cross-process exclusivity lock keyed by physical resource identifiers such as `probe:<serial>`, `probe-exe:<executable>`, `com:<device>`, `can:<adapter>:<channel>`, and `physical:<resource_id>` (see `PHYSICAL_RESOURCE_PREFIXES`, line 68).
- **Where it lives**: lock files are stored under the user's home directory (`~/.agentic-hil/device-locks/`, see `BENCH_ROOT_NAME`/`DEVICE_LOCK_DIRECTORY_NAME` and `_device_lock_directory` around line 290), deliberately *not* under any per-configuration `state_root`, so that two independent sessions on the same machine can't accidentally miss each other's locks.
- **How ownership works**: each resource gets an OS-level advisory lock (`fcntl.flock` on POSIX / `msvcrt.locking` on Windows) on a `<digest>.lock` file via the internal `_LifetimeLock` class (lines 78–159). The OS releases the lock automatically if the holding process dies, giving crash safety with no manual recovery step. A companion `<digest>.holder.json` file is purely advisory metadata describing who holds it, used to name the holder in refusal messages.
- **API**: `BenchMutex.acquire()` / `acquire_named()` (lines 369, 399) take the named resources, and `release_all()` frees them; consumers like probe/serial/CAN backends (e.g., `src/agentic_hil/canbroker.py`, `src/agentic_hil/devices.py`) go through this to prevent two processes from driving the same probe or serial port simultaneously.

This design and rationale are documented in the module docstring at the top of `src/agentic_hil/bench.py`.",True,True,True,src/agentic_hil/bench.py,True,"The answer names BenchMutex in src/agentic_hil/bench.py and describes the lock directory and behavior, matching the expected primary location and symbols.",0.058999,0.050654,0.008345,0.050654,,locate,true,S,agentic_hil,1139248,49
agentic_hil_q21,indexed,41753,2008,0,0,3,False,end_turn,,25.43,2026-09-15T20:06:43Z,"## How a symbol's value is read back after a flash

**Entry point:** `debug_symbol_value` (declared as a `DebuggerBackend` protocol method in `src/agentic_hil/debugger.py`, dispatched from `DebuggerToolset.debug_symbol_value` in `src/agentic_hil/tools.py:443-452`). It validates the symbol argument and calls `self.backend.debug_symbol_value(symbol, self._symbol_elf)`, passing along the remembered ELF (see below).

The steps, per backend:

1. **Resolve address & size.**
   - **GDB-session backend** (`src/agentic_hil/backends/gdbdebug.py`, `_resolve_symbol`): asks GDB's expression evaluator for `&symbol`/`sizeof(symbol)` against the live session first (works for typed/DWARF symbols). If GDB can't type the symbol (e.g. an assembly-only object with no DWARF), it falls back to `read_elf_symbol` (`src/agentic_hil/elfsymbols.py`) which parses the ELF's own `.symtab` directly for `st_value`/`st_size`.
   - **Sessionless backends** (ST-Link, pyOCD): `resolve_symbol_offline` (`gdbdebug.py:1541`) runs GDB in batch mode with no `target` attached, purely against the flashed ELF, doing the same two-step resolution (debug info, then raw symbol-table fallback via `read_elf_symbol`).

2. **Read the target memory.**
   - GDB-session path: `_read_memory_bytes` over the live GDB/MI session (`gdbdebug.py`, `debug_symbol_value` around line 646).
   - pyOCD: `_read_target_memory` runs `pyocd commander`'s `savemem` over the resolved address/size window (`src/agentic_hil/backends/pyocd.py`).
   - ST-Link: runs STM32CubeProgrammer's CLI `-r <address> <size> <file>.hex` and parses the result with `read_intel_hex_file` (`src/agentic_hil/backends/stlink.py`).
   - Each path verifies the number of bytes read matches the resolved `size_bytes` exactly (a short/partial read is a `memory_read_failed`).

3. **Decode the bytes.** `decode_symbol_value(data, order)` (`gdbdebug.py:1733`) turns the raw bytes into `hex` always, plus `value_unsigned`/`value_signed` for widths 1/2/4/8 bytes, using the byte order determined by `image_byte_order()` (which reads the ELF's own `EI_DATA` field via `read_elf_byte_order`, since the target and the raw memory read give no endianness info themselves).

## Where the ELF comes from

The ELF used for symbol resolution is **the specific ELF that was flashed onto the board**, not any arbitrary build on disk. This is tracked by `DebuggerToolset._symbol_elf` in `src/agentic_hil/tools.py`:

- `flash_firmware` (`tools.py:274-310`) stages and flashes an artifact, then calls `_remember_symbol_elf(artifact, result)` (`tools.py:314-348`).
- `_remember_symbol_elf` only keeps the artifact as `_symbol_elf` if the flash's result was confirmed `ok=True` **and** the file has a `.elf` extension (a `.hex`/`.bin` carries no symbols, so it clears `_symbol_elf`). If the flash raised an exception or returned anything other than a provably-not-started failure, `_symbol_elf` is dropped, so a later read can never resolve against a build that a failed/partial flash may have replaced.
- That remembered artifact (with its path and `sha256`/`integrity_sha256`) is passed as `symbol_elf` into every `debug_symbol_info`/`debug_symbol_value`/`debug_dump_symbol_ihex` call (`tools.py:427-452`).
- The sessionless backends (`resolve_symbol_offline` in `gdbdebug.py:1541`) re-verify this ELF's digest by copying it to a private staging file and hashing it before use, so a concurrent rebuild that overwrites the original path can't silently substitute a different image's symbol table.
- If no `_symbol_elf` is set (nothing flashed yet, or a `.hex`/`.bin` was flashed), the read fails with `symbol_source_not_available`, telling the caller to `flash_firmware` an ELF first.

For a backend that already has an active GDB debug session (`gdbdebug.py`), the ""flashed ELF"" is instead the session's own `artifact` (the image `debug_start_session` loaded), since that session already proves what's on the target.",True,True,True,src/agentic_hil/tools.py;src/agentic_hil/backends/stlink.py;src/agentic_hil/elfsymbols.py,True,"Answer names debug_symbol_value, _remember_symbol_elf, and read_elf_symbol across tools.py, stlink.py, and elfsymbols.py, accurately describing the flash-remembered ELF and memory read path.",0.120601,0.103586,0.017015,0.103586,,multi_hop,true,S,agentic_hil,1139248,49
agentic_hil_q06,agentic,27738,1048,0,0,4,False,end_turn,,14.735,2026-09-15T20:07:12Z,"This is answered clearly by `src/agentic_hil/redact.py`.

**Answer:** Secrets are masked out of captured stdout/stderr (and `backend_warnings`) by `redact_stream_text()` in `src/agentic_hil/redact.py`, which is applied specifically to values under the `_STREAM_KEYS` set (`stdout`, `stderr`, `backend_warnings`) via `_redact_member`/`_redact_stream_member`, invoked from the top-level `redact_sensitive()` function in that same module. This content pass masks credential-shaped spans (URL userinfo via `_mask_url_userinfo`, `Authorization: Bearer/Basic` headers, and sensitive assignments/query params) rather than whole fields, unlike the key-name-based redaction `redact_sensitive` does elsewhere.

This `redact_sensitive`/`redact_stream_text` pair is called as the last step before results leave the process in the various server-facing sinks:
- `src/agentic_hil/mcp.py` (`redact_sensitive(result)` and `redact_stream_text(str(error))`) — the MCP server boundary
- `src/agentic_hil/cli.py` (`emit_result`/`emit_json` helpers around lines 289–360, 5660–5674) — CLI output boundary
- `src/agentic_hil/comstdio.py` (line 318) — stdio command output
- `src/agentic_hil/coordination.py` (line 199) — coordination record output
- `src/agentic_hil/runevidence.py` (`_read_report`/evidence-bundle building, e.g. line 886 `redact_stream_text(text)`) — evidence bundle writer

All of these funnel through the same `redact_sensitive`/`redact_stream_text` functions defined in `src/agentic_hil/redact.py`, which is the actual masking implementation.",True,True,True,src/agentic_hil/redact.py,True,"The answer names the expected file src/agentic_hil/redact.py and both expected symbols, redact_sensitive and redact_stream_text, with accurate supporting detail about stream-key masking.",0.074241,0.065956,0.008285,0.065956,,locate,false,S,agentic_hil,1139248,49
agentic_hil_q17,indexed,51649,1541,0,0,4,False,end_turn,,21.455,2026-09-15T20:07:29Z,"Now I have all the pieces needed to answer.

## What `flash_firmware` does with the artifact before calling the backend

In `Tools.flash_firmware` (`src/agentic_hil/tools.py:274-310`):

1. It resolves the requested `image_path`/`artifact_id` via `self.artifacts.validate_local_path` or `resolve_artifact_id`, producing a validated `artifact` dict (with `resolved_path`, expected `sha256`/`integrity_sha256`, size, etc.).
2. It then calls `self.artifacts.stage_for_backend(validation[""artifact""], ""flash_firmware"")` **before** invoking the backend.

`ArtifactStore.stage_for_backend` (`src/agentic_hil/artifacts.py:181-267`) does the actual staging:
- Opens the source file safely (`safe_open_binary`) and gets its `fileno()`.
- Verifies the underlying file is still a regular, single-hardlink file and within the configured size limit (`os.fstat`, `stat.S_ISREG`, `st_nlink == 1`).
- Creates a private temporary staging subdirectory (`tempfile.mkdtemp(dir=self._staging.name, prefix=""stage-"")`) and streams the source file into a `NamedTemporaryFile` there in chunks, computing a fresh SHA-256 digest as it copies, and `fsync`s the write.
- Compares the freshly computed hash against the `integrity_sha256`/`sha256` recorded at validation time. If the file is missing, changed, or has no recorded hash to check against, it refuses with an `artifact_changed`/`artifact_not_found` error (all marked `side_effect_committed: False` since the backend hasn't been touched yet).
- On success, atomically `os.replace`s the temp file into its final staged path (`staging_directory / source.name`) and returns a new `staged_artifact` dict — a copy of the original artifact with `resolved_path` pointing at the staged copy, refreshed `sha256`/`integrity_sha256`/`size_bytes`, and `staged: True`.

Only this **staged copy** (not the original path) is passed to `self.backend.flash_firmware(staged[""artifact""], reset_after_flash)`. This guarantees the backend flashes exactly the bytes that were hashed/validated, immune to any TOCTOU modification of the original file afterward.

## What happens to the staged copy afterward

Back in `Tools.flash_firmware`, the backend call is wrapped in `try/except/finally`:

- If the backend call raises, `self._symbol_elf` is cleared (since the flash outcome is now unknown) before the exception propagates.
- The `finally` block unconditionally calls `self.artifacts.release_stage(staged[""artifact""])`, regardless of success or failure.

`ArtifactStore.release_stage` (`src/agentic_hil/artifacts.py:44-54`):
- No-ops if the artifact isn't marked `staged: True`.
- Otherwise checks the staged path is still safely within the staging root (`is_path_within_frozen`), then `unlink()`s the staged file and `rmdir()`s its per-stage temp directory (both suppressing `OSError`).

So the staged copy is a strictly transient, private file created just for that one backend call and is deleted immediately after the backend returns (or raises) — it never persists beyond a single `flash_firmware` invocation. (The same stage/release pattern is reused for `debug_start_session`/`debug_stop_session` and `artifact_upload` in the same file.)",True,True,True,src/agentic_hil/tools.py;src/agentic_hil/artifacts.py,True,"The answer correctly identifies flash_firmware in tools.py calling stage_for_backend to create a verified staged copy, and release_stage in artifacts.py deleting it in a finally block.",0.129998,0.118708,0.01129,0.118708,,trace,false,S,agentic_hil,1139248,49
agentic_hil_q26,agentic,7659,215,0,0,2,False,end_turn,,4.28,2026-09-15T20:07:54Z,The functions `write_intel_hex_file` and `read_intel_hex_file` in `src/agentic_hil/gdbmi.py` (around lines 324 and 350) handle this — writing a symbol's memory contents to an Intel HEX file and reading one back off disk for the backend that has no other mechanism (per the docstring on `read_intel_hex_file`).,True,True,True,src/agentic_hil/gdbmi.py,True,"The answer names the correct file and the two primary functions (write_intel_hex_file, read_intel_hex_file); omitting the helper intel_hex_record does not undermine identifying the right location.",0.023363,0.017468,0.005895,0.017468,,locate,true,S,agentic_hil,1139248,49
agentic_hil_q20,indexed,16242,2049,0,0,2,False,end_turn,,21.274,2026-09-15T20:08:01Z,"## Path from MCP call to the ST‑Link programmer

1. **MCP entry point** – `Bench.flash_firmware()` in `src/agentic_hil/tools.py:274-310` is the handler invoked for the `flash_firmware` MCP tool. It:
   - checks `self.debugger_permissions.allow_flash` (see refusal below),
   - validates that exactly one of `image_path`/`artifact_id` was given,
   - validates `reset_after_flash` and the `allow_reset` permission if it's set,
   - resolves/stages the firmware artifact via `self.artifacts`,
   - and finally calls `self.backend.flash_firmware(staged[""artifact""], reset_after_flash)`.

2. **Backend abstraction** – `self.backend` implements the `Debugger` protocol declared in `src/agentic_hil/debugger.py` (`flash_firmware(self, artifact, reset_after_flash=False)`).

3. **ST‑Link implementation** – for an ST‑Link‑configured debugger, `self.backend` is the `StlinkBackend` in `src/agentic_hil/backends/stlink.py`. Its `flash_firmware()` (lines 337‑359):
   - re-checks `self.config.debugger.permissions.allow_flash`,
   - refuses if `allow_raw_debugger_commands` or `allow_mass_erase` is also enabled (mutual exclusivity via `_exclusive_permission_denied`),
   - builds the STM32CubeProgrammer CLI arguments (`-w <artifact_path>`, optional flash address for `.bin` images, `-v` for verify, `-rst` if resetting),
   - and actually shells out to the programmer via `self._run_stlink(""flash_firmware"", [...])`, which invokes the `STM32_Programmer_CLI` executable (discovered/configured per `src/agentic_hil/backends/common.py:find_stm32_programmer` and `common_stm32_programmer_paths`) — this is the real contact with the ST‑Link hardware.
   - The CLI's output is parsed by `_classify_output`/`_failure_result` to determine success/failure (e.g. `flash_erase_failed`, `verify_failed`, etc.), and the result is written via `_write_action_report`.

So the call chain is:
`MCP flash_firmware` → `Bench.flash_firmware` (`tools.py`) → `StlinkBackend.flash_firmware` (`backends/stlink.py`) → `STM32_Programmer_CLI` subprocess (the actual ST‑Link programmer).

## What refuses it when flashing is disabled

Flashing is gated by the authoritative config's `debuggers.<name>.permissions.allow_flash` flag, and it is checked at **two layers**, both returning a `permission_denied` error rather than letting the call reach the programmer:

- **Front door** – `Bench.flash_firmware` in `tools.py`:
  ```python
  if not self.debugger_permissions.allow_flash:
      return tool_error(""flash_firmware"", ""permission_denied"",
                         ""Flashing is disabled by the authoritative config."",
                         self.debugger_permission_key(""allow_flash""))
  ```
  This stops the request before any artifact validation/staging happens.

- **Backend re-check** – `StlinkBackend.flash_firmware` in `backends/stlink.py`:
  ```python
  if not self.config.debugger.permissions.allow_flash:
      return self._permission_denied(""flash_firmware"",
          ""Flashing is disabled by the authoritative config."",
          self._permission_key(""allow_flash""))
  ```
  This is defense-in-depth directly at the backend that talks to the CLI, and it also enforces exclusivity: even if `allow_flash` is true, flashing is refused if `allow_raw_debugger_commands` or `allow_mass_erase` is also enabled (via `_exclusive_permission_denied`).

- There's also a **preflight check** for scripted/test-reactor flows in `src/agentic_hil/test_reactor.py:2438-2449`, which produces a `permission_preflight_error` referencing `allow_flash` (and the same exclusivity/`allow_reset` checks) before a flash step is even dispatched — again, without ever reaching the ST‑Link programmer.

In all cases the refusal is keyed off the same authoritative field: `debuggers.<name>.permissions.allow_flash` in the loaded configuration (`DebuggerPermissions` in `src/agentic_hil/types.py`).",True,False,True,src/agentic_hil/tools.py;src/agentic_hil/backends/stlink.py,True,"It correctly traces flash_firmware from the MCP tool handler in tools.py through the ST-Link backend, and identifies the allow_flash permission_denied refusal, despite minor naming/case differences.",0.073754,0.052974,0.02078,0.052974,,multi_hop,false,S,agentic_hil,1139248,49
agentic_hil_q21,agentic,407258,3823,0,0,15,False,end_turn,,61.548,2026-09-15T20:08:28Z,"I have a complete picture now. Let me answer.

## Reading a symbol's value back after a flash

There are two distinct paths, depending on backend, and both trace the ELF back to the same place: `flash_firmware`.

**1. Where the ELF comes from**

`Tools.flash_firmware` (`src/agentic_hil/tools.py`) validates and stages the artifact, calls `self.backend.flash_firmware(...)`, and then calls `self._remember_symbol_elf(validation[""artifact""], result)`. That helper records the *pre-staging* artifact as `self._symbol_elf`, but only when the flash is a confirmed success **and** the flashed file's suffix is `.elf` (a `.hex`/`.bin` carries no symbols, so it clears `_symbol_elf`). An unconfirmed/partial flash also clears it unless the result proves the flash `side_effect_status` was `not_started`. So `self._symbol_elf` is this bench's memory of ""the ELF that a confirmed `flash_firmware` call put on the board,"" including its `resolved_path` and recorded sha256 digest.

That remembered ELF is then handed to every symbol tool: `Tools.debug_symbol_info/debug_symbol_value/debug_dump_symbol_ihex` (`src/agentic_hil/tools.py`) all call `self.backend.debug_symbol_*(symbol, self._symbol_elf)`.

**2. How the value is read back, per backend**

- **Session-based backend (OpenOCD/GDB, `src/agentic_hil/backends/openocd.py` → `src/agentic_hil/backends/gdbdebug.py`)**: it ignores `symbol_elf` because it already has a live GDB session that loaded an artifact via `debug_start_session`. `GdbDebugSession.symbol_value` (`gdbdebug.py`) resolves the symbol against the session's own loaded image (`self._resolve_symbol`), then reads memory chunk-by-chunk with GDB's MI command `-data-read-memory-bytes` in `_read_memory_bytes`, decoding the bytes with `decode_symbol_value` using the byte order read from `session.artifact[""resolved_path""]`.

- **Sessionless backends (ST-Link and pyOCD, `src/agentic_hil/backends/stlink.py`, `src/agentic_hil/backends/pyocd.py`)**: they have no loaded image, so they use the `symbol_elf` the tool layer passed in. `resolve_symbol_offline` (`src/agentic_hil/backends/gdbdebug.py`) copies that ELF to a private temp file, re-verifies its sha256 against the digest recorded when it was flashed (refusing with `symbol_source_not_available`/`symbol_source_changed` if no ELF was flashed or the file has since changed), then runs GDB in batch mode (no target attached) against the copy to resolve the symbol's address/size — falling back to reading the ELF's own symbol table (`src/agentic_hil/elfsymbols.py::read_elf_symbol`) when GDB's typed expression evaluator can't answer (e.g. assembly-defined symbols). Once the address/size are known and pass the `debug.max_dump_size_bytes` cap and allowlist checks, pyOCD's `debug_symbol_value` (`pyocd.py`) actually contacts the board by running `pyocd commander --command ""savemem ADDR LEN FILE""` into a private file (`_read_target_memory`), reads the bytes back, and decodes them (`decode_symbol_value`) using the image's byte order. ST-Link's equivalent (`stlink.py::debug_symbol_value`) does the analogous read through `st-flash`/its own memory-read command.

So: the symbol's value comes off the board by an actual memory read (GDB `-data-read-memory-bytes` for the session backend, or `pyocd commander savemem` / the ST-Link equivalent for the sessionless backends), while the *address and size* used for that read — and the ELF whose name/digest is reported as `symbol_source` — always trace back to the artifact recorded by the most recent successful `flash_firmware` call (`Tools._remember_symbol_elf` in `src/agentic_hil/tools.py`, consumed via `resolve_symbol_offline`/`offline_symbol_info` in `src/agentic_hil/backends/gdbdebug.py`).",True,True,True,src/agentic_hil/tools.py;src/agentic_hil/backends/stlink.py;src/agentic_hil/elfsymbols.py,True,"Answer names tools.py's _remember_symbol_elf as the ELF source, stlink.py's debug_symbol_value for the on-board read, and elfsymbols.read_elf_symbol fallback, matching expectations.",0.869731,0.852746,0.016985,0.852746,,multi_hop,true,S,agentic_hil,1139248,49
agentic_hil_q16,indexed,9338,1446,0,0,2,False,end_turn,,15.56,2026-09-15T20:09:33Z,"## `HardwareLease.quarantine` vs `HardwareLease.release`

Both are defined in `src/agentic_hil/coordination.py` on the `HardwareLease` class (lines ~477-479):

```python
def release(self, *, safe_state_confirmed: bool = True, processes_reaped: bool = True, audit_ok: bool = True) -> bool:
    return self.coordinator.release_lease(
        self, safe_state_confirmed=safe_state_confirmed,
        processes_reaped=processes_reaped, audit_ok=audit_ok,
    )

def quarantine(self, reason: str, error: object | None = None, *, audit_broken: bool = False) -> None:
    self.coordinator.quarantine_lease(self, reason, error, audit_broken=audit_broken)
```

Both are thin delegations onto the owning `HardwareCoordinator`, but they represent opposite outcomes for the lease:

### `release()`
- Calls `HardwareCoordinator.release_lease` (`coordination.py`), which attempts to give the hardware back cleanly.
- It first checks the lease is valid and, if not already `active`, whether it's `_release_retryable`.
- The caller supplies attestations (`safe_state_confirmed`, `processes_reaped`, `audit_ok`). **If any of these is false**, `release_lease` itself calls `_quarantine_registered_lease` with an appropriate reason (`safe_state_unconfirmed`, `process_reap_unconfirmed`, or `audit_broken`) and returns `False` — i.e., a ""release"" with unmet attestations degrades into a quarantine.
- If all attestations hold, the lease transitions to `""releasing""`, and the coordinator tries to durably persist the release (`_persist_lease(..., state=""released"")`), free the associated locks, and update the project/incident bookkeeping (clearing the lease's resources from the incident set unless a residual incident remains). If that persistence itself fails, the release **fails closed**: rather than silently succeeding, it re-quarantines the bench under a `lease_release_unconfirmed` incident (per the comment in `tools.py`).
- Returns `True`/`False` indicating whether the release was actually confirmed.

### `quarantine(reason, error=None, *, audit_broken=False)`
- Calls `HardwareCoordinator.quarantine_lease`, which (after validating the lease) directly calls `_quarantine_registered_lease(lease, reason, error, audit_broken=audit_broken)`.
- This is a **deliberate, direct failure path**: it does not attempt a clean release at all. It immediately:
  - assigns/reuses a `quarantine_id`,
  - adds the lease's resources to `self.incident_resources`,
  - sets `lease.state = ""cleanup_required""`,
  - records the `reason`/`error` details into `lease.errors`,
  - sets `self.blocked = True`,
  - persists the lease and project state as `""cleanup_required""`, and re-normalizes any sibling quarantined lease markers.
- Returns `None` — there's no success/failure boolean, because quarantining is definitionally ""not released""; it always results in the bench being held.

### Key difference
- `release()` is the **happy-path exit**: it tries to hand the hardware back and only ends up quarantining as a side-effect if attestations fail or persistence can't be confirmed. It returns a boolean reflecting whether the release actually succeeded.
- `quarantine()` is an **explicit failure declaration**: callers use it when they already know something is wrong (e.g., a broken audit trail, an unconfirmed report write) and want to immediately open/extend an incident on the bench, without any attempt to release the resources. It always leaves the lease in `cleanup_required` state and blocks the coordinator.

There's also `record_cleanup_event`, distinct from both: it logs cleanup evidence into `lease.cleanup_events` (not `lease.errors`) *without* opening an incident, for situations where the next call's own success/failure will settle the ambiguity (see the docstring in `coordination.py`'s `record_cleanup_event`).",True,True,True,src/agentic_hil/coordination.py,True,"The answer names the correct file (src/agentic_hil/coordination.py) and symbols, and accurately contrasts quarantine's direct incident/cleanup_required path with release's attested, boolean-returning clean handback.",0.046321,0.033136,0.013185,0.033136,,trace,false,S,agentic_hil,1139248,49
agentic_hil_q16,agentic,34349,1823,0,0,6,False,end_turn,,23.111,2026-09-15T20:09:52Z,"Now I have enough to answer comprehensively.

## `HardwareLease.quarantine`

**Location:** `src/agentic_hil/coordination.py`, `HardwareLease.quarantine` (line 486), which delegates to `HardwareCoordinator.quarantine_lease` (line 1082) → `_quarantine_registered_lease` (line 2249).

`quarantine(reason, error=None, *, audit_broken=False)` **deliberately opens an incident** on the lease's resources instead of letting them go free:

- Assigns a shared `quarantine_id` for the coordinator (creating one if none exists) and stamps it onto the lease.
- Sets `lease.state = ""cleanup_required""`.
- Adds the lease's resources to `self.incident_resources` (the machine-wide/project-wide ""blocked"" set) and sets `self.blocked = True`.
- Appends an entry (reason, timestamp, quarantine_id, optional error type/summary) to `lease.errors` — this is what makes up the incident (as opposed to `record_cleanup_event`, which only writes to `cleanup_events` and never opens an incident).
- If `audit_broken` is true, marks `lease.audit_ok = False` and sets `self.audit_incident = True`.
- Persists the lease record and the project record as `""cleanup_required""`, and re-persists sibling quarantined lease markers if the incident's resource set grew.
- The lease is **not** removed from `self.leases`, its locks are **not** released, and the underlying resources stay held/blocked until something resolves the incident (e.g. `resolve_retryable_cleanup`, a later successful `release`, or operator/`stand_down` intervention).

## `HardwareLease.release`

`release(*, safe_state_confirmed=True, processes_reaped=True, audit_ok=True)` delegates to `HardwareCoordinator.release_lease` (line 990) and tries to **give the resources back cleanly**:

- If any of the three confirmation flags is false (or the lease's accumulated `audit_ok` is already false), it internally calls the same `_quarantine_registered_lease` helper with an appropriate reason (`""safe_state_unconfirmed""`, `""process_reap_unconfirmed""`, or `""audit_broken""`) and returns `False` — i.e., an unconfirmed release turns into a quarantine.
- Otherwise, it marks the lease `""releasing""`, persists it as `""released""`, updates the project record (to `""active""`, `""released""`, or `""cleanup_required""` depending on remaining leases/residual incidents), releases the lease's locks, releases the bench's machine-wide hold on `lease.bench_resources`, clears `lease.errors`/`quarantine_id`, removes the lease from `self.leases`, marks `lease.valid = False`, and recomputes `self.blocked`/clears incident state if nothing else is outstanding. Returns `True` on success.
- If persisting/releasing fails mid-way, it falls back to quarantining the lease with `LEASE_RELEASE_RETRY_REASON` so the failure becomes a retryable incident rather than a silent leak, and returns `False`.

## Key difference

`release` is the exit path that actually frees resources, locks, and the bench hold, ending the lease's registration — but it only does so if the caller can affirmatively confirm the hardware is in a safe state (`safe_state_confirmed`, `processes_reaped`, `audit_ok`). `quarantine` is the incident path: it keeps the lease registered and its resources blocked (`cleanup_required` state, shared `quarantine_id`, entry in `lease.errors`) precisely because that safety could not be confirmed, requiring later resolution (retry, operator recovery, or `stand_down`) rather than letting the resources be treated as free.",True,True,True,src/agentic_hil/coordination.py,True,"The answer identifies the correct file (src/agentic_hil/coordination.py) and symbols (HardwareLease.quarantine and .release), accurately describing quarantine's incident/blocked behavior versus release's resource-freeing path.",0.098903,0.086928,0.011975,0.086928,,trace,false,S,agentic_hil,1139248,49
agentic_hil_q18,indexed,28969,1287,0,0,3,False,end_turn,,20.723,2026-09-15T20:10:18Z,"## What `start_detached_run` does differently

`start_detached_run` (in `src/agentic_hil/runlifecycle.py`, lines 720–821) starts a plan in its **own separate process** instead of running the plan inline in the calling process, and it **returns as soon as the worker has published what it is doing rather than waiting for the plan to finish**:

- It mints a fresh handle (`new_run_handle()`), then calls `spawn_run_worker(...)`, which uses `spawn_detached_process` (`src/agentic_hil/process.py`) to launch `python -m agentic_hil test-reactor --run-handle <handle>` as a fully detached child — its own process group, no inherited console, not joined to this process's kill-on-close Job Object, and not in the caller's managed-process records, so it deliberately **outlives** the command that started it (unlike a foreground run, which executes the plan directly and blocks until it's done).
- Instead of waiting for a report, it polls the run's record file until the worker's state moves out of `RUN_STARTING` (i.e., it either starts running or reaches a terminal state), bounded by `worker_publish_window_s(wait_s)`. If the worker dies or hangs before publishing, it fails the start (`run_worker_failed` / `run_worker_unresponsive`) and, in the unresponsive case, plants a stop file for the possibly-still-alive worker via `_plant_stop_after_unresponsive`.
- If the worker reaches a terminal state before the window catches it ""running,"" the result is reported with the run's own verdict (`_detached_terminal_result`) rather than as a plain launch success.
- On success it returns immediately with `""detached"": True` and the handle, telling the caller to poll status/stop separately — a foreground run instead just runs the plan to completion in-process and returns the final result/report directly.

## What it writes so a later call can find the run again

The worker process it spawns registers itself via `RunRegistration.take` (same `runlifecycle.py`), which:

- Takes a lifetime lock at `lock_path(config, handle)` (a `.lock` file under the runs directory) so no other process can claim the same handle.
- Writes the first run record at `record_path(config, handle)` — `runs_directory(config) / ""<handle>.json""` — containing version, handle, name, `test_config_path`, `report_path`, `detached`, `pid`, and `started_at`, initially in the `RUN_STARTING` state, and keeps updating it (`state`, progress fields, `updated_at`) as the run proceeds via `_write`.
- Also writes worker output to `worker_log_path(config, handle)` (`<handle>.log`) beside the record, for diagnostics if the record can't be produced.

This record (found via `read_run_record`/`record_path`) is what later calls like `test-reactor-status` or `test-reactor-stop` (which writes a `<handle>.stop` file via `stop_path`) look up by the handle to find and interact with the detached run again.",True,True,True,src/agentic_hil/runlifecycle.py,True,"Names start_detached_run in runlifecycle.py, spawn_run_worker's detached process, and the per-handle JSON run record at record_path used for later status/stop lookups.",0.084393,0.070808,0.013585,0.070808,,trace,false,S,agentic_hil,1139248,49
agentic_hil_q07,agentic,6635,179,0,0,2,False,end_turn,,3.732,2026-09-15T20:10:44Z,"The pytest plugin is defined in `src/agentic_hil/pytest_plugin.py`. It provides the `agentic_hil` fixture (see the `agentic_hil()` fixture function, backed by the internal `_agentic_hil_service` fixture and `agentic_hil_config` fixture, all in that same file).",True,True,True,src/agentic_hil/pytest_plugin.py,True,"The answer names the correct file, src/agentic_hil/pytest_plugin.py, and identifies the agentic_hil and agentic_hil_config fixtures within it.",0.020665,0.01506,0.005605,0.01506,,locate,false,S,agentic_hil,1139248,49
agentic_hil_q24,indexed,16422,1267,0,0,2,False,end_turn,,17.425,2026-09-15T20:10:50Z,"A running server never watches the file automatically — it never gets picked up ""for free."" An edit lands only when an explicit, in-band tool call re-reads the file, and only a subset of the config is actually adopted.

**How the pickup works**

- A server parses the config once at startup (`load_authoritative_config`) and keeps enforcing that in-memory document, permissions included, until it exits. Editing the file on disk changes nothing by itself.
- To pick up a device-description change without a full restart, something must call the `project_config_reload_description` MCP tool (or, from the CLI, `agentic-hil config-reload` for a dry-run preview only — the CLI itself never holds a live server, per `cli.py: config_reload`).
- The actual work is `HardwareCoordinatorService.reload_description` in `src/agentic_hil/tools.py`, which delegates the decision to `reload_description()` in `src/agentic_hil/configreload.py`. That function:
  - re-reads the file the same way startup does (`load_authoritative_config`), enforcing the same authoritative-path/pinning/probe-ownership checks,
  - refuses if the newly-resolved authoritative file isn't the same path the server originally loaded (`_relocated_refusal`),
  - otherwise builds a merged config (`revalidate_permission_dependent_pinning(merged)`), swapping in only `target`, `debuggers`, `com_ports`, `can_buses` (each minus its `permissions:` block) — everything else (all `permissions`, `version`, `workspace_root`, `state_root`, `debug`, `artifacts`, `validation`, `recovery`, `reports`, `logs`) is left untouched and still needs a restart (`knowledge.py`, ""What still needs a restart, by name"").
  - The swap itself happens in `HardwareCoordinatorService._swap_config` under the same lifecycle lock all dispatch calls use, so no call is mid-read while `self.config` changes; collaborators like `ComPortService.reconfigure` / `CanBusService.reconfigure` (`comports.py`, `can.py`) then drop any session whose device entry disappeared or changed.

**What refuses the reload while a run is open**

`reload_description()` checks `open_holds` (and a standing quarantine) before doing anything else:

```python
if open_holds:
    return None, _open_run_refusal(existing, open_holds)
if quarantine:
    return None, _quarantine_refusal(existing, quarantine)
```
(`src/agentic_hil/configreload.py`)

`open_holds` comes from `HardwareCoordinatorService.open_hardware_holds()`, which reports any declared run, open COM/CAN session, or debug session currently held by the coordinator. If any exist, `_open_run_refusal` returns an `ok: false` result with `error_type = config_reload_in_open_run`, and nothing is re-read or swapped — the rationale (documented in `knowledge.py`'s `ERROR_REMEDIES[""config_reload_in_open_run""]`) is that open holds name devices by their config entry, and re-reading the description mid-run could repoint a held name at a different physical board. The same reasoning is echoed as inline comments in `comports.py`/`can.py`'s `reconfigure`, noting the swap loop is otherwise unreachable while any session is open because the reload would already have been refused.",True,False,True,src/agentic_hil/configreload.py,True,"Answer correctly identifies configreload.py's reload_description and the _open_run_refusal guard on open holds, matching the primary expected location despite omitting configstate.config_status.",0.060494,0.045514,0.01498,0.045514,,multi_hop,false,S,agentic_hil,1139248,49
agentic_hil_q03,agentic,7962,287,0,0,2,False,end_turn,,5.468,2026-09-15T20:11:12Z,"The broker is implemented in `src/agentic_hil/canbroker.py`. It defines the `CANBroker` class (the process that owns the physical adapter and holds the machine-wide bus lock) and `Participant`/`attach_participant` machinery that lets multiple client processes share the bus through named ""views"" instead of racing for the device — one process runs the broker, others attach as participants over a local socket.",True,True,False,src/agentic_hil/canbroker.py,True,"It names the correct file and the broker class (minor capitalization difference), correctly describing multi-process sharing of one CAN adapter, despite extra unverified detail.",0.029409,0.018794,0.010615,0.018794,,locate,true,S,agentic_hil,1139248,49
agentic_hil_q38,indexed,50255,1983,0,0,3,False,end_turn,,26.455,2026-09-15T20:11:22Z,"## How `uart_expect` decides a match

`uart_expect` is handled by `UartRunner._uart_expect` (`src/agentic_hil/test_reactor.py:1678`), which picks whichever of the two schema fields the plan supplied — `text` or `pattern` (`UartRunner.expect_fields`) — and hands it to `UartRunner._expect` (`test_reactor.py:1750`).

`_expect` builds a matcher via `UartRunner._matcher` (`test_reactor.py:1737`):
- for `text`, the matcher is a literal substring test (`expected in decoded`)
- for `pattern`, it's `re.compile(expected).search`, applied with `re.search` semantics (unanchored unless the plan writes `^`)

The actual polling/waiting loop is `UartRunner._read_until` (`test_reactor.py:1795`), which is shared with `uart_read`'s comparator path:
- It repeatedly calls the `com_read` tool, the same tool an agent would call by hand, waiting out whatever remains of the step's `timeout_s`.
- Each returned chunk (hex-encoded bytes) is appended to a rolling `bytearray` buffer (`received`), trimmed to a bounded `window` size (`max(UART_EXPECT_TAIL_BYTES, 4*len(written)+16)`), so state persists across reads rather than judging isolated chunks — this is what lets a match spanning two reads still succeed.
- On every pass, the buffer is decoded (`decode_bytes`, errors=""replace"") and tested by the matcher. The matcher is invoked with a `final` flag that's only true once the deadline has passed, letting an unterminated final read still settle a claim (see `decoded_equals` for why: a value with no trailing newline can only be judged once nothing more is coming).
- If the matcher returns true, the loop returns a `UartReadOutcome(matched=True, ...)`; if the deadline expires first, `matched=False` with a tail of the last bytes seen; if `com_read` itself fails, that failure is returned directly (not treated as a timeout).

`_expect` then reports `ok: True`/`ok: False` using the per-kind summary sentences from `UART_EXPECT_SUMMARIES` (distinguishing ""expected text"" vs ""expected pattern"" failures), plus `bytes_received` and `reads` counts. On timeout it also merges in `outcome.tail_result` — the last `UART_EXPECT_TAIL_BYTES` bytes actually received — so a red result shows what the port really said.

## Recovering the raw wire bytes behind the match

Because the buffer is decoded with `errors=""replace""` for matching, that decode is lossy/irreversible (invalid bytes become `�`, some codecs add state), so the code never re-encodes the matched *string* to get ""the bytes that matched."" Instead:

1. The matcher (`_matcher`/`StepComparator.matches`) records where in the decoded string it matched as a character span (`matched_span`), stored on the comparator/matcher object itself (accessed via `getattr(getattr(matches, ""__self__"", None), ""matched_span"", None)` in `_read_until`, `test_reactor.py:1845`).
2. That span is passed to `matched_span_bytes(raw, encoding, span)` in `src/agentic_hil/comports.py:1625`, which slices the **actual raw receive buffer** (`raw = bytes(received)`) rather than re-encoding the decoded text.
3. `matched_span_bytes` builds a character-index → byte-offset map by feeding `received` through an incremental decoder one byte at a time, pinning each produced character to the exact byte run that produced it (even under `errors=""replace""`). It then:
   - Verifies the reconstructed decode matches `decode_bytes(received, encoding)` (the same one-shot decode used for matching), else returns `None`.
   - Refuses to return a slice if the span starts/ends inside a multi-character emission from a stateful codec (e.g., UTF-7, ISO-2022-JP) where the interior byte boundary can't be recovered (the `ambiguous` set).
   - Double-checks the candidate slice decodes, on its own, back to exactly the matched substring — catching codecs that carry shift-state, where the same bytes decode differently depending on prior context.
   - Returns `None` (byte evidence omitted, text-only match kept) whenever any of these checks fail, rather than fabricating wire bytes.

The result (`matched_raw`) is stored on `UartReadOutcome.matched_raw` and surfaced in the step's JSON result as `matched_text.hex` alongside the decoded text (`UartReadOutcome.matched_result`, `test_reactor.py:423`), giving the same `{hex, text, encoding}` evidence shape used for the raw tail on a failed match — so a green result never attests to wire bytes the port didn't actually send.",True,True,True,src/agentic_hil/test_reactor.py;src/agentic_hil/comports.py,True,"Answer identifies UartRunner/_expect matching via StepComparator matcher in test_reactor.py and byte recovery via decode_bytes and matched_span_bytes in comports.py, matching expected files and symbols.",0.134235,0.12034,0.013895,0.12034,,multi_hop,false,S,agentic_hil,1139248,49
agentic_hil_q38,agentic,112397,4531,0,0,9,False,end_turn,,58.193,2026-09-15T20:11:51Z,"## How `uart_expect` decides a match

`uart_expect` is implemented by `UartRunner._uart_expect` → `UartRunner._expect` → `UartRunner._read_until` (`src/agentic_hil/test_reactor.py`).

1. **Which claim it's judging.** A step carries exactly one of `text`/`pattern` (enforced by the schema's `oneOf` and checked in `_uart_expect`), and `UartRunner._matcher` turns that into a predicate: `text` is a plain substring check (`expected in decoded`), `pattern` is `re.search(expected, decoded)` compiled once per step (it already compiled cleanly at preflight, per `_pattern_refusal`).

2. **How it decides ""the line said what was expected.""** `_read_until` repeatedly calls the same `com_read` tool an agent would call by hand, one call per pass, waiting out whatever remains of the step's `timeout_s` deadline. Each pass's `hex` payload is turned into bytes and appended to a rolling `bytearray` buffer (`received`), which is trimmed to a bounded `window` (at least `UART_EXPECT_TAIL_BYTES` = 512, or wide enough for `4 * len(expected) + 16`). On every pass the whole current buffer is decoded (`decode_bytes`, `errors=""replace""`, using the encoding `com_read` reports) and the matcher is applied to that **decoded window as a whole**, never to just the newest chunk — this is what lets a banner or match that straddles two separate reads still be recognized. The check happens before checking whether the deadline expired, so the very last pass (once time is out) still gets a look, which is what lets an un-terminated final value still be judged.

3. **Success/failure.** If the matcher returns true, the step is `ok: True` with a summary from `UART_EXPECT_SUMMARIES` (""Expected text/pattern appeared/matched…""), plus `bytes_received`/`reads` counters. If the deadline passes with no match, it fails with `error_type: ""uart_expect_timeout""` and the corresponding ""did not appear"" summary, plus `**outcome.tail_result`.

## Recovering the raw wire bytes

- The buffer `_read_until` accumulates (`received`) is real wire bytes taken from `com_read`'s hex payload (`bytes.fromhex(data.get(""hex""))`), never bytes re-derived from decoded text — this matters because `decode_bytes` decodes with `errors=""replace""`, which is lossy/irreversible.
- On a **timeout**, the evidence returned is `received_tail`: the last `UART_EXPECT_TAIL_BYTES` bytes of that raw buffer, packaged by `UartReadOutcome.tail_result` via `data_result(tail, encoding)` (`src/agentic_hil/comports.py`), which reports `{hex, text, encoding}` — the `hex` is a direct slice of the raw buffer, not a re-encoding.
- For a matched `uart_expect` (text/pattern), the matcher used is a bare closure with no `matched_span`, so `_read_until`'s check `getattr(getattr(matches, ""__self__"", None), ""matched_span"", None)` finds nothing and `matched_raw` stays `None` — a successful `uart_expect` therefore reports only `bytes_received`/`reads`, not the exact matched bytes.
- The byte-exact match recovery (`matched_span_bytes` in `src/agentic_hil/comports.py`) is instead exercised by the sibling `uart_read` action's `comparator:` path (`UartRunner._compare`, using `StepComparator`), whose `matches()` method (`equals`/`pattern`/`range` in `test_reactor.py`) records a character `matched_span` in the decoded window; `matched_span_bytes` then walks an incremental decoder over the raw buffer byte-by-byte to map that character span back to the exact wire-byte run, returning `None` if the span can't be pinned to unambiguous bytes (so the report never fabricates bytes the port didn't send).",True,True,True,src/agentic_hil/test_reactor.py;src/agentic_hil/comports.py,False,"It denies uart_expect uses StepComparator/matched_span_bytes, claiming matched raw bytes are never recovered for uart_expect, contradicting the expected matching and byte-span recovery behaviour.",0.299324,0.270104,0.02922,0.270104,,multi_hop,false,S,agentic_hil,1139248,49
agentic_hil_q08,indexed,41564,1012,0,0,3,False,end_turn,,15.552,2026-09-15T20:13:00Z,"## Answer

The `BenchMutex` class in **`src/agentic_hil/bench.py`** arbitrates exclusive access to a ""bench"" (a set of physical hardware devices/resources).

Its `acquire()` method (`src/agentic_hil/bench.py:365-395`) is all-or-nothing over sorted physical resource names: a caller either holds every requested resource or none of them, and it raises `DeviceBusyError` naming the current holder when a resource is already taken by someone else. There's also `acquire_named()` for locking a single named machine-wide resource (used for pseudo-resources like the debugger-discovery lock).

**What a successful caller gets back**: `acquire()` returns a `list[str]` — specifically, the list of resource names that call *newly took* (an already-held device contributes nothing to that list). It does not hand back a token/context-manager object; the caller instead keeps the `BenchMutex` instance itself and later calls `release()`/`release_all()` on it to give the devices back. `acquire_named()` similarly returns a `bool` indicating success.

Higher-level wrappers build on this the same way:
- `Device.acquire(bench)` (`src/agentic_hil/devices.py`) returns a `bool` — whether this call newly took the key.
- `DeviceSet.acquire(bench)` (`src/agentic_hil/devices.py`) returns the `list[str]` of newly-taken keys, delegating straight to `BenchMutex.acquire`.

So the arbitration lives entirely in `BenchMutex` (`src/agentic_hil/bench.py`), and what it hands back on success is the list of resource names it newly locked for that caller (or a bool for `acquire_named`) — with the mutex object itself, not a separate handle, being what the caller retains to later release the hold.",False,False,False,,False,"The answer names BenchMutex in bench.py returning a list of resource names, not the expected HardwareCoordinator/HardwareLease in coordination.py, so it identifies the wrong module and returned object.",0.101568,0.093248,0.00832,0.093248,,locate,false,S,agentic_hil,1139248,49
agentic_hil_q22,agentic,188171,2892,0,0,12,False,end_turn,,39.314,2026-09-15T20:13:18Z,"I now have the full picture to answer.

## Answer

A frame does **not** travel process-to-process. It travels through a single **broker process per bus**, which is the only thing that ever touches the physical/virtual CAN adapter (`src/agentic_hil/canbroker.py`).

**How each side connects:**
- Both processes call `attach_participant()` (`canbroker.py`), which takes a per-participant bench lock, finds/starts the one broker for that `can_buses` entry, and connects to it over a local `multiprocessing.connection` IPC channel (`AF_UNIX` socket on POSIX, a named pipe on Windows — see `endpoint_address`), authenticated with an HMAC authkey. Each side gets back a `Participant` object (`Participant` class) wrapping that `Connection`.
- The broker itself (the `_Broker`/server class, `serve`/`_serve_connection` in `canbroker.py`) holds the real machine-wide bus lock (`can:<adapter>:<channel>`) and owns the single `adapter_session` for the bus.

**Sending (process A → wire):**
- `Participant.send()` sends a `{""message"": ""send"", ""frame"": ...}` request over its connection.
- The broker's `_handle_send()` validates permissions/filters/budget and calls `self.adapter_session.send(frame)` — i.e., it writes the frame to the actual CAN adapter, logs it to the whole-bus log (`bus_frame_log`) with a sequence number, and replies `sent`.
- Note: the broker does **not** hand the frame directly to other participants at send time.

**Receiving (wire → process B):**
- `Participant.read()` sends a `{""message"": ""read"", ...}` request.
- The broker's `_handle_read()` first checks the participant's own queue; if it needs more frames it calls `_draw_from_bus()`, which reads from the same shared `adapter_session.read()` (the broker is the only reader of the adapter) and then fans each frame out into the in-memory queue of every attached participant whose share permits reading and whose ID filter accepts it (`filter_accepts`), logging delivery/overflow.
- `_handle_read()` then drains up to `max_frames` from that participant's own queue and returns them.

So the round trip is: A's `send` request → broker → adapter (actual bus write) → (later) B's `read` request → broker reads the adapter → broker fans the frame into B's per-participant queue (subject to its configured view/filters/budget) → B's `read` pops it from that queue. The broker's `_guard`-protected `frame_seq` ties the tx/rx log entries together so the same frame is attributable on both ends (`Participant` docstring, `_handle_send`, `_draw_from_bus` in `src/agentic_hil/canbroker.py`).",True,False,False,src/agentic_hil/canbroker.py,True,"It correctly pinpoints the broker process in canbroker.py, the IPC Participant send/read path, adapter session, and per-participant queue fan-out, matching the expected mechanism despite not naming can.py explicitly.",0.432637,0.405262,0.027375,0.405262,,multi_hop,true,S,agentic_hil,1139248,49
agentic_hil_q28,indexed,15363,910,0,0,2,False,end_turn,,11.679,2026-09-15T20:14:09Z,"The core reactor logic lives in **`src/agentic_hil/test_reactor.py`**, in the class that owns `execute_step` / `execute_steps` (the `TestReactor`-style runner built around `StepDevice`).

- **`execute_step(self, step)`** (test_reactor.py:2905) — resolves a single `TestStep` to the `StepDevice` that serves its action via `self.step_device(step)`, then calls `device.execute(step)`. This is the point where ""a step names a device"" turns into ""that named device runs it,"" and the reactor itself never inspects what kind of device it got.

- **`execute_steps(self, steps, records, *, top_level=False)`** (test_reactor.py:2927) — the actual walk: iterates the plan's steps in order, checks for a cooperative stop request before each one, records progress via `_advance`, times each step, and dispatches to either `execute_repeat` (for block/`repeat` steps) or `execute_recorded_step`/`execute_step` for ordinary steps, stopping at the first failure or stop request.

- **`execute_recorded_step(self, step, record)`** (test_reactor.py:2969) wraps `execute_step` with exception handling and records the result.

- **`execute_repeat(self, step, record)`** (test_reactor.py:2988) handles the nested/block step case, re-driving `execute_steps` over the block's own subset of steps for looping constructs.

Supporting pieces this walk relies on:
- **`StepDevice`** (test_reactor.py:1109) — the per-device-kind class hierarchy (e.g. `DebuggerRunner` at test_reactor.py:2211) that actually knows how to serve each action against its configured device entry.
- **`flatten_steps`** (test_reactor.py:2779) — depth-first flattening used elsewhere (e.g. `plan_devices`) to enumerate every step including nested block steps.

So: the walking/driving reactor is the `execute_steps`/`execute_step` pair in `src/agentic_hil/test_reactor.py`, which resolves each `TestStep` to its named `StepDevice` and calls it in order.",True,True,True,src/agentic_hil/test_reactor.py,True,"The answer names the expected file src/agentic_hil/test_reactor.py and the key symbols TestReactor, TestStep, and StepDevice, accurately describing the step-walking and device-dispatch behavior.",0.048761,0.039826,0.008935,0.039826,,locate,false,S,agentic_hil,1139248,49
agentic_hil_q11,indexed,14249,625,0,0,2,False,end_turn,,9.384,2026-09-15T20:14:23Z,"## Answer

In `src/agentic_hil/tools.py`, `flash_firmware` wraps the call to `self.backend.flash_firmware(...)` in a `try/except BaseException`. If the backend raises (rather than returning a result), the `except` block sets `self._symbol_elf = None` before re-raising the exception.

The rationale, per the inline comment in `flash_firmware`:

- A backend that raises may have already contacted the target or partially written to it, so the previously remembered ELF can no longer be trusted to describe what's actually on the board.
- `_remember_symbol_elf` (the method that normally decides whether to keep or drop the remembered ELF) only runs on a *returned* result, so it's never reached on an exception — hence the explicit drop in the `except` clause.
- This ensures the coordination wrapper reports the effect as unknown, and prevents a later ST-Link symbol dump from resolving against a build that a failed flash may have replaced.
- Only a *returned* result that proves the flash never started (`side_effect_status == ""not_started""`, checked inside `_remember_symbol_elf`) is allowed to keep the old symbol source — an exception path never gets that chance and always clears it.

The staged artifact is still released via the `finally` block (`self.artifacts.release_stage(staged[""artifact""])`), and the original exception is re-raised (`raise`) after clearing `_symbol_elf`.",True,True,True,src/agentic_hil/tools.py,True,"Answer names tools.py's flash_firmware and correctly states the except path clears the remembered _symbol_elf to None before re-raising, contrasting with _remember_symbol_elf's not_started case.",0.044608,0.034748,0.00986,0.034748,,trace,false,S,agentic_hil,1139248,49
agentic_hil_q29,agentic,7919,434,0,0,2,False,end_turn,,6.343,2026-09-15T20:14:36Z,"The closed JSON Schema that governs which actions and keys a test plan may contain is the bundled test‑plan schema file:

- `src/agentic_hil/schemas/testplan.schema.json` — the actual schema document (referenced as `TEST_PLAN_SCHEMA_URI` in `src/agentic_hil/knowledge.py`).

It is loaded/parsed by the `test_plan_schema()`-style accessor in `src/agentic_hil/knowledge.py` (around line 3757, ""The shipped test plan schema, parsed once"") and enforced at runtime via `jsonschema.Draft202012Validator` in `src/agentic_hil/test_reactor.py` (imports at line 12), which validates each loaded test plan against it, refusing any unknown action/key (`additionalProperties` closure) or version-gated key not yet introduced.",False,False,False,,False,"The answer names a nonexistent 'testplan.schema.json' rather than the actual file 'src/agentic_hil/schemas/testconfig.schema.json', so it points to the wrong file.",0.028118,0.020178,0.00794,0.020178,,locate,false,S,agentic_hil,1139248,49
agentic_hil_q04,indexed,14292,518,0,0,2,False,end_turn,,10.432,2026-09-15T20:14:45Z,"## Answer

The module is **`src/agentic_hil/mcp.py`**.

- `handle_mcp_message(message, tools)` is the entry point: it accepts a parsed JSON-RPC payload (single object or batch list) and, for a list, dispatches each item via `handle_single_mcp_message`.
- `handle_single_mcp_message(message, tools)` validates the JSON-RPC envelope (`jsonrpc`, `method`, `id`/notification handling) and then calls `handle_method(request_id, method, params, tools)`.
- `handle_method` is where the actual routing to the `AgenticHILToolService` (the ""tool service"") happens — e.g. `tools/call` invokes `call_tool(params, tools)`, `tools/list` returns the tool catalogue, etc.

This dispatcher is invoked from the stdio transport in `src/agentic_hil/stdio.py`, whose `run_stdio_server` function reads each JSON-RPC line and calls `handle_mcp_message(message, tools)`, passing along the `AgenticHILToolService` (or `UnprovisionedToolService`) instance defined in `src/agentic_hil/tools.py`.",True,True,True,src/agentic_hil/mcp.py,True,"The answer names src/agentic_hil/mcp.py and the expected symbols handle_mcp_message, handle_method, and call_tool, accurately describing the dispatch chain to the tool service.",0.040974,0.033764,0.00721,0.033764,,locate,false,S,agentic_hil,1139248,49
agentic_hil_q19,agentic,18823,1337,0,0,4,False,end_turn,,14.967,2026-09-15T20:14:59Z,"Every `tools/call` result passes through `redact_sensitive()` in `src/agentic_hil/redact.py` before it's serialized, applied in `call_tool()` in `src/agentic_hil/mcp.py:250-268`. Specifically:

1. **`tools.call(name, arguments)`** runs the actual tool and produces a raw result dict.
2. Before that result is turned into the MCP `content`/`structuredContent` payload, `mcp.py` calls `safe_result = redact_sensitive(result)` (`mcp.py:267`), and it is this *redacted* copy — not the raw one — that gets serialized into `tool_result_text(safe_result)` and `structuredContent` (`mcp.py:268`). Note `isError` is still computed from the raw `result` via `overall_success(result)`, since redaction never touches success/failure fields.
3. `redact_sensitive` (in `redact.py`) recurses through the result dict/list structure (`_redact_member`, `redact.py:243-250`):
   - Any key matching `_SENSITIVE_KEY_PATTERN` (ends in `token`, `secret`, `password`, `passwd`, `apikey`/`api_key`, `authkey`/`auth_key`, case-insensitive, `redact.py:40`) has its value replaced outright with the placeholder `""[redacted]""` (`_REDACTION_MARKER`, `redact.py:38,246-247`).
   - Any value under a captured-stream key (`stdout`, `stderr`, `backend_warnings` — `_STREAM_KEYS`, `redact.py:49`) instead gets a content-level scan via `redact_stream_text`/`_redact_stream_member`, which masks credential-shaped spans embedded in free text — URL userinfo (`scheme://user:secret@host`), `Authorization: Bearer/Basic` headers, and secret-named `key=value` assignments or query parameters — while leaving the rest of the text untouched (`redact.py:219-230, 253-260`).

So the mechanism is: key-name-based blanket redaction for fields that are named like credentials, plus a narrower content-pattern redaction confined to known process-output fields, both applied uniformly to every tool result right before it's placed into the JSON-RPC response, as ""defense-in-depth"" (comment at `mcp.py:264-266`) regardless of what the underlying tool implementation did.

Additionally, `fault_summary()` (`mcp.py:200-207`) applies `redact_stream_text` to exception text used in error responses, since a failing tool's exception message can also echo a credentialed URL.",True,True,True,src/agentic_hil/mcp.py;src/agentic_hil/redact.py,True,"The answer correctly identifies call_tool in mcp.py applying redact_sensitive from redact.py before tool_result_text serialization, matching expected files and symbols with accurate supporting detail.",0.060671,0.051016,0.009655,0.051016,,multi_hop,false,S,agentic_hil,1139248,49
agentic_hil_q36,indexed,17132,1007,0,0,2,False,end_turn,,15.127,2026-09-15T20:15:16Z,"## Answer

When `plan_adoption` finds that a debugger entry's configured `probe_id` names a different probe than the one that was actually discovered/attached, it **refuses the entire plan** — it doesn't merge, doesn't propose partial changes, and writes nothing.

### Where this happens

In `plan_adoption` (`src/agentic_hil/adopt.py:440-469`), after resolving the debugger entry, it compares the configured probe id to the discovered one:

```python
configured = configured_probe_id(debugger)
discovered = discovery.get(""probe_id"")
if configured is not None and isinstance(discovered, str) and discovered and fold_hardware_id(configured) != fold_hardware_id(discovered):
    return _different_board(debugger_name, configured, discovered)
```

If the folded (case-insensitive) values differ, it short-circuits by calling `_different_board(...)` (`src/agentic_hil/adopt.py:404-437`) instead of proceeding to the normal per-key `carried`/`already`/`kept`/`unavailable` proposal logic.

### What `_different_board` returns

It builds a refusal result with:
- `""ok"": False`, `""error_type"": ""hardware_mismatch""`, `""field"": ""probe_id""`
- A `summary` explaining that the configured probe and the attached probe are different boards, so nothing was planned and nothing was written
- `configured_probe_id` and `discovered_probe_id` for the reader
- A `next_step` telling the caller to either attach the board the entry is configured for, or name the entry that matches the attached board via `debugger_id` — explicitly noting that repointing a configured entry to a different probe is ""an operator's edit, not this path's""
- `NOT_STARTED` status and `retry_safe: False`

### Why (per the code's own rationale)

The comment on `_different_board` explains the reasoning: `probe_id` names a board, while `target.controller`, the COM device, and the backend executable all describe *that* board. If the mismatch were treated as just another per-key disagreement (`kept`), the plan could carry the unset fields (controller, COM device, toolchain path) from the *attached* board while leaving a `probe_id` that names a *different* board — producing ""a configuration whose debugger drives one Nucleo and whose UART talks to another: a file that loads, passes `doctor`, and is wrong in the one way nobody would look for."" So the whole plan is refused rather than partially applied.",True,True,True,src/agentic_hil/adopt.py,True,"The answer names the correct file and the expected symbols (plan_adoption, configured_probe_id, _different_board), accurately describing the refusal with hardware_mismatch and no changes written.",0.053609,0.044334,0.009275,0.044334,,trace,false,S,agentic_hil,1139248,49
agentic_hil_q36,agentic,26794,1041,0,0,5,False,end_turn,,15.88,2026-09-15T20:15:34Z,"## Answer

When the selected debugger entry's `probe_id` names a probe that doesn't match the actually attached probe's serial, `plan_adoption` **refuses the entire plan** rather than treating it as a per-field conflict.

Specifically, in `src/agentic_hil/adopt.py`:

- `plan_adoption()` picks the debugger entry, then computes `configured = configured_probe_id(debugger)` and `discovered = discovery.get(""probe_id"")`. If both are present and `fold_hardware_id(configured) != fold_hardware_id(discovered)`, it immediately returns `_different_board(debugger_name, configured, discovered)` — before any of the normal per-key ""carried/already/kept/unavailable"" comparisons run.
- `_different_board()` builds an `ok: False` result with `error_type: ""hardware_mismatch""` and `field: ""probe_id""`. **Nothing is planned and nothing is written.** The rationale documented in its docstring: `probe_id` identifies the board, and everything else (`target.controller`, the COM device, the toolchain executable) describes *that* board; carrying unset fields while a configured `probe_id` disagrees with the attached probe would silently produce a configuration that ""drives one Nucleo and whose UART talks to another"" — wrong in a way nobody would catch.
- The response includes `configured_probe_id`, `discovered_probe_id`, and a `next_step` telling the operator to either attach the board that entry is configured for, or name the entry that matches the attached board via `debugger_id` — explicitly noting that repointing a configured entry at a different probe is ""an operator's edit, not this path's.""

So the mismatch is treated as a hard stop/refusal (`hardware_mismatch`), not a silent overwrite or a soft ""kept"" recommendation like other conflicting fields receive.",True,True,True,src/agentic_hil/adopt.py,True,"The answer names the right file and symbols (plan_adoption, _different_board, configured_probe_id) and correctly describes the hard refusal with hardware_mismatch on probe_id before any per-field planning.",0.072393,0.063998,0.008395,0.063998,,trace,false,S,agentic_hil,1139248,49
agentic_hil_q12,indexed,24301,1250,0,0,3,False,end_turn,,15.944,2026-09-15T20:15:52Z,"## Answer

`listen_only_send_refusal` (in `src/agentic_hil/can.py`, lines 874–921) returns **`None`** for a bus that is not configured `listen_only`. The check is simply:

```python
if not bus_config.listen_only:
    return None
```

When it returns `None`, the caller's ordinary send path proceeds untouched (e.g. in `CanBusManager.send`, `src/agentic_hil/can.py:584-621`, the code checks `if mode is not None: return ...` and otherwise falls through to the `allow_write` permission check and then the actual adapter send).

Only when `bus_config.listen_only` is `True` does it build and return a `can_listen_only_mode` error object (`LISTEN_ONLY_MODE_ERROR`), explicitly refusing the transmit before any driver/adapter is invoked, and notably *without* consulting `permissions.allow_write` at all.

### Why the gate lives at the tool layer, not per adapter

The function's own docstring explains the reasoning directly (`src/agentic_hil/can.py:874-891`):

1. **`listen_only` is a property of the bus entry (`CanBusConfig`), not of any particular driver.** If each adapter (PEAK, SocketCAN, the process bridge) implemented its own check, the same configuration flag could end up meaning three different things depending on which adapter happened to back the bus.

2. **Only the tool layer holds the `CanBusConfig` before a driver is ever called.** Refusing at that layer means the frame is stopped *before* it reaches any adapter. A refusal implemented inside an adapter would necessarily happen only after the frame had already been handed to that adapter — i.e., too late, since the requirement is to prevent the frame from ever leaving the controller.

3. **Adapters cannot be trusted to enforce it themselves.** The docstring notes that the installed python-can 4.6.1 `PcanBus.send()` never reads bus state — it just calls `PCANBasic.Write()` and only raises on a bad driver return code. A PASSIVE (listen-only) channel's transmit is silently accepted and reported as ""sent"" even though no frame goes on the wire. This is precisely the bug (a bench falsely told ""CAN frame sent."") that motivates having one shared gate rather than depending on each adapter to self-police.

This is corroborated elsewhere in the codebase: the CAN broker (`src/agentic_hil/canbroker.py`, around line 923-954) calls the very same `listen_only_send_refusal` function rather than reimplementing the check, and the test-plan preflight logic in `src/agentic_hil/test_reactor.py` (`permission_refusal`, lines 2044-2084) applies the identical `can_listen_only_mode` error type at plan-validation time — explicitly commented as ""one refusal with one catalogue entry, so a reader who has met it once has met it everywhere."" The knowledge base entry for `LISTEN_ONLY_MODE_ERROR` (`src/agentic_hil/knowledge.py:2975-3006`) reiterates: ""The refusal is the same on every adapter and through every route ... because the flag describes the medium rather than the caller.""",True,True,True,src/agentic_hil/can.py,True,"Identifies can.py's listen_only_send_refusal returning None for non-listen_only buses and correctly explains the bus-config-level, adapter-agnostic rationale; omitting effective_can_adapter is minor.",0.076367,0.061102,0.015265,0.061102,,trace,false,S,agentic_hil,1139248,49
agentic_hil_q34,agentic,11417,531,0,0,3,False,end_turn,,7.963,2026-09-15T20:16:14Z,"Based on `src/agentic_hil/test_reactor.py` (class `SymbolComparator`, lines ~2147–2209):

**Three claims:**
1. **`equals`** — the value must equal one specific integer.
2. **`range`** — the value must fall within inclusive `min`/`max` bounds.
3. **`mask`** (used alongside `equals`) — a claim about specific bits rather than the whole word: `(value & mask) == equals`.

**The `signed` flag** selects which of the two integer readings `debug_symbol_value` returns the claim is judged against — the signed or unsigned decoding of the same bytes (`self.reading` returns `""value_signed""` or `""value_unsigned""`). Since both readings agree except above the top bit, `signed` disambiguates which one the claim means. It cannot be combined with `mask`, since a mask selects bits while `signed` is a reading of the whole width (also enforced in `src/agentic_hil/schemas/testconfig.schema.json`, the `readSymbol` schema description around line 109).",True,True,True,src/agentic_hil/test_reactor.py,True,"Answer names SymbolComparator in test_reactor.py, the three claims (equals, range, mask/masked_value), and correctly describes signed selecting the signed vs unsigned value reading.",0.038389,0.028144,0.010245,0.028144,,trace,true,S,agentic_hil,1139248,49
agentic_hil_q29,indexed,17092,937,0,0,2,False,end_turn,,13.975,2026-09-15T20:16:26Z,"## Answer

The closed JSON Schema is the bundled file **`src/agentic_hil/schemas/testconfig.schema.json`**, referenced in code by the constant `TEST_CONFIG_SCHEMA_RESOURCE = ""schemas/testconfig.schema.json""` in `src/agentic_hil/knowledge.py`.

Key places tying into it:

- **`src/agentic_hil/knowledge.py`**
  - `TEST_CONFIG_SCHEMA_RESOURCE` — the packaged path to the schema file.
  - `plan_schema_text()` / `plan_schema_document()` — load and parse it (cached), and note it is ""the shipped test plan schema... `test_reactor.test_config_schema` returns this same object.""
  - `plan_format_document()` — generates the human-readable plan-format reference *from* this schema (steps, keys, defaults, `x-since-version` markers), explicitly stating ""There is no second list of the format anywhere.""

- **`src/agentic_hil/test_reactor.py`**
  - `validate_test_config_schema()` — actually validates a loaded plan (`raw`) against this schema using `Draft202012Validator`, which is where ""additionalProperties"": false-style closedness is enforced (each step/action is further checked individually via `validate_test_steps_schema` so `oneOf` failures resolve to a specific field).
  - `STEP_DEVICE_CLASSES`, `ACTION_SCHEMAS`, `ROUTE_FIELDS` — the reactor's own device classes define the actions/keys, and a test holds these equal to what the schema describes, so the schema and the reactor's action table cannot drift apart.

- **`src/agentic_hil/contracts.py`** defines `object_schema()`, which sets `""additionalProperties"": False` for the MCP tool schemas (a related but distinct closed-schema pattern used for tool inputs like `DEVICE_SELECTOR`), but the actual **test-plan** schema is the standalone `testconfig.schema.json` file, not something built via `object_schema`.

So: the schema deciding which actions/keys a test plan may contain lives in **`src/agentic_hil/schemas/testconfig.schema.json`**, is loaded via `plan_schema_document()`/`plan_schema_text()` in `knowledge.py`, and is enforced against actual plans by `validate_test_config_schema()` in `test_reactor.py`.",True,True,True,src/agentic_hil/schemas/testconfig.schema.json,True,"The answer names the expected schema file src/agentic_hil/schemas/testconfig.schema.json as the closed plan schema, mentions x-since-version, and accurately describes loading and enforcement locations.",0.053024,0.043554,0.00947,0.043554,,locate,false,S,agentic_hil,1139248,49
agentic_hil_q14,agentic,12904,1305,0,0,4,False,end_turn,,15.581,2026-09-15T20:16:43Z,"## What `verify_port_identity` compares

`verify_port_identity` (in `src/agentic_hil/comports.py`) checks, before a port is ever opened, that the configured `com_ports` entry still resolves on the host to the exact board it claims. Concretely, for a port that declares hardware identity (`expected_port_identity` returns a `PortIdentity` with a serial number and/or VID/PID), it:

1. Enumerates host serial ports (`list_available_com_ports`) and finds the single host entry whose device name matches the configured `port.device` (`port_names_device`).
2. **Serial number check** (if `expectation.expected` is set): compares the host's reported `serial_number` (folded via `fold_hardware_id`) against the configured `serial_number`.
3. **USB VID/PID check** (`expectation.vid` / `expectation.pid`): compares the host-reported `vid`/`pid` (`host_usb_id`) against the configured `vid`/`pid`. This runs *after* the serial check, and always, even if the serial matched — the code comments explain that a USB serial number is only unique within a vendor, so a serial match alone doesn't prove the device type.
4. If neither serial nor VID/PID is declared, the identity is `not_declared` and the port is considered openable without verification.

Along the way it also handles cases where the check can't be performed (`backend_unavailable`, `port_not_enumerated`, `serial_unknown`, `usb_ids_unknown`), all of which are treated as unverified/refused, not opened.

## Behavior on a VID/PID mismatch

If the declared `vid`/`pid` don't match what the host reports for the port (`declared` list built from `(expectation.vid, found_vid)` / `(expectation.pid, found_pid)`, checked via `any(claimed != seen for claimed, seen in declared)`), the function calls `_identity_mismatch` and returns a refusal **before opening the port**:

- `ok: False`, `error_type: COM_PORT_IDENTITY_MISMATCH`
- A summary stating the port ""is currently a device of {found vid/pid}, but this entry names {expected vid/pid}"" and that ""the port was not opened: this is a different kind of device under the name this entry used to have"" (with an added note that a matching serial number proves nothing across vendors, if a serial was also configured).
- `likely_causes` listing possibilities: a different USB-serial adapter got the name, the configured entry is stale, or serial numbers coincidentally match across vendors.
- Fields including `expected_vid`/`expected_pid` (from config) and `found_vid`/`found_pid` (from host), plus `side_effect_committed: false`, `hardware_state: ""unchanged""`, `retry_safe: true` — signaling nothing was contacted and the caller can fix the entry (e.g., via `adopt-hardware`) and retry safely.

This is enforced from `src/agentic_hil/comports.py` lines ~466–628, with the mismatch response built by `_identity_mismatch` (lines ~424–463).",True,True,True,src/agentic_hil/comports.py,True,"Answer names comports.py's verify_port_identity, expected_port_identity/PortIdentity, and correctly describes comparing configured serial and VID/PID against enumerated host port, refusing to open on mismatch.",0.051613,0.038858,0.012755,0.038858,,trace,false,S,agentic_hil,1139248,49
agentic_hil_q37,indexed,24424,1371,0,0,3,False,end_turn,,17.683,2026-09-15T20:17:02Z,"## `decode_symbol_value` with non-{1,2,4,8}-byte data

In `src/agentic_hil/backends/gdbdebug.py` (function `decode_symbol_value`, lines ~1733-1756):

```python
def decode_symbol_value(data: bytes, order: JsonObject) -> JsonObject:
    byte_order = str(order[""byte_order""])
    result: JsonObject = {""hex"": data.hex(), **order}
    if len(data) in INTEGER_VALUE_WIDTHS:
        result[""value_unsigned""] = int.from_bytes(data, byte_order, signed=False)
        result[""value_signed""] = int.from_bytes(data, byte_order, signed=True)
    else:
        result[""value_not_decoded""] = ""size_bytes is not 1, 2, 4 or 8, so the bytes carry no single integer reading.""
    return result
```

`INTEGER_VALUE_WIDTHS` is defined as `frozenset({1, 2, 4, 8})` in `gdbdebug.py`. For any `data` whose length isn't one of those four widths, the function does **not** attempt an integer conversion at all — it skips `value_unsigned`/`value_signed` and instead sets `result[""value_not_decoded""]` to the explanatory string above. It still always returns `hex` (the raw bytes as hex) and the byte-order metadata (`byte_order`, `byte_order_from`) regardless of length, since those are considered valid/meaningful for any size.

## Where the byte order comes from

The `order` argument passed in is produced by `image_byte_order()` (also in `gdbdebug.py`, lines ~1709-1730), which determines the order from the ELF image itself, not from any hardcoded/target assumption:

```python
def image_byte_order(elf_path: str | Path) -> JsonObject:
    declared = read_elf_byte_order(elf_path)
    if declared is None:
        return {""byte_order"": DEFAULT_SYMBOL_VALUE_BYTE_ORDER, ""byte_order_from"": ""default""}
    return {""byte_order"": declared, ""byte_order_from"": ""elf_header""}
```

- `read_elf_byte_order` (in `src/agentic_hil/elfsymbols.py`) reads the ELF's `EI_DATA` field from the file header and returns `""little""` or `""big""` accordingly (or `None` if the file isn't a valid ELF or doesn't declare an encoding).
- If the ELF declares an order, that's used and tagged `byte_order_from: ""elf_header""`.
- If it can't be determined (not a real/readable ELF), it falls back to `DEFAULT_SYMBOL_VALUE_BYTE_ORDER` (`""little""`, also defined in `gdbdebug.py`), tagged `byte_order_from: ""default""`.

Callers pass in the specific image relevant to their context — e.g. `gdbdebug.py`'s `debug_symbol_value` uses `image_byte_order(str(session.artifact[""resolved_path""]))` (the ELF loaded into the live GDB session), while `pyocd.py` and `stlink.py` use `resolved[""image_byte_order""]`, which was computed earlier when resolving the symbol against the target's flashed/staged ELF. In all cases the byte order is thus derived from the actual firmware ELF's declared endianness rather than assumed for the target architecture.",True,True,True,src/agentic_hil/backends/gdbdebug.py;src/agentic_hil/elfsymbols.py,True,"Answer correctly identifies decode_symbol_value skipping integer decoding and setting value_not_decoded for non-{1,2,4,8} lengths, and traces byte order to image_byte_order/read_elf_byte_order in the expected files.",0.074313,0.062558,0.011755,0.062558,,trace,false,S,agentic_hil,1139248,49
agentic_hil_q40,agentic,312948,3840,0,0,14,False,end_turn,,52.274,2026-09-15T20:17:22Z,"Here's the path from `agentic-hil init` to a config file naming the attached ST-Link's serial:

**1. CLI entry point.** `agentic_hil/cli.py` registers the `init` subcommand (`init_parser`, `cli.py:407`) and dispatches to `init_project` (`cli.py:2069`), which calls `init_config` (`cli.py:2744`).

**2. `init_config` reads the bench before writing anything.** It calls `_init_bench_read` (`cli.py:2536`), which in turn calls the shared discovery entry point `discover_for_generation` (`agentic_hil/tools.py:3015`), the same function `project_config_create` uses. If nothing is configured yet, this bottoms out (via `_discover_without_policy`) in `discover_attached_hardware` (`agentic_hil/bootstrap.py:528`).

**3. Probe enumeration.** `discover_attached_hardware` calls `enumerate_attached_probes` (`agentic_hil/bootstrap.py:286`), which:
   - If `STM32_Programmer_CLI` (STM32CubeProgrammer) is found (`find_stm32_programmer_cli`), it runs `STM32_Programmer_CLI -q -l st-link-only` and parses the reported serials with `stlink_probe_ids` (`bootstrap.py:327-357`).
   - Otherwise it falls back to `_usb_enumeration` (`bootstrap.py:210`), which reads the host's USB serial-port inventory and pulls the serial off the ST-Link's virtual COM port descriptor via `usb_stlink_probe_ids`/`usb_stlink_ports` in `agentic_hil/comports.py:127-178` (matching STMicroelectronics' vendor id and the known ST-Link product ids).

   `select_probe_id` (`bootstrap.py:812`) then picks the one probe from the enumerated list (refusing ambiguously if more than one is attached), and this becomes `discovery[""probe_id""]`.

**4. Filling the template.** Back in `init_config`, once discovery succeeds (`overall_success(discovery)`), it loads the YAML skeleton (`DEFAULT_CONFIG_TEMPLATE`) and calls `apply_discovery_to_template` (`agentic_hil/bootstrap.py:908`), which sets:
```python
template[""debuggers""][""dut""][""probe_id""] = discovery[""probe_id""]
```
along with the matching backend (`stlink` or `openocd`), executable, and transport keys (`bootstrap.py:958-995`).

**5. Writing the file.** `init_config` assembles the final document (`document = {""workspace_root"": ..., ""state_root"": ..., **configured}`, `cli.py:2819`), validates it by loading it through `load_config`, and atomically writes it to the workspace's config path (`cli.py:2843-2867`). The result is a config file whose `debuggers.dut.probe_id` names the exact serial the attached ST-Link reported, sourced either from STM32CubeProgrammer's own listing or, absent that tool, from the USB descriptor of its virtual COM port.",False,False,True,,True,The answer traces the correct chain—init_config → discover_for_generation → discover_attached_hardware → enumerate_attached_probes → stlink_probe_ids → apply_discovery_to_template—naming the key symbols despite minor file attribution slips.,0.681526,0.664296,0.01723,0.664296,,multi_hop,false,S,agentic_hil,1139248,49
agentic_hil_q19,indexed,13893,1070,0,0,2,False,end_turn,,13.174,2026-09-15T20:18:20Z,"## How MCP tools/call results are prevented from carrying secrets to the client

The result of a `tools/call` is passed through a redaction step before it is serialized and returned. This happens in `call_tool()` in `src/agentic_hil/mcp.py`:

```python
result = tools.call(name, arguments)
# Defense-in-depth: strip any secret-named field before the result is
# serialized into the MCP content text and structuredContent. isError is
# computed from the raw result (redaction touches no success field).
safe_result = redact_sensitive(result)
return {""content"": [{""type"": ""text"", ""text"": tool_result_text(safe_result)}], ""structuredContent"": safe_result, ""isError"": not overall_success(result)}
```

Both the `content` text and the `structuredContent` field that go back to the client are built from `safe_result`, never the raw tool result. `isError` is deliberately computed from the *unredacted* `result` (via `overall_success`) instead, since redaction never touches success-indicating fields.

### The redaction logic (`src/agentic_hil/redact.py`)

- `redact_sensitive(value)` recursively walks dicts/lists in the result.
- For each dict entry, `_redact_member(key, value)` decides the treatment:
  - If the key name matches `_SENSITIVE_KEY_PATTERN` (secret-named field, e.g. `token`, `password`, `api_key`), the value is replaced outright with a placeholder (`_REDACTION_MARKER`).
  - If the key is one of `_STREAM_KEYS` (i.e., captured process stdout/stderr text), it goes through `_redact_stream_member`, which content-scans the string for credential-shaped spans (e.g. `scheme://user:secret@host` URLs via `_mask_url_userinfo`, plus other `_CONTENT_PATTERNS`) and masks just those spans rather than the whole string.
  - Otherwise the value is recursed into normally.

So there are two layers of protection: (1) whole-value redaction by key name, and (2) in-place masking of credential-shaped substrings within captured process output, so a secret embedded in a tool's stdout/stderr (e.g. a package-index URL with an embedded token) doesn't leak into the MCP response even if it isn't under a secret-named key.

Errors are handled similarly — a comment in `mcp.py` notes tool error text (e.g., quoting a failing package-index URL with credentials) goes through the same `redact_stream_text` pass as captured process streams.

This is called ""defense-in-depth"" in the code, implying tools are also expected not to emit secrets in the first place, but this MCP-layer redaction acts as a backstop regardless of what an individual tool implementation does.",True,True,True,src/agentic_hil/mcp.py;src/agentic_hil/redact.py,True,"The answer identifies call_tool in mcp.py applying redact_sensitive from redact.py before building content via tool_result_text and structuredContent, matching expected files and symbols.",0.048161,0.038486,0.009675,0.038486,,multi_hop,false,S,agentic_hil,1139248,49
agentic_hil_q33,agentic,5803,456,0,0,3,False,end_turn,,6.816,2026-09-15T20:18:35Z,"`read_intel_hex_file` returns `None` in both cases (`src/agentic_hil/gdbmi.py`):

- **Incomplete coverage (a hole):** after parsing all records it checks `if not all(covered): return None` — any byte in `[start_address, start_address+size_bytes)` that was never written by a data record makes the whole call fail.
- **Conflicting duplicate writes:** while filling in the `window`/`covered` buffers, if a position is already `covered` and the new `value` differs from what's already in `window`, it immediately returns `None` (`if covered[position] and window[position] != value: return None`).

Per the function's docstring, it never returns a partial result — any record that doesn't cover the full requested window exactly, or that writes conflicting values to an address, yields `None` rather than the byte buffer.",True,True,True,src/agentic_hil/gdbmi.py,True,"The answer correctly identifies read_intel_hex_file in src/agentic_hil/gdbmi.py returning None for both incomplete coverage and conflicting duplicate writes, matching the expected location and behaviour.",0.023046,0.016166,0.00688,0.016166,,trace,true,S,agentic_hil,1139248,49
agentic_hil_q15,indexed,23722,1509,0,0,3,False,end_turn,,19.8,2026-09-15T20:18:45Z,"## `terminate_process_tree` on POSIX

Located in `src/agentic_hil/process.py`. The public `terminate_process_tree` wraps the private `_terminate_process_tree`, catching any exception, marking the child's `ManagedProcessRecord.state` as `""cleanup_pending""` (recording the error), and re-raising.

### POSIX termination flow (`_terminate_process_tree`)

1. **Single-process fallback**: it looks up the child's process group with `_child_process_group`. If the child has no group of its own (already reaped) or shares this run's own group (`os.getpgrp()`), it just calls `_terminate_single_child` (SIGTERM, then SIGKILL on timeout, via `Popen.terminate()`/`.kill()`) and forgets the record.

2. **Group kill for a real subtree**: otherwise it iterates over `(signal.SIGTERM, signal.SIGKILL)`. For each signal it:
   - Calls `_signal_process_group(pgid, sig)`, which does `os.killpg(pgid, sig)` — returning `True` if delivered or if the group was already gone (`ProcessLookupError`), `False` for any other `OSError` (e.g. `PermissionError`).
   - Then calls `_wait_for_process_group(child, pgid, timeout_s)` to poll (every 20ms up to the timeout) whether the child has exited *and* the group is empty. If so, it forgets the record and returns — success.
   - If the wait fails and the signal delivery itself also failed (`delivered` was `False`), it raises immediately, naming the pgid, signal, pid, and timeout.
   - Otherwise it proceeds to try SIGKILL next.

3. If both SIGTERM and SIGKILL rounds fail to empty the group, it falls back to `_terminate_single_child` on the leader directly, then does one final `_process_group_exists(pgid)` check; if the group still shows a member, it raises `RuntimeError(""Process group remained active after SIGKILL."")`. Otherwise it forgets the record (success).

### How it decides the group is actually gone

The decision is made by `_process_group_exists(pgid)` (used inside `_wait_for_process_group` and at the final check), which is deliberately more careful than a raw `killpg(pgid, 0)`:

- `os.killpg(pgid, 0)` sends no signal, just probes membership.
- `ProcessLookupError` → group is gone → `False`.
- `PermissionError` → **not** treated as gone; treated as ""still has a member"" (`True`), because on POSIX a permission error can also mean the process exists but can't be signalled.
- Otherwise (kernel says the group exists), it doesn't just trust that — it calls `_running_process_group_members(pgid)` to filter out zombies. Zombie processes are counted by the kernel as still being in the group, but they hold nothing (no port, no probe) and are effectively gone. If `/proc` is readable (`os.path.isdir(_PROC)` and `_proc_lists_this_process()`), it reads each process's `/proc/<pid>/stat` to get state, parent pid, and group; only *non-zombie* (`Z`/`X` states excluded) processes in the target group count as ""running."" As a side effect, any zombie whose parent is this process is reaped via `os.waitpid(..., os.WNOHANG)` there. If no such table is available (no `/proc`), it falls back to trusting the kernel's raw membership answer (`True`).

This zombie-aware, `/proc`-based check exists specifically to handle the case (referenced in the code's comments, issue #485) where a PID-1-like parent never reaps its zombie descendants, which would otherwise make `killpg` report the group as perpetually non-empty even though nothing in it is actually alive or holding resources — Darwin's EPERM-for-zombie-only-groups behavior is called out explicitly as the reason `_signal_process_group`'s delivery failure alone is not treated as proof of a surviving tree; the membership check via `_process_group_exists` is what's authoritative.",True,True,True,src/agentic_hil/process.py,True,"Answer names src/agentic_hil/process.py and the expected symbols, describing SIGTERM-then-SIGKILL via killpg and a killpg(pgid, 0) membership probe to confirm the group is gone.",0.080054,0.062534,0.01752,0.062534,,trace,false,S,agentic_hil,1139248,49
agentic_hil_q25,agentic,17887,1025,0,0,3,False,end_turn,,13.155,2026-09-15T20:19:09Z,"The report an agent reads back carries a **canonical_audit** block that is trusted evidence of the audit log's integrity, produced in `src/agentic_hil/report.py`:

1. **Trusted canonical copy with hash chain** – every audit-log append (`append_jsonl`/`append_jsonl_audited`) first writes to a canonical copy under the trusted `state_root` via `append_canonical_audit_log`. That function maintains a `.digest` sidecar per canonical log recording a monotonically increasing `sequence`, a running `chain_sha256` (each new line's digest is `sha256(prev_chain_digest + new_line)`), and the expected file size in bytes. Before appending, it re-checks that the file's actual size matches the sidecar's recorded `bytes`, so any out-of-band edit or truncation is detected and the append fails closed (`report.py:105-130`). `write_audit_log` does the analogous full-file version for snapshot-style logs (`report.py:133-151`).

2. **Evidence pointer attached to the report** – `canonical_audit_evidence` (`report.py:160-197`) reads the canonical log and its sidecar and builds an evidence object containing `canonical_log_present`, `canonical_log_name`, `log_sequence`, and `log_chain_sha256`. It also compares the canonical lines against the untrusted workspace mirror log, verifying that every canonical (effect) line still appears in the workspace log **in order** (`_is_ordered_subsequence`), setting `workspace_log_verified` accordingly — extra passive lines are tolerated, but deletion/alteration of an effect record fails verification.

3. **Attachment to the outgoing result** – `attach_canonical_audit_evidence` (`report.py:200-214`) resolves the report's `log_path`, computes this evidence, and merges it into the result as `result[""canonical_audit""]` when a canonical log exists.

So when an agent reads a report back, the `canonical_audit` field (sequence number, chain digest, and workspace-verification flag) is the proof: the chained digest shows the canonical ledger itself hasn't been tampered with (size/hash checks fail closed on any external edit), and `workspace_log_verified` shows whether the copy the agent actually read matches that trusted canonical ledger.",True,False,True,src/agentic_hil/report.py,True,"Answer names the canonical_audit block and all three expected symbols, accurately describing the chained digest, size fail-closed check, and workspace verification attached to the report.",0.058869,0.046024,0.012845,0.046024,,multi_hop,false,S,agentic_hil,1139248,49
agentic_hil_q27,indexed,36015,1179,0,0,3,False,end_turn,,18.89,2026-09-15T20:19:27Z,"## Answer

The machine-wide mutex is the `BenchMutex` class in **`src/agentic_hil/bench.py`**.

Key details:

- **`BenchMutex`** (`src/agentic_hil/bench.py`, class defined around line ~328) represents ""one owner's hold on a set of physical devices."" It maintains an in-process record of held devices (`_held: dict[str, _HeldDevice]`) and takes real OS-level locks per resource (via file locks under a `device_lock_root()`, using `fcntl.flock`/`msvcrt.locking`-style primitives seen in the `_LifetimeLock`/lock-file machinery in the same file).
- Its `acquire()` method takes every named physical resource all-or-nothing, in sorted order, raising `DeviceBusyError` naming the current holder if another process already holds one of the resources — this is exactly what stops two processes from driving the same probe/board/port at once.
- `acquire_named()` is used for the special enumeration pseudo-resource (`debugger-discovery:all`) to serialize probe enumeration itself across the whole machine.
- Resource *names* locked by the mutex (e.g. `probe:<serial>`, `com:serial:<serial_number>`, `com:<device>`, `physical:<resource_id>`, `can:<adapter>:<channel>`) are computed per device kind in **`src/agentic_hil/devices.py`**, via each `Device` subclass's `lock_key`/`lock_keys` property (e.g. `UartDevice.lock_key`, `DebuggerDevice.lock_keys`). The `Device.acquire`/`DeviceSet.acquire` methods (also in `devices.py`) are documented as ""the only way a device is taken,"" and they delegate straight into `BenchMutex.acquire`.

So conceptually:
- **`devices.py`** decides *what* hardware identity/name to lock (probe serial, COM port serial/device path, CAN adapter+channel).
- **`bench.py`**'s `BenchMutex` is the actual machine-wide exclusion mechanism (backed by OS file locks) that enforces only one process/owner can hold a given resource name at a time, raising `DeviceBusyError` naming the holder on conflict.

Additionally, for serial ports specifically, there's a second, complementary safeguard at the OS level: `src/agentic_hil/comports.py` sets `serial_handle.exclusive = True` when opening a port (POSIX `O_EXCL`-style exclusive open), explicitly noted in comments there as covering the case of ""a foreign test runner or serial monitor"" that the `BenchMutex` (which only binds cooperating `agentic-hil` runs) cannot protect against.",True,True,True,src/agentic_hil/bench.py,True,"The answer names bench.py's BenchMutex, DeviceBusyError, and device_lock_root as the machine-wide file-lock mutex, matching all expected files and symbols with accurate extra detail.",0.0937,0.08382,0.00988,0.08382,,locate,true,S,agentic_hil,1139248,49
agentic_hil_q15,agentic,20647,1716,0,0,4,False,end_turn,,19.497,2026-09-15T20:19:48Z,"## `terminate_process_tree` on POSIX

The public `terminate_process_tree` (`src/agentic_hil/process.py:217`) just wraps `_terminate_process_tree` and records cleanup state on failure. The actual POSIX logic lives in `_terminate_process_tree` (`src/agentic_hil/process.py:228`).

**Steps on a POSIX host:**

1. **Determine the child's process group** via `_child_process_group` (`process.py:322`): uses the pgid recorded at spawn time (`_agentic_hil_pgid`, set in `_register_process_group`), falling back to `os.getpgid`/`child.pid`.
2. **If the child isn't in its own group** (pgid is None or equals this process's own group — i.e., it was never placed in a separate session), it just falls back to killing the single process with `_terminate_single_child` (`process.py:334`, `terminate()` then `kill()` on timeout).
3. **Otherwise, it kills the whole group**, in two rounds — `SIGTERM` then `SIGKILL` (`process.py:286-295`):
   - Sends the signal to the whole group with `os.killpg(pgid, sig)` via `_signal_process_group` (`process.py:302`).
   - After each signal, calls `_wait_for_process_group` (`process.py:346`) to poll (every 20ms, up to `timeout_s`) whether the leader (`child`) has exited *and* the group is empty.
   - If the group is confirmed gone, it returns immediately (success). If the signal couldn't be delivered (`_signal_process_group` returned `False`, e.g. `PermissionError`/`OSError`) **and** the group is still non-empty at the timeout, it raises a `RuntimeError` naming the pgid and signal.
   - If `SIGTERM` doesn't empty the group in time, it repeats with `SIGKILL`.
4. If the group still isn't confirmed empty after both signals, it falls back to `_terminate_single_child` on the leader, then checks `_process_group_exists(pgid)` once more and raises `RuntimeError(""Process group remained active after SIGKILL."")` if it still isn't gone.
5. On success it calls `_forget_process(child)` to drop the internal bookkeeping record.

**Deciding the group is actually gone (`_process_group_exists`, `process.py:358`):**

- It sends a no-op signal, `os.killpg(pgid, 0)`, purely to probe membership:
  - `ProcessLookupError` → group is empty → not existing.
  - `PermissionError` → kernel says a member exists (this run can't signal it) → treated as still existing.
  - Any other successful call means the kernel reports at least one member, but that member could be a zombie.
- To avoid zombies causing false ""still alive"" reports (important when this process runs as PID 1 and never reaps orphans — see the long comment for issue #485), it further asks `_running_process_group_members(pgid)` (`process.py:384`), which walks `/proc/<pid>/stat` for every pid in that group, skips the group leader, and:
  - Counts only processes **not** in zombie/dead state (`Z`/`X`) as ""running"".
  - Opportunistically reaps (`os.waitpid(..., os.WNOHANG)`) any zombie whose parent is this process, since nobody else will collect it.
  - Returns `None` if `/proc` isn't available (no such table on the host), in which case the raw kernel `killpg` answer is trusted as-is.
- So the group is considered gone only when `os.killpg(pgid, 0)` raises `ProcessLookupError`, or when it reports a member but `/proc` inspection shows no non-zombie processes remain in that group.

This membership check (`_wait_for_process_group`/`_process_group_exists`) is checked *before* treating a failed `killpg(pgid, sig)` delivery as an error, specifically to avoid mistaking Darwin's `EPERM` (returned when a group's only members are zombies) for a genuine permission failure on a tree that has, in fact, already ended.",True,True,True,src/agentic_hil/process.py,True,"Answer names process.py with terminate_process_tree, _terminate_process_tree, and _signal_process_group, correctly describing SIGTERM/SIGKILL via killpg and killpg(pgid, 0) group-existence probing.",0.073444,0.058454,0.01499,0.058454,,trace,false,S,agentic_hil,1139248,49
agentic_hil_q26,indexed,13110,938,0,0,2,False,end_turn,,13.842,2026-09-15T20:20:12Z,"## Where memory contents become an Intel HEX file

The core encoder is `write_intel_hex_file()` in `src/agentic_hil/gdbmi.py` (lines ~324-341). It takes raw bytes plus a start address, builds Intel HEX records via the helper `intel_hex_record()`, and writes them out with `atomic_write_text` (scoped to a required `workspace`).

This writer is called from the backends that read memory themselves and then have to produce the HEX artifact for the caller:
- `src/agentic_hil/backends/pyocd.py`, in `debug_dump_symbol_ihex()` — pyOCD's `savemem` gives raw bytes, so this backend calls `write_intel_hex_file()` directly on them.
- `src/agentic_hil/backends/gdbdebug.py`, in `dump_symbol_ihex()` — same pattern for the GDB/OpenOCD backend.

The ST-Link backend (`src/agentic_hil/backends/stlink.py`, `debug_dump_symbol_ihex()`) is the exception: it lets `STM32CubeProgrammer`'s CLI (`-r ... output.hex`) write the Intel HEX file itself, since the CLI already emits that format.

## Where an Intel HEX file is read back

The decoder is `read_intel_hex_file()`, also in `src/agentic_hil/gdbmi.py` (lines ~350-401). It's described as ""the inverse of `write_intel_hex_file`"" and parses records back into a `bytes` window for a requested `[start_address, +size_bytes)`, returning `None` on any inconsistency (checksum failure, conflicting overlapping data, holes, etc.).

It's used in `src/agentic_hil/backends/stlink.py`'s `debug_read_symbol_value` path (around lines 466-490): since STM32CubeProgrammer's `-r` only writes to a file (no raw stdout read path), the backend has the CLI dump to a staged `.hex` file and then calls `read_intel_hex_file()` to pull the requested bytes back out for decoding.

There's also a lighter-weight validity check, `looks_like_intel_hex()` in `src/agentic_hil/artifacts.py`, used by the ST-Link dump path to confirm the CLI actually left a parseable Intel HEX file on disk (without extracting the data).",True,True,True,src/agentic_hil/gdbmi.py,True,"The answer names src/agentic_hil/gdbmi.py and the expected symbols write_intel_hex_file, read_intel_hex_file, and the helper intel_hex_record, with accurate supporting detail on callers.",0.04513,0.0356,0.00953,0.0356,,locate,true,S,agentic_hil,1139248,49
agentic_hil_q17,agentic,33940,1403,0,0,7,False,end_turn,,22.281,2026-09-15T20:20:30Z,"I now have enough detail to answer.

## What `flash_firmware` does before calling the backend

In `HILTools.flash_firmware` (`src/agentic_hil/tools.py`, lines 274‑312):

1. It resolves/validates the requested artifact (`validate_local_path` or `resolve_artifact_id`) via the `ArtifactManager`.
2. It calls `self.artifacts.stage_for_backend(validation[""artifact""], ""flash_firmware"")` (`src/agentic_hil/artifacts.py`, `ArtifactManager.stage_for_backend`), which:
   - Opens the source file safely (`safe_open_binary`, workspace-scoped, O_NOFOLLOW).
   - Verifies it's still a regular, single-link file and within the max upload size.
   - Copies its bytes into a private temporary staging directory (`tempfile.mkdtemp(dir=self._staging.name, prefix=""stage-"")`), computing a SHA‑256 digest as it copies.
   - Confirms the digest still matches what validation recorded (guards against the file changing between validation and staging).
   - Atomically renames the temp file into the staging directory (`os.replace`) and returns a new artifact dict with `resolved_path` pointing at this staged copy and `staged: True`.
3. Only the staged copy (`staged[""artifact""]`) is passed to `self.backend.flash_firmware(staged[""artifact""], reset_after_flash)` — the backend never touches the original artifact path directly.

## What happens to the staged copy afterward

In a `finally` block, `flash_firmware` always calls `self.artifacts.release_stage(staged[""artifact""])` regardless of whether the backend call succeeded or raised. `release_stage` (`src/agentic_hil/artifacts.py`, lines 44‑54) checks the artifact is marked `staged: True` and that its resolved path is really inside the manager's private staging root, then deletes the staged file and removes its now-empty parent directory.

So the staged copy is strictly transient: created fresh for each `flash_firmware` call and deleted immediately after the backend returns (or raises). The original, pre-staging artifact reference is what `_remember_symbol_elf` keeps for later symbol-source bookkeeping, precisely because the staged copy is gone as soon as staging is released.",True,True,True,src/agentic_hil/tools.py;src/agentic_hil/artifacts.py,True,"The answer names the expected files and symbols (flash_firmware, stage_for_backend, release_stage) and accurately describes staging a verified copy and its cleanup in the finally block.",0.091045,0.08191,0.009135,0.08191,,trace,false,S,agentic_hil,1139248,49
agentic_hil_q14,indexed,31564,1301,0,0,3,False,end_turn,,18.835,2026-09-15T20:20:55Z,"## What `verify_port_identity` compares

`verify_port_identity` (in `src/agentic_hil/comports.py:466-621`) is called before a configured serial port is opened (e.g. from `session_start` in `comports.py`). It refuses to open a port unless the host confirms the port's identity, doing so with **no side effects** — the port itself is never touched during the check.

For an entry that declares hardware identity (via `expected_port_identity`, which reads `serial_number`, a shared `resource_id`, and/or `vid`/`pid` from `ComPortConfig`), it:

1. Enumerates host serial ports (`list_available_com_ports`) and finds the single entry matching the configured `device` name (`port_names_device`).
2. Compares the entry's expected **serial number** against the host-reported serial number (`found`) via `fold_hardware_id`.
3. Then compares the entry's expected **USB VID/PID** (`expectation.vid`, `expectation.pid`) against the host-reported `found_vid`/`found_pid` (via `host_usb_id`).

The VID/PID check runs *after* the serial check and never instead of it — per the code comment, a matching serial only proves it's the right unit once the vendor/product also agree, because a USB serial number is unique only within a vendor. For an adapter with no serial at all, the VID/PID check is the *entire* identity check (a type check, distinguishing e.g. a CH340 from an ST-Link, not one CH340 from another).

## What happens on a VID/PID mismatch

If either the claimed `vid` or `pid` doesn't match what the host reports (`comports.py:591-617`), `verify_port_identity` calls `_identity_mismatch`, which returns a refusal **before opening the port**:

- `""ok"": False`, `error_type` set to `COM_PORT_IDENTITY_MISMATCH`, `identity[""status""] = ""mismatch""`.
- A `summary` stating the port is currently a device of the found VID/PID type, but the entry names a different one — noting that if a serial number happened to match, that's not proof either, since serial numbers are only unique within a vendor.
- `likely_causes` listing possibilities (a different adapter was attached and got the kernel name, the entry is stale, or serial numbers coincidentally collided across vendors).
- `side_effect_committed: False`, `side_effect_status: ""not_started""`, `hardware_state: ""unchanged""`, `retry_safe: True` — signaling nothing was touched and the check can simply be retried once the mismatch is resolved.
- Both `expected_vid`/`expected_pid` and `found_vid`/`found_pid` are included in the result fields (via `expectation.fields` and `identity`), so a caller can report both sides of the comparison.

(If instead the host port reports no VID/PID at all while the entry names them, the status is `""usb_ids_unknown""` and the port is treated as **unverified** rather than mismatched — also refused via `_identity_unverified`, since the comparison couldn't run at all.)",True,True,True,src/agentic_hil/comports.py,True,"Answer names comports.py's verify_port_identity and expected_port_identity, correctly describing serial/VID-PID comparison against host-enumerated ports and refusal with identity-mismatch error before opening the port.",0.089058,0.076138,0.01292,0.076138,,trace,false,S,agentic_hil,1139248,49
agentic_hil_q12,agentic,7609,980,0,0,3,False,end_turn,,13.632,2026-09-15T20:21:17Z,"## Answer

`listen_only_send_refusal(bus_id, bus_config, tool=""can_send"")` returns **`None`** for a bus whose `CanBusConfig.listen_only` is not set (falsy), leaving the caller's ordinary send path untouched. Only when `bus_config.listen_only` is truthy does it build and return a refusal `JsonObject` (`ok: False`, `error_type: LISTEN_ONLY_MODE_ERROR`, `retry_safe: False`, remediation/likely-cause fields, etc.).

Source: `src/agentic_hil/can.py`, function `listen_only_send_refusal` (lines 874–921).

## Why the gate lives at the tool layer, not per adapter

Per the function's own docstring and the surrounding code in `src/agentic_hil/can.py`:

1. **`listen_only` is a property of the bus config entry, not of any particular driver.** Since it's a single flag on `CanBusConfig`, its meaning must be uniform across adapters (PEAK, SocketCAN, the process bridge). Only the tool layer, which holds the `CanBusConfig`, can apply one consistent answer instead of three adapter-specific interpretations.

2. **It must refuse *before* the driver is called.** An adapter-level refusal would only happen after the frame has already been handed to the driver/hardware layer — too late to satisfy the requirement that nothing reaches the transmit path.

3. **The installed adapter won't refuse it for you.** The docstring documents that python-can 4.6.1's `PcanBus.send()` never checks `BusState`/`PASSIVE` — it just builds a `TPCANMsg` and calls `PCANBasic.Write()`, succeeding as long as the driver's return code is `PCAN_ERROR_OK`. So a PEAK channel in listen-only mode would accept the send and report success even though nothing is transmitted on the wire — exactly the bug this function prevents (referenced in `PythonCanAdapterSession.send()`'s docstring at lines 952–973, and pinned by `test_can_listen_only.py` against the installed library).

So the gate is centralized at the tool layer (called from both `can.py:594` and `canbroker.py:931`) because that's the only place with the config in hand, the only place that can act before any driver call, and because the underlying adapters cannot be relied upon to enforce it themselves.",True,True,True,src/agentic_hil/can.py,True,"It correctly identifies src/agentic_hil/can.py's listen_only_send_refusal returning None for non-listen-only buses and gives accurate config-level, pre-driver rationale, despite not naming effective_can_adapter.",0.037913,0.025018,0.012895,0.025018,,trace,false,S,agentic_hil,1139248,49
agentic_hil_q35,indexed,8334,671,0,0,2,False,end_turn,,9.464,2026-09-15T20:21:36Z,"Based on `BenchMutex.acquire` in `src/agentic_hil/bench.py` (lines ~366-395):

When `acquire` is called with a list of device resource keys, it processes them **in sorted order** (via `physical_resources(resources)`), calling an internal `_take(resource, deadline, stop_requested)` for each one and appending each successfully-taken resource to a local `taken` list.

If one of the requested devices is already held by another owner, `_take` raises `DeviceBusyError` (naming the current holder). At that point the method's `except BaseException` clause runs: it walks back over everything it *had* already taken in this call (`for resource in reversed(taken): self._drop(resource)`), releasing all of them, and then re-raises the exception.

So the behavior is **all-or-nothing**: if any device in the requested set is busy, `acquire` gives up every device it managed to grab earlier in that same call and raises `DeviceBusyError` — it never leaves the caller holding a partial set. This is explicitly called out in the class docstring: ""`acquire` is all-or-nothing over sorted resource names, so two owners reaching for an overlapping set cannot each keep half of it.""

This guarantee is also why `DeviceSet.acquire` (in `src/agentic_hil/devices.py`) deliberately passes the whole set of lock keys into a single `BenchMutex.acquire` call rather than acquiring devices one at a time — the docstring there notes: ""a partially acquired set is exactly what must never escape.""",True,True,True,src/agentic_hil/bench.py,True,"Answer correctly identifies BenchMutex.acquire in bench.py, sorted-order _take, DeviceBusyError, and all-or-nothing rollback of already-taken resources, matching expected behavior.",0.036673,0.023378,0.013295,0.023378,,trace,true,S,agentic_hil,1139248,49
agentic_hil_q05,agentic,13770,700,0,0,3,False,end_turn,,10.532,2026-09-15T20:21:50Z,"## Answer

The JUnit XML for a plan run is produced in **`src/agentic_hil/junit.py`**, specifically by the function `junit_xml_document(result, *, plan_steps=())`, which builds the XML document (one `<testsuite>` per run, one `<testcase>` per plan step, plus `preflight`, `cleanup`, and `audit` cases) as a pure function of the run's JSON report.

The actual write-to-disk happens via `write_junit_xml(junit_xml_path, result, *, plan_steps=())` (also in `junit.py`), which calls `junit_xml_document` and writes the result to the path given by `--junit-xml`.

This is wired into a plan run in **`src/agentic_hil/reactorrun.py`**, in `run_plan()`:
- On success, it calls `result_with_junit_xml(result, junit_xml, plan_steps=test_config.steps)` (from `junit.py`) to write the file and attach the `junit_xml` path to the result.
- On a refusal before the run starts (e.g., a `ConfigError`), it calls `write_refusal_junit_xml(junit_xml, ...)` so the artifact still exists even for a run that never executed.

`run_plan` is itself invoked from `src/agentic_hil/cli.py` (`run_test_reactor`), which passes through the `--junit-xml` CLI argument (defined around `cli.py:490`).",True,True,True,src/agentic_hil/junit.py,True,"The answer names src/agentic_hil/junit.py and both expected symbols, write_junit_xml and junit_xml_document, with accurate extra detail about call sites.",0.04184,0.03454,0.0073,0.03454,,locate,false,S,agentic_hil,1139248,49
agentic_hil_q34,indexed,17666,598,0,0,2,False,end_turn,,10.874,2026-09-15T20:22:03Z,"## Answer

The `SymbolComparator` class (`src/agentic_hil/test_reactor.py:2147-2192`), which is what a `read_symbol` plan step's `comparator` argument builds into, supports **three claims** over the integer that `debug_symbol_value` decodes:

1. **`equals`** — the symbol's value must equal one specific value.
2. **`range`** — the symbol's value must fall within inclusive `min`/`max` bounds.
3. **`mask`** (used alongside `equals`) — a claim about specific bits: `(value & mask) == equals`, letting a plan assert one flag of a status word without stating the rest of it.

The **`signed`** flag selects which of the two integer readings `debug_symbol_value` returns (`value_unsigned` or `value_signed`) the claim is judged against — since the same bytes are honestly both, and they disagree above the top bit. This is exposed via the `reading` property, which returns `""value_signed""` if `signed` is true, else `""value_unsigned""`. Note that `signed` has no meaning for a `mask` claim and is refused alongside it by the schema, since a mask selects bits while a sign is a reading of the whole width.

**Source:** `src/agentic_hil/test_reactor.py` — `SymbolComparator` class (lines ~2147-2192), used by `DebuggerRunner._read_symbol` / `_judge_symbol` (lines ~2264-2336).",True,True,True,src/agentic_hil/test_reactor.py,True,"It names SymbolComparator in test_reactor.py, the three equals/range/mask claims, and signed selecting value_signed vs value_unsigned, matching expectations despite not naming masked_value.",0.053442,0.041312,0.01213,0.041312,,trace,true,S,agentic_hil,1139248,49
agentic_hil_q08,agentic,56462,1282,0,0,7,False,end_turn,,20.777,2026-09-15T20:22:18Z,"Based on this, I have enough to answer.

## Answer

The module is **`src/agentic_hil/bench.py`**, via its **`BenchMutex`** class.

- **Arbitration**: `BenchMutex` is the machine-wide advisory mutex for a physical device/bench (keyed by resource id such as `physical:`, `probe:`, `com:`, `can:` — see `PHYSICAL_RESOURCE_PREFIXES`). It arbitrates exclusive access via OS-level advisory file locks under `~/.agentic-hil/device-locks` (crash-safe because the OS drops the lock when the holding process dies), with a companion `<digest>.holder.json` record describing the holder for diagnostics.

- **What it hands the caller**: `BenchMutex.acquire(resources, ...)` is all-or-nothing and returns a `list[str]` of the resource names it *newly* took (already-held ones contribute nothing); if a device is unavailable it raises `DeviceBusyError` naming the current holder instead of silently waiting. There's also `acquire_named` (returns `bool`) for locking a single non-device pseudo-resource the same way.

- Higher up, `generation_locks()` in `src/agentic_hil/tools.py` is a context manager that constructs a `BenchMutex()` and yields it to the caller (as `generation_bench`), releasing all held resources (`release_all()`) on exit — i.e. the thing ""handed"" to a caller acquiring a bench-lock context is the `BenchMutex` instance itself, and calling `.acquire(...)` on it hands back the list of resource names actually acquired.",False,False,False,,False,"The answer names bench.py/BenchMutex returning a list of resource names, not coordination.py's HardwareCoordinator handing back a HardwareLease; wrong file and symbols.",0.133639,0.125744,0.007895,0.125744,,locate,false,S,agentic_hil,1139248,49
agentic_hil_q06,indexed,14401,1008,0,0,2,False,end_turn,,13.294,2026-09-15T20:22:42Z,"## Answer

Secrets are masked out of captured process (stdout/stderr) output in **`src/agentic_hil/redact.py`**, primarily via:

- **`redact_stream_text(text)`** (redact.py:218-230) — the core function that masks credential-shaped spans (URL userinfo passwords, `Authorization: Bearer` headers, `token=`-style assignments, etc.) inside one captured stream string. It first runs `_mask_url_userinfo` (a deterministic scan for `scheme://user:secret@...` patterns), then applies a series of regex patterns (`_CONTENT_PATTERNS`) to redact other credential shapes, replacing matches with `_REDACTION_MARKER` while leaving everything else byte-for-byte intact.

- **`redact_sensitive(value)`** (redact.py:233-240) — the entry point that recursively walks a dict/list document, dispatching each member via `_redact_member` (redact.py:243-250). This checks the key name: if it matches `_SENSITIVE_KEY_PATTERN` (e.g. `token`, `password`, `api_key`), the whole value is replaced with the redaction marker; if the key is in `_STREAM_KEYS` (i.e., it's a captured stdout/stderr stream), it's passed to `_redact_stream_member` → `redact_stream_text` for content-scanning instead of wholesale replacement.

- **`_redact_stream_member(value)`** (redact.py:253-260) handles the stream case, applying `redact_stream_text` whether the stream is stored as one blob or a list of lines.

This machinery is invoked before output leaves the server at multiple sinks:
- **`cli.py`**'s `print_json` (cli.py:5658-5675) calls `redact_sensitive` before dumping JSON to stdout, failing closed if redaction can't produce a document.
- **`runevidence.py`**'s `write_run_evidence` (runevidence.py:166-200) calls `redact_sensitive` on the report before deriving summaries, and additionally uses `_scrub`/`redact_stream_text` (runevidence.py:868-890) when embedding backend-written prose (e.g., `summary`, `route`, `action` fields) into the job/run summary documents, since `redact_sensitive`'s key-based pass alone doesn't content-scan those prose fields.

Note per the design commentary in `runevidence.py:37-67`: this content-scanning pass deliberately does **not** apply to the raw collected logs (copied byte-for-byte from the backend so they remain hash-chain-verifiable) — only to the two human-facing summary documents and to reports passed through `redact_sensitive`/`print_json`.",True,True,True,src/agentic_hil/redact.py,True,"The answer names the expected file src/agentic_hil/redact.py and both expected symbols, redact_sensitive and redact_stream_text, with accurate supporting detail on call sites.",0.048477,0.038882,0.009595,0.038882,,locate,false,S,agentic_hil,1139248,49
agentic_hil_q23,agentic,91326,2911,0,0,6,False,end_turn,,36.565,2026-09-15T20:22:58Z,"I now have enough detail to answer thoroughly.

## The path from a plan run to reviewer evidence

**1. The run produces a report.** `agentic-hil test_reactor_run` (contract in `src/agentic_hil/contracts.py`, execution in `src/agentic_hil/runlifecycle.py`/`test_reactor.py`) executes the declarative plan (`.agentic-hil/testconfig.yaml`) step by step and writes a JSON run report, plus per-device JSONL event logs (serial/CAN sessions, debugger invocations) each carrying its own `log_path`.

**2. `agentic-hil run-evidence` turns that report into reviewer-facing artifacts.** This is implemented in `src/agentic_hil/runevidence.py`, in `write_run_evidence`, which is the single code path used by a GitHub job, a GitLab job, and an operator at a shell (per the module docstring and `docs/github-action-design.md`). It produces three things a PR/job page shows:
- `run-summary.json` — built by `run_summary()`, a small allow-listed set of blocks (`plan`, `firmware`, `tools`, `bench`, `run`), each field copied by name, never by passing the whole report through.
- `job-summary.md` — built by `job_summary()`, the Markdown a reviewer actually reads (steps table, failure section, bench section, recovery section), and also appended to `GITHUB_STEP_SUMMARY` via `_append_step_summary()` so it shows on the job's summary page linked from the PR check.
- copied event logs — `collect_logs()` copies only the workspace log files the report itself names via `log_path`, byte-for-byte (not derived), so they can be checked against the hash-chained copies kept under `state_root` on the runner.

**3. `outcome`** (`success`/`failure`/`refused`, from `run_outcome()`) is what a reviewer/`if: always()` step reasons about, deliberately decoupled from whether evidence-writing itself succeeded.

## What stops secrets/identities from leaking into that evidence

Several independent, layered mechanisms, documented at the top of `runevidence.py`:

1. **Allow-list construction, not pass-through.** `run_summary()` and `job_summary()` copy only named fields (e.g., `plan.path/name/sha256`, `firmware.repository/commit/ref`) rather than forwarding the raw report, so an unanticipated field in the report can't leak by omission of a check.

2. **`redact_sensitive()` as a shared, fail-closed gate.** In `write_run_evidence`, the report is passed through `redact_sensitive` (from `src/agentic_hil/redact.py`) *before* anything else is built from it — the same function used by every other output sink (`print_json`, `emit_result`, `mcp.py`, `comstdio.py`, `coordination.py`). It masks values under secret-named keys (`token`, `password`, `api_key`, `authkey`, etc., via `_SENSITIVE_KEY_PATTERN`) and content-scans captured stream text for shapes like `scheme://user:secret@host` and `KEY=value` assignments (`redact_stream_text`). If redaction doesn't return a dict, the whole call **fails closed**: `_redaction_refusal()` writes a refusal bundle (`REDACTION_UNAVAILABLE_ERROR`) containing *no* field of the original report — not even `outcome` — rather than risk publishing an unvetted report.

3. **A second, prose-aware sweep for identities that aren't secret-shaped.** `redact_sensitive`/`redact_stream_text` deliberately avoid scanning free-text prose (to not eat a diagnosis in a terminal), but the evidence bundle *is* prose-heavy (step summaries, failure sentences). So `excluded_values()` walks the redacted report and collects every string that is an identity by field name (`IDENTITY_FIELDS`: `executable`, `executable_path`, `probe_id`; `LOCK_KEY_FIELDS`: `declared_devices`, `lock_key`, `resource`, etc.) or is an absolute path outside the workspace (`_within_workspace`/`_is_absolute`). Every string destined for either document is then run through `_scrubbed`/`_scrub`/`text()` helpers in `job_summary`/`run_summary`, replacing any occurrence of those values with `[withheld]`, plus a regex (`ABSOLUTE_PATH`) that catches path-shaped substrings even inside a sentence.

4. **Logs are the one exception, by design, and it's contained.** Event logs are copied verbatim rather than redacted, because they must match the hash-chained on-runner copy to be trustworthy — but only logs the run's own report names via `log_path` inside the workspace are copied (`collect_logs`); anything named by an absolute path outside the workspace is counted but never copied (`logs_outside_workspace`), so a foreign machine's paths/identities aren't collected. If a backend printed a secret into its own log, that's a bug in the backend/log writer, not something `run-evidence` silently patches over.

5. **Nothing invented.** Fields absent from the environment/report (e.g., no CI vars, no debugger version) are simply omitted rather than filled with placeholders, so the evidence never has fabricated-looking data that could mask a redaction gap.

So the chain is: plan run → JSON report + JSONL logs → `run-evidence` (allow-listed summary construction + `redact_sensitive` fail-closed gate + identity/path sweep over every emitted string + workspace-bounded, verbatim log copy) → `run-summary.json` / `job-summary.md` (posted to the job summary / readable by the PR reviewer) with no probe serials, device paths, executable paths, foreign absolute paths, lock keys, or credential-shaped values.",True,True,True,src/agentic_hil/runevidence.py;src/agentic_hil/redact.py,True,"The answer identifies runevidence.py (write_run_evidence, job_summary) and redact.py (redact_sensitive) as the evidence path and secret-blocking gate, matching expected files and symbols with accurate detail.",0.227207,0.211762,0.015445,0.211762,,multi_hop,false,S,agentic_hil,1139248,49
agentic_hil_q10,indexed,8444,379,0,0,2,False,end_turn,,6.711,2026-09-15T20:23:38Z,"When both `image_path` and `artifact_id` are present, `AgenticHILToolService.flash_firmware` rejects the call outright.

In `src/agentic_hil/tools.py:274-310`, after checking flash permission, it does:

```python
image_path = payload.get(""image_path"")
artifact_id = payload.get(""artifact_id"")
if bool(image_path) == bool(artifact_id):
    return tool_error(""flash_firmware"", ""invalid_argument"", ""Provide exactly one of image_path or artifact_id."")
```

Since `bool(image_path) == bool(artifact_id)` is `True` when both are truthy (as well as when both are missing), it returns an `invalid_argument` tool error with the message ""Provide exactly one of image_path or artifact_id."" — it never proceeds to validate/stage/flash an artifact in that case.",True,True,True,src/agentic_hil/tools.py,True,"The answer correctly identifies src/agentic_hil/tools.py, flash_firmware, and the tool_error invalid_argument rejection when both image_path and artifact_id are supplied (mutually exclusive check).",0.027513,0.020678,0.006835,0.020678,,trace,false,S,agentic_hil,1139248,49
agentic_hil_q39,agentic,421783,3772,0,0,15,True,tool_use,,50.561,2026-09-15T20:23:47Z,This is enough to answer comprehensively.,False,False,False,,False,"The candidate answer provides no actual content, identifying no files, symbols, or behaviour, and thus fails to answer the question at all.",0.886376,0.881286,0.00509,0.881286,,multi_hop,false,S,agentic_hil,1139248,49
agentic_hil_q12,indexed_topk3,22015,1491,0,0,4,False,end_turn,,22.474,2026-09-15T20:24:41Z,"## `listen_only_send_refusal` — behavior for a non‑listen‑only bus

Defined in `src/agentic_hil/can.py` (function `listen_only_send_refusal`, lines ~874‑921):

```python
if not bus_config.listen_only:
    return None
```

So for a `CanBusConfig` whose `listen_only` flag is `False` (i.e. the bus is *not* configured listen‑only), the function returns **`None`**, and the docstring is explicit about the intent: *""Returns `None` for a bus that never made the claim, so the caller's ordinary path is untouched.""* Callers (e.g. `can_send`, and the broker's per‑participant send path in `src/agentic_hil/canbroker.py`) treat `None` as ""no refusal"" and fall through to the normal permission/adapter logic. Only when `bus_config.listen_only` is `True` does it build and return the `can_listen_only_mode` (`LISTEN_ONLY_MODE_ERROR`) refusal dict.

## Why the gate lives at the tool layer, not per adapter

The docstring in `src/agentic_hil/can.py` gives the reasoning directly:

1. **It's a bus-entry property, not an adapter property.** `listen_only` is set on `can_buses.<name>` config, so the answer must be identical regardless of which driver (PEAK, SocketCAN, process bridge) backs that bus — ""the flag cannot mean three things."" Only the layer holding the `CanBusConfig` can enforce one consistent meaning across all adapters.

2. **It must refuse *before* a driver is ever called.** The layer with the config in hand can reject the send prior to touching a driver; a refusal produced inside an adapter would already have handed the frame to hardware — too late, since the claim is that nothing gets sent at all.

3. **Adapters cannot be trusted to enforce it themselves.** The docstring cites a concrete case: python-can 4.6.1's `PcanBus.send()` never reads bus state — it just builds a `TPCANMsg` and calls `PCANBasic.Write()`, only raising on a bad driver return code. A PASSIVE (listen-only) PEAK channel's transmit is silently accepted and reported as sent, with no frame actually on the wire. This behavior is pinned by `test_can_listen_only.py` against the installed library. Since the adapter layer cannot be relied on to fail the send, the refusal has to happen one layer up, at the tool, before any adapter's `send` is invoked.

4. **This also explains ordering vs. permissions**: per `LISTEN_ONLY_MODE_ERROR`'s remedy text in `src/agentic_hil/knowledge.py` and the comment in `src/agentic_hil/test_reactor.py`, mode is checked *before* `permissions.allow_write`, since `listen_only` is a bus-medium fact, not a caller permission — ""a bus is not made transmit-capable by granting a permission on it.""

This single gate is reused consistently: directly by the `can_send` tool, by `test_reactor.py` for plan preflight (as `LISTEN_ONLY_MODE_ERROR`), and by `canbroker.py`'s per-participant send path (which calls the same `listen_only_send_refusal` and just restates the result in the broker's own field vocabulary), so the refusal is identical ""through every route (the direct tool, a test plan's `can_send` step, a broker participant).""",True,True,True,src/agentic_hil/can.py,True,"Identifies can.py's listen_only_send_refusal returning None for non-listen-only buses and correctly explains the config-level, adapter-agnostic rationale; omitting effective_can_adapter by name is minor.",0.07417,0.05894,0.01523,0.05894,,trace,false,S,agentic_hil,1139248,49
agentic_hil_q28,indexed_topk3,17034,711,0,0,3,False,end_turn,,16.378,2026-09-15T20:25:09Z,"## Answer

The reactor is the **`TestReactor`** class in `src/agentic_hil/test_reactor.py`.

Its `run()` method walks a `TestConfig`'s steps and drives each one, delegating per-step execution to `TestReactor.execute_step` (test_reactor.py:2905-2914), which resolves the step to the named device (via `self.step_device(step)`, itself backed by `StepDevice` subclasses like `DebuggerRunner`) and calls `device.execute(step)`. Iteration over the whole (possibly nested) step list is handled by `TestReactor.execute_steps` (test_reactor.py:2917 onward), which stops at the first failure or stop request, and by the helper `flatten_steps` (test_reactor.py:2779-2789) used elsewhere to walk a block step's nested subset.

`TestReactor` is instantiated and driven from `run_registered_plan` in `src/agentic_hil/reactorrun.py` (`reactor = TestReactor(...); result = reactor.run(test_config)`), which is the entry point that locks the plan's declared devices (via `plan_devices`, test_reactor.py:3372) before handing control to the reactor.",True,True,True,src/agentic_hil/test_reactor.py,True,"The answer names the correct file src/agentic_hil/test_reactor.py and the TestReactor class plus StepDevice and step handling, matching the expected location and behaviour.",0.048233,0.041178,0.007055,0.041178,,locate,false,S,agentic_hil,1139248,49
agentic_hil_q35,indexed_topk3,53563,1369,0,0,7,False,end_turn,,25.704,2026-09-15T20:25:28Z,"`BenchMutex.acquire` (in `src/agentic_hil/bench.py`) treats the whole batch of device keys as **all-or-nothing**: if one of the requested keys is already held elsewhere, it fails atomically and gives back everything it had already taken.

Concretely, `acquire` (bench.py ~371-397):

```python
deadline = time.monotonic() + validated_wait(wait_s)
with self._guard:
    taken: list[str] = []
    try:
        for resource in wanted:
            if self._take(resource, deadline, stop_requested):
                taken.append(resource)
    except BaseException:
        for resource in reversed(taken):
            self._drop(resource)
        raise
    return taken
```

It walks the requested keys in order, calling the private `_take` helper for each. `_take` (bench.py ~509-550) tries to grab the OS file lock for that resource; if the lock is already held by another process/run and the wait deadline (default `wait_s=0`) has passed, it raises `DeviceBusyError`, populated via `busy_result(...)` with the identity of the current holder (resource, holder, held_since, heartbeat info, etc.) — i.e. it names who's holding it, rather than blocking silently.

Back in `acquire`, that exception propagates out of the `for` loop, is caught by the `except BaseException` clause, and everything already appended to `taken` (i.e., every device successfully locked earlier in this same call) is released via `self._drop(resource)`, in reverse order, before the `DeviceBusyError` is re-raised.

So the effect for a multi-device request: as soon as one requested device is found busy, the whole acquisition is aborted, any devices from the same call that were already locked are unwound/released, and a `DeviceBusyError` naming the busy resource/holder is raised — the caller never ends up holding a partial set. This all-or-nothing behavior is explicitly called out in the docstrings of `DeviceSet.acquire` and `Device.acquire` in `src/agentic_hil/devices.py`, which rely on this same guarantee.",True,True,True,src/agentic_hil/bench.py,True,"Answer correctly identifies bench.py's BenchMutex.acquire all-or-nothing behavior via _take, DeviceBusyError, validated_wait, and rollback of already-acquired locks, matching expected files and symbols.",0.129886,0.120816,0.00907,0.120816,,trace,true,S,agentic_hil,1139248,49
agentic_hil_q15,indexed_topk3,31766,1662,0,0,5,False,end_turn,,27.418,2026-09-15T20:25:57Z,"## `terminate_process_tree` on POSIX

Implementation: `src/agentic_hil/process.py`, `terminate_process_tree` → `_terminate_process_tree`.

**Stopping the children**

1. It first resolves the child's process group via `_child_process_group(child)` (using a stored `_agentic_hil_pgid`, `child.pid` if already exited, or `os.getpgid(child.pid)`).
2. If there's no distinct group (group is `None` or equals this process's own group, `os.getpgrp()`), it just terminates the single child via `_terminate_single_child` (SIGTERM then SIGKILL with `Popen.terminate`/`kill`) and returns — there's no separate tree to kill.
3. Otherwise, for a real child process group it loops over `signal.SIGTERM` then `signal.SIGKILL`, sending each to the whole group with `_signal_process_group(pgid, sig)` (which uses `os.killpg(pgid, sig)`), and after each signal calls `_wait_for_process_group(child, pgid, timeout_s)` to poll (every 20ms up to the timeout) until the leader has exited **and** the group is empty.
4. If the group survives both signals, it falls back to `_terminate_single_child` on the leader and then raises `RuntimeError(""Process group remained active after SIGKILL."")` if the group still exists; otherwise it forgets the record (`_forget_process`) and returns successfully.
5. Delivery failures from `killpg` (e.g., `PermissionError`/other `OSError`) are not treated as fatal by themselves — `_signal_process_group` returns `False` in that case, but termination only raises if the group *also* still shows a member after the wait. This is because on Darwin, `killpg` can return `EPERM` (not `ESRCH`) when the group still exists but its only remaining members are zombies (which its group iterator skips), so a ""delivery failed"" result can simply mean the group is already gone.

**Deciding the group is actually gone**

This is done by `_process_group_exists(pgid)` (called from `_wait_for_process_group` and after the final SIGKILL fallback):

- It calls `os.killpg(pgid, 0)` (a signal-0 ""probe"", not an actual signal).
  - `ProcessLookupError` → group is empty → not existing (`False`).
  - `PermissionError` → treated as ""still there"" (`True`), since EPERM means the kernel found a member it can't signal.
  - No error → the kernel says the group has *a* member, but that counts zombies too. In that case it calls `_running_process_group_members(pgid)`:
    - If `/proc` is readable (and lists this process), it walks `/proc/<pid>/stat` for every pid in the group, filters out zombie/dead states (`Z`/`X`) — reaping any zombie it itself parented via `os.waitpid(..., WNOHANG)` — and returns the list of genuinely running pids.
    - If there's no readable `/proc` table, it returns `None`, and `_process_group_exists` then just trusts the kernel's answer (treats the group as existing).
  - `_process_group_exists` returns `True` only if there's an actual non-zombie member left (or `/proc` couldn't be consulted); otherwise `False`.

So ""the group is gone"" means: `killpg(pgid, 0)` raises `ProcessLookupError`, or on Linux-like `/proc` hosts, no non-zombie process remains in that group (zombies alone don't count as ""still there"", since they run nothing and hold no ports/resources, and orphaned zombies adopted by this process are actively reaped).",True,True,True,src/agentic_hil/process.py,True,"The answer names the correct file and primary symbols (terminate_process_tree/_terminate_process_tree/_signal_process_group) and accurately describes SIGTERM-then-SIGKILL to the process group with killpg(pgid,0) liveness probing.",0.094387,0.080152,0.014235,0.080152,,trace,false,S,agentic_hil,1139248,49
agentic_hil_q04,indexed_topk3,6186,411,0,0,2,False,end_turn,,7.909,2026-09-15T20:26:28Z,"The module is `src/agentic_hil/mcp.py`.

Its function `handle_single_mcp_message` (called from the top-level `handle_mcp_message` dispatcher) parses each JSON-RPC message and calls `handle_method`, which in turn dispatches methods like `tools/call` (via `call_tool`), `tools/list`, `resources/*`, `prompts/*`, etc. against the `AgenticHILToolService` instance passed in.

This is invoked by the stdio transport in `src/agentic_hil/stdio.py` (`run_stdio_server`), which reads raw lines from the input stream and passes each parsed message to the `mcp.py` dispatcher along with the `AgenticHILToolService`/`UnprovisionedToolService` instance.",True,True,True,src/agentic_hil/mcp.py,True,"The answer names the expected module src/agentic_hil/mcp.py and the key symbols handle_mcp_message, handle_method, and call_tool, with accurate extra detail about the stdio transport.",0.023022,0.016482,0.00654,0.016482,,locate,false,S,agentic_hil,1139248,49
agentic_hil_q33,indexed_topk3,3748,354,0,0,2,False,end_turn,,6.863,2026-09-15T20:26:39Z,"`read_intel_hex_file` (in `src/agentic_hil/gdbmi.py`) returns `None` in both cases:

- **Incomplete coverage (a hole in the window):** the function tracks which byte positions have been written via the `covered` bytearray. After processing all records, if not every byte in `[start_address, start_address+size_bytes)` was covered, it returns `None` rather than a partial result.
- **Conflicting writes to the same address:** for each data-record byte, it checks `if covered[position] and window[position] != value: return None` — i.e., if an address inside the window is written more than once with different values, it immediately returns `None`.

As the docstring states, the function is deliberately designed to ""Never [give] a partial answer"" — any malformed record, failed checksum, unhandled record type, double-write with differing values, or a hole in the requested window all result in `None`, and the caller treats this as a failed read.",True,True,True,src/agentic_hil/gdbmi.py,True,"The answer correctly names read_intel_hex_file in src/agentic_hil/gdbmi.py and states it returns None for incomplete window coverage and conflicting duplicate writes, matching expected behaviour.",0.018001,0.011036,0.006965,0.011036,,trace,true,S,agentic_hil,1139248,49
agentic_hil_q25,indexed_topk3,31360,1525,0,0,4,False,end_turn,,26.819,2026-09-15T20:26:49Z,"## Answer

The report an agent reads back proves the audit log wasn't tampered with by embedding a **hash-chain digest of a trusted, agent-inaccessible canonical copy** of the log, plus a check that the (untrusted) workspace-visible log is still a prefix-consistent subsequence of that canonical copy.

**Mechanism** (all in `src/agentic_hil/report.py`):

1. **Dual-write with a trusted canonical ledger.** Every audit event is written to two places: the untrusted workspace log the agent/tools can see, and a canonical copy under `state_root/audit-logs/` (`canonical_audit_log_path`). The canonical copy is written *first* — if it fails, the whole audit write fails (`append_jsonl`), so nothing is ever claimed as recorded without the trusted copy landing.

2. **Hash chain over appends.** `append_canonical_audit_log` maintains a rolling SHA-256 chain: each new line's digest is `sha256(previous_chain_digest + new_text)`, stored in a `.digest` sidecar file alongside a monotonic `sequence` counter and expected byte length (`_GENESIS_DIGEST` is the all-zero starting value). `write_audit_log` does the equivalent for full-file rewrites (e.g., GDB session snapshots), hashing the whole content.

3. **Self-consistency check on every append.** Before extending the chain, `append_canonical_audit_log` compares the canonical file's actual byte size to the size recorded in the sidecar; if they disagree, it raises `ConfigError(""coordination_state_invalid"", ...)` rather than extending a chain that no longer matches the file on disk — i.e., it fails closed instead of silently accepting a corrupted ledger.

4. **Evidence attached to the report.** `canonical_audit_evidence(config, log_path)` reads the sidecar and the canonical bytes and returns:
   - `canonical_log_name`, `log_sequence`, `log_chain_sha256` — the trusted chain digest and position, and
   - `workspace_log_verified` — the result of `_is_ordered_subsequence(canonical_lines, workspace_lines)`, which checks that every line in the trusted canonical log still appears, in order, in the workspace-visible log (extra passive lines are tolerated, but deletion/alteration of any recorded effect fails this check).

5. **Attachment to the returned result.** `attach_canonical_audit_evidence(config, result)` resolves the report's `log_path`, calls `canonical_audit_evidence`, and merges the evidence into the JSON result under the `canonical_audit` key whenever a canonical log is present — this is what the agent actually reads back.

So the proof the agent sees is not a claim about the workspace log itself but a chain digest/sequence from a separately-stored, lock-protected trusted ledger (`report.py`'s `_canonical_sidecar_path`/`_read_canonical_sidecar`, guarded by `safe_file_lock`), plus an explicit boolean (`workspace_log_verified`) stating whether the log the agent can see still matches that trusted chain.",True,False,True,src/agentic_hil/report.py,True,"Answer names all three expected symbols and correctly describes the canonical hash-chain evidence attached to reports, despite attributing attach_canonical_audit_evidence to report.py instead of tools.py.",0.09211,0.07797,0.01414,0.07797,,multi_hop,false,S,agentic_hil,1139248,49
agentic_hil_q16,indexed_topk3,12307,1731,0,0,3,False,end_turn,,20.478,2026-09-15T20:27:19Z,"## `HardwareLease.quarantine` vs `HardwareLease.release`

Both are defined on the `HardwareLease` class in `src/agentic_hil/coordination.py` (lines ~452–490) and simply delegate to matching methods on the owning `HardwareCoordinator`.

### `quarantine(reason, error=None, *, audit_broken=False)`
```python
def quarantine(self, reason: str, error: object | None = None, *, audit_broken: bool = False) -> None:
    self.coordinator.quarantine_lease(self, reason, error, audit_broken=audit_broken)
```
This calls `HardwareCoordinator.quarantine_lease` → `_quarantine_registered_lease` (`coordination.py:2249-2286`). Its effect:
- Marks the lease as broken: sets `lease.state = ""cleanup_required""`, assigns/reuses a `quarantine_id` (a fresh incident id if none exists yet), and unions the lease's resources into `self.incident_resources`.
- Marks `lease.audit_ok = lease.audit_ok and not audit_broken`, and if `audit_broken` is true, flags `self.audit_incident` at the coordinator level.
- Appends a structured error record (`reason`, `time`, `quarantine_id`, and optional `error_type`/`summary`) to `lease.errors`, deduplicated by reason+summary.
- Sets `self.blocked = True` for the coordinator/project (i.e., the whole project is now considered blocked, not just this lease).
- Persists the lease and, if the incident's resource set grew, re-persists all other quarantined/cleanup-required leases so their markers stay consistent, then persists the project state as `""cleanup_required""`.

In short, `quarantine` is a **fail-closed, incident-opening** operation: it records that something went wrong, locks the affected resources (and effectively the whole project) into a ""needs manual/explicit recovery"" state, and durably logs the reason/error — it does **not** give back any locks or resources.

### `release(*, safe_state_confirmed=True, processes_reaped=True, audit_ok=True)`
```python
def release(self, *, safe_state_confirmed: bool = True, processes_reaped: bool = True, audit_ok: bool = True) -> bool:
    return self.coordinator.release_lease(
        self, safe_state_confirmed=safe_state_confirmed,
        processes_reaped=processes_reaped, audit_ok=audit_ok,
    )
```
This calls `HardwareCoordinator.release_lease` (`coordination.py:990-1030`). Its effect:
- Only proceeds if the lease is `active` (or in a specific retryable `cleanup_required` state per `_release_retryable`).
- Records the confirmation flags on the lease.
- **If any of `safe_state_confirmed`, `processes_reaped`, or `audit_ok` (accumulated) is false**, it does *not* release — instead it calls `_quarantine_registered_lease` with an appropriate reason (`safe_state_unconfirmed`, `process_reap_unconfirmed`, or `audit_broken`) and returns `False`. So an unconfirmed release turns into a quarantine.
- If all confirmations are true, it actually performs the release: sets `lease.state = ""releasing""`, persists the lease as `""released""`, computes whether the project remains blocked (due to other still-quarantined leases or residual incident resources), and updates the project's persisted state accordingly (clearing the incident for this lease's resources if nothing else keeps it blocked).
- Returns `True` on a confirmed, successful release; `False` if the lease was invalid/stale, not in a releasable state, or if it had to quarantine due to unconfirmed state.

### Key difference
- **`release`** is the normal, successful hand-back path: it gives up the lease's locks/resources and clears them from the incident set (assuming nothing else is blocking), returning a boolean success indicator. It only quarantines as a fallback when confirmation flags indicate the release wasn't safe.
- **`quarantine`** is an explicit failure/incident path: it never frees resources — instead it marks the lease and project as blocked, records the fault details and a `quarantine_id`, and requires separate recovery (not just calling release again) to clear the incident. It's called directly by other code (e.g., `tools.py`) or internally by `release_lease` itself when release-time confirmations fail.",True,True,True,src/agentic_hil/coordination.py,True,"The answer names the correct file and both HardwareLease methods, accurately contrasting quarantine's fail-closed incident marking with release's normal resource hand-back and quarantine fallback.",0.055784,0.041924,0.01386,0.041924,,trace,false,S,agentic_hil,1139248,49
agentic_hil_q27,indexed_topk3,23706,1043,0,0,4,False,end_turn,,19.328,2026-09-15T20:27:43Z,"The machine-wide mutex is implemented in **`src/agentic_hil/bench.py`**, in the `BenchMutex` class (backed by `_LifetimeLock`, which uses `fcntl.flock` on POSIX and `msvcrt.locking` on Windows over an on-disk lock file per resource key).

Key details:
- `BenchMutex` (`src/agentic_hil/bench.py`) is the single class responsible for taking out per-resource, machine-wide locks. Its `acquire`/`acquire_named`/`release_all` methods are, per the module docstring in `src/agentic_hil/devices.py`, ""the only way a device is taken.""
- The thing being locked is identified by a `lock_key`/`lock_keys` string such as `physical:<resource_id>`, `probe:<serial>`, `probe-exe:<executable>`, `com:serial:<serial_number>`, `com:<device>`, or `can:<adapter>:<channel>` — see the table in `src/agentic_hil/knowledge.py` (~line 4553) and the `Device`/`DeviceSet` classes in `src/agentic_hil/devices.py`, which compute these keys from hardware identity (never from the config entry's name), so two config entries naming the same physical unit collapse to one lock.
- `Device.acquire` / `DeviceSet.acquire` in `src/agentic_hil/devices.py` wrap `BenchMutex` to acquire a whole declared device set atomically, in a fixed order, all-or-nothing.
- Callers such as `debugger_resource`, `com_resource`, `can_resource` in `src/agentic_hil/coordination.py` and `CanBroker.take_bus` in `src/agentic_hil/canbroker.py` (and CLI code in `src/agentic_hil/cli.py`) go through `BenchMutex` to serialize access across processes/runs on the same machine.

Note: this mutex only covers accesses that go through the AgenticHIL tooling itself — as noted in `src/agentic_hil/comports.py`, it does not prevent a foreign process (e.g., an external serial monitor) from opening the same port; that's handled separately by opening the serial port with OS-level exclusive access (`serial_handle.exclusive = True`).",True,True,True,src/agentic_hil/bench.py,True,"The answer names the correct file (src/agentic_hil/bench.py) and primary symbol BenchMutex, with accurate detail about per-resource file locks, despite not mentioning DeviceBusyError or device_lock_root.",0.068557,0.057842,0.010715,0.057842,,locate,true,S,agentic_hil,1139248,49
agentic_hil_q39,indexed_topk3,111578,5595,0,0,6,False,end_turn,,77.483,2026-09-15T20:28:05Z,"## The path from plan file to a GDB breakpoint

**1. Plan text → schema-checked step.** A step naming a symbol appears as `run_until_breakpoint` with a `location` (a bare symbol string, or `{symbol: ...}`/`{function: ...}`, or `{file, line}`). Before any step runs, `validate_test_config_schema` / `validate_test_steps_schema` in `src/agentic_hil/test_reactor.py` validate the whole plan against the bundled JSON Schema (`runUntilBreakpoint` `$defs` entry) — a malformed step is refused here, before hardware is touched.

**2. Routing.** `DebuggerRunner` (`src/agentic_hil/test_reactor.py`, class starting ~line 2211) is the `StepDevice` that claims `run_until_breakpoint`; it's one of the `debug_session_actions`.

**3. Preflight (first refusal layer, no device opened yet).** `DebuggerRunner.preflight_step`/related classmethod (`test_reactor.py:2518-2551`) runs for every step before execution starts:
- Refuses if `permissions.allow_debug_execution` is false for that debugger (`permission_preflight_error`), because `_run_until_breakpoint` always resumes execution regardless of the step's own timeout.
- Extracts the symbol via `breakpoint_symbol(step.arguments.get(""location""))`.
- If no symbol was named (a file/line breakpoint) and `config.debug.allow_all_symbols` is false → refused (`preflight_error`, needs `allow_all_symbols`).
- If a symbol was named and `symbol_allowed(config, symbol)` is false (`test_reactor.py`, checks `config.debug.allow_all_symbols or symbol in config.debug.allowed_symbols`) → refused with ""Symbol is not allowed by the authoritative debug config.""

**4. Execution → MCP tool call.** If preflight passes, `DebuggerRunner._run_until_breakpoint_step` calls `_run_until_breakpoint(step.arguments)` (`test_reactor.py:2687`), which issues `self.service.call(""debug_set_breakpoint"", {""location"": ...})`.

**5. Backend-level re-validation (second refusal layer).** This dispatches to the active backend's `set_breakpoint` — e.g. `GdbDebugBackend.set_breakpoint` in `src/agentic_hil/backends/gdbdebug.py:407-439`, which independently re-checks everything before touching GDB:
- `_require_session(tool)` refuses with `session_not_active` (no live GDB session) or `resource_quarantined` (session awaiting cleanup).
- `normalize_breakpoint_location` (`gdbdebug.py:1807`) syntactically validates the location: a symbol/function must match `DEBUG_SYMBOL_PATTERN` (a legal C identifier) via `normalize_symbol_location`; a `{file, line}` pair must match `BREAKPOINT_FILE_PATTERN`, contain no `..`, and have a positive int line. Anything else → `invalid_argument`.
- If a symbol is present, `self._validate_symbol` re-checks it against `config.debug.allowed_symbols`/`allow_all_symbols` — the same rule preflight already applied, enforced again authoritatively at the point of actually reaching the target.
- If it's a file/line location and `allow_all_symbols` is false → `permission_denied`.

**6. The actual GDB insertion.** Only past all of that does it run `-break-insert <location>` via `self._gdb_command`. The response must contain a numeric `number` field to be trusted; a timeout or an ambiguous/unparsable acknowledgment causes the breakpoint to be recorded as ""provisional"" and the call reported as failed with `cleanup_required` rather than assumed successful.

**7. Scoped lifetime.** On success, `_run_until_breakpoint` then calls `debug_continue` and unconditionally `debug_clear_breakpoints` afterward, and can additionally fail with `unexpected_stop` if the target didn't stop at this exact breakpoint id — so even a successfully inserted breakpoint can end the step in failure if GDB's actual stop doesn't match what was set.

### What can refuse it, summarized
- Plan schema violation (shape of `location`).
- Missing `permissions.allow_debug_execution` on the debugger.
- Symbol not in `debug.allowed_symbols` (unless `debug.allow_all_symbols`), checked twice: once at plan preflight (`symbol_allowed`, `test_reactor.py`) and once again at the backend (`_validate_symbol`, `gdbdebug.py`).
- File/line breakpoints without `debug.allow_all_symbols`.
- Invalid symbol syntax (`DEBUG_SYMBOL_PATTERN`) or unsafe file path (`BREAKPOINT_FILE_PATTERN`).
- No active/healthy GDB session (`_require_session`).
- GDB timing out or answering without a parsable breakpoint number (treated as unconfirmed, not success).",True,True,True,src/agentic_hil/test_reactor.py;src/agentic_hil/backends/gdbdebug.py,True,"The answer identifies both expected files and all key symbols (breakpoint_symbol, symbol_allowed, set_breakpoint, normalize_breakpoint_location), correctly describing the path and the refusal points along it.",0.293561,0.279106,0.014455,0.279106,,multi_hop,false,S,agentic_hil,1139248,49
agentic_hil_q19,indexed_topk3,26255,1511,0,0,5,False,end_turn,,25.016,2026-09-15T20:29:26Z,"I have enough detail to answer comprehensively.

## How MCP `tools/call` results are stopped from leaking secrets

The MCP layer applies **defense-in-depth redaction** to every tool result before it is returned to the client, regardless of what the tool implementation itself did.

**Where it happens — `src/agentic_hil/mcp.py`, `call_tool()`:**
```python
result = tools.call(name, arguments)
# Defense-in-depth: strip any secret-named field before the result is
# serialized into the MCP content text and structuredContent. isError is
# computed from the raw result (redaction touches no success field).
safe_result = redact_sensitive(result)
return {""content"": [{""type"": ""text"", ""text"": tool_result_text(safe_result)}],
        ""structuredContent"": safe_result, ""isError"": not overall_success(result)}
```
The raw tool result (`result`) is run through `redact_sensitive()` and only the *redacted* copy (`safe_result`) is ever serialized into the response's `content` text or `structuredContent`. `isError` is still derived from the un-redacted `result`, so redaction can't accidentally flip success/failure status.

**The redaction itself — `src/agentic_hil/redact.py`:**
- `redact_sensitive(value)` recursively walks dicts/lists. For each dict entry it calls `_redact_member(key, item)`.
- `_redact_member` checks the key name: if it matches `_SENSITIVE_KEY_PATTERN` (secret-named fields, e.g. password/token/api-key style keys), the value is replaced outright with `_REDACTION_MARKER`.
- If the key is one of the `_STREAM_KEYS` (i.e., it holds captured process/stream output rather than a discrete field), it goes through `_redact_stream_member`, which calls `redact_stream_text()` on string content — masking credential-shaped substrings (e.g., `scheme://user:secret@...` URL userinfo via `_mask_url_userinfo`, plus other `_CONTENT_PATTERNS`) even when the secret is embedded inline in captured tool/error output rather than living under an obviously-named key.
- Otherwise the value is recursed into normally.

**Same mechanism is reused for CLI/error paths:** `_error_summary`/error rendering in `mcp.py` also runs error text through `redact_stream_text`, and `cli.py`'s `print_json` runs any JSON output through `redact_sensitive` as well (failing closed to a `redaction_unavailable` placeholder if the redacted value isn't a dict), showing this is a shared, mandatory choke point rather than something each tool has to remember to do.

So the guarantee is structural: no matter what a tool's `call()` implementation returns, `call_tool()` in `mcp.py` forces every result through `redact_sensitive` before constructing the JSON-RPC response, so a field named like a secret is replaced with a marker and secret-shaped text inside captured stream output is masked before it can reach the client.",True,True,True,src/agentic_hil/mcp.py;src/agentic_hil/redact.py,True,"The answer correctly identifies call_tool in mcp.py applying redact_sensitive from redact.py before serializing via tool_result_text, matching the expected files and symbols with accurate detail.",0.07791,0.06762,0.01029,0.06762,,multi_hop,false,S,agentic_hil,1139248,49
agentic_hil_q32,indexed_topk3,18060,905,0,0,4,False,end_turn,,16.993,2026-09-15T20:29:53Z,"## Answer

`read_elf_symbol` (implemented via the internal `_read_symbol` helper in `src/agentic_hil/elfsymbols.py`) distinguishes two kinds of failure for the same lookup:

- **Symbol present but `st_size == 0`** (e.g. a bare assembler label with no `.size` directive): it returns `{""ok"": False, ""reason"": ""no_size""}`.
- **Symbol name not present in the symbol table at all**: it returns `{""ok"": False, ""reason"": ""not_found""}`.

Both cases produce `ok: False`, but the `reason` differs because a defined-but-sized symbol found during the scan (tracked via the internal `defined` flag) sets `no_size`, while never encountering the name at all leaves `defined` false and yields `not_found`.

The docstring of `read_elf_symbol` explains the rationale: `ok` is only true for a symbol with a **non-zero recorded size**, because a zero-size symbol would otherwise be reported as a successful zero-byte read (misleading), so it's deliberately reported as `no_size` instead. The two reasons matter to callers because the remedy differs — `not_found` means ""add the symbol,"" while `no_size` means ""add the `.size` directive behind it"" (see the comment right above the `return {""ok"": False, ""reason"": ""no_size"" if defined else ""not_found""}` line, `src/agentic_hil/elfsymbols.py:141-144`).

This reason string is also surfaced by callers, e.g. `gdbdebug.py`'s symbol-resolution fallback includes `""symbol_table_lookup"": table[""reason""]` when the ELF-symbol-table fallback fails (`src/agentic_hil/backends/gdbdebug.py:1647`).",True,True,True,src/agentic_hil/elfsymbols.py,True,The answer names the correct file and symbols (read_elf_symbol/_read_symbol in elfsymbols.py) and accurately describes the 'no_size' vs 'not_found' reason distinction for zero-size versus absent symbols.,0.053755,0.04517,0.008585,0.04517,,trace,true,S,agentic_hil,1139248,49
agentic_hil_q24,indexed_topk3,69126,2812,0,0,6,False,end_turn,,42.61,2026-09-15T20:30:13Z,"## How a config edit gets picked up while the server is running

There is no automatic file-watching — a running server only ever ""sees"" what it parsed at startup (or at the last reload) until something explicitly asks it to re-read the file:

1. **Detecting staleness**: every call attaches a `config_status` block (built by `config_status()` in `src/agentic_hil/configstate.py`) that hashes the file on disk and compares it to `loaded_digest`. If they differ, `state: changed`/`config_stale: true` tells the caller the file no longer matches what's enforced — but this is only a report, not an act.

2. **Picking it up**: the tool `project_config_reload_description` (`PROJECT_CONFIG_RELOAD`) is dispatched in `src/agentic_hil/tools.py` to `Service.reload_description()`, which delegates to the real decision logic in `configreload.reload_description()` (`src/agentic_hil/configreload.py`). That function:
   - re-loads the file with `load_authoritative_config()` — the same authoritative-path/pinning/validation rules used at startup,
   - checks the resolved path hasn't moved to a different file (`_relocated_refusal`),
   - merges only the **device-description** sections — `target`, `debuggers`, `com_ports`, `can_buses` (the `RELOADED_SECTIONS`) — from the freshly read disk config into a new `AgenticHILConfig`, keeping every `permissions:` block byte-for-byte as it was parsed at startup (`revalidate_permission_dependent_pinning` re-checks anything permission-dependent),
   - returns the new config object.
   
   Back in `Service.reload_description()` (`src/agentic_hil/tools.py`), if a new config came back, it is installed with `self._swap_config(reloaded)`, and collaborators such as `ComPortService.reconfigure()` (`src/agentic_hil/comports.py`) then react to the swapped-in object (e.g., closing sessions whose port config disappeared).

Permissions, and every section outside those four, are never adopted this way — only a full server restart picks those up (documented in `knowledge.py`'s `RUNNING_SERVER_COMPARISON` and in `SKILL.md`).

## What refuses the reload during an open run

`configreload.reload_description()` checks two guards *before* touching the file:

- `open_holds` — computed by `Service.open_hardware_holds()` in `src/agentic_hil/tools.py`, which looks at `self.coordinator.run_status()` (a declared `bench_run_start` run) and `self.coordinator.leases` (any open COM/CAN/debug session lease). If either is non-empty, `reload_description()` returns `_open_run_refusal(existing, open_holds)` with `error_type` `config_reload_in_open_run` (`RELOAD_IN_OPEN_RUN_ERROR` in `configreload.py`).
- `quarantine` — computed by `Service._unresolved_incident()`, which checks `self.coordinator.incident_stands`. If an incident is still standing, the reload is refused via `_quarantine_refusal`.

The rationale, spelled out in the `_open_run_refusal` summary and the `config_reload_in_open_run` remedy entry in `src/agentic_hil/knowledge.py`, is that held device names (from a run, a COM/CAN session, or a debug session) are bound to specific physical boards by the current description; re-reading the description mid-hold could silently repoint one of those names at a different board. Nothing is read or written in that case — the caller is told to finish/stop the run or session (`bench_run_stop`, `com_session_stop`/`can_session_stop`, `debug_stop_session`) and retry.",True,True,True,src/agentic_hil/configreload.py;src/agentic_hil/configstate.py,True,"The answer names configreload.reload_description, _open_run_refusal, and configstate.config_status in the expected files, correctly describing the explicit reload tool and the open-run refusal behaviour.",0.177912,0.166372,0.01154,0.166372,,multi_hop,false,S,agentic_hil,1139248,49
agentic_hil_q38,indexed_topk3,42294,2653,0,0,5,False,end_turn,,35.6,2026-09-15T20:31:01Z,"## How `uart_expect` decides a match

`uart_expect` is implemented by `UartRunner._uart_expect` → `UartRunner._expect` in `src/agentic_hil/test_reactor.py`. Exactly one of `text`/`pattern` is present on the step (enforced by the `uartExpect` schema's `oneOf`), and `UartRunner._matcher` turns that into a boolean predicate over the *decoded* buffer so far:

- `text`: `lambda decoded, final: expected in decoded` (plain substring containment)
- `pattern`: `re.compile(expected).search` (unanchored regex search, compiled once per step)

`_expect` then calls the shared `UartRunner._read_until(timeout_s, expected, matcher)` (test_reactor.py:1783‑1841), which is the same loop `uart_read`'s comparator path (`_compare`) uses. Each pass issues one `com_read` for whatever time is left before the deadline, decodes the newly-arrived bytes with `decode_bytes`, appends them to a rolling `bytearray` window (sized to at least `UART_EXPECT_TAIL_BYTES` and 4×the expected text length so a match split across two reads is still caught), and re-runs the matcher against the whole decoded window — never against a single chunk, since a value split across two `com_read`s would otherwise never match. On the deadline's last pass `final=True` is passed so a value with no terminator can still be judged. `_expect` reports success (`ok: True`, `summary` from `UART_EXPECT_SUMMARIES`) once `matches` returns true, or a timeout failure (`uart_expect_timeout`) once the deadline passes without a match.

## Recovering the raw wire bytes

The receive loop keeps the *raw bytes* (`received: bytearray`) alongside the decoded text specifically so evidence can be sliced from bytes rather than reconstructed from the (possibly lossy, `errors=""replace""`) decoded string. This is captured in `UartReadOutcome` (test_reactor.py:400‑442):

- **On failure** (`uart_expect_timeout` or comparator-unmet), `_expect`/`_compare` include `outcome.tail_result`, which returns the last `UART_EXPECT_TAIL_BYTES` of the raw buffer as `received_tail` (via `data_result`, giving `{hex, text, encoding}`), plus a `_truncated` flag — i.e., ""what the port actually said,"" straight from the wire buffer.
- **On success**, for comparator-based matches (`_compare`/`StepComparator.matches`, test_reactor.py:307‑352) the comparator records `matched_span` (character offsets in the decoded window) when it matches. `_read_until` pulls that span off the bound `matches` method (`matches.__self__.matched_span`) and converts it back to a byte range with `matched_span_bytes` (`src/agentic_hil/comports.py:1625+`). That function feeds the raw buffer through an incremental decoder one byte at a time to map each decoded character to the exact byte run it consumed, so the returned `matched_raw` bytes are the actual wire bytes — never a re-encoding of the decoded string (which could fabricate bytes for anything altered by `errors=""replace""`). If the incremental/one-shot decodes disagree or a match boundary falls inside a multi-character codec run, it returns `None` and the byte field is simply omitted rather than reported falsely.
- Plain `uart_expect` text/pattern matches (the `_matcher` lambdas) are not bound methods of a comparator object, so they carry no `matched_span`; `_expect`'s success payload therefore reports only the claim and read stats (no `matched_text` bytes) — only the failure path surfaces raw bytes, via `tail_result`.",True,True,True,src/agentic_hil/test_reactor.py;src/agentic_hil/comports.py,True,"Answer correctly locates UartRunner._expect/_matcher and StepComparator.matched_span in test_reactor.py plus decode_bytes and matched_span_bytes in comports.py, describing the matching and byte-recovery behaviour.",0.130333,0.111118,0.019215,0.111118,,multi_hop,false,S,agentic_hil,1139248,49
agentic_hil_q23,indexed_topk3,54164,2307,0,0,5,False,end_turn,,41.345,2026-09-15T20:31:42Z,"## The path from a plan run to reviewer-visible evidence

**1. A hardware job produces a run report.** `agentic-hil test-reactor` executes the plan and writes a JSON report (plus JUnit XML) describing the run — its outcome, the devices used, resolved executables/probe ids, lock keys, absolute paths, and captured tool output.

**2. `write_run_evidence` (in `src/agentic_hil/runevidence.py`) turns that report into the CI artifacts a reviewer actually sees:** `run-summary.json`, `job-summary.md` (also appended to `GITHUB_STEP_SUMMARY` so it shows on the job page/PR check), and a copied `logs/` directory of JSONL event logs. This is invoked via `agentic-hil run-evidence` from CLI dispatch (`src/agentic_hil/cli.py`), and the same code path is shared by a GitLab job and a manual operator run.

**3. Fields are copied by name, not passed through.** `run_summary()` and `job_summary()` build the two documents from an explicit, short allow-list of fields (e.g. `_firmware()` pulls only `repository`/`commit`/`ref`/`head_commit` from named CI env vars and, for PRs, validates the head commit against a regex before ever publishing it). Nothing from the raw report reaches the output just because it's present in the report.

## What stops secrets/identities from leaking into that evidence

Several independent layers, all inside `src/agentic_hil/runevidence.py` and `src/agentic_hil/redact.py`:

1. **Credential redaction first, on ingestion.** Before anything is mapped, the whole report is passed through `redact_sensitive()` (`src/agentic_hil/redact.py`), which recursively replaces values under secret-named keys (`token`, `password`, `api_key`, …) with a placeholder via `_redact_member`, and content-scans captured stream fields for credential-shaped spans (`redact_stream_text`).

2. **Fail-closed if redaction fails.** In `write_run_evidence`, if `redact_sensitive()` doesn't return a dict, the whole bundle is replaced by `_redaction_refusal()` — a document containing no field of the original report and no logs, explicitly stating evidence ""was not written from the run report."" The same fail-closed rule governs the generic output sinks `print_json`/`emit_result` in `src/agentic_hil/cli.py`.

3. **Explicit allow-list mapping.** `run_summary`/`job_summary`/`_firmware` copy only named fields, so identity-bearing fields not on the list (probe serials, device paths, executable paths, lock keys) simply never get a chance to appear.

4. **A second, independent identity sweep.** `excluded_values()` walks the redacted report and collects every string under known identity fields (`IDENTITY_FIELDS = {""executable"", ""executable_path"", ""probe_id""}`) or lock-key fields (`LOCK_KEY_FIELDS = {""declared_devices"", ""lock_key"", ...}`), plus any absolute path outside the workspace, plus the loaded config's path. `_scrub()`/`_scrubbed()` then run over every string destined for either document: first `redact_stream_text` for credential shapes, then a longest-first substring replace of every excluded identity with `[withheld]`, then a regex sweep (`ABSOLUTE_PATH`) that replaces any remaining absolute path with a workspace-relative path or `[withheld]`. This catches identities embedded in free-text sentences (e.g. a backend's own error message), which the key-based redaction pass can't see.

5. **Logs are the deliberate exception, scoped narrowly.** Event logs are copied byte-for-byte (via `collect_logs`) rather than scrubbed, because they must match a hash-chained copy under `state_root` to be trustworthy — but this is why the two human-facing documents (`run-summary.json`, `job-summary.md`) are kept free of identities, while raw logs (not typically posted inline to the PR) carry the caveat that any secret a backend printed into its own log is the log's problem, not this command's.

6. **Busy devices are always named by logical name.** The job summary groups devices by the reactor's own logical kinds (`DEVICE_GROUPS`/`DEVICE_LABELS`), so a device is reported by the plan's logical name, never by the `probe:<serial>` string the mutex used internally.

So the chain is: report → `redact_sensitive` (secret-key/stream redaction, fail-closed) → allow-listed field mapping → `excluded_values` + `_scrub` (identity sweep over every string) → written files/step summary, with a hard refusal document substituted whenever the redaction step itself can't vouch for the result.",True,True,True,src/agentic_hil/runevidence.py;src/agentic_hil/redact.py,True,"Answer names runevidence.py with write_run_evidence/job_summary and redact.py's redact_sensitive, accurately describing the evidence pipeline and fail-closed redaction/identity scrubbing.",0.146008,0.131398,0.01461,0.131398,,multi_hop,false,S,agentic_hil,1139248,49
agentic_hil_q18,indexed_topk3,50953,1704,0,0,6,False,end_turn,,40.235,2026-09-15T20:32:26Z,"## What `start_detached_run` does differently from a foreground plan run

`start_detached_run` (`src/agentic_hil/runlifecycle.py:720-822`) launches the plan in a separate, independent OS process instead of running it on the caller's own thread/process and blocking until it finishes:

1. It generates a fresh handle (`new_run_handle()`), then calls `spawn_run_worker` (`runlifecycle.py:914-928`), which uses `spawn_detached_process` (`src/agentic_hil/process.py:94-143`) rather than the managed-process path. This gives the worker its own process group (and no console on Windows) so it is **not** tied to the calling process's lifetime — it isn't killed when the command that started it exits, and it isn't reaped by that process's cleanup sweep, unlike a foreground/managed run.
2. Rather than waiting for the plan to complete, the calling function only waits long enough for the worker to *publish* that it has taken (or failed to take) its devices — i.e. until the run record's state leaves `RUN_STARTING`, bounded by a `worker_publish_window_s(wait_s)` deadline. It then returns immediately with a handle, while the plan keeps running in the background.
3. Along the way it handles cases a foreground run doesn't need to: a worker that exits before publishing anything (`run_worker_failed`), a worker that never publishes within the window — in which case it proactively ""plants"" a cooperative stop under the handle so an unresponsive-but-alive worker halts at the next step boundary instead of running unwatched (`_plant_stop_after_unresponsive`) — and a worker that reaches a terminal state (finished or refused) before the caller could catch it at `running`, reported via `_detached_terminal_result`.
4. The worker's stdout/stderr are redirected to a log file (`worker_log_path`) instead of a pipe, since nobody stays around to read a pipe from a detached process.

## What it writes so a later call can find the run again

The worker process, on starting, calls `RunRegistration.take` (`runlifecycle.py:521-590`), which:

- Acquires a lifetime lock at `lock_path(config, handle)` (a `.lock` file) so no two processes can claim the same handle.
- Writes the **run record** at `record_path(config, handle)` — a `run-<hex>.json` file under `runs_directory(config)` (`derived_state_directory(..., ""coordination"", ""runs"")`) — containing `version`, `run` (handle), `name`, `test_config_path`, `report_path`, `detached`, `pid`, and `started_at`, initially in the `RUN_STARTING` state, and updated (progress, then a terminal record) as the run proceeds.
- The worker's console output goes to `worker_log_path(config, handle)`, a `.log` file beside the record, used for diagnostics if the run fails to publish properly.

This JSON record under the handle's name is exactly what later commands (`agentic-hil test-reactor-status --run <handle>`, `test-reactor-stop --run <handle>`, or `read_run_record`) read to find and act on the detached run — the handle returned by `start_detached_run` is only meaningful because this record exists on disk under that name.",True,True,True,src/agentic_hil/runlifecycle.py,True,"Identifies runlifecycle.py's start_detached_run and spawn_run_worker, and describes writing the JSON run record at record_path (write_run_record behaviour) that later status/stop calls read.",0.132981,0.118946,0.014035,0.118946,,trace,false,S,agentic_hil,1139248,49
agentic_hil_q17,indexed_topk3,51039,1732,0,0,6,False,end_turn,,35.893,2026-09-15T20:33:10Z,"## What `flash_firmware` does with the artifact before calling the backend

In `HardwareInterfaceService.flash_firmware` (`src/agentic_hil/tools.py:274-311`), after resolving/validating the requested artifact (`image_path` or `artifact_id`) via `ArtifactManager.validate_local_path`/`resolve_artifact_id`, it calls `self.artifacts.stage_for_backend(validation[""artifact""], ""flash_firmware"")` before ever touching the backend.

`ArtifactManager.stage_for_backend` (`src/agentic_hil/artifacts.py:162-276`) does the actual staging:
1. Opens the original source file safely (`safe_open_binary`), and checks it's still a single-link regular file that hasn't grown past the configured max upload size.
2. Streams the bytes chunk-by-chunk into a fresh subdirectory (`stage-*`) under the manager's private staging root (`self._staging`, a `tempfile.TemporaryDirectory(prefix=""agentic-hil-artifacts-"")`), writing to a `NamedTemporaryFile`, computing a running SHA-256 as it copies, then `fsync`ing.
3. Compares the freshly computed SHA-256 against the digest recorded at validation time (`integrity_sha256`/`sha256`); if the artifact vanished, changed, or grew too large mid-copy, it refuses with `side_effect_committed: False` (so the caller isn't punished with a quarantine for a flash that never started).
4. On success, atomically renames the temp file into place inside the staging subdirectory and returns a new artifact dict marked `""staged"": True` with the staged `resolved_path`, size, and confirmed hash — this is the copy actually handed to `self.backend.flash_firmware(...)`.

So the backend never sees the caller's original file path; it only ever receives this private, hash-verified staged copy.

## What happens to the staged copy afterwards

Back in `flash_firmware` (`tools.py`), a `finally` block unconditionally calls `self.artifacts.release_stage(staged[""artifact""])` regardless of whether the backend call succeeded, returned an error, or raised.

`ArtifactManager.release_stage` (`artifacts.py:42-54`) confirms the artifact is marked `staged: True` and that its path is actually inside the manager's staging root (`is_path_within_frozen`), then deletes the staged file (`path.unlink()`) and removes its now-empty per-flash subdirectory (`path.parent.rmdir()`), suppressing any `OSError`s.

Separately, `_remember_symbol_elf` (`tools.py:314-335`) keeps a reference to the **original, pre-staging** artifact (not the staged copy) as the bench's symbol source when the flash is a confirmed-successful `.elf`, precisely because the staged copy is deleted immediately after the backend returns — the comment in `_remember_symbol_elf` notes ""the pre-staging artifact is kept, not the staged copy: staging is released as soon as the backend returns.""",True,True,True,src/agentic_hil/tools.py;src/agentic_hil/artifacts.py,True,"The answer correctly identifies flash_firmware staging a hash-verified private copy via stage_for_backend and its deletion in a finally block via release_stage, naming both expected files and symbols.",0.129853,0.119398,0.010455,0.119398,,trace,false,S,agentic_hil,1139248,49
agentic_hil_q22,indexed_topk3,71717,2565,0,0,6,False,end_turn,,49.738,2026-09-15T20:33:48Z,"## How a CAN frame gets from one process to another

The path runs through a single-process **`CanBroker`** (`src/agentic_hil/canbroker.py`) that arbitrates a physical/virtual CAN bus for many separate client processes (""participants""), each connected over a `multiprocessing.connection.Connection` (a Unix-domain/named-pipe socket, see `endpoint_address` and `Listener`/`publish` in `canbroker.py`).

1. **Attach.** Each process calls into the client-side `attach_bus`/`Participant` machinery, which connects to the broker's IPC endpoint, sends an `""attach""` message, and gets back a `Participant` object wrapping that `Connection` (`canbroker.py:1155` `Participant.__init__`, and the connect/handshake code around `canbroker.py:1427`). The broker records each attached client in `self.participants: dict[str, _Attached]` and serves each connection in its own thread/loop (`CanBroker._serve_connection`, `canbroker.py:685`).

2. **Sender transmits.** Process A calls `Participant.send()` (`canbroker.py:1155-1188`), which serializes the frame with `frame_to_wire` and sends a `{""message"": ""send"", ""frame"": wire}` request over its `Connection`. On the broker side this is dispatched by `_handle_request` (`canbroker.py:858`) to `CanBroker._handle_send` (`canbroker.py:920`), which validates the frame against A's share/filter/budget and then calls the single shared `self.adapter_session.send(frame)` — the broker is the *only* writer to the actual adapter (real or virtual CAN device), which is what puts the frame on the medium.

3. **Broker drains the bus and fans it out.** Frames aren't pushed proactively to other participants; they're pulled. When any participant (including the sender) next issues a `""read""` request, `_handle_read` (`canbroker.py:1002`) calls `CanBroker._draw_from_bus` (`canbroker.py:1027`), which does the single destructive read from `self.adapter_session.read(...)` (the adapter reflects frames that were transmitted onto the bus, per normal CAN semantics) and then **fans each frame out to every attached participant** whose share allows reading and whose filter accepts that identifier, appending it to that participant's own in-memory `item.queue` (`canbroker.py:1036-1066`).

4. **Receiver reads.** Process B's `Participant.read()` (`canbroker.py:1190`) sends a `{""message"": ""read"", ...}` request; `_handle_read` first tries to satisfy it from B's already-queued frames, otherwise triggers `_draw_from_bus` as above, then pops frames off `attached.queue` and returns them to B.

So the frame travels: **Process A → IPC connection → `CanBroker._handle_send` → shared adapter (`adapter_session.send`) → physical/virtual bus → `adapter_session.read` (triggered by any reader) → `_draw_from_bus` fan-out into each participant's queue → IPC connection → Process B's `Participant.read()`**. The broker being the sole owner of the adapter (`CanBroker.take_bus`/`open_bus`, `canbroker.py:519-557`) and the sole reader/writer is what keeps a single, consistent, sequence-numbered (`self.frame_seq`) view of the bus that both processes' logs agree on.",True,False,True,src/agentic_hil/canbroker.py,True,"The answer correctly identifies the broker-mediated path via CanBroker in canbroker.py, frame_to_wire serialization, and per-participant queue fan-out to the reading process, matching the expected locations.",0.188864,0.169084,0.01978,0.169084,,multi_hop,true,S,agentic_hil,1139248,49
agentic_hil_q36,indexed_topk3,4580,642,0,0,2,False,end_turn,,11.055,2026-09-15T20:34:44Z,"Based on `src/agentic_hil/adopt.py`, when a debugger entry's `probe_id` names a probe different from the one actually attached, the adoption plan refuses entirely rather than producing a partial or mixed plan.

Specifically, the `_different_board` function (adopt.py:404-437) is triggered, which:

- **Refuses the whole plan**: returns `""ok"": False` with `""error_type"": ""hardware_mismatch""` — nothing is planned and nothing is written (not even a per-key `kept`/skip).
- **Rationale given**: the identity keys aren't independent — `probe_id` names a board, while `target.controller`, the COM device, and the backend executable all describe *that same* board. If the tool carried over the currently-unset keys (which describe the attached board) while leaving the configured `probe_id` pointing at a different probe, the resulting config would describe two boards at once (debugger driving one Nucleo, UART talking to another) — a subtle, hard-to-detect misconfiguration.
- **Response payload** includes `""field"": ""probe_id""`, a `summary` explaining the mismatch, both `configured_probe_id` and `discovered_probe_id`, and a `next_step` telling the operator to either attach the board the entry is configured for, or explicitly name the attached board's entry via `debugger_id` — noting that repointing a configured entry at another probe is ""an operator's edit, not this path's.""
- It's marked `retry_safe: False` and includes `**NOT_STARTED`.

This behavior is also documented in `src/agentic_hil/skills/agentic-hil/SKILL.md` (around line 300): ""An entry that already names a probe with a different one attached is `hardware_mismatch` and no plan at all.""",True,True,True,src/agentic_hil/adopt.py,True,"The answer names adopt.py, the _different_board helper, hardware_mismatch refusal with configured_probe_id/discovered_probe_id fields, matching the expected location and behaviour.",0.02368,0.01558,0.0081,0.01558,,trace,false,S,agentic_hil,1139248,49
agentic_hil_q40,indexed_topk3,460415,4946,0,0,15,False,end_turn,,101.878,2026-09-15T20:34:58Z,"I now have enough to trace the complete path end-to-end.

## How `agentic-hil init` ends up naming the attached ST-Link's serial

**1. CLI entry point.** `agentic-hil init` is dispatched to `init_project` → `init_config` in `src/agentic_hil/cli.py`. When no config exists yet (or `--force` is used), it calls a discovery helper (`discover_for_generation`, built on `discover_attached_hardware`) with `tool=CLI_INIT` and `profile=load_project_profile(workspace)` — the workspace's own `agentic-hil.config.example.yaml` if present, else `DEFAULT_PROJECT_PROFILE` (`src/agentic_hil/bootstrap.py`).

**2. Probe enumeration.** `discover_attached_hardware` (`src/agentic_hil/bootstrap.py`) calls `enumerate_attached_probes`, which picks one of two backends:
- If STM32CubeProgrammer's CLI is found (`find_stm32_programmer_cli`), it runs `<cli> -q -l st-link-only` and parses the serial(s) with `stlink_probe_ids` — this is the `stlink` backend, `discovered_by = ""stm32cubeprogrammer_cli""` (`DISCOVERED_BY_STLINK_CLI`).
- Otherwise it falls back to `_usb_enumeration`, which reads the host's USB serial-port inventory and picks out ST-Link virtual COM ports by vendor/product id (`usb_stlink_ports`/`usb_stlink_probe_ids` in `src/agentic_hil/comports.py`, vendor `0x0483` and the known ST-Link V2-1/V3 product IDs) — the `openocd` fallback backend (`BOOTSTRAP_FALLBACK_BACKEND`), `discovered_by = ""usb_serial_inventory""`.

Exactly one visible probe is bound automatically (none → `adapter_not_found`, more than one → `ambiguous_hardware`). If it was bound off the USB inventory (no STM32CubeProgrammer), the result also carries a caveat: `probe_inventory: ""incomplete""` plus `probe_inventory_note`, since that inventory can't see a VCP-less ST-LINK/V2 (`probe_inventory_caveat` in `bootstrap.py`).

**3. Filling the template.** Back in `init_config` (`cli.py`), once `overall_success(discovery)` is true, it loads `DEFAULT_CONFIG_TEMPLATE` and calls `apply_discovery_to_template(template, profile, discovery)` (`src/agentic_hil/bootstrap.py`). This writes the discovered `probe_id` (and `backend`/`type`, executable, transport — `interface` for the `stlink` backend or `interface_cfg`/`target_cfg` for the `openocd` fallback) into `template[""debuggers""][""dut""]`, and carries `discovered_by`, `probe_inventory`, and `probe_inventory_note` into the file when the caveat applies.

**4. Writing the file.** The filled document (`workspace_root`, `state_root`, plus the configured template) is YAML-serialized and written atomically as the workspace's authoritative `config.yaml` (`PROJECT_CONFIG_FILENAME`, via `atomic_write_text`/`secure_atomic_write_text` in `src/agentic_hil/config.py`).

The net effect: on a machine with exactly one ST-Link attached, `agentic-hil init` enumerates it (via STM32CubeProgrammer CLI or the USB serial inventory), binds it as the sole candidate, and `apply_discovery_to_template` stamps its serial into `debuggers.dut.probe_id` in the generated `config.yaml` — with a disclosure caveat recorded in the same file if the binding came from the less-authoritative USB inventory path.",True,False,True,src/agentic_hil/cli.py;src/agentic_hil/bootstrap.py,True,The answer traces the correct chain—init_config → discover_for_generation/discover_attached_hardware → enumerate_attached_probes → stlink_probe_ids → apply_discovery_to_template writing probe_id—matching expected locations.,0.987865,0.97029,0.017575,0.97029,,multi_hop,false,S,agentic_hil,1139248,49
agentic_hil_q11,indexed_topk3,7488,635,0,0,2,False,end_turn,,9.653,2026-09-15T20:36:44Z,"## Answer

In `AgenticHilTools.flash_firmware` (`src/agentic_hil/tools.py:274-310`), if `self.backend.flash_firmware(...)` raises any exception (`except BaseException:`), the method **discards the remembered symbol ELF** by setting `self._symbol_elf = None`, and then re-raises the exception (`raise`).

The reasoning documented in the surrounding comment: a backend that raised may have contacted or partly written the target, so the previously-remembered ELF can no longer be trusted to describe what's actually on the board. Since the normal bookkeeping method, `_remember_symbol_elf` (`tools.py:314-337`), only runs on a *returned* result — and is never reached in the exception path — the tool explicitly clears `_symbol_elf` before letting the exception propagate. This ensures:

- The higher-level coordination wrapper reports the flash's hardware effect as unknown.
- A later ST-Link/GDB symbol dump (e.g., via the logic in `src/agentic_hil/backends/gdbdebug.py`, which checks `symbol_elf is None` and returns `symbol_source_not_available`) cannot resolve a symbol against a build that the failed flash may have already replaced on the target.

Only a *returned* (non-exception) result whose `side_effect_status` is `""not_started""` is allowed to keep the old symbol source, per the logic in `_remember_symbol_elf` — the exception path never gets that chance, so it unconditionally clears it.",True,True,True,src/agentic_hil/tools.py,True,"The answer names tools.py's flash_firmware and _remember_symbol_elf and correctly states the remembered ELF is discarded (_symbol_elf = None) before re-raising, matching the expected location and behaviour.",0.048921,0.021326,0.027595,0.021326,,trace,false,S,agentic_hil,1139248,49
agentic_hil_q20,indexed_topk3,43853,2368,0,0,5,False,end_turn,,37.553,2026-09-15T20:37:06Z,"I have enough to answer.

## Path from MCP call to the ST-Link programmer

1. **MCP transport** — the JSON-RPC `tools/call` request for `flash_firmware` is handled by `src/agentic_hil/mcp.py`, which converts the request into a call into the tool service.

2. **Tool dispatch (`src/agentic_hil/tools.py`)**
   - `AgenticHilTools.call(name, args)` looks up `flash_firmware` in its dispatch table and, because it's a `debugger_effect_tools()` entry, routes through `_dispatch_tool` (tools.py:848-883).
   - `_dispatch_tool` first calls `_debug_permission_failure(""flash_firmware"", args)` (tools.py:1855-1894) — a fast pre-check that, if the config forbids the action, short-circuits straight into `flash_firmware(args)` to produce the refusal without going near the backend.
   - Otherwise it wraps the call as an implicit ""run"" (if none is active) and invokes the coordinated debug-call path, which eventually calls `self.flash_firmware(payload)` (tools.py:274-310), the real tool method.
   - `flash_firmware` re-checks `self.debugger_permissions.allow_flash` (belt-and-suspenders with the earlier pre-check), validates the payload (`image_path` xor `artifact_id`, `reset_after_flash` type, and `allow_reset` if a reset was requested), resolves/stages the firmware artifact via `self.artifacts`, and then calls `self.backend.flash_firmware(staged[""artifact""], reset_after_flash)`.

3. **Backend (`src/agentic_hil/backends/stlink.py`)**
   - `self.backend` is the configured `StlinkBackend` instance (chosen per the `debuggers.<name>.type: stlink` config entry).
   - `StlinkBackend.flash_firmware` (stlink.py:338-359) builds the STM32CubeProgrammer CLI arguments (`-w <artifact_path>`, optional flash address for `.bin` images, `-v` for verify, `-rst` if resetting) and calls `self._run_stlink(""flash_firmware"", [...])`, which actually shells out to `STM32_Programmer_CLI` to talk to the physical ST-Link probe.
   - The result is passed through `self._write_action_report(...)` for auditing before returning up through `tools.py` back to the MCP response.

## What refuses it when flashing is disabled

Flashing is gated by `debugger.permissions.allow_flash` in the authoritative project config (`config.py`'s `DebuggerConfig`/`debugger_access_enabled`), and it is enforced at **two independent points**, both citing the same message (""Flashing is disabled by the authoritative config."") and the same permission key (`debuggers.<name>.permissions.allow_flash`):

- **Tool layer**: `AgenticHilTools.flash_firmware` (`tools.py:274-310`) checks `self.debugger_permissions.allow_flash` and returns a `tool_error(""flash_firmware"", ""permission_denied"", ...)` before any artifact staging happens. It also refuses `reset_after_flash=True` if `allow_reset` is false.
- **Backend layer**: `StlinkBackend.flash_firmware` (`backends/stlink.py:338-341`) independently checks `self.config.debugger.permissions.allow_flash` and returns `self._permission_denied(...)` if disabled — this is the last line of defense right before the ST-Link CLI would otherwise be invoked. The same method also enforces the *exclusivity* rule: if `allow_raw_debugger_commands` or `allow_mass_erase` is true, flashing is refused too (`EXCLUSIVE_FLASH_PERMISSIONS` in `knowledge.py`/enforced via `_exclusive_permission_denied`), because those permissions let flash contents be altered outside what this server can verify.

A parallel/equivalent check exists in `src/agentic_hil/test_reactor.py` (`_preflight` for `action == ""flash""`) for the offline test-reactor path, which reproduces the same `allow_flash`/`allow_reset`/exclusivity logic before a scripted ""flash"" step is allowed to run.",True,True,True,src/agentic_hil/mcp.py;src/agentic_hil/tools.py;src/agentic_hil/backends/stlink.py,True,"It correctly traces mcp.py tool dispatch → tools.py flash_firmware with debugger_permissions.allow_flash refusal → ST-Link backend's flash_firmware, matching expected files and symbols despite extra detail.",0.126636,0.111386,0.01525,0.111386,,multi_hop,false,S,agentic_hil,1139248,49
agentic_hil_q03,indexed_topk3,4046,339,0,0,2,False,end_turn,,5.82,2026-09-15T20:37:47Z,"The broker that allows multiple processes to share one physical CAN bus is implemented in `src/agentic_hil/canbroker.py`, in the `CanBroker` class (with its `main()` CLI entrypoint, `agentic-hil-can-broker`).

As the module docstring explains: ""One process owns one physical CAN bus; named participants share it."" The broker takes the exclusive `can:<adapter>:<channel>` bus lock (via `BenchMutex`) and holds it for its lifetime, then lets multiple named participants attach to logical locks (`<bus-key>#<name>`) so several processes/runs can share the single physical bus concurrently without directly contending for the OS-level device lock. Configuration for which buses are shared and their participant ""shares"" is defined via `CanShareConfig` in `src/agentic_hil/types.py`.",True,True,True,src/agentic_hil/canbroker.py,True,"The answer names the correct file src/agentic_hil/canbroker.py and the primary CanBroker class with accurate behavior description, despite not mentioning BrokerDescriptor.",0.017962,0.011482,0.00648,0.011482,,locate,true,S,agentic_hil,1139248,49
agentic_hil_q37,indexed_topk3,10149,1121,0,0,3,False,end_turn,,15.934,2026-09-15T20:37:55Z,"## Behavior for non-standard byte lengths

`decode_symbol_value` (defined in `src/agentic_hil/backends/gdbdebug.py:1733-1773`) always includes the raw bytes as `hex`. It only adds `value_unsigned`/`value_signed` integer readings when `len(data)` is in `INTEGER_VALUE_WIDTHS` (i.e. 1, 2, 4, or 8 bytes). For any other length (e.g. 3 bytes or 408 bytes), it instead sets:

```python
result[""value_not_decoded""] = ""size_bytes is not 1, 2, 4 or 8, so the bytes carry no single integer reading.""
```

As the docstring explains, a size like 3 or 408 bytes isn't a single number, so the function deliberately refuses to invent an integer interpretation for it — it only ever returns the hex bytes in that case.

## Where the byte order comes from

The byte order is *not* decided by `decode_symbol_value` itself — it's passed in as the `order` parameter (a dict with a `byte_order` key) and simply used via `int.from_bytes(data, byte_order, signed=...)`.

That `order` value originates from `image_byte_order(elf_path)` in `src/agentic_hil/backends/gdbdebug.py:1709-1730`, which:

1. Calls `read_elf_byte_order(elf_path)` (in `src/agentic_hil/elfsymbols.py`), which reads the ELF header's `EI_DATA` byte (byte 5 of the ELF identification block) and maps it to `""little""` or `""big""` via `ELF_DATA_BYTE_ORDER`.
2. If the ELF declares an order, returns `{""byte_order"": declared, ""byte_order_from"": ""elf_header""}`.
3. If the file isn't a readable ELF or declares neither LSB/MSB (e.g., a stub or truncated file), falls back to `{""byte_order"": DEFAULT_SYMBOL_VALUE_BYTE_ORDER, ""byte_order_from"": ""default""}`.

So the byte order used for decoding comes from the target firmware image's own ELF header (`EI_DATA`) — reflecting the actual endianness the target uses — rather than any assumption baked into the debugger backend, with a documented default fallback only when the image itself states no order.

Callers obtain this order and pass it in: e.g., `gdbdebug.py`'s `debug_symbol_value` uses `image_byte_order(str(session.artifact[""resolved_path""]))`, and `pyocd.py`'s equivalent method uses `resolved[""image_byte_order""]` (which was itself populated via `image_byte_order` during symbol resolution).",True,True,True,src/agentic_hil/backends/gdbdebug.py;src/agentic_hil/elfsymbols.py,True,"Answer correctly names decode_symbol_value in gdbdebug.py, the INTEGER_VALUE_WIDTHS gating with hex-only/not-decoded fallback, and byte order from image_byte_order via read_elf_byte_order in elfsymbols.py.",0.044543,0.031508,0.013035,0.031508,,trace,false,S,agentic_hil,1139248,49
agentic_hil_q14,indexed_topk3,12076,1206,0,0,3,False,end_turn,,17.565,2026-09-15T20:38:15Z,"## What `verify_port_identity` compares

`verify_port_identity` (in `src/agentic_hil/comports.py`) runs before a configured serial port is opened (called from e.g. `session_start` at `comports.py:914-939`). It:

1. Enumerates the host's serial ports via `list_available_com_ports` and finds the single host entry matching the configured port's device name (`port_names_device`).
2. **Serial-number check** (`comports.py:541-576`): if the config entry names an expected hardware serial (`expectation.expected`), it compares it (folded via `fold_hardware_id`) against the host-reported `serial_number`.
3. **USB vendor/product ID check** (`comports.py:578-617`): if the config entry names `vid`/`pid`, it compares `expectation.vid`/`expectation.pid` against the host-reported `found_vid`/`found_pid` (via `host_usb_id`). This runs after the serial check, because a USB serial number is only guaranteed unique within a vendor, so the vid/pid comparison is treated as the type check that validates the serial match is meaningful.

## Behavior on VID/PID mismatch

If either the claimed vid or pid differs from what's found (`any(claimed != seen for claimed, seen in declared)`), it calls `_identity_mismatch` (`comports.py:424-463`), which:

- Sets `identity[""status""] = ""mismatch""`.
- Returns a failure object with `""ok"": False`, `error_type`: `COM_PORT_IDENTITY_MISMATCH`.
- Includes a summary stating the port is currently a device of the found vid/pid but the entry names a different vid/pid, explicitly noting the port ""was not opened.""
- Reports `expected_vid`/`expected_pid` and `found_vid`/`found_pid` (via `expectation.fields` and the `found_*` identity fields).
- Lists `likely_causes` (e.g., a different USB-serial adapter attached under this name, the config entry being stale, or a coincidental serial-number match across vendors).
- Marks `side_effect_committed: False`, `side_effect_status: ""not_started""`, `hardware_state: ""unchanged""`, and `retry_safe: True` — i.e., nothing was actually touched on the hardware, so the caller can fix the config/hardware and retry.

If the vid or pid can't be determined from the host (`found_vid`/`found_pid` is `None` when expected), it instead reports `identity[""status""] = ""usb_ids_unknown""` and returns via `_identity_unverified`, rather than a mismatch — the comparison couldn't be made at all.

Per `src/agentic_hil/skills/agentic-hil/SKILL.md:140-171`, the caller-facing guidance is that this `com_port_identity_mismatch` refusal must never be resolved by overwriting the configured `vid`/`pid`/`serial_number` with the found values — that would defeat the safety check meant to prevent a silent wrong-board operation.",True,True,True,src/agentic_hil/comports.py,True,"Answer names comports.py's verify_port_identity, correctly describes serial/VID-PID comparison against host enumeration and the mismatch refusal without opening the port, implicitly covering expectation and identity helpers.",0.050577,0.036212,0.014365,0.036212,,trace,false,S,agentic_hil,1139248,49
agentic_hil_q26,indexed_topk3,5345,632,0,0,2,False,end_turn,,9.221,2026-09-15T20:38:37Z,"## Answer

Both the write and read sides live in **`src/agentic_hil/gdbmi.py`**:

- **Writing a symbol's memory to Intel HEX**: `write_intel_hex_file(file_path, start_address, data, *, workspace)` (src/agentic_hil/gdbmi.py, around line 325) builds Intel HEX data/extended-linear-address records via `intel_hex_record()` and atomically writes them to disk. It's called from `GdbDebugBackend.dump_symbol_ihex()` in `src/agentic_hil/backends/gdbdebug.py:683-704`, which resolves a symbol's address/size, reads the raw memory bytes, and then calls `write_intel_hex_file(...)` to produce the `.hex` output.

- **Reading an Intel HEX file back off disk**: `read_intel_hex_file(file_path, start_address, size_bytes)` (src/agentic_hil/gdbmi.py, around line 350) parses the hex records (via `parse_intel_hex_record`) back into a byte window for `[start_address, start_address+size_bytes)`. This is used by the STLink backend — `STLinkBackend.debug_dump_symbol_ihex()` in `src/agentic_hil/backends/stlink.py` (around lines 498-564) invokes STM32CubeProgrammer's `-r` command, which can only dump to a file, then uses `read_intel_hex_file`/`looks_like_intel_hex` to parse that file back and confirm/report the symbol's memory contents.",True,True,True,src/agentic_hil/gdbmi.py,True,"The answer names the correct file (src/agentic_hil/gdbmi.py) and the expected symbols write_intel_hex_file, read_intel_hex_file, and intel_hex_record, with accurate supporting detail.",0.02516,0.01701,0.00815,0.01701,,locate,true,S,agentic_hil,1139248,49
agentic_hil_q13,indexed_topk3,11335,1044,0,0,3,False,end_turn,,16.025,2026-09-15T20:38:48Z,"## Answer

`spawn_command` (in `src/agentic_hil/backends/common.py`) returns a `CompletedCommand` object in both cases, but the two failure modes are distinguished by different fields on that object:

**Executable not there** (`FileNotFoundError`, i.e. `ENOENT`):
```python
return CompletedCommand(stdout="""", stderr="""", returncode=None, timed_out=False, not_found=True)
```
Here `not_found=True` and `not_executable_reason` is left at its default `None`.

**Executable present but refused by the OS** (an `OSError` whose `errno` is in `EXEC_REFUSED_ERRNOS`, e.g. `EACCES`/`ENOEXEC`):
```python
return CompletedCommand(
    stdout="""", stderr="""", returncode=None, timed_out=False,
    not_found=False,
    not_executable_reason=(NOT_AN_EXECUTABLE_IMAGE_REASON if error.errno == errno.ENOEXEC else PERMISSION_DENIED_REASON),
    spawn_error=str(error),
)
```
Here `not_found=False`, and `not_executable_reason` is set (`PERMISSION_DENIED_REASON` for permission errors, `NOT_AN_EXECUTABLE_IMAGE_REASON` for `ENOEXEC`), along with `spawn_error` holding the OS error text.

`CompletedCommand` (same file) exposes a `not_executable` property that is `True` whenever `not_executable_reason is not None`, so callers check `completed.not_found` vs. `completed.not_executable` to tell the two cases apart (e.g. `pyocd.py`'s `_enumerate_probes` checks `completed.not_found` first, then `completed.not_executable`).

The distinction matters downstream: `not_found` cases map to a backend's `*_NOT_FOUND` constant (""install the toolchain""), while `not_executable` cases go through `not_executable_refusal()` in `common.py`, which reports ""The configured … is present and will not run"" with the specific `not_executable_reason` (permission denied vs. not an executable image) and OS `spawn_error` as evidence — a deliberately different remediation path (see the `debugger_not_executable` entry in `src/agentic_hil/knowledge.py`).",True,True,True,src/agentic_hil/backends/common.py,True,"Answer identifies common.py's spawn_command returning CompletedCommand with not_found vs not_executable_reason/not_executable, and the not_executable_refusal path, matching expected file and symbols.",0.04468,0.03311,0.01157,0.03311,,trace,false,S,agentic_hil,1139248,49
agentic_hil_q21,indexed_topk3,47512,2135,0,0,5,False,end_turn,,36.979,2026-09-15T20:39:08Z,"## Reading a symbol's value off the board after a flash

There are two distinct paths, depending on whether the backend keeps a live debug session or not:

### 1. Session-based backends (OpenOCD, and GDB-backed sessions in `gdbdebug.py`)

For backends with an active debug session (e.g. `GDBDebugBackend.debug_symbol_value` in `src/agentic_hil/backends/gdbdebug.py:646-681`), the symbol is resolved via `_resolve_symbol` against **the ELF the session itself loaded** (its own `session.artifact`), the address/size are read with `_read_memory_bytes`, and the bytes are turned into hex/int values by `decode_symbol_value` — using `image_byte_order` of the session's own artifact. The `openocd.py` backend (`src/agentic_hil/backends/openocd.py:461-465`) simply forwards to its own `self._debug.symbol_value(symbol)` and explicitly ignores any externally supplied ELF, because ""the image that session loaded is the one the target is running.""

### 2. Sessionless backends (ST-Link, pyOCD)

These backends have no loaded image to ask, so they resolve the symbol offline against the ELF the service itself flashed, then read memory directly with the probe:

- `StlinkBackend.debug_symbol_value` (`src/agentic_hil/backends/stlink.py:436-496`) calls `resolve_symbol_offline` to get the address/size from the ELF, then invokes STM32CubeProgrammer's CLI (`-r <address> <size> <hex file>`), parses the Intel HEX result with `read_intel_hex_file`, and finally calls `decode_symbol_value` on the bytes.
- `PyOCDBackend.debug_symbol_value` (`src/agentic_hil/backends/pyocd.py:415-428`) does the analogous thing: `_prepare_symbol_read` → `_read_target_memory` → `decode_symbol_value`.

`decode_symbol_value` (`src/agentic_hil/backends/gdbdebug.py:1733-1756`) is the shared function that turns the raw bytes into `hex`, and (for 1/2/4/8-byte widths) `value_unsigned`/`value_signed`, using the byte order recorded for the image.

### Where the ELF comes from

The offline resolution function `resolve_symbol_offline` (`src/agentic_hil/backends/gdbdebug.py:1541-1646`) takes a `symbol_elf` argument and spawns GDB in batch mode (no target attach) against a **staged, digest-verified copy** of that ELF to get the address/size (falling back to `read_elf_symbol` off the symbol table for untyped/assembly symbols).

That `symbol_elf` is the ELF **this service itself flashed**, tracked in `AgenticHILToolset` (`src/agentic_hil/tools.py`):

- `flash_firmware` (`src/agentic_hil/tools.py:274-312`) calls `self._remember_symbol_elf(validation[""artifact""], result)` after a flash attempt.
- `_remember_symbol_elf` (`src/agentic_hil/tools.py:314-336`) records `self._symbol_elf = artifact` only if the flash reported `ok: True` **and** the flashed file has a `.elf` extension (a `.hex`/`.bin` carries no symbols, so it clears the remembered ELF instead). It also drops the remembered ELF if a flash's outcome isn't provably `not_started`, since a partially-written target can no longer trust an old symbol source.
- The tool-level `debug_symbol_value` (`src/agentic_hil/tools.py:443-452`) passes `self._symbol_elf` straight into `self.backend.debug_symbol_value(symbol, self._symbol_elf)`.

If no ELF has been remembered (e.g., a `.hex`/`.bin` was flashed, or nothing has been flashed yet), `resolve_symbol_offline` returns an `symbol_source_not_available` error telling the caller to flash the ELF first (`src/agentic_hil/backends/gdbdebug.py:1550-1560`). The recorded artifact's `sha256`/`integrity_sha256` is also re-verified against the file on disk at read time to guard against the file being rebuilt/replaced after flashing (`src/agentic_hil/backends/gdbdebug.py:1596-1604`).",True,False,True,src/agentic_hil/tools.py;src/agentic_hil/backends/stlink.py,True,"Answer identifies tools.py's _remember_symbol_elf/_symbol_elf tracking, the stlink debug_symbol_value memory read path, and read_elf_symbol fallback, matching expected locations and behaviour.",0.133419,0.116374,0.017045,0.116374,,multi_hop,true,S,agentic_hil,1139248,49
agentic_hil_q07,indexed_topk3,3343,441,0,0,2,False,end_turn,,6.939,2026-09-15T20:39:48Z,"The pytest plugin that provides the `agentic_hil` fixture is defined in **`src/agentic_hil/pytest_plugin.py`**.

This module:
- Registers CLI options and ini settings via `pytest_addoption` (adds `--agentic-hil-config` option and `agentic_hil_config` ini setting).
- Defines a session-scoped `agentic_hil_config` fixture that loads the authoritative configuration (via `load_authoritative_config`).
- Defines a session-scoped `_agentic_hil_service` fixture that builds an `AgenticHILToolService` (from `agentic_hil.tools`) using that config.
- The `agentic_hil` fixture itself (built on top of `_agentic_hil_service`) exposes a `.call(name, arguments)` interface so tests can drive the same tools as the CLI/MCP server, per the description in `src/agentic_hil/skills/agentic-hil/SKILL.md`.

The plugin is registered as an installed pytest plugin for the `agentic-hil` distribution (entry point), making the `agentic_hil` fixture available to any test session that has the package installed.",True,True,True,src/agentic_hil/pytest_plugin.py,True,"The answer names the expected file src/agentic_hil/pytest_plugin.py and identifies the agentic_hil fixture, agentic_hil_config fixture, and pytest_addoption, matching the expected symbols.",0.018466,0.011096,0.00737,0.011096,,locate,false,S,agentic_hil,1139248,49
agentic_hil_q29,indexed_topk3,17079,1087,0,0,3,False,end_turn,,27.636,2026-09-15T20:39:58Z,"## Answer

The closed JSON Schema that governs which actions (steps) and keys a test plan may contain is the packaged file:

**`src/agentic_hil/schemas/testconfig.schema.json`**

This is a Draft 2020-12 JSON Schema, structured with a `steps` definition under `$defs` whose `items` is a `oneOf` list — one alternative per allowed step `action` (e.g. via a `const` on `action`), each with `additionalProperties`-style closure so only recognized keys are permitted per step. It also carries an `x-since-version` (`PLAN_FEATURE_VERSION_KEY`) annotation on steps/keys to mark which plan format version introduced them, and a `version` property with an `enum` of supported format versions.

Key references in code:

- **Resource path constant**: `TEST_CONFIG_SCHEMA_RESOURCE = ""schemas/testconfig.schema.json""` in `src/agentic_hil/knowledge.py`.
- **Loading**: `plan_schema_text()` and the cached `plan_schema_document()` in `src/agentic_hil/knowledge.py` read and parse this file via `resources.files(""agentic_hil"").joinpath(TEST_CONFIG_SCHEMA_RESOURCE)`.
- **Validation against it**: `src/agentic_hil/test_reactor.py` (`raise_test_config_validation_error`) reports `additionalProperties`/`required`/`oneOf` violations from validating a plan against this schema — this is what enforces the ""closed"" set of actions/keys at runtime.
- **Introspection/documentation generation from it**: `_plan_step_entries`, `_plan_feature_version`, `_plan_version_enum`, `_plan_version_rows`, `_plan_step_index_rows` in `src/agentic_hil/knowledge.py` walk this same schema (via its `$defs.steps.items.oneOf`) to derive the list of valid step actions and per-version key additions, ensuring documentation can't drift from the schema itself.

So while enforcement logic lives in Python (`test_reactor.py`, `knowledge.py`), the actual closed set of allowed actions/keys is declared declaratively in `src/agentic_hil/schemas/testconfig.schema.json`.",True,True,True,src/agentic_hil/schemas/testconfig.schema.json,True,"The answer names the expected file src/agentic_hil/schemas/testconfig.schema.json as the closed schema and mentions x-since-version plus the per-action oneOf structure, matching the expected location and behaviour.",0.054323,0.045028,0.009295,0.045028,,locate,false,S,agentic_hil,1139248,49
agentic_hil_q05,indexed_topk3,25296,755,0,0,4,False,end_turn,,16.952,2026-09-15T20:40:29Z,"The JUnit XML for a plan (test-reactor) run is generated in `src/agentic_hil/junit.py`:

- **`junit_xml_document(result, *, plan_steps=())`** — builds the actual JUnit XML document as a string, mapping each planned step to a `<testcase>` element (`skipped`/`failure` as appropriate), using the executed step records plus the loaded plan steps to account for steps that never ran (e.g., after an abort).
- **`write_junit_xml(junit_xml_path, result, *, plan_steps=())`** — calls `junit_xml_document` and writes the result to the operator-specified path (creating parent directories as needed).
- **`result_with_junit_xml(result, junit_xml_path, *, plan_steps=())`** — wraps `write_junit_xml`, attaching the `junit_xml` path (or a `junit_xml_error`) onto the run's JSON result.
- **`write_refusal_junit_xml(junit_xml_path, refusal, *, plan_steps=())`** — best-effort variant used when a run is refused before producing a report.

This is wired into the CLI's `test-reactor` command dispatch in `src/agentic_hil/cli.py` (`dispatch`, `run_test_reactor`), which is invoked when `--junit-xml` is passed (and refused for `--detach` runs via `detached_junit_refusal`).",True,True,True,src/agentic_hil/junit.py,True,"The answer names the expected file src/agentic_hil/junit.py and both expected symbols write_junit_xml and junit_xml_document, with accurate supporting detail.",0.065392,0.058142,0.00725,0.058142,,locate,false,S,agentic_hil,1139248,49
agentic_hil_q34,indexed_topk3,7360,531,0,0,2,False,end_turn,,8.74,2026-09-15T20:40:48Z,"## Answer

Per `SymbolComparator` in `src/agentic_hil/test_reactor.py` (lines 2147–2192), a `read_symbol` plan step's comparator can make **three claims** about the integer that `debug_symbol_value` decodes from the symbol's bytes:

1. **`equals`** — the value must equal one specific number.
2. **`range`** — the value must fall within inclusive `min`/`max` bounds.
3. **`mask`** (paired with `equals`) — a bitwise claim, `(value & mask) == equals`, letting a plan assert one flag of a status word without constraining the rest of it.

The **`signed`** flag selects *which of the tool's two integer readings* the claim is judged against — `debug_symbol_value` returns both a signed and an unsigned interpretation of the same bytes (they agree below the top bit and diverge above it). `signed=True` selects `value_signed`; the default (`False`) selects `value_unsigned`. This is exposed via the `reading` property, which returns `""value_signed""` or `""value_unsigned""` accordingly. Note that `mask` and `signed` are mutually exclusive (enforced by the schema), since a mask selects specific bits while a sign is a reading of the whole width.",True,True,True,src/agentic_hil/test_reactor.py,True,"The answer names SymbolComparator in test_reactor.py, correctly lists equals/range/mask claims and explains signed selecting value_signed vs value_unsigned readings.",0.03166,0.02003,0.01163,0.02003,,trace,true,S,agentic_hil,1139248,49
agentic_hil_q06,indexed_topk3,5574,754,0,0,2,False,end_turn,,13.089,2026-09-15T20:41:01Z,"Secrets are masked out of captured process output (stdout/stderr streams) in **`src/agentic_hil/redact.py`**, specifically:

- **`redact_stream_text(text: str)`** (lines ~219-230) — this is the function that operates on one captured process stream. It first runs `_mask_url_userinfo(text)` to strip credentials embedded in URLs, then applies a series of content patterns (`_CONTENT_PATTERNS`) via regex substitution to mask other credential-shaped spans (tokens, keys, etc.) inside the text.

- **`redact_sensitive(value: object)`** (lines ~233-240) — the higher-level entry point that recursively walks a dict/list structure (e.g., a report or result object), replacing values under secret-named keys (`token`, `password`, `api_key`, etc.) with a placeholder, and applying the stream-content masking (via `_redact_member`, which calls `redact_stream_text` on captured stream values) so that credential-shaped content buried in captured stdout/stderr is also masked, not just secret-named fields.

This `redact_sensitive`/`redact_stream_text` pair is the shared masking pass used before data leaves the server: it's invoked in the JSON output sink in `src/agentic_hil/cli.py` (`print_json`, which calls `redact_sensitive(value)` before writing to stdout) and is also reused for run-evidence documents per the design notes in `src/agentic_hil/runevidence.py`, which explains that the same `redact_stream_text` pass is applied to every string going into the two reviewer-facing evidence documents (with the noted exception that raw copied logs under `state_root` are left untouched because they must remain hash-chained/byte-for-byte copies).",True,True,True,src/agentic_hil/redact.py,True,"The answer names the expected file src/agentic_hil/redact.py and both expected symbols redact_stream_text and redact_sensitive, describing their masking behaviour accurately.",0.026613,0.018688,0.007925,0.018688,,locate,false,S,agentic_hil,1139248,49
agentic_hil_q08,indexed_topk3,46595,1258,0,0,6,False,end_turn,,32.823,2026-09-15T20:41:17Z,"## Answer

The `BenchMutex` class in **`src/agentic_hil/bench.py`** is the module that arbitrates exclusive, machine-wide access to a ""bench"" (the set of physical hardware resources/devices).

- Its `acquire(resources, *, wait_s=0.0, stop_requested=None)` method takes machine-wide file locks on named physical devices, either taking all of them or none (all-or-nothing). It **returns the list of resources newly taken** by that call (`list[str]`) — an already-held device contributes nothing to that list.
- If a requested resource is already held by another owner, it raises `DeviceBusyError`, which carries a `result` dict naming the current holder (used elsewhere, e.g. `src/agentic_hil/cli.py`, to report ""open holds"" back to the caller).
- There's also `acquire_named(resource, *, wait_s=0.0)` for locking a single named resource (device or pseudo-resource like `debugger-discovery:all`), returning a bool for whether it was newly taken.
- Callers release what they hold via `release(resources)` or `release_all()`.

So concretely: a caller that successfully acquires a bench gets back the **list of resource names it newly locked** (from `acquire`), or a bool from `acquire_named`; on contention it instead receives a `DeviceBusyError` whose `.result` names the current holder.

Higher-level wrappers build on this same mechanism:
- `devices.py`'s `Device.acquire(bench, ...)` wraps `bench.acquire` and returns a plain `bool` (true if it newly took the lock).
- `devices.py`'s `DeviceSet.acquire(bench, ...)` wraps the same call for a whole declared set, returning the list of newly-taken keys, guaranteeing ""hold every device in this set, or hold none of them.""",False,False,False,,False,"The answer names BenchMutex in bench.py returning a list of resource names, not HardwareCoordinator in coordination.py handing back a HardwareLease; wrong file and symbols.",0.11399,0.10577,0.00822,0.10577,,locate,false,S,agentic_hil,1139248,49
agentic_hil_q10,indexed_topk3,12317,629,0,0,3,False,end_turn,,11.976,2026-09-15T20:41:53Z,"In `AgenticHILToolService.flash_firmware` (`src/agentic_hil/tools.py`, lines ~274-310), when both `image_path` and `artifact_id` are present in the payload:

```python
image_path = payload.get(""image_path"")
artifact_id = payload.get(""artifact_id"")
if bool(image_path) == bool(artifact_id):
    return tool_error(""flash_firmware"", ""invalid_argument"", ""Provide exactly one of image_path or artifact_id."")
```

Since `bool(image_path)` and `bool(artifact_id)` are both truthy, the check `bool(image_path) == bool(artifact_id)` evaluates to `True` (both `True`), so it short-circuits immediately and returns an error result via `tool_error(...)` with:

- `error_type`: `""invalid_argument""`
- `summary`: `""Provide exactly one of image_path or artifact_id.""`

The function does **not** proceed to permission checks beyond the initial `allow_flash` check, does not validate either path/artifact, does not stage anything, and does not call `self.backend.flash_firmware`. It simply rejects the request as an invalid argument because exactly one of the two fields must be supplied, not both (the same ""exactly one of"" pattern is also used identically in `debug_start_session`, per `src/agentic_hil/tools.py`).",True,True,True,src/agentic_hil/tools.py,True,"The answer correctly identifies flash_firmware in src/agentic_hil/tools.py returning tool_error with invalid_argument when both fields are supplied, matching the expected file and symbols.",0.038379,0.030924,0.007455,0.030924,,trace,false,S,agentic_hil,1139248,49
agentic_hil_q02,indexed,13855,862,0,0,2,False,end_turn,,11.954,2026-09-15T19:54:09Z,"## Answer

The core logic lives in **`src/agentic_hil/elfsymbols.py`**, in the function **`_read_symbol`** (and its public wrapper `read_elf_symbol`). This code parses the ELF header, section headers, and symbol table (`SHT_SYMTAB`) directly with `struct.unpack` — no debugger involved — to find a named symbol's `st_value` (address) and `st_size` (size). It handles both 32/64-bit ELF classes and endianness, guards against malformed/hostile files (bounds-checked reads via `_read_at`, `MAX_SECTIONS`/`MAX_SYMBOLS` caps), and returns `not_found`, `no_size`, or `ambiguous` reasons when the lookup doesn't cleanly resolve.

This is invoked as a **fallback** from two call sites in the backend layer, used specifically when GDB's expression evaluator can't answer (e.g., for untyped assembly-defined symbols like `g_pfnVectors` that have no DWARF type info):

1. **`src/agentic_hil/backends/gdbdebug.py`**, method `_resolve_symbol` (around line 1061) — used when a live GDB debug session has an ELF loaded but the `&symbol`/`sizeof(symbol)` expression query fails; it reads the symbol table straight out of `session.artifact[""resolved_path""]`.

2. **`src/agentic_hil/backends/gdbdebug.py`**, function `resolve_symbol_offline` (around line 1541–1621) — used for the sessionless ST-Link and pyOCD backends. It stages a digest-verified private copy of the flashed ELF, spawns GDB in batch mode to try the debug-info route first, and if that fails, calls `read_elf_symbol(staged_elf, symbol)` directly against the file.

Both call the same underlying ELF-parsing code in `elfsymbols.py`, and the design rationale is documented in `CHANGELOG.md` (entry referencing issue #187): GDB has no reliable command to report a minimal (non-DWARF) symbol's size, so the fallback reads `st_value`/`st_size` straight from the ELF file's symbol table instead.",True,True,True,src/agentic_hil/elfsymbols.py,True,"The answer names the expected file src/agentic_hil/elfsymbols.py and the function read_elf_symbol (plus internal helper), accurately describing direct ELF symbol table parsing for address and size.",0.0454,0.03633,0.00907,0.03633,,locate,true,M,agentic_hil,2017476,172
agentic_hil_q01,agentic,14888,308,0,0,3,False,end_turn,,7.817,2026-09-15T19:54:25Z,"The OpenOCD debugger backend is implemented in `src/agentic_hil/backends/openocd.py`, which exposes the `OpenOCDBackend` class (referenced/imported in `src/agentic_hil/debugger.py`, e.g. `from agentic_hil.backends.openocd import OpenOCDBackend`).",True,True,True,src/agentic_hil/backends/openocd.py,True,"The answer names the expected file src/agentic_hil/backends/openocd.py and the expected class OpenOCDBackend, matching the expected location and symbol.",0.038306,0.032856,0.00545,0.032856,,locate,false,M,agentic_hil,2017476,172
agentic_hil_q01,indexed,9056,166,0,0,2,False,end_turn,,5.891,2026-09-15T19:54:35Z,"The OpenOCD debugger backend is implemented in `src/agentic_hil/backends/openocd.py`, which exposes the `OpenOCDBackend` class (with `backend_name = ""openocd""`). It implements the `DebuggerBackend` protocol defined in `src/agentic_hil/debugger.py`.",True,True,True,src/agentic_hil/backends/openocd.py,True,"The answer names the expected file src/agentic_hil/backends/openocd.py and the expected class OpenOCDBackend, with accurate supporting detail.",0.025177,0.019772,0.005405,0.019772,,locate,false,M,agentic_hil,2017476,172
agentic_hil_q02,agentic,14117,845,0,0,2,False,end_turn,,10.839,2026-09-15T19:54:43Z,"The core module is `src/agentic_hil/elfsymbols.py`. It manually parses an ELF file's headers, section table, and symbol table to read a symbol's `st_value` (address) and `st_size` straight from the file's on-disk symbol table, entirely without invoking a debugger or attaching to a target.

Key points:
- `src/agentic_hil/elfsymbols.py` (module docstring: ""Address and size for one symbol, read out of an ELF's own symbol table"") defines the ELF constants (`ELF_MAGIC`, `ELF_CLASS_32/64`, `SYMBOL_FORMAT`, `SYMBOL_FIELDS`, `SECTION_TABLE_FIELDS`, etc.) and functions that parse the ELF identification bytes, header, section headers, and symbol table entries directly with `struct` unpacking (no external debugger).

This module is used as a fallback path by the debug backends when GDB/DWARF can't resolve a symbol's type (e.g., assembly-defined symbols with no DWARF info):
- `src/agentic_hil/backends/gdbdebug.py` — `GDBSymbolResolver`/related functions (e.g., around lines 1017, 1542, 1654) explicitly fall back to reading `st_value`/`st_size` from the ELF symbol table via `elfsymbols` when GDB's debug-information-based resolution has no type to work with.
- `src/agentic_hil/backends/stlink.py` and `src/agentic_hil/backends/pyocd.py` and `src/agentic_hil/backends/openocd.py` reference this same offline symbol resolution against the flashed ELF (`symbol_elf`, `offline_symbol_info`, `symbol_source`), also using the ELF-only fallback for symbols with no debug information.

So the direct ""read straight out of the ELF file"" logic lives in `src/agentic_hil/elfsymbols.py`, invoked as a fallback from the debug backends in `src/agentic_hil/backends/gdbdebug.py` (and similarly relied upon by `stlink.py`/`pyocd.py`/`openocd.py`) when resolving symbol address/size without needing an active debugger session for that specific step.",True,True,False,src/agentic_hil/elfsymbols.py,True,"The answer identifies src/agentic_hil/elfsymbols.py as the module parsing ELF headers and symbol tables for st_value/st_size without a debugger, matching the expected file and behavior.",0.045749,0.036684,0.009065,0.036684,,locate,true,M,agentic_hil,2017476,172
agentic_hil_q02,indexed_topk3,19289,1164,0,0,4,False,end_turn,,16.505,2026-09-15T19:54:57Z,"## Answer

The code lives in **`src/agentic_hil/elfsymbols.py`**, in the `read_elf_symbol()` public function (which opens the file and delegates to the internal `_read_symbol()` helper).

`_read_symbol(handle, symbol)` (lines ~109‑147) manually:
1. Reads and validates the ELF identification header (magic bytes, class, byte order).
2. Walks the section headers via `_sections()` / `_section_header()` to locate `SHT_SYMTAB` sections.
3. Loads the associated string table with `_section_bytes()`.
4. Iterates symbol table entries with `_symbols()` (which unpacks raw `Elf32_Sym`/`Elf64_Sym` structs with `struct.unpack`), matching entries by name via `_symbol_name()`.
5. For a defined, non-zero-size match, returns `{""ok"": True, ""address"": entry[""value""], ""size_bytes"": entry[""size""]}` — i.e., the symbol's `st_value` and `st_size` straight from the ELF symbol table, all done with raw binary parsing (`struct`, manual offset reads) rather than any debugger or `pyelftools`-style abstraction.

This is invoked as a fallback whenever GDB expression evaluation can't type a symbol (e.g., assembly-defined symbols like a vector table with no DWARF info):

- `src/agentic_hil/backends/gdbdebug.py:1061-1067` (`_resolve_symbol`) — calls `read_elf_symbol(str(session.artifact[""resolved_path""]), symbol)` directly against the loaded ELF on disk.
- `src/agentic_hil/backends/gdbdebug.py:1619-1646` — calls `read_elf_symbol(staged_elf, symbol)` against the digest-verified staged copy of the flashed image, used specifically when GDB's debug-info-based markers (`GDB_SYMBOL_ADDRESS_MARKER`/`GDB_SYMBOL_SIZE_MARKER`) come back empty.

So the ELF-file-only (no live debugger/target) symbol address+size lookup is implemented in `elfsymbols.py`'s `_read_symbol`/`read_elf_symbol`, and it's consumed from `gdbdebug.py` as the ""elf_symbol_table"" resolution path (`resolved_from: ""elf_symbol_table""`).",True,True,True,src/agentic_hil/elfsymbols.py,True,"The answer names the expected file src/agentic_hil/elfsymbols.py and the read_elf_symbol function, accurately describing raw ELF symbol table parsing for address and size.",0.059473,0.050218,0.009255,0.050218,,locate,true,M,agentic_hil,2017476,172
agentic_hil_q01,indexed_topk3,3843,156,0,0,2,False,end_turn,,4.178,2026-09-15T19:55:16Z,"The OpenOCD debugger backend is implemented in `src/agentic_hil/backends/openocd.py`, which exposes the `OpenOCDBackend` class (with `backend_name = ""openocd""`).",True,True,True,src/agentic_hil/backends/openocd.py,True,"The answer names the expected file src/agentic_hil/backends/openocd.py and the expected class OpenOCDBackend, matching the question exactly.",0.014416,0.009246,0.00517,0.009246,,locate,false,M,agentic_hil,2017476,172
agentic_hil_q25,indexed,35558,1455,0,0,3,False,end_turn,,24.25,2026-09-15T20:42:08Z,"## How the report carries proof of audit-log integrity

The report an agent reads back (via `get_last_report` or `classify_last_error` in `src/agentic_hil/tools.py`) includes a `canonical_audit` block that is computed **fresh at read time** rather than being a stored/stale claim baked into the report file. This is done by `attach_canonical_audit_evidence`, which calls `canonical_audit_evidence` (both in `src/agentic_hil/report.py`).

**The underlying mechanism:**

1. **Trusted canonical ledger with hash chain** — Every agent-initiated hardware effect is first mirrored into a canonical audit log kept under the operator-pinned `state_root` (outside the workspace, so it's trusted rather than agent/workspace-writable). Each append advances a SHA-256 hash chain and a monotonic sequence number, stored in a sidecar digest file (`append_canonical_audit_log`, `report.py:105-130`). Full-file rewrites (e.g. GDB session snapshots) do the same via `write_audit_log` (`report.py:133-150`), refreshing the canonical copy and its digest together.

2. **The workspace log is explicitly untrusted** — the log path an agent/tool actually reads (`log_path` in the result) is only a mirror; it's writable within the workspace and therefore not trusted on its own.

3. **Evidence attached to the report** — `canonical_audit_evidence` (`report.py:160-197`) reads the canonical file and its digest sidecar, then checks that **every line of the canonical (trusted) log still appears, in order, as a subsequence within the workspace mirror** (`_is_ordered_subsequence`, `report.py:154-157`). It returns:
   - `canonical_log_present`
   - `canonical_log_name` (basename only — the absolute state-root path is withheld from operator/MCP output)
   - `log_sequence` and `log_chain_sha256` (the trusted chain digest/sequence)
   - `workspace_log_verified` — `True` only if no canonical effect record was deleted, altered, or reordered in the workspace mirror (extra untracked ""passive feedback"" lines, like COM RX data, are tolerated since they were never mirrored into the canonical ledger).

4. **Attachment point** — `get_last_report` and `classify_last_error` (via `classify_failure_report`) both call `attach_canonical_audit_evidence(config, result)` before returning, so the `canonical_audit` block is computed against the *current* state of the ledger and workspace log at the moment of the read, not frozen into the report when it was originally written (`report.py:200-213`, `tools.py:469-476`, `report.py:880-882`).

So the proof the agent receives isn't a signature per se — it's a live, recomputed comparison: the trusted, hash-chained canonical log under `state_root` is checked against the untrusted workspace log the report names, and the `workspace_log_verified` flag (plus `log_sequence`/`log_chain_sha256`) tells the reader whether the log it can see still matches, in order, every effect the trusted ledger recorded.

**Relevant files/functions:** `src/agentic_hil/report.py` (`append_canonical_audit_log`, `write_audit_log`, `canonical_audit_evidence`, `attach_canonical_audit_evidence`, `_is_ordered_subsequence`), `src/agentic_hil/tools.py` (`get_last_report`, `classify_last_error`), and design notes in `docs/security-design.md` and `docs/test-plan-contract.md`.",True,True,True,src/agentic_hil/tools.py;src/agentic_hil/report.py,True,"The answer names the expected files and all three expected symbols, accurately describing the hash-chained canonical log and live subsequence verification attached to reports at read time.",0.096666,0.085666,0.011,0.085666,,multi_hop,false,M,agentic_hil,2017476,172
agentic_hil_q35,agentic,27583,1562,0,0,7,False,end_turn,,27.163,2026-09-15T20:42:35Z,"## Answer

`BenchMutex.acquire` (in `src/agentic_hil/bench.py`) requests devices one at a time in sorted order via its internal `_take` helper, all under a single call. If it reaches a device that's currently locked by another owner:

1. **`_take`** tries to grab that device's OS-level file lock (`_LifetimeLock`). If it can't (because someone else holds it), it polls until either:
   - `stop_requested()` returns true → raises `DeviceWaitStoppedError` (a cooperative-stop signal), or
   - the wait deadline (`wait_s`, default `0.0`, so effectively immediate) is exceeded → raises `DeviceBusyError`, populated via `busy_result()`, which names the current holder (`BenchOwner` info: pid, host, frontend, label) read from that device's on-disk holder record, plus timing info like `held_since`/`heartbeat_age_s`.

2. Back in **`acquire`**, this exception is caught by a `try/except BaseException` wrapped around the loop over `wanted` resources. On any exception, it walks back through everything it had already newly taken in *this* call (`taken`, in reverse order) and releases each one via `_drop`, then re-raises the original exception.

So the operation is **all-or-nothing**: as soon as one requested device is found busy, any devices already newly acquired earlier in that same `acquire()` call are released, and a `DeviceBusyError` (or `DeviceWaitStoppedError` if a stop was requested during a wait) naming the actual holder propagates to the caller. No partial hold is ever left in place — this matches the class docstring's stated invariant that ""two owners reaching for an overlapping set cannot each keep half of it.""

Relevant code: `BenchMutex.acquire`, `BenchMutex._take`, `BenchMutex._drop`, `BenchMutex.busy_result` in `src/agentic_hil/bench.py`.",True,True,True,src/agentic_hil/bench.py,True,"The answer correctly locates BenchMutex.acquire/_take in bench.py and describes the all-or-nothing rollback plus DeviceBusyError with holder info, matching expected behavior despite not naming validated_wait.",0.081526,0.070786,0.01074,0.070786,,trace,true,M,agentic_hil,2017476,172
agentic_hil_q39,indexed,82267,3477,0,0,4,False,end_turn,,40.401,2026-09-15T20:43:05Z,"## The path from plan file to a GDB breakpoint

**1. Plan YAML → `TestStep`.** A step like

```yaml
- {device: dut, action: run_until_breakpoint, location: capture_done, timeout_s: 5}
```

is parsed into a `TestStep` with `action == ""run_until_breakpoint""` and `arguments = {""location"": ""capture_done"", ""timeout_s"": 5}`. The plan's declared `version:` gates which actions are even legal (`run_until_breakpoint` has been valid since version 2; `reject_superseded_plan_version` in `src/agentic_hil/test_reactor.py` refuses version‑1 plans outright).

**2. Preflight (no hardware touched).** `DebuggerRunner.preflight` (`src/agentic_hil/test_reactor.py`, the classmethod around line 2410) runs before any tool call and can refuse the whole plan for this step:
- The named debugger must exist and the action needs an open debug session (`state.debug_session` must already be set by a prior `debug_start`, on the same debugger).
- Because `_run_until_breakpoint` unconditionally calls `debug_continue` after the breakpoint is set, `permissions.allow_debug_execution` on that debugger is checked here — failing gives `permission_preflight_error(..., ""allow_debug_execution"")` even though the backend would refuse it later anyway.
- The symbol is pulled out via `breakpoint_symbol(step.arguments.get(""location""))`. If it resolves to `None` (a `{file, line}` location instead of a name) and `config.debug.allow_all_symbols` is false, the step is refused (`ALLOW_ALL_SYMBOLS_PERMISSION`).
- If it resolves to a name, `symbol_allowed(config, symbol)` (`allow_all_symbols or symbol in config.debug.allowed_symbols`) must pass, or the step is refused with `""Symbol is not allowed by the authoritative debug config.""`.

**3. Execution.** `DebuggerRunner._run_until_breakpoint` (`test_reactor.py`) calls the service:
```python
self.service.call(""debug_set_breakpoint"", {""location"": arguments[""location""]})
```
This goes through `AgenticHILToolService.debug_set_breakpoint` (`src/agentic_hil/tools.py`), which validates the argument shape (`location` must be a non-empty string or object) and forwards to the backend's `debug_set_breakpoint`.

**4. Backend (`GdbDebugBackend.set_breakpoint`, `src/agentic_hil/backends/gdbdebug.py`).** This is where the actual GDB interaction happens, and where more refusals live:
- `_require_session` — no live session ⇒ refused.
- `normalize_breakpoint_location` / `normalize_symbol_location` — a string or `{symbol|function}` must match `DEBUG_SYMBOL_PATTERN` (a valid C/C++ identifier); anything else is `invalid_argument`.
- If it resolved to a symbol, `_validate_symbol` re-checks `debug.allowed_symbols`/`allow_all_symbols` (defense in depth, same rule as preflight, shared logic also in `validate_debug_symbol`).
- If it resolved to a bare `{file, line}` instead, `debug.allow_all_symbols` is checked again at the backend level.
- Only after all that does it issue `-break-insert <location>` over GDB/MI (`self._gdb_command(session, f""-break-insert {mi_string(...)}"")`).
- The MI reply is parsed for a numeric breakpoint id; success records the breakpoint in `session.breakpoints`. Failure modes here are also refusals/uncertainties: a timed-out or unparsable MI reply is treated as an ""unconfirmed effect"" and tracked as a `provisional` breakpoint requiring cleanup, and a broken audit log (`self._audit_broken`) turns even a successful insert into an `audit_broken` failure with `cleanup_required`/`quarantined`.

**5. After the breakpoint, `_run_until_breakpoint` calls `debug_continue`**, and finally `debug_clear_breakpoints`, checking that the stop reason was actually `breakpoint_hit` at the expected breakpoint id before declaring the step a pass.

### What can refuse it, end to end
- Plan version too old for the action (`reject_superseded_plan_version`).
- No debug session open for that debugger, or session opened by a different debugger (`preflight`).
- `debug.allow_debug_execution` false on the debugger (preflight, since the step always resumes).
- No symbol given and `debug.allow_all_symbols` false (preflight and again at the backend).
- Symbol given but not in `debug.allowed_symbols` and `allow_all_symbols` false (`symbol_allowed` in preflight, `_validate_symbol`/`validate_debug_symbol` in the backend).
- Symbol/location fails the identifier/file-line syntax check (`normalize_symbol_location`, `DEBUG_SYMBOL_PATTERN`).
- GDB itself refuses or fails to confirm `-break-insert` (timeout, unparsable id) → provisional/quarantined breakpoint requiring cleanup.
- A broken audit log at the moment of a successful insert → reported as `audit_broken` even though the breakpoint exists.",True,True,True,src/agentic_hil/test_reactor.py;src/agentic_hil/backends/gdbdebug.py,True,"Answer traces plan step through test_reactor preflight (breakpoint_symbol, symbol_allowed) to gdbdebug set_breakpoint/normalize_breakpoint_location, naming all expected files and symbols plus accurate refusal points.",0.216514,0.199304,0.01721,0.199304,,multi_hop,false,M,agentic_hil,2017476,172
agentic_hil_q37,agentic,5948,870,0,0,3,False,end_turn,,10.431,2026-09-15T20:43:49Z,"## Behavior for non-standard lengths

In `decode_symbol_value` (`src/agentic_hil/backends/gdbdebug.py:1733`), the raw bytes are always returned as hex (`result[""hex""] = data.hex()`). Only if `len(data)` is one of the widths in `INTEGER_VALUE_WIDTHS` (1, 2, 4, or 8) does it also compute `value_unsigned`/`value_signed` via `int.from_bytes`.

If the length is anything else (e.g. 3 or 408 bytes), it does **not** attempt any integer decoding. Instead it sets:

```python
result[""value_not_decoded""] = ""size_bytes is not 1, 2, 4 or 8, so the bytes carry no single integer reading.""
```

The docstring explains the rationale: such data ""carry no single integer reading,"" so no interpretation is invented—only the hex bytes are returned.

## Source of the byte order

The `order` argument is a dict expected to contain `""byte_order""`, produced by `image_byte_order()` (same file, `gdbdebug.py:1709`). That function determines the order by:

1. Calling `read_elf_byte_order(elf_path)` to read the ELF header's `EI_DATA` field.
2. If the ELF declares an order, using it (`byte_order_from: ""elf_header""`).
3. If not declared (stub/truncated file), falling back to `DEFAULT_SYMBOL_VALUE_BYTE_ORDER` (`byte_order_from: ""default""`).

So `decode_symbol_value` itself doesn't choose the byte order—it just reads `order[""byte_order""]` (set via `byte_order = str(order[""byte_order""])`) and passes that into `int.from_bytes(data, byte_order, ...)`, echoing the whole `order` dict (including `byte_order_from`) back into its result. The actual order comes from the ELF's declared endianness (`EI_DATA`) via `image_byte_order`/`read_elf_byte_order`, not from any assumption about the target architecture.",True,False,True,src/agentic_hil/backends/gdbdebug.py,True,"The answer correctly identifies decode_symbol_value in gdbdebug.py, the INTEGER_VALUE_WIDTHS check, hex-only/value_not_decoded fallback, and byte order from image_byte_order/read_elf_byte_order reading the ELF header.",0.030346,0.020596,0.00975,0.020596,,trace,false,M,agentic_hil,2017476,172
agentic_hil_q03,indexed,8706,550,0,0,2,False,end_turn,,9.193,2026-09-15T20:44:03Z,"The broker is implemented in `src/agentic_hil/canbroker.py`, specifically the `CanBroker` class.

- **`CanBroker`** (`src/agentic_hil/canbroker.py:519`) — ""One process, one physical bus, many named participants."" It owns the bus lock and adapter for its whole life; every participant read/write to the medium passes through it (e.g. `take_bus`, `open_bus`, the attach handler, `_handle_read`, `_draw_from_bus`).
- The `main()` function (`src/agentic_hil/canbroker.py:1602`) is the CLI entry point (`agentic-hil-can-broker`) that starts a broker process for a given `--bus-id`.
- Supporting config types live in `src/agentic_hil/types.py`, e.g. `CanShareConfig`, which defines a named participant ""share"" (filter/view/permissions) of a bus that the broker owns.
- The design rationale is documented in `docs/can-service-design.md` (""CAN as a Service: One Bus Owner, Named Participants""), and the client-side interaction with the coordinator/shared-bus refusal path is in `src/agentic_hil/can.py` (e.g. `sharing_advertisement`, session-start logic around line 453).

In short: one `CanBroker` process holds the exclusive physical bus lock and opens the adapter once, while other processes attach as named ""participants"" (`<bus-key>#<name>`) to share that single connection.",True,True,True,src/agentic_hil/canbroker.py,True,"The answer correctly identifies src/agentic_hil/canbroker.py and the CanBroker class as the broker, matching the expected primary location despite not naming BrokerDescriptor.",0.030467,0.022912,0.007555,0.022912,,locate,true,M,agentic_hil,2017476,172
agentic_hil_q32,agentic,9717,506,0,0,3,False,end_turn,,6.615,2026-09-15T20:44:15Z,"In `src/agentic_hil/elfsymbols.py`, `read_elf_symbol` (implemented via `_read_symbol`) tracks a `defined` flag alongside the `found` set of `(value, size)` pairs. For each matching symbol table entry with `shndx != SHN_UNDEF`, `defined` is set `True`, but the entry is only added to `found` if `entry[""size""] > 0`.

- **Name present with `st_size == 0`** (a bare assembler label with no `.size` directive): `defined` is `True` but `found` stays empty, so the function returns `{""ok"": False, ""reason"": ""no_size""}`.
- **Name not present in the symbol table at all**: `defined` stays `False` and `found` is empty, so it returns `{""ok"": False, ""reason"": ""not_found""}`.

Per the module's docstring, this distinction matters for the caller: `no_size` implies the fix is adding a `.size` directive, while `not_found` implies the symbol itself needs to be added (lines 81-94 and 138-143 of `src/agentic_hil/elfsymbols.py`).",True,True,True,src/agentic_hil/elfsymbols.py,True,Answer names the expected file and symbols and correctly distinguishes the zero-size 'no_size' result from the absent-symbol 'not_found' result.,0.031289,0.024494,0.006795,0.024494,,trace,true,M,agentic_hil,2017476,172
agentic_hil_q32,indexed,7050,661,0,0,2,False,end_turn,,8.366,2026-09-15T20:44:24Z,"## Answer

`read_elf_symbol` (in `src/agentic_hil/elfsymbols.py`) distinguishes these two cases via the `reason` field of its failure result:

- **Name present but with `st_size == 0`** (a bare assembler label with no `.size` directive): returns `{""ok"": False, ""reason"": ""no_size""}`.
- **Name not present in the symbol table at all** (never defined, i.e., undefined or no matching entry): returns `{""ok"": False, ""reason"": ""not_found""}`.

This distinction is implemented in `_read_symbol` (`src/agentic_hil/elfsymbols.py:104-147`), which tracks a `defined` flag while scanning `SHT_SYMTAB` sections: it sets `defined = True` whenever it finds an entry matching the name that isn't `SHN_UNDEF`, but only adds it to the `found` set (address, size) when `entry[""size""] > 0`. At the end:

```python
if not found:
    return {""ok"": False, ""reason"": ""no_size"" if defined else ""not_found""}
```

So a zero-size symbol is never treated as a successful zero-byte read; it's explicitly refused with `no_size` (as opposed to `not_found`) because — per the docstring on `read_elf_symbol` — ""a symbol the table carries with `st_size` zero ... is reported `no_size` rather than answered with a zero-byte read, which would be a dump of nothing presented as a successful one."" The code comment in `_read_symbol` also notes the practical difference: ""the fix differs: add the symbol, or add the `.size` directive behind it.""

Both `ok: True` results require an address *and* a non-zero size (`entry[""size""] > 0`), so neither case ever returns `ok: True`.",True,True,True,src/agentic_hil/elfsymbols.py,True,"The answer names the correct file and both symbols, and accurately describes the 'no_size' vs 'not_found' reason distinction implemented in _read_symbol's defined-flag logic.",0.02884,0.02071,0.00813,0.02071,,trace,true,M,agentic_hil,2017476,172
agentic_hil_q13,agentic,9167,881,0,0,3,False,end_turn,,11.163,2026-09-15T20:44:35Z,"## Answer

`spawn_command` (in `src/agentic_hil/backends/common.py`) returns a `CompletedCommand` dataclass in both cases, but with different fields set:

- **Executable not there** (raises `FileNotFoundError`, i.e. `OSError` with `ENOENT`): returns `CompletedCommand(stdout="""", stderr="""", returncode=None, timed_out=False, not_found=True)` — `not_found=True`, and `not_executable_reason` stays at its default `None`.

- **Executable exists but the host refuses to run it** (an `OSError` whose `errno` is in `EXEC_REFUSED_ERRNOS = {EACCES, EPERM, ENOEXEC}`): returns `CompletedCommand(stdout="""", stderr="""", returncode=None, timed_out=False, not_found=False, not_executable_reason=..., spawn_error=str(error))`. Here `not_found=False`, and `not_executable_reason` is set to either `PERMISSION_DENIED_REASON` (`EACCES`/`EPERM`) or `NOT_AN_EXECUTABLE_IMAGE_REASON` (`ENOEXEC`), with `spawn_error` carrying the OS error message. The `CompletedCommand.not_executable` property (`self.not_executable_reason is not None`) is the derived boolean for this case.

Any other `OSError` errno is re-raised rather than turned into a `CompletedCommand`, since it says nothing about the configured file itself (see the comment block above `EXEC_REFUSED_ERRNOS` in `src/agentic_hil/backends/common.py`).

So the distinction is: `not_found` flags ""no file there at all,"" while `not_executable_reason` (and the `not_executable` property) flags ""file is present but this host refuses to execute it,"" with the specific reason (`permission_denied` vs `not_an_executable_image`) further distinguishing *why* it won't run. Callers consume this via `not_executable_refusal(...)` (same file) to build a distinct refusal from the `*_NOT_FOUND` backend refusals.",True,True,True,src/agentic_hil/backends/common.py,True,"The answer names the correct file and identifies spawn_command returning CompletedCommand with not_found vs not_executable_reason, plus not_executable_refusal, matching the expected symbols.",0.037174,0.027144,0.01003,0.027144,,trace,false,M,agentic_hil,2017476,172
agentic_hil_q07,indexed,8010,502,0,0,2,False,end_turn,,6.806,2026-09-15T20:44:49Z,"The plugin lives at **`src/agentic_hil/pytest_plugin.py`**.

Key details:
- The plugin registers CLI/ini options (`--agentic-hil-config` / `agentic_hil_config`) via `pytest_addoption` (`src/agentic_hil/pytest_plugin.py:40-62`).
- It defines the session-scoped `agentic_hil_config` fixture, which discovers/validates the authoritative config, skipping if none exists and failing if invalid (`src/agentic_hil/pytest_plugin.py:88-128`).
- A private session-scoped `_agentic_hil_service` fixture builds an `AgenticHILToolService` from that config (`src/agentic_hil/pytest_plugin.py:130-141`).
- Finally, the actual `agentic_hil` fixture (function-scoped) yields that shared `AgenticHILToolService`, and on teardown stops any Debug/COM/CAN sessions opened during the test so state doesn't leak between tests (`src/agentic_hil/pytest_plugin.py:143-175`).

This plugin is registered by installing the `agentic_hil` package (as described in `docs/testing.md` under ""pytest Plugin""), which is why any test session gets access to the `agentic_hil` fixture automatically once the package is installed.",True,True,True,src/agentic_hil/pytest_plugin.py,True,"The answer names the expected file src/agentic_hil/pytest_plugin.py and all expected symbols (agentic_hil, agentic_hil_config, pytest_addoption) with accurate supporting detail.",0.02864,0.02104,0.0076,0.02104,,locate,false,M,agentic_hil,2017476,172
agentic_hil_q04,agentic,8114,319,0,0,2,False,end_turn,,4.7,2026-09-15T20:44:58Z,"`src/agentic_hil/mcp.py` — specifically `handle_mcp_message`/`handle_single_mcp_message` (lines 162–171), which parses the incoming MCP JSON-RPC message and dispatches it against the `AgenticHILToolService` instance. It's invoked from `src/agentic_hil/stdio.py` (in the stdio transport loop), which calls `handle_mcp_message(message, tools)`.",True,True,True,src/agentic_hil/mcp.py,True,"The answer names the expected module src/agentic_hil/mcp.py and the handle_mcp_message dispatch function, correctly describing dispatch to the tool service.",0.025128,0.019418,0.00571,0.019418,,locate,false,M,agentic_hil,2017476,172
agentic_hil_q13,indexed,19863,1307,0,0,3,False,end_turn,,16.408,2026-09-15T20:45:06Z,"## `spawn_command` in `src/agentic_hil/backends/common.py`

`spawn_command` returns a `CompletedCommand` dataclass in every case, but the fields populated distinguish ""not there"" from ""there but refuses to run"":

**Executable not found** (`FileNotFoundError`, i.e. `ENOENT`):
```python
return CompletedCommand(stdout="""", stderr="""", returncode=None, timed_out=False, not_found=True)
```
- `not_found=True`
- `not_executable_reason` stays at its default (`None`)
- `not_executable` property (`self.not_executable_reason is not None`) is `False`

**Executable present but the OS refuses to run it** (an `OSError` whose `errno` is in `EXEC_REFUSED_ERRNOS`, e.g. `EACCES`/permission denied or `ENOEXEC`/exec format error):
```python
return CompletedCommand(
    stdout="""", stderr="""", returncode=None, timed_out=False,
    not_found=False,
    not_executable_reason=(NOT_AN_EXECUTABLE_IMAGE_REASON if error.errno == errno.ENOEXEC else PERMISSION_DENIED_REASON),
    spawn_error=str(error),
)
```
- `not_found=False`
- `not_executable_reason` is set to either `PERMISSION_DENIED_REASON` (mode/execute-bit problem) or `NOT_AN_EXECUTABLE_IMAGE_REASON` (`ENOEXEC` — wrong file type/architecture), so `not_executable` is `True`
- `spawn_error` carries the OS error text as evidence

Any other `OSError` errno is re-raised rather than swallowed, since `EXEC_REFUSED_ERRNOS` are ordered after `FileNotFoundError` deliberately — a comment notes ENOENT is itself an `OSError`, but the missing-file case keeps its own distinct wording/flag rather than falling into the ""refused to execute"" branch.

Callers (e.g. `src/agentic_hil/backends/pyocd.py`, `src/agentic_hil/backends/stlink.py`) then branch on `completed.not_found` to report a `*_NOT_FOUND` result (e.g. ""install the toolchain"") versus `completed.not_executable`, which is turned into a `debugger_not_executable` refusal via `not_executable_refusal()` in `common.py`. That function explicitly documents the distinction:

> ""Install the toolchain"" and ""this toolchain is installed and its execute bit is missing"" are different repairs... `error_type` is its own, `not_executable_reason` says which of the two failing modes this is, and the operating system's own sentence travels with it as the evidence the classification was read out of.

So: `not_found` means no file was found at the path; `not_executable`/`not_executable_reason` means the file exists but the OS refused to exec it (permission denied vs. not a runnable image), with `spawn_error` preserving the underlying OS error message.",True,True,True,src/agentic_hil/backends/common.py,True,"The answer names the correct file and symbols (spawn_command, CompletedCommand, not_executable_refusal) and accurately describes the not_found vs not_executable_reason distinction with spawn_error evidence.",0.063286,0.052796,0.01049,0.052796,,trace,false,M,agentic_hil,2017476,172
agentic_hil_q10,agentic,20856,517,0,0,3,False,end_turn,,6.797,2026-09-15T20:45:25Z,"Since `bool(image_path) == bool(artifact_id)`, if both `image_path` and `artifact_id` are truthy, the condition evaluates `True == True` → `True`, triggering the same branch used when neither is provided.

In `AgenticHILToolService.flash_firmware` (`src/agentic_hil/tools.py`, lines 274–283), the check `if bool(image_path) == bool(artifact_id): return tool_error(""flash_firmware"", ""invalid_argument"", ""Provide exactly one of image_path or artifact_id."")` fires, and the call returns immediately with:

```
tool_error(""flash_firmware"", ""invalid_argument"", ""Provide exactly one of image_path or artifact_id."")
```

No artifact validation, staging, or backend flashing occurs — the request is rejected up front because both fields are present (mirroring the schema's `one_of` requirement in `src/agentic_hil/contracts.py` line 80, which expects exactly one of `image_path`/`artifact_id`).",True,True,True,src/agentic_hil/tools.py,True,The answer correctly identifies flash_firmware in src/agentic_hil/tools.py rejecting the request via tool_error with an invalid_argument 'exactly one of' message when both fields are set.,0.053817,0.046882,0.006935,0.046882,,trace,false,M,agentic_hil,2017476,172
agentic_hil_q40,indexed,201442,2983,0,0,6,False,end_turn,,52.108,2026-09-15T20:45:35Z,"Now I have the full chain. Here's how it works, end to end.

## The path from a plugged-in ST-Link to a config that names its serial

**1. `agentic-hil init` reads the board before writing anything.**
`init_config()` in `src/agentic_hil/cli.py` (via `_init_bench_read`) calls into the same discovery machinery `project_config_create` uses over MCP, taking the machine-wide hardware lock so a concurrent run gets `device_busy` rather than a torn read.

**2. Discovery decides which of two probe listings to trust.**
`discover_attached_hardware()` in `src/agentic_hil/bootstrap.py` calls `enumerate_attached_probes()`, which checks one fact about the host: is STM32CubeProgrammer's `STM32_Programmer_CLI` installed?
- If yes, probes come from that CLI's own ST-Link listing (`backends/stlink.py: stlink_probe_ids`), an authoritative count, and the target is read over a HOTPLUG connect.
- If no — the ordinary Linux workstation with only `openocd` installed — `_usb_enumeration()` falls back to the host's own USB serial inventory (`src/agentic_hil/comports.py: usb_stlink_probe_ids`/`usb_stlink_ports`), matching ports whose USB vendor is `0483` (`STLINK_USB_VENDOR_ID`) and whose product id is one of the known ST-Link ids (`STLINK_USB_PRODUCT_IDS`). The serial is read straight out of that USB descriptor — the same string OpenOCD's `adapter serial` takes.

**3. Exactly one visible probe is bound.**
Back in `discover_attached_hardware`, if the enumeration returns exactly one probe id, that one is selected (`selected = probe_ids[0]`) and carried forward as `probe_id` for the rest of discovery — including the target-identity read (`_stlink_target_identity` or `_openocd_target_identity`). If the USB-inventory path was used (not authoritative), the result also carries a caveat: `discovered_by: usb_serial_inventory`, `probe_inventory: incomplete`, and an explanatory note — because that inventory can miss a VCP-less standalone ST-LINK/V2.

**4. The discovered identity is folded into the config skeleton.**
`apply_discovery_to_template()` (`src/agentic_hil/bootstrap.py`) takes the shipped skeleton (`config.py: DEFAULT_CONFIG_TEMPLATE`) and writes:
```python
template[""debuggers""][""dut""] = {
    ""type"": backend,               # ""openocd"" or ""stlink""
    ""executable"": discovery[""executable""],
    ""probe_id"": discovery[""probe_id""],   # <-- the serial found in step 2/3
    **inventory_caveat,             # discovered_by/probe_inventory/note, when applicable
    **transport,                    # interface_cfg/target_cfg for openocd, or interface for stlink
    ...
}
```

**5. `init` writes the file.**
Back in `init_config()` (`src/agentic_hil/cli.py`), once discovery succeeds (`overall_success(discovery)`), it builds `document = {""workspace_root"": ..., ""state_root"": ..., **configured}` and serializes it with `yaml.safe_dump`, writing it to the authoritative path returned by `initialized_config_path(workspace)` — under the user's Agentic HIL projects directory, outside the repo (as described in `docs/configuration.md` and `AGENTS.md`).

The end result: `config.yaml`'s `debuggers.dut.probe_id` holds the exact serial the ST-Link published over USB (or the one STM32CubeProgrammer's listing reported), and — on the common no-STM32CubeProgrammer path — the entry also carries `discovered_by: usb_serial_inventory` and a `probe_inventory_note` disclosing that the reading isn't a guaranteed complete count of attached probes.",True,False,True,src/agentic_hil/cli.py;src/agentic_hil/bootstrap.py,True,"Answer traces the correct chain: cli init \u2192 locked discovery \u2192 discover_attached_hardware/enumerate_attached_probes/stlink_probe_ids \u2192 apply_discovery_to_template writing probe_id, matching expected files and symbols.",0.452664,0.432714,0.01995,0.432714,,multi_hop,false,M,agentic_hil,2017476,172
agentic_hil_q24,agentic,117612,1751,0,0,8,False,end_turn,,26.546,2026-09-15T20:46:33Z,"## Answer

Edits to the config file on disk are **never picked up automatically**. A running server keeps enforcing the document it parsed at startup until an explicit reload is invoked — either the MCP tool `project_config_reload_description` or the `agentic-hil config-reload` CLI command (`src/agentic_hil/configreload.py`, module docstring and `PROJECT_CONFIG_RELOAD`). There is no file-watcher, mtime poll, or reload-on-write; a caller has to ask for it ""by name.""

**How the reload works (`src/agentic_hil/configreload.py::reload_description`):**
1. It re-reads the file via `load_authoritative_config` (the same authoritative-path/pinning/validation logic used at startup) and refuses if it's missing/unreadable, has moved to a different authoritative path, or the merged result fails validation.
2. Only the *description* half is adopted — `target`, `debuggers`, `com_ports`, `can_buses` (minus each entry's `permissions:` block) via `merged_description`. Permissions, `version`, `workspace_root`, `state_root`, `debug`, `artifacts`, `validation`, `recovery`, and audit paths are never re-read; they stay byte-for-byte what was loaded at startup.
3. `merged_description` builds a brand-new `AgenticHILConfig` (via `dataclasses.replace`), rather than mutating the live one.
4. Back in `AgenticHILService.reload_description` (`src/agentic_hil/tools.py`), if a config is returned, `_swap_config` replaces `self.config` and calls `.reconfigure(...)` (or rebuilds the backend if its kind changed) on the coordinator, backend, artifacts, COM ports, and CAN buses — a single, lock-protected swap point rather than field-by-field pokes.

**What refuses the reload during an open run:**

In `AgenticHILService.reload_description` (`src/agentic_hil/tools.py`), before calling into `configreload.reload_description`, it gathers:
- `self.open_hardware_holds()` — true if `coordinator.run_status()` shows an active run *or* any hardware lease is held (e.g., an outstanding COM session), even outside a declared run.
- `self._unresolved_incident()` — true if `coordinator.incident_stands` (a standing quarantine).

These are passed as `open_holds` / `quarantine` into `reload_description` in `configreload.py`, which checks them first and, if either is present, returns `None` plus a refusal built by `_open_run_refusal` (error type `config_reload_in_open_run`) or `_quarantine_refusal` (`resource_quarantined`) — no file read happens, and nothing is swapped. The reasoning given: holds/quarantine were taken against the description currently in force, and moving that description underneath them could repoint a device name mid-run or before an operator's physical safety check.",True,False,True,src/agentic_hil/configreload.py,True,It correctly identifies configreload.py's reload_description as the explicit reload path and _open_run_refusal as the guard rejecting reloads during an open run.,0.265714,0.252734,0.01298,0.252734,,multi_hop,false,M,agentic_hil,2017476,172
agentic_hil_q23,indexed,82329,2606,0,0,4,False,end_turn,,40.352,2026-09-15T20:47:03Z,"## The path from a plan run to reviewer-readable evidence

1. **A plan runs and produces a report.** `agentic-hil test-reactor --test-config <plan> --junit-xml <path>` executes the test plan against the bench and writes a JSON run report (also writable as JUnit XML directly by the reactor). This is triggered from a CI job on a self-hosted, hardware-attached runner (`docs/github-action-design.md`, `examples/ci/github-actions.yml`, `examples/ci/gitlab-ci.yml`).

2. **The report is turned into a bundle.** `agentic-hil run-evidence --report <report.json> --out <dir>` (dispatched in `src/agentic_hil/cli.py`'s `dispatch()` to `write_run_evidence`, implemented in `src/agentic_hil/runevidence.py`) maps that one run report into three reviewer-facing artifacts, all built from the same mapping code whether called by the GitHub Action, a GitLab job, or an operator at a shell:
   - `run-summary.json` — a machine-readable summary (outcome, plan name/digest, firmware commit info, tool versions, bench identity, failing step).
   - `job-summary.md` — the same content as prose and a step table, meant for a human reviewer with no bench access (posted to `GITHUB_STEP_SUMMARY` on GitHub, printed/archived on GitLab).
   - `logs/` — byte-for-byte copies of the run's JSONL event logs (per-serial-session, per-CAN-session, and debugger-backend logs) named in the report.

   Notably, `write_run_evidence` loads **no configuration** — it only reads the report and the workspace plan/logs — so even a run refused before its first step (e.g., no config at all) still yields evidence (`src/agentic_hil/runevidence.py`, `src/agentic_hil/cli.py`).

3. **Uploaded as CI artifacts regardless of outcome**, via `if: always()` / `when: always`, because ""the red run is the one whose evidence matters most"" (`docs/ci-examples.md`).

## What stops secrets/identities from leaking into that evidence

Two independent mechanisms, both inside `runevidence.py`, described in its module docstring as properties the file is ""built for"":

- **Exclusion by allow-list, not by passing the report through.** Every field in `run-summary.json`/`job-summary.md` is copied by name from a short, deliberate list — never a dump of the raw report. Identity-shaped fields are explicitly named and excluded: `IDENTITY_FIELDS = {""executable"", ""executable_path"", ""probe_id""}` and `LOCK_KEY_FIELDS = {""declared_devices"", ""lock_key"", ""lock_keys"", ""resource"", ""resources""}` (`src/agentic_hil/runevidence.py`). `config_in_force.path` and any absolute path from outside the workspace are also dropped. A device another run was holding is reported under the plan's own logical name rather than the `probe:<serial>` lock key. Nothing is invented either — a field the environment (`GITHUB_*`/`CI_*`) didn't supply is simply absent (see `_firmware()` and `_pull_request_head()` in `runevidence.py`, which only accept a pull-request head SHA if it matches a commit-id pattern).

- **A sweep for identity values inside prose strings.** Because a failing step's own error message might quote an identity, every string that does reach an output is swept and any identity value found inside it is replaced with the marker `WITHHELD = ""[withheld]""` (`src/agentic_hil/runevidence.py`) rather than dropping the whole sentence, since ""the failing step's own words are what the artifact exists for.""

- **The same credential redaction used everywhere else, as a fail-closed final pass.** Before anything is mapped from the report, the report is passed through `redact_sensitive` (`src/agentic_hil/redact.py`) — the same function used by `print_json`/`emit_result`/the MCP `call_tool` path (`src/agentic_hil/cli.py`, `src/agentic_hil/mcp.py`). `redact_sensitive` recursively replaces any secret-named key (`*_token`, `*secret`, `password`, `api_key`, `authkey`, matched by `_SENSITIVE_KEY_PATTERN`) and, for captured stream fields (`stdout`/`stderr` at any depth), additionally masks credential-shaped spans inside the text itself (URL userinfo, `Authorization: Bearer/Basic` headers, secret-named query params/assignments) via `redact_stream_text`. If this redaction pass fails to return a proper document, `run-evidence` fails closed: it produces `REDACTION_UNAVAILABLE_SUMMARY` — a bundle stating that no field of the report is published and no logs were collected — rather than falling back to publishing the unredacted report (`src/agentic_hil/runevidence.py`).

- **Logs are copied verbatim, not derived**, so the uploaded mirror can be checked against the hash-chained canonical copy kept on the bench under `state_root`, which never leaves the bench (`docs/ci-examples.md`, `docs/testing.md`).

In short: `test-reactor` produces the report → `run-evidence` (`src/agentic_hil/runevidence.py`) maps it into `run-summary.json`/`job-summary.md`/`logs/` using an explicit allow-list of fields, withholds any identity value found inside free-text via `[withheld]`, and runs the whole thing through the shared `redact_sensitive` credential scrubber (`src/agentic_hil/redact.py`) with a fail-closed refusal if redaction itself can't be trusted — before the CI job ever uploads it for a reviewer to read.",True,True,True,src/agentic_hil/runevidence.py;src/agentic_hil/redact.py,True,"Answer identifies runevidence.py's write_run_evidence producing run-summary/job-summary artifacts and redact.py's redact_sensitive plus identity allow-listing, matching expected files and symbols.",0.207953,0.190718,0.017235,0.190718,,multi_hop,false,M,agentic_hil,2017476,172
agentic_hil_q20,agentic,260943,2965,0,0,11,False,end_turn,,35.309,2026-09-15T20:47:47Z,"I have enough to give a complete, cited answer.

## Path from MCP call to the ST-Link programmer

1. **MCP dispatch.** An MCP `flash_firmware` call is validated against the JSON-Schema contract (`src/agentic_hil/contracts.py`, the `flash_firmware` tool entry) and routed through `AgenticHilService._call_unlocked`'s dispatch table to `AgenticHilService.flash_firmware` (`src/agentic_hil/tools.py:274-312`, dispatch entry at line 629).

2. **Server-side gate (config-level).** `flash_firmware()` in `tools.py` first checks `self.debugger_permissions.allow_flash` (line 278), where `debugger_permissions` is read straight off the currently bound debugger entry in the authoritative config (`tools.py:219-227`, `self.config.debugger.permissions`). It also validates the arguments (`image_path` xor `artifact_id`, `reset_after_flash` typing) and checks `allow_reset` if a post-flash reset is requested (lines 280-288).

3. **Artifact validation/staging.** The image is validated (`self.artifacts.validate_local_path` / `resolve_artifact_id`) and staged into private process storage for the backend (`self.artifacts.stage_for_backend`, `src/agentic_hil/artifacts.py`) before the backend is touched at all (lines 289-294).

4. **Backend dispatch.** The staged artifact is handed to `self.backend.flash_firmware(...)` (line 296), where `self.backend` was constructed by `create_debugger_backend(self.config)` (`tools.py:170`) — for a `type: stlink` debugger entry this resolves to the ST-Link backend class in `src/agentic_hil/backends/stlink.py`.

5. **Backend-level gate (interlocks).** `STLinkBackend.flash_firmware` (`src/agentic_hil/backends/stlink.py:338-359`) re-checks the config directly:
   - `self.config.debugger.permissions.allow_flash` — refused with `permission_denied` if false.
   - `self.config.debugger.permissions.allow_raw_debugger_commands` — refused (`_exclusive_permission_denied`) if true.
   - `self.config.debugger.permissions.allow_mass_erase` — refused (`_exclusive_permission_denied`) if true.
   
   These are the ""validated flashing vs. unrestricted debugger access"" interlock described throughout `SECURITY.md`, `knowledge.py`, and `contracts.py`.

6. **Reaching the ST-Link programmer.** Once past all gates, it builds the STM32CubeProgrammer CLI arguments: connection args from `_connection_args`/`_flash_connect_mode` (honoring `debuggers.<name>.connect_mode`, `interface`, `probe_id`), plus `-w <artifact_path>` (and a flash address for `.bin` images), `-v` for verify, and `-rst` if `reset_after_flash`. These are passed to `_run_stlink` (`stlink.py:616-658`), which resolves the configured `executable` path, spawns the `STM32_Programmer_CLI` process via `spawn_command`, logs the transcript, and confirms success only by matching required output lines (`STLINK_SUCCESS_CONFIRMATION[""flash_firmware""] = [""Download verified successfully""]`, `stlink.py:113`). This subprocess invocation is the actual point of contact with the ST-Link programmer/hardware.

## What refuses it when flashing is disabled

Two independent, redundant checks against the **authoritative config's** `permissions.allow_flash` on the bound debugger entry refuse the call before any hardware contact:

- **Service layer:** `AgenticHilService.flash_firmware` — `if not self.debugger_permissions.allow_flash: return tool_error(""flash_firmware"", ""permission_denied"", ""Flashing is disabled by the authoritative config."", self.debugger_permission_key(""allow_flash""))` (`src/agentic_hil/tools.py:278-279`). This runs before any artifact validation or staging.
- **Backend layer:** `STLinkBackend.flash_firmware` — `if not self.config.debugger.permissions.allow_flash: return self._permission_denied(""flash_firmware"", ""Flashing is disabled by the authoritative config."", self._permission_key(""allow_flash""))` (`src/agentic_hil/backends/stlink.py:339-340`), which also refuses if `allow_raw_debugger_commands` or `allow_mass_erase` is true, per the mutual-exclusion policy documented in `SECURITY.md` and `AGENTS.md`.

Both refusals report `error_type: ""permission_denied""` and name the exact dotted permission key (e.g. `debuggers.<name>.allow_flash`) that must change, without ever spawning the STM32CubeProgrammer CLI process.",True,False,True,src/agentic_hil/tools.py;src/agentic_hil/backends/stlink.py,True,"It correctly traces flash_firmware through the service dispatch to STLinkBackend and names the allow_flash permission_denied refusals in tools.py and stlink.py, only omitting mcp.py's call_tool.",0.573571,0.551536,0.022035,0.551536,,multi_hop,false,M,agentic_hil,2017476,172
agentic_hil_q22,indexed,50302,1640,0,0,3,False,end_turn,,25.032,2026-09-15T20:48:29Z,"## How a CAN frame sent by one process reaches a second process on the same bus

This codebase (`src/agentic_hil/canbroker.py`, `src/agentic_hil/can.py`) uses a **broker process** model for a shared CAN bus (a `can_buses` entry with `shares:` configured). Here's the path a frame takes:

**1. One process, one broker, owns the physical adapter.**
`CanBroker` (`src/agentic_hil/canbroker.py:519`) is the single process that takes the machine-wide bus lock and opens the real adapter (`open_bus()`, delegating to `agentic_hil.can.open_adapter`). Every other process that wants onto that bus is a *participant*, not a second owner.

**2. Other processes attach to the broker instead of opening the adapter themselves.**
A process calls the attach helper (`_attach_once`, `canbroker.py:1396`), which locates the broker via a published descriptor, connects over a local `multiprocessing.connection` IPC channel (`AF_UNIX`/named pipe, HMAC-authenticated), and gets back a `Participant` object (`canbroker.py:1155`) wrapping that connection.

**3. Sending process → broker → physical bus.**
`Participant.send()` (`canbroker.py:1188`ish, near `1155-1188`) sends a `{""message"": ""send"", ""frame"": ...}` request over the IPC connection. The broker's `_handle_send` (`canbroker.py:923-981`) validates permissions/filters/budget, then actually writes the frame to the adapter via `self.adapter_session.send(frame)`, logging it under a shared `frame_seq` in the whole-bus frame log.

**4. Broker draws frames off the physical bus and fans them out to every attached participant's queue.**
This is the key step for the *second* process to see the frame. When any participant issues a `read` request, the broker's `_draw_from_bus()` (`canbroker.py:1026-1067`) calls `self.adapter_session.read(...)` once (the broker is the *only* reader of the physical adapter — a destructive `recv()` cannot be shared). For every frame read off the wire, it loops over **all attached participants** (`canbroker.py:1044-1050`) and, for each one whose `permissions.allow_read` is set and whose filter (`filter_accepts`) matches the frame's ID/extended flag, appends the frame (tagged with the shared `frame_seq`) onto that participant's own in-memory `queue` (subject to a per-participant queue bound; overflow aborts that participant only).

**5. Receiving process pulls its own copy of the frame from its queue.**
The second process's `Participant.read()` (`canbroker.py:1190-1194`) sends a `{""message"": ""read"", ...}` request; the broker's `_handle_read()` (`canbroker.py:1002-1024`) triggers `_draw_from_bus` if the participant's local queue doesn't already have enough frames, then pops the requested frames off that participant's queue and returns them. The participant logs the received frame to its own per-participant log, tagged with the same `frame_seq` as in the broker's whole-bus log, so it's attributable to the original send from either side.

**Summary:** the frame doesn't go directly between processes. Process A sends it to the broker, the broker writes it once to the physical adapter (and logs it), and separately, whenever any participant reads, the broker drains the adapter once and copies each matching frame into every eligible attached participant's own queue — so process B retrieves it from *its* queue via its own `read` call to the broker. Filtering/permissions (`filter_accepts`, `permissions.allow_read`) determine whether a given participant even receives a copy.",True,True,True,src/agentic_hil/can.py;src/agentic_hil/canbroker.py,True,"Answer correctly identifies canbroker.py's CanBroker (send handling, _draw_from_bus fanout to participant queues) plus can.py adapter layer, capturing the primary mechanism despite not naming frame_to_wire/CanBusService.",0.156824,0.117004,0.03982,0.117004,,multi_hop,true,M,agentic_hil,2017476,172
agentic_hil_q18,agentic,101954,2602,0,0,10,False,end_turn,,33.884,2026-09-15T20:49:10Z,"I now have enough to answer comprehensively.

## What `start_detached_run` does differently from a foreground plan run

Both a detached start and a foreground `run_plan` call go through the same underlying machinery — plan loading, `RunRegistration`, `run_registered_plan`, the coordinator, and the same report writer (`src/agentic_hil/reactorrun.py`, `run_plan`/`run_registered_plan`). What `start_detached_run` (`src/agentic_hil/runlifecycle.py:720`) adds is:

1. **It spawns a separate, independent process** for the run instead of running the plan in the calling process. It does this via `spawn_run_worker`, which uses `spawn_detached_process` (not the ""managed"" spawn used elsewhere), specifically *because* a managed child would be tied to a kill-on-close job object owned by the caller and would die the instant the starting command exits. The detached worker's lifetime is bounded only by the plan itself and by stop requests (`src/agentic_hil/runlifecycle.py:914` docstring).

2. **It mints a run handle immediately** (`new_run_handle()`), before anything is known about whether the worker will succeed, so the caller has something to name the run by right away.

3. **It waits only for the worker to *publish* what it's doing, not for the plan to finish.** It polls the run's record file until its state leaves `RUN_STARTING` (i.e., until the worker acquired its devices, refused, or already finished), bounded by `worker_publish_window_s(wait_s)`. A foreground run just runs straight through.

4. **It handles a worker that never publishes or that dies early**: if the worker process exits with no record, it treats it as `run_worker_failed`; if the publish window elapses with the worker still not having said anything, it plants a stop request under the handle (`_plant_stop_after_unresponsive`) and reports `run_worker_unresponsive`, rather than blocking indefinitely or leaving a rogue process running unopposed.

5. **It redirects the worker's stdout/stderr to a log file** beside its record (`worker_log_path`), since nothing is left listening on a pipe once the starting command returns.

6. **It returns immediately with a handle-oriented result** — either ""detached, running under handle X, use test-reactor-status/test-reactor-stop"", or, if the worker already reached a terminal state inside the wait window, the terminal verdict itself (`_detached_terminal_result`).

## What it writes so a later call can find the run again

The run is made addressable through files under the coordination/runs state directory (`runs_directory(config)`), keyed by the handle (`run-<16 hex chars>`, from `new_run_handle`):

- **`<handle>.json`** — the run record, written via `write_run_record`/`record_path` (`src/agentic_hil/runlifecycle.py:142`, `:266`). It's written by the worker process itself (through `RunRegistration`, e.g. `.running()`, `.progress()`, `.finish()`), atomically, with `state` transitioning `starting → running → finished/stopped`, plus fields like `name`, `test_config_path`, `report_path`, `started_at`, `finished_at`, `run_ok`, etc. This is what `start_detached_run` and later `test-reactor-status` calls poll/read via `read_run_record`.
- **`<handle>.lock`** — a lifetime lock (`lock_path`) held for as long as the worker process runs; its state (takeable or not) is how liveness (""worker_gone"" vs. running) is determined later, rather than trusting a pid.
- **`<handle>.stop`** — a stop-request file (`stop_path`), written by `_plant_stop_after_unresponsive` (or later by `request_run_stop`) and read by the running worker between steps; this is how a subsequent `test-reactor-stop` call (or the unresponsive-timeout handling here) asks the run to end.
- **`<handle>.log`** — the worker's captured stdout/stderr (`worker_log_path`), read later (e.g. via `worker_output`) if the run needs diagnosing.

So the handle printed by `start_detached_run` is the key into these four files (`.json`, `.lock`, `.stop`, `.log`), which together let a later `test-reactor-status --run <handle>` or `test-reactor-stop --run <handle>` call find and act on the run — something a foreground `run_plan` doesn't need in the same way, since its record and lock exist only transiently within the same process that's already waiting on it.",True,True,True,src/agentic_hil/runlifecycle.py,True,"The answer identifies runlifecycle.py's start_detached_run, spawn_run_worker's detached process spawn, and the handle-keyed run record written via write_run_record (plus lock/stop/log files) for later lookup.",0.242963,0.229928,0.013035,0.229928,,trace,false,M,agentic_hil,2017476,172
agentic_hil_q28,agentic,14024,528,0,0,3,False,end_turn,,9.583,2026-09-15T20:49:47Z,"The `TestReactor` class in `src/agentic_hil/test_reactor.py` (defined at line 2811, with its `run` method at line 3084) is the reactor that walks a test plan's steps and drives each one against the device it names.

Supporting details from `test_reactor.py`:
- `TestStep`/`TestConfig` model the validated plan and its steps.
- Device ""kind"" classes (e.g. the ones with `preflight`, `service_for`, `name_refusal`, `unbound_refusal` methods around lines 1215–2050) resolve each step's named device and validate/execute it.
- `TestReactor.run()` iterates the plan's steps, resolves each to its device kind, and drives the action against that device.

It's invoked from `src/agentic_hil/reactorrun.py` (`reactor = TestReactor(...)`, `reactor.run(test_config)`), which is the entry point used by both the `agentic-hil test-reactor` CLI command and the `test_reactor_run` tool.",True,True,True,src/agentic_hil/test_reactor.py,True,"It names the correct file and TestReactor/TestStep, describing the step-walking run loop and device resolution, which covers the expected StepDevice role.",0.041023,0.033328,0.007695,0.033328,,locate,false,M,agentic_hil,2017476,172
agentic_hil_q05,indexed,15629,758,0,0,2,False,end_turn,,10.832,2026-09-15T20:49:59Z,"## JUnit XML for a plan run

The JUnit XML document for a plan run is built and written in **`src/agentic_hil/junit.py`**:

- **`junit_xml_document(result, *, plan_steps=())`** (src/agentic_hil/junit.py:140) is the pure function that builds the actual XML string: one `<testsuite>` named after the plan, one `<testcase>` per plan step (`<index>.<route>.<action>`), with `<failure>`/`<skipped>` elements for failed/unreached steps, a `preflight` `<testcase>` with `<error>` if the run was refused before executing, and `cleanup`/`audit` cases if those verdicts failed.
- **`write_junit_xml(junit_xml_path, result, *, plan_steps=())`** (src/agentic_hil/junit.py:82) calls `junit_xml_document` and writes it to the given path (creating parent directories as needed).
- **`result_with_junit_xml(result, junit_xml_path, *, plan_steps=())`** (src/agentic_hil/junit.py:112) wraps `write_junit_xml`, attaching the resulting path (or a `junit_xml_error`) to the run's JSON result.
- **`write_refusal_junit_xml`** and **`detached_junit_refusal`** handle the cases where a run is refused/detached before a full result exists.

These are invoked from the run flow in **`src/agentic_hil/reactorrun.py`** (`run_plan`, around lines 92–105), which calls `write_refusal_junit_xml` on early failures and `result_with_junit_xml` after a plan finishes, when `--junit-xml` is passed on the CLI (wired up via `src/agentic_hil/cli.py`, the `test-reactor` command).

This is documented in `docs/testing.md` (""A JUnit report for CI"") and `docs/github-action-design.md` (""The JUnit mapping"").",True,True,True,src/agentic_hil/junit.py,True,"The answer names src/agentic_hil/junit.py and both expected symbols, write_junit_xml and junit_xml_document, with accurate supporting detail about their roles and call sites.",0.047113,0.038838,0.008275,0.038838,,locate,false,M,agentic_hil,2017476,172
agentic_hil_q11,agentic,8244,598,0,0,3,False,end_turn,,9.061,2026-09-15T20:50:13Z,"## Answer

When `flash_firmware`'s call to `self.backend.flash_firmware(...)` raises an exception, `flash_firmware` explicitly clears `self._symbol_elf = None` in the `except BaseException` block before re-raising (`src/agentic_hil/tools.py`, lines 295-308).

The reasoning (documented in the inline comment and in `_remember_symbol_elf`'s docstring) is that a backend which raised may have contacted or partially written the target, so the previously-remembered ELF can no longer be trusted to describe what's actually on the board. Since `_remember_symbol_elf` (the method that normally decides whether to keep or drop the remembered ELF) only runs on a *returned* result — never on an exception — the exception handler drops the symbol source itself rather than leaving stale state for a later ST-Link symbol dump to resolve against incorrectly. Only a returned result proving the flash never started (`side_effect_status == ""not_started""`) is allowed to keep the old symbol source; any raised exception is treated conservatively as an unproven/possible hardware effect and always drops it.",True,True,True,src/agentic_hil/tools.py,True,"The answer correctly identifies flash_firmware in src/agentic_hil/tools.py clearing the remembered symbol ELF (setting _symbol_elf = None) on backend exception before re-raising, referencing _remember_symbol_elf appropriately.",0.030118,0.022468,0.00765,0.022468,,trace,false,M,agentic_hil,2017476,172
agentic_hil_q33,indexed,6647,463,0,0,2,False,end_turn,,8.145,2026-09-15T20:50:25Z,"`read_intel_hex_file` returns `None` in both of those cases.

Per its docstring and implementation in `src/agentic_hil/gdbmi.py` (function `read_intel_hex_file`, lines 350‑401):

- It tracks which byte positions in the requested `[start_address, start_address+size_bytes)` window have been written using a `covered` bytearray.
- If a data record writes a byte at a position already `covered` but with a different value than what's already stored (`covered[position] and window[position] != value`), it returns `None` immediately — this handles ""one address written twice with different values.""
- After processing all records (implied by the rest of the function, not shown in the snippet but described in the docstring), it checks that every position in `covered` is set; if any byte in the requested window was never written (a ""hole""), it also returns `None`.

The docstring makes this explicit: `None` is returned for ""a malformed record, a failed checksum, a record type that could be carrying bytes and is not understood, one address written twice with different values, or a hole. Never a partial answer... the caller reports a read that failed.""

So in both scenarios described in the question, the function returns `None`, never a partial `bytes` object.",True,True,True,src/agentic_hil/gdbmi.py,True,"The answer correctly identifies read_intel_hex_file in src/agentic_hil/gdbmi.py returning None for both incomplete coverage (holes) and conflicting duplicate writes, matching the expected location and behavior.",0.025444,0.017924,0.00752,0.017924,,trace,true,M,agentic_hil,2017476,172
agentic_hil_q27,agentic,12312,733,0,0,2,False,end_turn,,14.382,2026-09-15T20:50:36Z,"The `BenchMutex` class in `src/agentic_hil/bench.py` is the machine-wide mutex.

- Definition/implementation: `src/agentic_hil/bench.py` — class `BenchMutex`, which uses per-resource lock files under a home-directory root and takes an OS-level file lock (`fcntl.flock(..., LOCK_EX | LOCK_NB)` on POSIX, see line ~112) to guarantee only one process can hold a given probe/serial-port/physical resource at a time.
- It's used by every device/backend that talks to hardware: e.g. `src/agentic_hil/devices.py` (the `Device`/`DeviceSet` base classes call `acquire`/`acquire_named` on this mutex — see the module docstring ""**One mutex.** `Device.acquire` / `DeviceSet.acquire` are the only way...""), and by `src/agentic_hil/canbroker.py` (`BenchMutex(frontend=""can-broker"", ...)`, `mutex.acquire_named(self.bus_key)`, `mutex.release_all()`).
- The higher-level `HardwareCoordinator` in `src/agentic_hil/coordination.py` builds project-level leases on top of this same device mutex (comments there explicitly distinguish the per-project coordination lock from ""the device mutex"").

So: the actual OS-level, machine-wide exclusion for a given probe (`probe:<serial>`) or serial port (`com:<port>`) lives in the `BenchMutex` class in `src/agentic_hil/bench.py`, keyed by resource lock names (e.g., built via `lock_keys`/`physical_resources` in `devices.py`), and it is what every device backend (debugger, UART, CAN) ultimately acquires before touching hardware.",True,True,True,src/agentic_hil/bench.py,True,"The answer names BenchMutex in src/agentic_hil/bench.py, describing the file-lock root and per-resource keys, matching the expected primary location and behaviour.",0.039994,0.031954,0.00804,0.031954,,locate,true,M,agentic_hil,2017476,172
agentic_hil_q21,indexed,16053,1576,0,0,2,False,end_turn,,20.442,2026-09-15T20:50:53Z,"## Reading a symbol's value off the board

The flow differs slightly by backend, but in every case it's a two-step process: **resolve the symbol to an address/size**, then **read that memory range from the target**.

### 1. On the OpenOCD (session-based) backend
In `src/agentic_hil/backends/gdbdebug.py`, `_resolve_symbol` (line ~1016) asks the live GDB session's expression evaluator for `&symbol` and `sizeof(symbol)` first. If that fails (e.g. a bare assembler symbol with no DWARF type, like a vector table), it falls back to reading `st_value`/`st_size` straight out of the ELF's own symbol table via `read_elf_symbol` (`src/agentic_hil/elfsymbols.py`). Once resolved, the debug session reads the actual bytes from target memory through GDB.

### 2. On the sessionless ST-Link and pyOCD backends
Since these backends have no attached debug session, symbol resolution is done **offline** by `resolve_symbol_offline` in `src/agentic_hil/backends/gdbdebug.py` (line ~1541): it spawns GDB in batch mode against the ELF alone (no `target` command, no probe opened), asking the same `(unsigned long)&symbol` / `sizeof(symbol)` expressions, with a fallback to the ELF's own symbol table (`elfsymbols.py::read_elf_symbol`) when GDB's evaluator can't answer (e.g. `.global`/`.type`/`.size`-only symbols).

Once the address and size are known, the actual value is read via a real (but minimally-invasive) probe connection:
- **ST-Link**: `stlink.py` issues `STM32_Programmer_CLI ... -r <address> <size> <file>.hex` (using `mode=HOTPLUG`, no reset), then parses the resulting Intel HEX file back into a value with `decode_symbol_value`.
- **pyOCD**: runs `pyocd commander --connect attach --command ""savemem ADDR LEN FILE""`, again avoiding any halt/reset, and decodes the raw bytes it gets back.

Byte order for decoding comes from the ELF's `EI_DATA` field (via `image_byte_order`), not assumed, since GDB/CLI both report memory in raw order.

## Where the ELF comes from

The ELF used for symbol resolution is **not** whatever path the caller supplies for the read — it's the ELF that a confirmed `flash_firmware` call actually put on the board. This bookkeeping lives in `src/agentic_hil/tools.py`:

- `flash_firmware` (line ~274) stages and flashes the image, then calls `_remember_symbol_elf` (line ~314).
- `_remember_symbol_elf` records the flashed artifact as `self._symbol_elf` only if the flash succeeded and the file is a `.elf` (a `.hex`/`.bin` carries no symbols, so it's dropped). If the flash's side effect on the target is anything other than provably `not_started`, the remembered ELF is dropped too, since it may no longer describe what's actually running on the board.

That remembered artifact (`self._symbol_elf`) is passed into `resolve_symbol_offline`, which then:
- copies the ELF into a private staging file,
- recomputes its SHA-256 digest and checks it against the digest recorded when it was flashed (`integrity_sha256`/`sha256`), refusing if they don't match,
- and only then hands that private, digest-verified copy to GDB or the symbol-table reader.

This guarantees the symbol table used to compute an address provably describes the image actually on the target, and a result with no flashed ELF on record (or a `.hex`/`.bin` flash) is refused with `symbol_source_not_available` (""No ELF with debug symbols has been flashed through this service..."").",True,False,True,src/agentic_hil/tools.py;src/agentic_hil/elfsymbols.py,True,"It identifies the ST-Link backend's symbol read (stlink.py memory read + decode), read_elf_symbol in elfsymbols.py, and _remember_symbol_elf in tools.py as the ELF source, matching expectations.",0.068641,0.047866,0.020775,0.047866,,multi_hop,true,M,agentic_hil,2017476,172
agentic_hil_q06,agentic,24918,779,0,0,2,False,end_turn,,11.211,2026-09-15T20:51:20Z,"The masking is implemented in `src/agentic_hil/redact.py`.

Key details:
- `redact_sensitive` (in `src/agentic_hil/redact.py`) recursively replaces the value of any key matching `_SENSITIVE_KEY_PATTERN` (e.g. `*_token`, `*secret`, `password`, `api_key`, `authkey`) throughout a result document.
- Because that key-based pass can't see credentials embedded *inside* the text of captured process output (e.g. a private package index URL printed by `pip`/`uv`), `redact.py` also applies a second, content-based pass specifically to values under captured stream keys (`stdout`, `stderr`, at any nesting depth). This pass masks:
  - URL userinfo/passwords (`_mask_url_userinfo`, using `_URL_USERINFO_AFTER_SEP`)
  - `Authorization: Bearer`/`Basic` header lines
  - `token=`/`secret=`/`password=`/`api_key=`-style assignments or query parameters (via the pattern near line 136)

- This combined function is invoked before results leave the process at the actual sinks:
  - `src/agentic_hil/mcp.py` (around line 264) — ""Defense-in-depth: strip any secret-named field before the result is [returned to the MCP client]""
  - `src/agentic_hil/cli.py` (around lines 289–381) for `print_json`/rendered CLI output
  - `src/agentic_hil/runevidence.py` for the `run-evidence` CI bundle (`run-summary.json`/`job-summary.md`)

So the actual masking logic lives in `src/agentic_hil/redact.py` (functions `redact_sensitive`, `_mask_url_userinfo`, and the secret-assignment regex pass), and it's applied at the exit points in `mcp.py`, `cli.py`, and `runevidence.py` before any captured stdout/stderr content leaves the server/process.",True,True,True,src/agentic_hil/redact.py,True,"Identifies redact.py and redact_sensitive plus the stdout/stderr content-masking pass (redact_stream_text's behavior) and correct call sites, only lacking the exact helper name.",0.069301,0.057626,0.011675,0.057626,,locate,false,M,agentic_hil,2017476,172
agentic_hil_q17,indexed,48585,1332,0,0,4,False,end_turn,,21.878,2026-09-15T20:51:35Z,"## What `flash_firmware` does with the artifact before calling the backend

In `AgenticHIL.flash_firmware` (`src/agentic_hil/tools.py:274-310`):

1. It first validates the requested artifact (`validate_local_path` or `resolve_artifact_id`).
2. It then calls `self.artifacts.stage_for_backend(validation[""artifact""], ""flash_firmware"")` (`src/agentic_hil/artifacts.py:171-273`), which:
   - Opens the source file through a safe, symlink/special-file-resistant descriptor (`safe_open_binary`).
   - Confirms it's still a regular, single-hard-link file and re-checks size.
   - Streams it in chunks into a **new temporary file inside a private staging directory** (created under the artifacts staging root via `tempfile.mkdtemp`/`NamedTemporaryFile`), recomputing its SHA-256 as it copies.
   - Fsyncs the copy, then compares the freshly computed hash against the hash recorded at validation time (`integrity_sha256`/`sha256`). If it doesn't match (or the file no longer exists/isn't a plain single-link file), staging fails with an `artifact_changed`/`artifact_not_found` error rather than proceeding.
   - On success, atomically `os.replace`s the temp file into its final staged path (named after the original file, inside the staging directory) and returns a **new artifact dict** (`staged_artifact`) with `resolved_path` pointing at this staged copy and `staged: True` set.
3. Only this staged artifact copy — not the original validated path — is passed to `self.backend.flash_firmware(staged[""artifact""], reset_after_flash)`.

So the backend never touches the caller-supplied path directly; it flashes from a private, hash-verified copy made at staging time.

## What happens to the staged copy afterward

Back in `flash_firmware` (`tools.py`), a `try/finally` around the backend call guarantees cleanup:

```python
finally:
    self.artifacts.release_stage(staged[""artifact""])
```

`release_stage` (`src/agentic_hil/artifacts.py:42-54`) is what tears the staged copy down:
- It only acts if `artifact[""staged""] is True`.
- It re-derives the staged path and verifies it is actually inside the staging root (`is_path_within_frozen`) as a safety check.
- It then `unlink()`s the staged file and `rmdir()`s its parent staging directory, both suppressing `OSError` so cleanup failures don't mask the real result.

This happens whether the backend call succeeds, returns a failure result, or raises an exception (the `except BaseException` branch also clears `self._symbol_elf` before re-raising, but the `finally` still runs `release_stage`). So the staged copy is always a short-lived, single-use file that's deleted right after the backend call returns (or raises), regardless of outcome.",True,True,True,src/agentic_hil/tools.py;src/agentic_hil/artifacts.py,True,"The answer correctly names flash_firmware in tools.py staging the artifact via stage_for_backend (hash-verified private copy) and cleaning it up with release_stage in artifacts.py, matching expected files and symbols.",0.122165,0.11049,0.011675,0.11049,,trace,false,M,agentic_hil,2017476,172
agentic_hil_q26,agentic,36562,659,0,0,3,False,end_turn,,9.63,2026-09-15T20:51:59Z,"Both operations live in `src/agentic_hil/gdbmi.py`:

- **Writing** a symbol's memory contents into an Intel HEX file: `write_intel_hex_file()` (with helper `intel_hex_record()`), used to serialize dumped bytes from a symbol/address range into `.hex` records inside the workspace, via `atomic_write_text`.
- **Reading** one back: `read_intel_hex_file()` (with helper `parse_intel_hex_record()`), which parses an Intel HEX file back into the raw bytes for a requested `[start_address, start_address+size_bytes)` window.

These are used by the ST-Link backend (`src/agentic_hil/backends/stlink.py`) for `debug_dump_symbol_ihex`/`debug_symbol_value`, since STM32CubeProgrammer's `-r` memory read writes results as an Intel HEX file (`write_intel_hex_file` produces the caller-facing dump, `read_intel_hex_file` parses the programmer's own output file back into bytes — see the docstring on `read_intel_hex_file` referencing issue #249).",True,True,True,src/agentic_hil/gdbmi.py,True,"Answer names the correct file src/agentic_hil/gdbmi.py and the expected symbols write_intel_hex_file, read_intel_hex_file, and intel_hex_record, with accurate supporting detail.",0.087104,0.079714,0.00739,0.079714,,locate,true,M,agentic_hil,2017476,172
agentic_hil_q20,indexed,47094,1859,0,0,3,False,end_turn,,26.694,2026-09-15T20:52:12Z,"## Path from MCP call to the ST-Link programmer

1. **MCP entry point** — The MCP `tools/list`/`tools/call` dispatcher routes a `flash_firmware` call to `AgenticHILTools.flash_firmware` via the `dispatch` map in `_call_unlocked` (`src/agentic_hil/tools.py:615-649`, entry `""flash_firmware"": lambda: self.flash_firmware(args)`).

2. **Tool-level gate and staging** — `AgenticHILTools.flash_firmware` (`src/agentic_hil/tools.py:274-310`):
   - re-enters through `self.call(...)` if invoked at the top dispatch depth,
   - checks `self.debugger_permissions.allow_flash` and refuses with `permission_denied` if false (this is the first refusal point),
   - validates that exactly one of `image_path`/`artifact_id` is given,
   - checks `allow_reset` if `reset_after_flash` is requested,
   - resolves/validates the artifact via `self.artifacts`, stages it for the backend (`stage_for_backend`),
   - then calls `self.backend.flash_firmware(staged[""artifact""], reset_after_flash)`.

3. **Backend selection** — `self.backend` is a `DebuggerBackend` instance created by `create_debugger_backend()` (`src/agentic_hil/debugger.py:110-133`), which picks the concrete backend class from `config.debugger.type`. For `type: ""stlink""`, it instantiates `STLinkBackend` from `src/agentic_hil/backends/stlink.py`.

4. **ST-Link backend flashing** — `STLinkBackend.flash_firmware` (`src/agentic_hil/backends/stlink.py:337-359`) builds the STM32CubeProgrammer CLI (`STM32_Programmer_CLI`) invocation (`-w <artifact_path>`, connection args, `-v`, optional `-rst`), runs it via `self._run_stlink(...)`, and writes an action report. This is the actual point of contact with the ST-Link programmer/hardware.

## What refuses it when flashing is disabled

Because permission checks are duplicated at both layers (tool layer and backend layer, by design — see `docs/security-design.md`), disabling `allow_flash` in the authoritative config is enforced at multiple points:

- **Tool layer:** `AgenticHILTools.flash_firmware` checks `self.debugger_permissions.allow_flash` and returns `tool_error(""flash_firmware"", ""permission_denied"", ""Flashing is disabled by the authoritative config."", ...)` before any staging or backend call (`src/agentic_hil/tools.py:278-279`).
- **Backend layer (authoritative, re-checked independently):** `STLinkBackend.flash_firmware` itself checks `self.config.debugger.permissions.allow_flash` and returns `self._permission_denied(""flash_firmware"", ""Flashing is disabled by the authoritative config."", self._permission_key(""allow_flash""))` (`src/agentic_hil/backends/stlink.py:338-339`). The same method also refuses flashing exclusively when `allow_raw_debugger_commands` or `allow_mass_erase` is enabled, since either of those undermines the guarantees a validated flash report depends on (`src/agentic_hil/backends/stlink.py:340-343`, explained in `docs/security-design.md:41-46`).
- **Test-plan path:** if flashing is driven through a test plan instead of a raw MCP call, `TestReactor`'s preflight check (`src/agentic_hil/test_reactor.py:2438-2449`) performs the equivalent `allow_flash`/`allow_reset`/`allow_raw_debugger_commands`/`allow_mass_erase` checks before dispatching the step, returning a `permission_preflight_error`/`exclusive_permission_preflight_error`.

In every case, the deciding value is `config.debugger.permissions.allow_flash` (and the two exclusivity flags) read straight from the authoritative config object — nothing in the MCP layer grants permission on its own; the tool annotations (`destructiveHint: true` for `flash_firmware`, per `src/agentic_hil/contracts.py`) only describe the action, they don't authorize it.",True,False,True,src/agentic_hil/tools.py;src/agentic_hil/backends/stlink.py,True,"It identifies the tool-layer flash_firmware gate on debugger_permissions.allow_flash and the STLinkBackend re-check, plus the MCP dispatch path, matching expected locations despite not naming call_tool.",0.131423,0.112778,0.018645,0.112778,,multi_hop,false,M,agentic_hil,2017476,172
agentic_hil_q21,agentic,285454,3145,0,0,12,False,end_turn,,45.078,2026-09-15T20:52:43Z,"I now have the complete picture. Let me answer.

## How a symbol's value comes back off the board, and where the ELF comes from

There are two distinct paths, depending on whether the backend has a live GDB debug session (OpenOCD) or not (ST-Link, pyOCD without a session).

### 1. Where the ELF comes from

`AgenticHilService` (`src/agentic_hil/tools.py`) keeps a field `_symbol_elf` that is set only by a **confirmed** `flash_firmware` call:

- `flash_firmware()` validates/stages the artifact, calls `self.backend.flash_firmware(...)`, and then calls `self._remember_symbol_elf(validation[""artifact""], result)`.
- `_remember_symbol_elf()` (tools.py:314‑338) records the pre‑staging artifact as `_symbol_elf` only if the flash reported `ok is True` **and** the artifact's suffix is `.elf` (a `.hex`/`.bin` carries no symbol table, so it clears the source). If the flash's result is anything other than proven-not-started on failure, the previous `_symbol_elf` is dropped, since the board's contents are no longer provably known.
- `debug_start_session()` separately stages an ELF artifact and gives the live session that image (`self.backend.debug_start_session(staged[""artifact""], ...)`), which OpenOCD's GDB loads directly.

So the ELF that names a symbol is literally ""the last ELF this service flashed onto the board"" (`tools.py` comment at line 183‑190), tracked per-service instance, not read from any global config.

### 2. Reading the value back

`AgenticHilService.debug_symbol_value()` (tools.py:443‑452) forwards to `self.backend.debug_symbol_value(symbol, self._symbol_elf)`.

**Backend with a live session (OpenOCD, `src/agentic_hil/backends/openocd.py:462`)**: it ignores `symbol_elf` and calls `self._debug.symbol_value(symbol)` (`GdbDebugSession`-based logic in `src/agentic_hil/backends/gdbdebug.py`, `symbol_value()` at line 637). That method resolves the symbol's address/size via the already-attached GDB (`_resolve_symbol`), then reads memory chunk-by-chunk over GDB MI with `-data-read-memory-bytes` (`_read_memory_bytes`, line 1103), and decodes it using the byte order of the session's own loaded artifact.

**Sessionless backends (ST‑Link `src/agentic_hil/backends/stlink.py:416`, pyOCD `src/agentic_hil/backends/pyocd.py:397`)**: these have no attached debugger to query, so they use the passed-in `symbol_elf`:
1. `validate_debug_symbol()` checks the symbol against `debug.allowed_symbols`/`allow_all_symbols`.
2. `resolve_symbol_offline()` (`src/agentic_hil/backends/gdbdebug.py:1541`) copies the remembered ELF into a private temp file, re-verifies its sha256 against the digest recorded when it was flashed (refusing as `symbol_source_changed` if it no longer matches), then spawns a batch-mode GDB against that ELF alone (`gdb_symbol_query_args`, using `printf ""...%lu"", (unsigned long)&symbol` / `sizeof(symbol)`) to get the address/size — falling back to the ELF's own symbol table (`read_elf_symbol`) for untyped/assembly symbols. No target is attached at this stage.
3. The backend then opens the actual probe and performs the real memory read: ST‑Link runs `STM32_Programmer_CLI -r <addr> <size> <file>.hex` and parses the resulting Intel HEX (`read_intel_hex_file`); pyOCD's equivalent does the analogous `pyocd commander`/`savemem` read.
4. The raw bytes are decoded with `decode_symbol_value(...)` using the byte order read from the same digest-verified staged ELF (`image_byte_order`), producing hex plus signed/unsigned integer readings, tagged with `symbol_source` naming the flashed ELF's path/sha256.

So: the ELF is whichever image the service last flashed successfully (tracked as `_symbol_elf` in `tools.py`), and the value is read either through the already-loaded GDB session's memory read (OpenOCD/`gdbdebug.py`) or, for probes with no session, by resolving the symbol offline against that remembered ELF and then issuing a raw memory read through the vendor tool (ST-Link CLI / pyOCD commander) as implemented in `stlink.py`/`pyocd.py` plus the shared helpers in `gdbdebug.py`.",True,False,True,src/agentic_hil/tools.py;src/agentic_hil/backends/stlink.py,True,"Answer correctly identifies _remember_symbol_elf in tools.py, debug_symbol_value forwarding to the backend (stlink.py), and read_elf_symbol fallback, matching expected locations and behaviour.",0.620053,0.602358,0.017695,0.602358,,multi_hop,true,M,agentic_hil,2017476,172
agentic_hil_q16,indexed,9270,1513,0,0,2,False,end_turn,,18.449,2026-09-15T20:53:33Z,"## `HardwareLease.quarantine` vs `HardwareLease.release`

Both are defined on `HardwareLease` in `src/agentic_hil/coordination.py:452-490`, and both simply delegate to the coordinator that owns the lease:

```python
def release(self, *, safe_state_confirmed=True, processes_reaped=True, audit_ok=True) -> bool:
    return self.coordinator.release_lease(self, ...)

def quarantine(self, reason, error=None, *, audit_broken=False) -> None:
    self.coordinator.quarantine_lease(self, reason, error, audit_broken=audit_broken)
```

**`release`** is the ""give the bench back cleanly"" path. It calls `HardwareCoordinator.release_lease` (`coordination.py:990-1030`), which:
- Validates the lease is still current (`_valid_lease`), marking it `stale` otherwise.
- Records the confirmation flags passed in (`safe_state_confirmed`, `processes_reaped`, `audit_ok`).
- If any of those flags is false, it does **not** release — instead it calls `_quarantine_registered_lease` with a reason like `safe_state_unconfirmed`, `process_reap_unconfirmed`, or `audit_broken`, and returns `False`.
- If all confirmations hold, it transitions the lease to `state = ""releasing""`, persists it as `""released""`, releases its locks, and clears the project incident state if nothing else is outstanding. It returns `True` only when the release itself durably commits; any failure along the way turns into a retryable local incident rather than a silent success.

So `release()` is a *conditional* operation — it either succeeds in ending the hold, or it degrades into a quarantine when the safety conditions aren't met.

**`quarantine`** is the direct, unconditional ""hold the bench because something can't be trusted"" path. It calls `HardwareCoordinator.quarantine_lease` (`coordination.py:1082-1088`), which after validating the lease simply invokes `_quarantine_registered_lease` (`coordination.py:2249-2286`). That method:
- Assigns/reuses a `quarantine_id` for the project-level incident.
- Adds the lease's resources to `incident_resources` and sets `lease.state = ""cleanup_required""`.
- Marks `lease.audit_ok` false if `audit_broken=True`, and sets `self.audit_incident` accordingly.
- Appends an error entry (`reason`, timestamp, `quarantine_id`, and optional `error_type`/`summary` from `error`) to `lease.errors`.
- Sets `self.blocked = True` and persists both the lease and the project state as `cleanup_required`, re-normalizing any other quarantined lease markers so they agree on the same resource set.

Key differences:
- **Intent/entry point**: `release()` is called when a caller *believes* it's done with the hardware and wants to end the hold; `quarantine()` is called explicitly when something is known/suspected to be wrong and the hold must be asserted/extended.
- **Outcome on success**: `release()` can end the hold (lease → `released`, bench freed) if confirmations check out; `quarantine()` never frees the bench — it always leaves the lease in `cleanup_required` and keeps `blocked = True`, opening or extending an incident.
- **Return value/semantics**: `release()` returns a `bool` indicating whether the bench was actually freed; `quarantine()` returns `None` — it's a side-effecting recorder of an incident, not an attempt to hand back the resource.
- **Relationship**: `release()` can *internally* fall through to quarantining behavior (via `_quarantine_registered_lease`) when its confirmation flags are unsatisfied, but `quarantine()` is the more fundamental operation that `release()`'s failure path reuses — the two are not symmetric alternatives, quarantine is a strict subset of what can happen inside a failed release.

This distinction is also summarized conceptually in `src/agentic_hil/knowledge.py` (~line 4653): an incident (quarantine) means ""the physical state of the hardware is unknown,"" and only reasons that can't self-resolve (like a broken audit trail) actually open a quarantine, whereas `release()` is the normal, confirmable path back to a non-held state.",True,True,True,src/agentic_hil/coordination.py,True,"The answer correctly locates both methods in src/agentic_hil/coordination.py on HardwareLease and accurately describes quarantine's incident/cleanup_required behavior versus release's confirmed, conditional release semantics.",0.046355,0.03367,0.012685,0.03367,,trace,false,M,agentic_hil,2017476,172
agentic_hil_q16,agentic,42859,1891,0,0,7,False,end_turn,,26.203,2026-09-15T20:53:54Z,"I now have enough detail to answer.

## `HardwareLease.quarantine`

Defined at `src/agentic_hil/coordination.py:486-487`, it just forwards to `HardwareCoordinator.quarantine_lease` (`coordination.py:1082`), which delegates to `HardwareCoordinator._quarantine_registered_lease` (`coordination.py:2249`). That method:

- Assigns (or reuses) a `quarantine_id` on the coordinator and stamps it on the lease.
- Adds the lease's resources to `self.incident_resources` and marks `lease.state = ""cleanup_required""`.
- Downgrades `lease.audit_ok` if `audit_broken` is set, and sets the coordinator-wide `audit_incident` flag.
- Appends an entry (`reason`, timestamp, optional error detail, `quarantine_id`) to `lease.errors` — this is the actual ""incident"" record that `cleanup_reasons()`/`status()` read.
- Sets `self.blocked = True` on the coordinator, persists the lease's marker and (since the incident's resource set may have grown) re-persists sibling quarantined leases' markers to keep them consistent, and persists the project record as `""cleanup_required""`.

In short, `quarantine` opens (or extends) a durable, gated **incident**: it holds the bench/lock, requires operator/automatic recovery (via `resolve_retryable_cleanup`, `recover`, or `stand_down`) before the resource can be used again, and leaves the failure reason attached to `lease.errors`.

## `HardwareLease.release`

Defined at `coordination.py:478-484`, it forwards to `HardwareCoordinator.release_lease` (`coordination.py:990`). Its job is the opposite: it tries to give the lease back cleanly.

- If `safe_state_confirmed`, `processes_reaped`, and `audit_ok` are all true, it proceeds to actually tear the lease down: persists it as `""released""`, updates/clears the project record, releases the underlying `_LifetimeLock`s, releases the bench mutex hold, clears `lease.errors`/`quarantine_id`, removes the lease from the coordinator's registry, and marks the lease invalid (`lease.valid = False`) — i.e., a normal, non-blocking teardown.
- If any of those three confirmations is false, `release_lease` itself calls `_quarantine_registered_lease` with an appropriate reason (`""safe_state_unconfirmed""`, `""process_reap_unconfirmed""`, or `""audit_broken""`) and returns `False` — so an unsuccessful release converts into exactly the same quarantine/incident state that `quarantine()` produces directly.
- If persisting the ""released"" state throws mid-way, it also falls back to quarantining the lease with `LEASE_RELEASE_RETRY_REASON`, so a failed release never silently succeeds (""fail-closed"").

## Difference

- `release()` is the intended, successful end-of-lease path: it lets go of locks/bench holds and forgets the lease, *provided* the caller can confirm safe state, process reaping, and audit integrity.
- `quarantine()` is the explicit ""something is wrong, hold the resource"" path: it never releases locks or the bench hold; instead it flags the lease/resources as `cleanup_required`, records the reason/error, and blocks the coordinator/project until a recovery mechanism (`resolve_retryable_cleanup`, `recover`, `stand_down`, etc.) resolves it.
- Notably, `release()` internally *calls into* the same quarantine machinery (`_quarantine_registered_lease`) whenever its confirmation conditions aren't met or persistence fails — so `quarantine` is both a standalone method and the fallback failure mode of `release`.",True,True,True,src/agentic_hil/coordination.py,True,"The answer names the expected file and symbols, correctly describing quarantine as blocking cleanup_required incident state versus release's clean teardown gated on confirmations, with quarantine as fallback.",0.116218,0.104628,0.01159,0.104628,,trace,false,M,agentic_hil,2017476,172
agentic_hil_q18,indexed,61463,2705,0,0,4,False,end_turn,,38.027,2026-09-15T20:54:23Z,"## What `start_detached_run` does differently

`start_detached_run` (`src/agentic_hil/runlifecycle.py:720`) does **not** run the plan itself. Instead it:

1. **Mints a handle** with `new_run_handle()` and **spawns a separate OS process** via `spawn_run_worker()` (`runlifecycle.py:914`), which re-invokes `python -m agentic_hil test-reactor --test-config ... --run-handle <handle>`. That worker is launched with `spawn_detached_process()` (`src/agentic_hil/process.py:94`), which gives it its own process group/session and (on Windows) a hidden console with no kill-on-close Job Object, so it deliberately **outlives** the process that started it — unlike `run_plan`/`run_registered_plan` (`src/agentic_hil/reactorrun.py`), which executes the plan synchronously in the caller's own process and blocks until it finishes.

2. **Redirects the worker's stdout/stderr to a log file** (`worker_log_path`) rather than a pipe, since nothing in the parent stays around to read one.

3. **Polls the run record instead of waiting for the plan to finish.** It loops on `read_run_record(config, handle)` until the state moves off `RUN_STARTING` (i.e., the worker has taken its devices and published `running`, or hit a terminal state), bounded by `worker_publish_window_s(wait_s)`. It returns as soon as that happens — it answers ""the run is going"" long before the plan itself completes. It also detects and reports a worker that exited without ever publishing, or one that is simply unresponsive (in which case it plants a stop file via `_plant_stop_after_unresponsive` so a stuck worker is asked to end at its next step boundary).

A synchronous (foreground) run, by contrast, calls `run_registered_plan` directly and only returns once the whole plan (and its cleanup) has finished, with the full report as the answer.

## What it writes so a later call can find the run

Both paths register through the same `RunRegistration.take()` (`runlifecycle.py:521-590`), so the artifacts are identical in shape — `start_detached_run` just leaves them behind in a process that keeps running after the start command returns:

- **The run record**: `record_path(config, handle)` → `runs_directory(config) / ""{handle}.json""` (`runlifecycle.py:141-142`), where `runs_directory` is `derived_state_directory(state_root, ""coordination"", ""runs"")` (`runlifecycle.py:123`). This JSON holds `version`, `run` (handle), `name`, `test_config_path`, `report_path`, `detached`, `pid`, `started_at`, and the current `state` (`RUN_STARTING` → `running` → a terminal state), updated by `RunRegistration._write`. This is exactly what `read_run_record` (used by `test_reactor_status`/`test_reactor_stop`) reads back by handle.
- **A lifetime lock file**: `lock_path(config, handle)` (`runlifecycle.py:145`), held for the run's duration so a later caller can tell whether the owning process is actually still alive (vs. a dead-owner case).
- **A worker log file**: `worker_log_path(config, handle)` (`runlifecycle.py:154`), capturing the detached worker's stdout/stderr for diagnosis if it never gets far enough to write a report.
- (For stopping later) a **stop file** at `stop_path(config, handle)`, written by `request_run_stop`/`_plant_stop_after_unresponsive`, which the running worker polls cooperatively between steps.

The handle itself (`run-<16 hex chars>`, validated by `RUN_HANDLE_PATTERN`) is the only identifier callers need to pass to `test-reactor-status`/`test-reactor-stop` to find and act on this run again.",True,True,True,src/agentic_hil/runlifecycle.py,True,"The answer names runlifecycle.py, start_detached_run, spawn_run_worker, and the run record JSON written/read by handle, matching the expected location and behavior with accurate extra detail.",0.161691,0.149976,0.011715,0.149976,,trace,false,M,agentic_hil,2017476,172
agentic_hil_q07,agentic,6651,165,0,0,2,False,end_turn,,3.598,2026-09-15T20:55:04Z,"The plugin is `src/agentic_hil/pytest_plugin.py`, specifically the `agentic_hil` fixture function (line 143), which depends on the `_agentic_hil_service` fixture (line 132) and `agentic_hil_config` fixture (line 88).",True,True,True,src/agentic_hil/pytest_plugin.py,True,"The answer names the correct file src/agentic_hil/pytest_plugin.py and the agentic_hil and agentic_hil_config fixtures, identifying the primary location accurately.",0.020582,0.014952,0.00563,0.014952,,locate,false,M,agentic_hil,2017476,172
agentic_hil_q24,indexed,86368,1749,0,0,4,False,end_turn,,31.065,2026-09-15T20:55:11Z,"## How an on-disk edit gets picked up

By default it **doesn't**: a running server parses the config file once at startup and keeps enforcing that exact document for its whole life. `config_status`/`configstate.config_status` (`src/agentic_hil/configstate.py`) compares a SHA-256 digest of the loaded bytes against a fresh read of the file and reports `state: changed` (with `reload_required: true`, `error_type: config_stale`) when they diverge — but this is only a *report*, not a reload.

The one way across without a restart is the explicit MCP tool **`project_config_reload_description`** (implemented as `reload_description()` in `src/agentic_hil/configreload.py`, invoked from the server via `AgenticHILService.reload_description` in `src/agentic_hil/tools.py:894`, CLI preview counterpart `agentic-hil config-reload` in `src/agentic_hil/cli.py:4726`). Calling it:

1. Re-runs `load_authoritative_config` on the workspace (the same load startup does).
2. Verifies the resolved path still matches the currently loaded config's path (otherwise refused via `_relocated_refusal` — re-reading would rebind the server to a different file).
3. Merges only four sections from the new disk document into the running config via `merged_description()`: `target`, `debuggers`, `com_ports`, `can_buses` — each **minus its `permissions:` sub-block**.
4. Returns the merged `AgenticHILConfig`, which the service swaps in (`self._swap_config(reloaded)`).

Everything else — every `permissions` block, `version`, `workspace_root`, `state_root`, `debug`, `artifacts`, `validation`, `recovery`, `reports`, `logs` — is refused by name and only takes effect on a full server restart (documented in `src/agentic_hil/knowledge.py` around lines 4490–4532).

Downstream services (`ComPortService.reconfigure` in `src/agentic_hil/comports.py`, `CanBusService.reconfigure` in `src/agentic_hil/can.py`) receive the swapped config and stop any session whose port/bus description actually changed.

## What refuses the reload while a run is open

In `reload_description()` (`src/agentic_hil/configreload.py`), before anything is re-read:

```python
if open_holds:
    return None, _open_run_refusal(existing, open_holds)
if quarantine:
    return None, _quarantine_refusal(existing, quarantine)
```

- **`open_holds`** comes from `self.open_hardware_holds()` on the service (`src/agentic_hil/tools.py`) — it's non-empty when this server currently holds hardware: a declared `bench_run_*` run, an open COM or CAN session, or a debug session. The refusal's `error_type` is `config_reload_in_open_run` (`RELOAD_IN_OPEN_RUN_ERROR`), because a held device name has to keep meaning the same physical board for the duration of the hold; re-reading the description mid-run could repoint that name at a different board.
- **`quarantine`** comes from `self._unresolved_incident()` (`src/agentic_hil/tools.py`), which checks `self.coordinator.incident_stands`. If an unresolved incident is standing on the bench, the reload is refused with `error_type: resource_quarantined`, because an operator is about to be asked to physically check devices by name, and a rename underneath that check can't be tolerated.

Both refusals report `open_holds`/quarantine details, do nothing (`NOT_STARTED`), and are `retry_safe: true` — the caller is told to close the run/session (`bench_run_stop`, `com_session_stop`, `can_session_stop`, `debug_stop_session`) or resolve the incident and simply repeat the call once clear.",True,True,True,src/agentic_hil/configreload.py;src/agentic_hil/configstate.py,True,"The answer names configreload.py's reload_description with _open_run_refusal for open holds and configstate.py's config_status staleness detection, matching all expected files and symbols with accurate detail.",0.201866,0.190226,0.01164,0.190226,,multi_hop,false,M,agentic_hil,2017476,172
agentic_hil_q03,agentic,11784,749,0,0,2,False,end_turn,,10.107,2026-09-15T20:55:44Z,"The CAN broker is implemented in **`src/agentic_hil/canbroker.py`**.

This module defines the broker process that lets several participants (runs/processes) share one physical CAN bus: an entry in the config's `can_buses` with a `shares:` section names participant views (identifier filter, permissions, frame budget), and a single broker process owns the physical adapter plus the machine-wide bus lock (via `BenchMutex`), serializing access for all attached participants. Key pieces:

- The module docstring (`src/agentic_hil/canbroker.py:8-39`) explains the design: a bus with no `shares:` remains single-owner (no broker), the broker holds the same lock everyone else would have held, and attach uses an HMAC handshake so a client can prove it's talking to the right broker.
- The broker class itself lives around `src/agentic_hil/canbroker.py:504` onward (the section labeled ""The broker""), handling the bus lock (`hold_bus_lock`/`BenchMutex`), attach/detach of participants, message dispatch (`attach`, `send`, `bus_status`), and per-bus frame/incident logging.

The client-side integration point is in **`src/agentic_hil/can.py`** (around line 718-723 and 1039), which calls into `canbroker.listen_only_proof`, `canbroker.share_view`, and `canbroker.attach_participant` only when a bus is brokered.

This is also documented in `CHANGELOG.md` (#146): ""A CAN broker lets several runs share one physical bus: a `shares:` section under a `can_buses` entry names participant views (identifier filter, permissions, frame budget), and one broker process owns the adapter and the machine-wide bus lock for all of them.""",True,True,False,src/agentic_hil/canbroker.py,True,"It names the correct file src/agentic_hil/canbroker.py and describes the broker class and its behavior accurately, despite not naming CanBroker/BrokerDescriptor explicitly.",0.041673,0.031058,0.010615,0.031058,,locate,true,M,agentic_hil,2017476,172
agentic_hil_q38,indexed,44377,1718,0,0,3,False,end_turn,,25.517,2026-09-15T20:55:58Z,"## Deciding the claim is met

`uart_expect` (`UartRunner._uart_expect` in `src/agentic_hil/test_reactor.py:1679`) picks whichever of `text`/`pattern` the step used (`expect_fields`), builds a matcher via `_matcher`, and hands off to `_expect` → `_read_until`.

`_read_until` (`test_reactor.py:1746`) is the shared polling loop for both `uart_expect` and a `uart_read` with a `comparator:`. It repeatedly calls the `com_read` tool for whatever time is left of `timeout_s`, appends each returned chunk of raw bytes to a rolling `bytearray` buffer (`received`), and decodes the *whole accumulated window* (not just the latest chunk) with `decode_bytes`. It then calls the supplied `matches(decoded, final)` callback against that decoded text:

- For `uart_expect`, the matcher is just `expected in decoded` for `text`, or `re.search` for `pattern` (`_matcher`).
- For a `uart_read` comparator, `StepComparator.matches` (`test_reactor.py:307`) does the same job for `equals`, `pattern`, or `pattern`+`range`, always testing against everything read so far so a value split across two reads still counts.

Matching against the cumulative decoded window (rather than per-chunk) is deliberate: a banner or value that arrives in pieces across multiple `com_read` calls still satisfies the claim. The loop keeps enough tail (`window = max(UART_EXPECT_TAIL_BYTES, 4*len(written)+16)`) so a match spanning a read boundary isn't cut off. On the final pass — once the deadline has passed (`expired`) — the match is checked one last time, since some claims (e.g., a value with no terminator) can only be judged once no more data is coming.

If `matches` succeeds, the read stops and the step reports success; if the deadline is reached with no match, it stops and reports `uart_expect_timeout` (or `comparator_unmet` for `uart_read`).

## Recovering the raw wire bytes

Because decoding uses `errors=""replace""` (`decode_bytes`), a decoded match can't simply be re-encoded to get back the original bytes — invalid bytes become `�`, and stateful codecs may inject characters that weren't literally on the wire. So instead of re-encoding, the code slices the *actual received bytes* out of the same buffer that was decoded:

- Each matcher records where the match happened in the decoded string: `StepComparator.matches` sets `self.matched_span` (from `re.Match.span()` or from `decoded_equals`'s returned span, `test_reactor.py:204`).
- After a match, `_read_until` retrieves that span via `getattr(getattr(matches, ""__self__"", None), ""matched_span"", None)` and calls `matched_span_bytes(raw, encoding, span)` (`src/agentic_hil/comports.py:1625`).
- `matched_span_bytes` builds a character-index → byte-offset map by feeding the raw buffer to an incremental decoder one byte at a time, pinning each produced character to the byte(s) it consumed. It then slices out the byte range corresponding to the match's character span.
- It verifies the slice actually re-decodes (on its own, from a fresh decoder state) to exactly the matched substring; if the span falls inside a multi-character emission from a stateful codec (e.g., UTF-7 or an ISO-2022-JP escape run) where the interior boundary is ambiguous or state-dependent, it returns `None` rather than guess.
- The result is stored as `UartReadOutcome.matched_raw`. `UartReadOutcome.matched_result` (`test_reactor.py:424`) then reports it as `matched_text.hex` (raw wire bytes) alongside the decoded text — or, if `matched_span_bytes` returned `None`, falls back to reporting the text with `matched_text_bytes_unavailable` set and no byte field, rather than fabricating one.

For `uart_expect` specifically, the same shape is produced by `StepComparator`-equivalent logic inline in `test_reactor.py:444` (`_expect`'s outcome path), keyed by whichever of `text`/`pattern` the step declared.",True,True,True,src/agentic_hil/test_reactor.py;src/agentic_hil/comports.py,True,The answer names the expected locations—UartRunner/StepComparator in test_reactor.py and decode_bytes/matched_span_bytes in comports.py—and accurately describes matching on the cumulative decoded buffer and byte-span recovery.,0.120694,0.105934,0.01476,0.105934,,multi_hop,false,M,agentic_hil,2017476,172
agentic_hil_q38,agentic,134736,2555,0,0,10,False,end_turn,,38.155,2026-09-15T20:56:27Z,"Now I have enough detail to write a complete answer.

## How a `uart_expect` step judges a match

`UartRunner._uart_expect` (in `src/agentic_hil/test_reactor.py`) picks whichever of the two v2 expectation fields the schema's `oneOf` guarantees is present — `text` or `pattern` — and calls `self._expect(field_name, ...)`.

- **Deciding what counts as a match** is delegated to `UartRunner._matcher(field_name, expected)`: for `text` it's simple substring containment (`expected in decoded`); for `pattern` it's `re.search(expected)` against the decoded text (unanchored — it matches anywhere unless the plan itself writes `^`/`$`).
- **The actual reading/waiting loop** is `UartRunner._read_until` (shared with `uart_read`'s comparator path). It repeatedly calls the `com_read` tool until the deadline, accumulating raw bytes into a rolling `bytearray` buffer (bounded by a `window` sized to be at least `UART_EXPECT_TAIL_BYTES` or wide enough to hold the expected text/pattern plus slack). On every pass it decodes the *entire accumulated buffer* (`decode_bytes(raw, encoding)`) — not just the newest chunk — and calls the matcher against it, so a banner/value split across multiple reads is still matched once it's all been assembled. It stops on a match, on read failure, or once the deadline passes (giving the final pass a last look, e.g. for whole-value comparator matches that need ""nothing more is coming"").

So ""the serial line said what the plan claimed"" is decided purely from `com_read` output decoded with the port's configured encoding, matched with either substring or regex search over the whole rolling window seen so far.

## Recovering the raw wire bytes that satisfied it

Because decoding uses `errors=""replace""` (`decode_bytes` in `src/agentic_hil/comports.py`), the process isn't reversible — you can't just re-encode the matched string to get back ""the bytes the port sent"" (a lossy decode could invent bytes). So instead of re-encoding:

- For the `StepComparator`-driven case (`uart_read`'s comparator, and the underlying mechanism `uart_expect` also runs through), a match records not just the matched text but its **character span** in the decoded string (`StepComparator.matched_span`, set in `matches()`/`decoded_equals()`).
- `UartRunner._read_until` then calls `matched_span_bytes(raw, encoding, span)` (`src/agentic_hil/comports.py`) to slice the **raw wire bytes** for that character span directly out of the same accumulated buffer `raw`, rather than re-encoding the decoded string.
- `matched_span_bytes` builds a character-index → byte-offset map by feeding the raw bytes through an incremental decoder one byte at a time, tracking which byte run produced each character. It verifies the full decode matches `decode_bytes`'s one-shot output, and it returns `None` (omitting byte evidence, falling back to text-only) whenever the span falls on an ""ambiguous"" boundary — e.g., a multi-character emission from a stateful codec (UTF-7, ISO-2022-JP) where interior byte boundaries aren't recoverable, or where the sliced candidate doesn't independently decode back to exactly the matched substring (guarding against decoder-state-dependent false slices).
- The result (`UartReadOutcome.matched_raw`) becomes part of the reported evidence in the same `{hex, text, encoding}` shape as the failure-path's `received_tail` (via `data_result`), documented through `UartReadOutcome.matched_result`.

On a timeout, the same kind of evidence is given for the miss: `UartReadOutcome.tail_result` reports the last `UART_EXPECT_TAIL_BYTES` (512) raw bytes actually received (`received[-UART_EXPECT_TAIL_BYTES:]`), decoded via `data_result`, as `received_tail`/`received_tail_truncated`.",True,True,True,src/agentic_hil/test_reactor.py;src/agentic_hil/comports.py,True,"The answer names the correct files (test_reactor.py, comports.py) and symbols (UartRunner, StepComparator, decode_bytes, matched_span_bytes), accurately describing matching logic and raw-byte span recovery.",0.307597,0.295022,0.012575,0.295022,,multi_hop,false,M,agentic_hil,2017476,172
agentic_hil_q08,indexed,70306,1073,0,0,4,False,end_turn,,21.225,2026-09-15T20:57:08Z,"The module is `src/agentic_hil/bench.py`, specifically the `BenchMutex` class.

**Arbitration:** `BenchMutex` (in `src/agentic_hil/bench.py`) is the arbiter of exclusive, machine-wide access to physical hardware (""the bench""). Its docstring states: ""One owner's hold on a set of physical devices. `acquire` is all-or-nothing over sorted resource names, so two owners reaching for an overlapping set cannot each keep half of it."" It backs each named resource with an OS-level advisory file lock (`_LifetimeLock`, using `flock`/`msvcrt.locking`), so a crashed holder's OS lock is dropped automatically rather than leaving a stale hold.

**What a successful caller gets back:**
- `acquire(resources, wait_s=..., stop_requested=...)` returns **a list of the resource names newly taken** by this call (an already-held device contributes nothing to the list, since re-acquiring is a no-op that just increments a holder count). If any requested resource is busy, it raises `DeviceBusyError` naming the holder rather than blocking silently.
- `acquire_named(resource, wait_s=...)` similarly returns a bool for whether the single named (possibly non-device) resource was newly taken, raising `DeviceBusyError` otherwise.

So the caller doesn't get a lock ""object"" per resource — it gets back the confirmation of which resource names it now exclusively holds under its `BenchMutex` instance, and it later calls `release`/`release_all` on that same `BenchMutex` to give them up. Higher-level helpers build on this: e.g., `Device.acquire(bench)` in `src/agentic_hil/devices.py` wraps `BenchMutex.acquire` to return whether the device's key was newly taken, and `DeviceSet.acquire(bench)` does the same for a whole declared set, taking every key in one all-or-nothing call.",False,False,False,,False,"The answer names src/agentic_hil/bench.py and BenchMutex returning resource-name lists, not the expected coordination.py module with HardwareCoordinator handing out a HardwareLease.",0.159847,0.151342,0.008505,0.151342,,locate,false,M,agentic_hil,2017476,172
agentic_hil_q22,agentic,287840,4135,0,0,12,False,end_turn,,53.312,2026-09-15T20:57:32Z,"Now I have a complete picture of the mechanism. Here's how a CAN frame sent by one process reaches a second process attached to the same bus.

## The mechanism: a shared-bus broker mediating over local IPC

**Only one process ever holds the actual adapter.** A `can_buses` entry is normally a single-owner device (`can:<adapter>:<channel>` is one machine-wide lock, `agentic_hil/bench.py`'s `BenchMutex`). When a bus is configured with `shares:`, a `CanBroker` process is the one that takes that lock and owns the single `CanAdapterSession` (SocketCAN socket, PCANBasic channel, or a `process` bridge), per `src/agentic_hil/canbroker.py`.

**Other processes are ""participants,"" connected over local IPC, not to each other.** Each process attaches as a named `Participant` (`canbroker.py`) to the broker over an `AF_UNIX` socket (or a named pipe on Windows), authenticated with an HMAC authkey via `multiprocessing.connection.Client`/`Listener`. The broker publishes a `BrokerDescriptor` (endpoint, pid, protocol digest, connection counter) on disk so a second process can find and safely attach to it (with a lock-probe step verifying the peer really holds the bus lock — `probe_bus_lock`).

**Sending:** `Participant.send()` (`canbroker.py`) writes a `{""message"": ""send"", ""frame"": ...}` request over its own connection. The broker's `_handle_send` (`canbroker.py`) validates permissions/filters/budget and calls `self.adapter_session.send(frame)` — the *actual* write to the physical/virtual medium (e.g. `PythonCanAdapterSession.send` in `src/agentic_hil/can.py`, which calls `can.Bus.send()` under the hood for SocketCAN/PEAK, or the `process` bridge's own send).

**Receiving:** the broker is the *only* reader of the adapter, because reading a CAN socket is destructive (`_draw_from_bus` docstring, `canbroker.py`). It periodically calls `self.adapter_session.read(...)` to drain the medium, then fans each received frame out into every attached participant's own in-memory queue, filtered by that participant's view/permissions (`_draw_from_bus`, `canbroker.py`). When the second process calls `Participant.read()`, that becomes a `{""message"": ""read"", ...}` request that triggers `_handle_read`, which (if needed) drives `_draw_from_bus` and then pops frames off that participant's queue.

So the frame's actual journey is: **process A → local IPC request to the broker → broker writes it onto the real bus via the single owned adapter session → the same medium (or, for a `process` bridge, the bridge's own echo/loopback) hands the frame back to the broker on its next read → broker fans it into process B's queue → process B's IPC read request pops it from that queue.** The two client processes never talk to each other directly; the broker is the sole owner of the wire and the sole point where inbound traffic is demultiplexed to each participant.",True,True,True,src/agentic_hil/can.py;src/agentic_hil/canbroker.py,True,"Answer correctly identifies canbroker.py's CanBroker/Participant IPC mediation plus can.py adapter session as the path, matching expected files and core behaviour despite not naming frame_to_wire.",0.64353,0.61703,0.0265,0.61703,,multi_hop,true,M,agentic_hil,2017476,172
agentic_hil_q28,indexed,16237,748,0,0,2,False,end_turn,,11.051,2026-09-15T20:58:36Z,"## Answer

The reactor that walks a test plan's steps and drives each one against the named device is the **`TestReactor`** class in `src/agentic_hil/test_reactor.py`, specifically its methods:

- **`execute_step(self, step: TestStep)`** (`test_reactor.py:2905`) — resolves the step to the `StepDevice` that serves its action (via `self.step_device(step)`) and calls `device.execute(step)`. The docstring notes: *""The device supplies its own config-entry name, so a step cannot address one entry and reach another, and the reactor does not need to know which kind of thing it just asked.""*

- **`execute_steps(self, steps, records, *, top_level=False)`** (`test_reactor.py:2917`) — walks a list of steps in order (recursing into `repeat` blocks), calling `execute_step` for each, recording results, and stopping at the first failure or stop request.

Supporting machinery this reactor relies on:
- **`step_device` / `step_device_class`** and the **`StepDevice`** hierarchy (`test_reactor.py:1109`) — each device kind (e.g. `DebuggerRunner` at `test_reactor.py:2211`) declares which step actions it serves and how to execute them, so the reactor stays ""device-kind-blind.""
- **`plan_devices(config, test_config)`** (`test_reactor.py:3372`) — walks the plan up front to determine every device it touches, used to lock devices before the run starts.
- The run is kicked off from **`run_registered_plan`** in `src/agentic_hil/reactorrun.py:108`, which locks the plan's devices and then drives execution through the `TestReactor`.

So: **`TestReactor.execute_step`/`execute_steps`** in `src/agentic_hil/test_reactor.py` is the core reactor loop that walks the plan's steps and dispatches each to the device it names.",True,True,True,src/agentic_hil/test_reactor.py,True,"The answer names src/agentic_hil/test_reactor.py and the expected symbols TestReactor, TestStep, and StepDevice, correctly describing the step-walking dispatch loop.",0.048324,0.039954,0.00837,0.039954,,locate,false,M,agentic_hil,2017476,172
agentic_hil_q11,indexed,8659,699,0,0,2,False,end_turn,,11.709,2026-09-15T20:58:50Z,"## Answer

In `flash_firmware` (`src/agentic_hil/tools.py`, lines ~296–306), when `self.backend.flash_firmware(...)` raises an exception, the method drops the bench's remembered symbol ELF outright:

```python
try:
    result = self.backend.flash_firmware(staged[""artifact""], reset_after_flash)
except BaseException:
    self._symbol_elf = None
    raise
finally:
    self.artifacts.release_stage(staged[""artifact""])
```

The reasoning, per the inline comment, is that a backend which raised may have contacted or partially written the target, so the previously-remembered ELF can no longer be trusted to describe whatever is now on the board. Since `_remember_symbol_elf` (also in `tools.py`, ~line 314) only runs on a *returned* result — never on a raised exception — this exception handler is the only place that clears `self._symbol_elf` for a raising backend call. It sets `self._symbol_elf = None` and then re-raises the exception unchanged, so the coordination wrapper still reports the failure/effect as unknown, but a subsequent ST-Link symbol dump (via `offline_symbol_info` in `src/agentic_hil/backends/gdbdebug.py`) will get the `symbol_source_not_available` refusal rather than resolving a symbol against a build the failed flash may have replaced.

The docstring on `_remember_symbol_elf` clarifies the contrast: only a *returned* result that proves the flash never started (`side_effect_status == ""not_started""`) is allowed to keep the old remembered ELF; any raised exception is treated even more conservatively — the source is dropped unconditionally, since there's no side-effect status to consult at all.",True,True,True,src/agentic_hil/tools.py,True,"The answer correctly locates flash_firmware in tools.py and states it clears the remembered symbol ELF (self._symbol_elf = None) on backend exception before re-raising, consistent with _remember_symbol_elf.",0.045183,0.024308,0.020875,0.024308,,trace,false,M,agentic_hil,2017476,172
agentic_hil_q29,agentic,21647,430,0,0,2,False,end_turn,,7.808,2026-09-15T20:59:10Z,"The closed JSON Schema for test plans is `src/agentic_hil/schemas/testconfig.schema.json`. It uses `""additionalProperties"": false` throughout (top-level and in each step/action definition) to enumerate exactly which actions and keys a plan may contain.

It's loaded and exposed to callers via `TEST_CONFIG_SCHEMA()`/related helpers in `src/agentic_hil/knowledge.py` (see the comment at `knowledge.py:3757`, ""The shipped test plan schema, parsed once""), and it's what `test_reactor.py` validates plans against (e.g. the version-gate logic around `x-since-version` markers, `test_reactor.py:813`). It's also published to agents as the MCP resource `agentic-hil://reference/test-plan-schema` (documented in `AGENTS.md` and `docs/mcp-tools.md`).",True,True,True,src/agentic_hil/schemas/testconfig.schema.json,True,"The answer names the expected schema file and describes its closed additionalProperties:false structure and x-since-version gating, matching the expected location.",0.053844,0.047594,0.00625,0.047594,,locate,false,M,agentic_hil,2017476,172
agentic_hil_q04,indexed,8429,454,0,0,2,False,end_turn,,10.645,2026-09-15T20:59:21Z,"## Answer

The **`src/agentic_hil/mcp.py`** module is responsible for dispatching incoming MCP JSON-RPC messages to the tool service.

Specifically:

- `handle_mcp_message(message, tools)` is the top-level entry point that accepts a parsed JSON-RPC payload (single object or batch/list) and a `tools: AgenticHILToolService` instance, routing batches through `handle_single_mcp_message` for each item.
- `handle_single_mcp_message(message, tools)` validates the JSON-RPC envelope (checks `jsonrpc`/`method`/notification semantics) and then calls `handle_method(request_id, method, params, tools)` to actually invoke the tool service, wrapping `InvalidParamsError` and other exceptions into proper JSON-RPC error responses (`-32602`, `-32603`).

This dispatcher is invoked from `src/agentic_hil/stdio.py` (`run_stdio_server`), which reads lines from stdin, decodes/parses them, and passes the resulting message into `handle_mcp_message` along with an `AgenticHILToolService` instance to execute against.",True,True,True,src/agentic_hil/mcp.py,True,"The answer names the expected module src/agentic_hil/mcp.py and its dispatch functions handle_mcp_message and handle_method, correctly describing the JSON-RPC routing to the tool service.",0.028608,0.021398,0.00721,0.021398,,locate,false,M,agentic_hil,2017476,172
agentic_hil_q19,agentic,100750,1383,0,0,4,False,end_turn,,15.783,2026-09-15T20:59:34Z,"## How an MCP `tools/call` result is stopped from carrying a secret

The mechanism is a **redaction pass applied to every tool result before it is serialized**, in `call_tool` in `src/agentic_hil/mcp.py`:

```python
result = tools.call(name, arguments)
# Defense-in-depth: strip any secret-named field before the result is
# serialized into the MCP content text and structuredContent. isError is
# computed from the raw result (redaction touches no success field).
safe_result = redact_sensitive(result)
return {""content"": [{""type"": ""text"", ""text"": tool_result_text(safe_result)}], ""structuredContent"": safe_result, ""isError"": not overall_success(result)}
```

The redaction itself lives in `src/agentic_hil/redact.py`, via `redact_sensitive`:

1. **By key name** — `_redact_member`/`redact_sensitive` walk the result recursively (dicts and lists at any depth) and replace the value of any key matching `_SENSITIVE_KEY_PATTERN` (`*_token`, `*secret`, `password`, `passwd`, `api_key`/`apikey`, `authkey`/`auth_key`) with the marker `""[redacted]""`.
2. **By content shape inside captured streams** — keys named `stdout`, `stderr`, or `backend_warnings` (the `_STREAM_KEYS` set, matched at any depth) get a second content-level pass, `redact_stream_text`, which masks credential-shaped spans a tool's own output might quote even though the field itself isn't secret-named: URL userinfo passwords (`_mask_url_userinfo`), `Authorization: Bearer/Basic` header values (`_AUTH_HEADER_PATTERN`), and `token=`/`password=`/etc. assignments in query strings or shell-style text (`_SENSITIVE_ASSIGNMENT_QUERY`, `_SENSITIVE_ASSIGNMENT_SHELL`).

Both the `structuredContent` and the serialized `content` text block (via `tool_result_text`) are built from this same `safe_result`, so the redacted copy — not the raw tool result — is what actually goes out over the wire in the `tools/call` response. `isError` is still computed from the *raw* result, since redaction never touches success/failure fields.

The docstring in `redact.py` calls this ""defense-in-depth"" — the same `redact_sensitive` function is also the sink used by the CLI (`src/agentic_hil/cli.py`), `com-stdio` (`src/agentic_hil/comstdio.py`), coordination records (`src/agentic_hil/coordination.py`), and evidence bundling (`src/agentic_hil/runevidence.py`), so every output surface shares one redaction implementation and fails closed the same way (a redaction that doesn't return a dict triggers a `redaction_unavailable` refusal rather than publishing the unredacted value, per `cli.py`'s `write_result`/`print_json`).",True,True,True,src/agentic_hil/mcp.py;src/agentic_hil/redact.py,True,"The answer names mcp.py's call_tool applying redact_sensitive from redact.py before building structuredContent and tool_result_text, matching the expected files and symbols with accurate detail.",0.22556,0.21533,0.01023,0.21533,,multi_hop,false,M,agentic_hil,2017476,172
agentic_hil_q36,indexed,16326,994,0,0,2,False,end_turn,,13.427,2026-09-15T20:59:52Z,"## Answer

When a debugger entry's configured `probe_id` names a different probe from the one physically attached, the adoption plan **refuses outright** — it produces no partial plan at all, rather than trying to carry over whichever fields are still unset.

This logic lives in `plan_adoption()` in `src/agentic_hil/adopt.py`:

```python
configured = configured_probe_id(debugger)
discovered = discovery.get(""probe_id"")
if configured is not None and isinstance(discovered, str) and discovered and fold_hardware_id(configured) != fold_hardware_id(discovered):
    return _different_board(debugger_name, configured, discovered)
```

The refusal itself is built by `_different_board()` (`src/agentic_hil/adopt.py`), which returns a structured error:

- `""ok"": False`, `""error_type"": ""hardware_mismatch""`, `""field"": ""probe_id""`
- A summary explaining that the entry's `probe_id` names one probe while a different one is attached, so this is treated as a different board
- `configured_probe_id` and `discovered_probe_id` for both values
- A `next_step` telling the caller to either attach the board this entry is configured for, or name the entry the attached board actually belongs to via `debugger_id` — noting that repointing a configured entry to a different probe is an operator's edit, not something this tool does
- `retry_safe: False`

**Why the whole plan is dropped rather than just skipping the `probe_id` field:** the docstring on `_different_board` explains that the identity keys (`probe_id`, `target.controller`, the COM device, the backend executable) are not independent — they all describe *one* physical board. If the still-unset fields (controller, COM port, executable) were carried in while `probe_id` was left pointing at a different, previously configured probe, the result would be a configuration file that loads and passes validation but actually points its debugger at one board and its UART at another — ""a file that loads, passes `doctor`, and is wrong in the one way nobody would look for."" So the mismatch is not reported as a per-key `kept`/disagreement; instead nothing is planned and nothing is written.

This is consistent with the documented behavior in `docs/configuration.md` (""an entry that already names a probe with a *different* probe attached is refused whole rather than partly carried, because the identity keys describe one board between them"") and in the `CHANGELOG.md` entry for this feature.",True,True,True,src/agentic_hil/adopt.py,True,"The answer correctly identifies plan_adoption, _different_board, and configured_probe_id in src/agentic_hil/adopt.py, and accurately describes the whole-entry refusal with hardware_mismatch error.",0.052032,0.042592,0.00944,0.042592,,trace,false,M,agentic_hil,2017476,172
agentic_hil_q36,agentic,59796,1083,0,0,5,False,end_turn,,17.805,2026-09-15T21:00:08Z,"## Answer

When `plan_adoption` finds that a debugger entry's configured `probe_id` (via `configured_probe_id`) folds to a different hardware id than the one actually discovered/attached (`fold_hardware_id(configured) != fold_hardware_id(discovered)`), it does **not** produce a partial per-key plan. Instead it refuses the whole adoption outright by calling `_different_board`, which returns a result with:

- `ok: false`
- `error_type: ""hardware_mismatch""`
- `field: ""probe_id""`
- a summary explaining that the configured entry names one probe and the attached probe is different, so this is ""a different board,"" and that nothing was planned and nothing was written
- `configured_probe_id` and `discovered_probe_id` for reference
- a `next_step` telling the operator to attach the board the entry is configured for, or to name the correct entry via `debugger_id`, noting that repointing a configured entry at another probe is an operator's edit, not something this path does
- `retry_safe: false`

The rationale (documented in the docstring of `_different_board`) is that identity keys aren't independent: `probe_id` names the board, and `target.controller`, the COM device, and the backend executable all describe *that* board. If adoption filled in only the currently-unset fields while leaving a `probe_id` that names a different probe, it would produce a configuration that loads and passes `doctor` but is silently wrong — e.g., the debugger driving one Nucleo while the UART talks to another. So rather than emitting a per-key `kept`/`carried` entry for the mismatch, `plan_adoption` short-circuits and refuses the entire plan.

Source: `src/agentic_hil/adopt.py`, functions `plan_adoption` (lines ~450–453) and `_different_board` (lines ~404–437), plus `configured_probe_id` (lines ~396–401).",True,True,True,src/agentic_hil/adopt.py,True,"Answer names adopt.py with plan_adoption, configured_probe_id, and _different_board, correctly describing the outright refusal of adoption on probe mismatch.",0.140072,0.130422,0.00965,0.130422,,trace,false,M,agentic_hil,2017476,172
agentic_hil_q12,indexed,24594,1196,0,0,3,False,end_turn,,17.151,2026-09-15T21:00:29Z,"## What it returns

For a bus where `bus_config.listen_only` is falsy, `listen_only_send_refusal` returns `None` — ""for a bus that never made the claim, so the caller's ordinary path is untouched"" (`src/agentic_hil/can.py:874-921`). Only when `bus_config.listen_only` is true does it build the `can_listen_only_mode` refusal dict (with `error_type`, `field`, `listen_only_enforcement`, a summary, `side_effect_committed: False`, `retry_safe: False`, remediation fields, etc.).

## Why the gate lives at the tool layer, not per adapter

The docstring in `src/agentic_hil/can.py` gives the reasoning directly:

1. **`listen_only` is a property of the bus config entry, not of any particular driver.** The function is deliberately placed once, at the layer that holds the `CanBusConfig`, ""so the answer cannot differ between PEAK, SocketCAN and the process bridge without the flag meaning three things."" If each adapter enforced the refusal itself, the same configured flag could produce three different behaviors.

2. **Only the config-holding layer can refuse *before* a driver is called.** That's the actual requirement — ""a refusal produced by an adapter would already have handed the frame over."" An adapter-level check would necessarily happen after the send was already dispatched to the driver.

3. **The installed adapter can't be trusted to fail the send itself.** Concretely, python-can 4.6.1's `PcanBus.send()` never inspects bus state — it just constructs the frame and calls `PCANBasic.Write()`, only raising if the driver's return code isn't `PCAN_ERROR_OK`. So a PASSIVE (listen-only) PCAN channel will accept and report a transmit as sent even though nothing reaches the wire. This is called out as the concrete bug this gate exists to prevent (""a bench with a driver-verified listen-only bus came to be told 'CAN frame sent.' with no frame on the wire""), and `test_can_listen_only.py` pins that python-can behavior so the reasoning ""fails loudly if it ever stops being true.""

4. **Consistency across every route.** `listen_only_send_refusal` is called uniformly from `can_send` (the direct tool), from `TestReactor`'s preflight for a plan's `can_send` step (`src/agentic_hil/test_reactor.py`), and from `CanBroker`'s participant send path (`src/agentic_hil/canbroker.py`), all producing the identical `can_listen_only_mode` refusal — ""the same on every adapter and through every route ... because the flag describes the medium rather than the caller"" (also stated in `src/agentic_hil/knowledge.py`'s `LISTEN_ONLY_MODE_ERROR` remedy entry).

5. It also explicitly bypasses `permissions.allow_write` — the mode is settled before any permission check, since ""a bus is not made transmit-capable by granting a permission on it.""",True,True,True,src/agentic_hil/can.py,True,"Names the correct file and function, correctly states it returns None for non-listen-only buses, and accurately explains the config-layer rationale across adapters.",0.075538,0.061148,0.01439,0.061148,,trace,false,M,agentic_hil,2017476,172
agentic_hil_q34,agentic,19900,644,0,0,3,False,end_turn,,9.584,2026-09-15T21:00:51Z,"Based on `src/agentic_hil/test_reactor.py` (class `SymbolComparator`, lines 2147–2208):

**The three claims a `read_symbol` comparator can make about the integer `debug_symbol_value` decodes:**
1. **`equals`** – the value must equal one specific number.
2. **`range`** – the value must fall within inclusive `min`/`max` bounds.
3. **`mask`** (used alongside `equals`) – a claim about bits rather than the whole word: `(value & mask) == equals`, letting the step assert one flag of a status word without constraining the rest of it.

**What `signed` selects:** the tool returns two integer readings of the same bytes (`value_signed` and `value_unsigned`), which agree everywhere except above the top bit. `signed: true` (default `false`) picks which of those two readings the comparator's claim is judged against (see the `reading` property, which returns `""value_signed""` or `""value_unsigned""`). Because a mask is a claim about specific bits rather than a reading of the whole word's sign, the schema refuses `signed` when `mask` is present (also documented in `src/agentic_hil/schemas/testconfig.schema.json` around line 109 and in `docs/testing.md`/`CHANGELOG.md`).",True,True,True,src/agentic_hil/test_reactor.py,True,"Answer identifies SymbolComparator in test_reactor.py, the equals/range/mask claims, and that signed selects between value_signed and value_unsigned readings, matching expectations.",0.058765,0.04624,0.012525,0.04624,,trace,true,M,agentic_hil,2017476,172
agentic_hil_q29,indexed,17192,712,0,0,2,False,end_turn,,19.153,2026-09-15T21:01:05Z,"## Answer

The closed schema that governs test plans is `src/agentic_hil/schemas/testconfig.schema.json`.

It is described as ""closed"" because it sets `additionalProperties: false` at the root and on every step, meaning any key the schema doesn't name is refused rather than silently ignored (`docs/test-plan-contract.md`). A plan document has exactly three root keys (`version`, optional `name`, and `steps`), and each step is validated against a `oneOf` of action shapes drawn from this file.

Supporting details:
- **Loading/parsing**: `plan_schema_text()` and `plan_schema_document()` in `src/agentic_hil/knowledge.py` read and cache the file at `TEST_CONFIG_SCHEMA_RESOURCE = ""schemas/testconfig.schema.json""`.
- **Validation entry point**: `test_config_schema()` in `src/agentic_hil/test_reactor.py` returns this same bundled schema for the reactor to validate plans against (using `Draft202012Validator` per `src/agentic_hil/contracts.py` imports), and `raise_test_config_validation_error()` in `test_reactor.py` translates its validation errors (including `additionalProperties` and `oneOf` failures) into refusal messages.
- **Documentation generated from it**: `plan_format_document()` in `knowledge.py` builds the human-readable plan-format reference directly from this schema, and it's exposed as the resource `agentic-hil://reference/test-plan-schema` (see the resource descriptor list in `knowledge.py`).
- **Version gating**: the schema uses a custom `x-since-version` (`PLAN_FEATURE_VERSION_KEY` in `knowledge.py`) to mark which plan format version introduced each action/key.",True,True,True,src/agentic_hil/schemas/testconfig.schema.json,True,"The answer names the expected schema file, explains its closed additionalProperties behavior, and mentions the x-since-version extension key, correctly identifying the primary location.",0.049489,0.041504,0.007985,0.041504,,locate,false,M,agentic_hil,2017476,172
agentic_hil_q14,agentic,14270,1148,0,0,4,False,end_turn,,14.307,2026-09-15T21:01:27Z,"Based on `src/agentic_hil/comports.py`, function `verify_port_identity`:

**What it compares before opening:**
It resolves the configured port entry to an `expected_port_identity` (declared `serial_number`, `vid`, `pid`), enumerates the host's serial ports via `list_available_com_ports`, finds the single matching host entry for `port.device`, and compares:

1. **Serial number** first, if the entry declares one (`expectation.expected`) — folded/normalized comparison against the host-reported `serial_number`.
2. **USB VID/PID**, checked *after* the serial number and regardless of whether a serial matched — because ""a USB serial number is unique within a vendor and nowhere else"" (lines 578–583). It compares `expectation.vid`/`expectation.pid` against the host-reported `found_vid`/`found_pid` (via `host_usb_id`), building a `declared` list of (claimed, seen) pairs for whichever of vid/pid the entry names.

Only if the serial matches (or is not declared) *and* all declared VID/PID pairs match does it set `identity[""status""] = ""confirmed""` and return `{""ok"": True, ""identity"": identity}`, allowing the port to be opened.

**What happens on a VID/PID mismatch:**
If `any(claimed != seen for claimed, seen in declared)` (line 592), it calls `_identity_mismatch` and returns `ok: False` **without opening the port**:

- `error_type` is `COM_PORT_IDENTITY_MISMATCH`.
- `summary` states the port is currently a device of the found vid/pid type but the entry names a different one, noting the port was not opened because ""this is a different kind of device under the name this entry used to have,"" adding that a matching serial number ""proves nothing"" in that case since USB serials are only unique within a vendor.
- `likely_causes` lists possibilities: a different USB-serial adapter took over the name, the entry is stale, or a coincidental duplicate serial across vendors.
- The result marks `side_effect_committed: False`, `side_effect_status: ""not_started""`, `hardware_state: ""unchanged""`, and `retry_safe: True` — i.e., nothing was touched, so fixing the config (or plugging in the right board) and retrying is safe.

If instead the host port reports no VID/PID at all while the entry declares them, it returns `status = ""usb_ids_unknown""` via `_identity_unverified` (a distinct ""could not verify"" refusal, not a mismatch), also with `ok: False` and no port opened.",True,True,True,src/agentic_hil/comports.py,True,"The answer names the right file and function, correctly describing the serial/VID/PID comparison via expected_port_identity and the refusal to open with a COM_PORT_IDENTITY_MISMATCH error on mismatch.",0.04977,0.04002,0.00975,0.04002,,trace,false,M,agentic_hil,2017476,172
agentic_hil_q37,indexed,23946,1074,0,0,3,False,end_turn,,18.013,2026-09-15T21:01:44Z,"## `decode_symbol_value` behavior for non-1/2/4/8-byte data

Defined in `src/agentic_hil/backends/gdbdebug.py:1733-1756`. `decode_symbol_value(data, order)` always includes `hex` (the raw bytes in memory order) and echoes through the `order` dict (`byte_order`, `byte_order_from`). It only computes `value_unsigned`/`value_signed` when `len(data)` is a member of `INTEGER_VALUE_WIDTHS` (`frozenset({1, 2, 4, 8})`, defined at `gdbdebug.py:82`). For any other length it instead sets:

```python
result[""value_not_decoded""] = ""size_bytes is not 1, 2, 4 or 8, so the bytes carry no single integer reading.""
```

No exception is raised — it just returns `hex` plus that explanatory string field, deliberately refusing to invent a numeric interpretation for widths like 3 or 408 bytes.

## Where the byte order comes from

The `order` argument is produced by `image_byte_order(elf_path)` (`gdbdebug.py:1709-1730`), which reads the ELF's `EI_DATA` byte via `read_elf_byte_order` (`src/agentic_hil/elfsymbols.py:150-171`) — the image's own declared byte order (little/big), since GDB and STM32CubeProgrammer/pyOCD memory reads return raw memory-order bytes with no order info of their own. If the file isn't a valid ELF or declares neither LSB nor MSB, it falls back to `DEFAULT_SYMBOL_VALUE_BYTE_ORDER` (""little"", `gdbdebug.py:83`) and marks `byte_order_from: ""default""` rather than `""elf_header""`.

Callers pass in this `order`:
- `gdbdebug.py` (`debug_symbol_value`, live session): `image_byte_order(str(session.artifact[""resolved_path""]))` — the ELF actually loaded/running in the session.
- `backends/stlink.py` and `backends/pyocd.py` (`debug_symbol_value`): `resolved[""image_byte_order""]`, which was computed earlier during symbol resolution (also via `image_byte_order` on the staged/verified flashed ELF).

`decode_symbol_value` itself just reads `byte_order` out of that dict (`byte_order = str(order[""byte_order""])`) and uses it in `int.from_bytes(data, byte_order, ...)`.",True,True,True,src/agentic_hil/backends/gdbdebug.py;src/agentic_hil/elfsymbols.py,True,"Answer correctly identifies decode_symbol_value in gdbdebug.py, the INTEGER_VALUE_WIDTHS check with value_not_decoded fallback, and byte order from image_byte_order/read_elf_byte_order in elfsymbols.py.",0.069097,0.058632,0.010465,0.058632,,trace,false,M,agentic_hil,2017476,172
agentic_hil_q40,agentic,875450,2207,0,0,15,True,tool_use,,43.093,2026-09-15T21:02:05Z,,False,False,False,,False,empty answer,1.77297,1.77297,0.0,1.77297,,multi_hop,false,M,agentic_hil,2017476,172
agentic_hil_q19,indexed,31864,965,0,0,3,False,end_turn,,15.377,2026-09-15T21:02:48Z,"## Answer

In `call_tool` in `src/agentic_hil/mcp.py`, every `tools/call` result is run through `redact_sensitive` (defined in `src/agentic_hil/redact.py`) **before** it is packed into the MCP response:

```python
result = tools.call(name, arguments)
safe_result = redact_sensitive(result)
return {""content"": [{""type"": ""text"", ""text"": tool_result_text(safe_result)}],
        ""structuredContent"": safe_result,
        ""isError"": not overall_success(result)}
```

This is explicitly called out in the code comment as ""defense-in-depth"": the raw tool result is redacted before it is serialized into both the `content` text and `structuredContent`, and `isError` is computed from the *unredacted* result so redaction can't accidentally flip success/failure status.

`redact_sensitive` (in `src/agentic_hil/redact.py`) walks the result recursively via `_redact_member`:

- Dict values whose **key** matches `_SENSITIVE_KEY_PATTERN` (names like `*_token`, `*secret`, `password`, `api_key`, `authkey`) are replaced wholesale with a placeholder (`_REDACTION_MARKER`).
- Dict values whose key is a known captured-stream key (`_STREAM_KEYS`, e.g. `stdout`/`stderr`) are passed through `_redact_stream_member` → `redact_stream_text`, which does a *content* pass (not just key-based) that masks URL userinfo, `Authorization: Bearer/Basic` headers, and secret-named assignments/query parameters — this catches secrets embedded inside prose/text (e.g., a credential baked into a URL in a tool's stderr), which the key-name pass alone can't see.
- Lists and other nested dicts are recursed into.

So a secret can't ride back to the MCP client either by being stored under a secret-sounding field name or by being embedded as text inside a captured stdout/stderr blob — both are stripped/masked by `redact_sensitive` immediately before the `tools/call` result is returned in `call_tool`.",True,True,True,src/agentic_hil/mcp.py;src/agentic_hil/redact.py,True,"The answer names the expected files and symbols (call_tool, redact_sensitive, tool_result_text) and correctly describes redaction of the tools/call result before returning it to the client.",0.082038,0.073378,0.00866,0.073378,,multi_hop,false,M,agentic_hil,2017476,172
agentic_hil_q33,agentic,5801,476,0,0,3,False,end_turn,,6.839,2026-09-15T21:03:07Z,"`read_intel_hex_file` returns `None` in both cases.

In `src/agentic_hil/gdbmi.py`:

- **Incomplete coverage (a hole in the window):** after processing all records, it checks `if not all(covered): return None` — so if any byte in `[start_address, start_address+size_bytes)` was never written by a data record, the whole call returns `None` rather than a partial buffer.
- **Same address written twice with different values:** inside the data-record loop, `if covered[position] and window[position] != value: return None` — a conflicting duplicate write causes an immediate `None` return.

As the docstring states, the function is designed to ""Never [give] a partial answer"" — it returns either the exact `size_bytes` window as `bytes`, or `None` for any malformed record, checksum failure, unrecognized record type, conflicting duplicate byte, or an uncovered hole.",True,True,True,src/agentic_hil/gdbmi.py,True,"The answer correctly identifies read_intel_hex_file in src/agentic_hil/gdbmi.py returning None for both incomplete coverage and conflicting duplicate writes, with accurate mechanism details.",0.023297,0.016362,0.006935,0.016362,,trace,true,M,agentic_hil,2017476,172
agentic_hil_q15,indexed,30965,1573,0,0,3,False,end_turn,,23.541,2026-09-15T21:03:17Z,"## `terminate_process_tree` on POSIX

The public entry point `terminate_process_tree` (`src/agentic_hil/process.py:217`) wraps the real work in `_terminate_process_tree`, recording any failure as a `cleanup_pending` `ManagedProcessRecord` before re-raising.

Inside `_terminate_process_tree` (`src/agentic_hil/process.py:228-299`), the POSIX branch:

1. **Finds the child's process group** via `_child_process_group` (`process.py:322`), which prefers a stored `_agentic_hil_pgid`, falls back to `child.pid` if the child has already exited, and otherwise calls `os.getpgid(child.pid)`.
2. **If there's no real group** (pgid is `None` or equal to our own `os.getpgrp()`), it just does a plain single-process kill via `_terminate_single_child` (`terminate()` then `wait()`, escalating to `kill()` on timeout) and forgets the record.
3. **Otherwise, it kills the whole group in two passes:**
   - For `SIGTERM`, then `SIGKILL`, it calls `_signal_process_group(pgid, sig)` (`process.py:302`), which does `os.killpg(pgid, sig)`.
   - After each signal it calls `_wait_for_process_group(child, pgid, timeout_s)` (`process.py:344`), which polls `child.wait(timeout=0)` and repeatedly checks group membership until either it's confirmed empty or the timeout expires.
   - If the group empties, the record is forgotten and the function returns.
   - If the signal itself couldn't be delivered (`_signal_process_group` returned `False`, meaning `killpg` raised something other than `ProcessLookupError`) **and** the group still isn't empty, it raises a `RuntimeError` naming the pgid/signal.
   - If both signals were ""delivered"" (or the group already looked gone at delivery time) but the group still isn't confirmed empty, it falls through to `_terminate_single_child` on the leader plus a final `_process_group_exists` check, raising `RuntimeError(""Process group remained active after SIGKILL."")` if that still shows a member.

## How it decides the group is actually gone

The membership check is `_process_group_exists(pgid)` (`process.py:358-381`), used both directly and inside `_wait_for_process_group`. It calls `os.killpg(pgid, 0)` — a zero-signal probe that delivers nothing but asks the kernel whether the group still has any member:

- `ProcessLookupError` → group is empty → **not existing** (gone).
- `PermissionError` → there's a member the caller can't signal → **still existing**.
- Any other success (kernel says a member exists) → falls through to a secondary check: `_running_process_group_members(pgid)` (`process.py:384`), which reads `/proc` (where available) to filter out zombies. This exists specifically because `killpg(pgid, 0)` counts zombies as members, and under a PID-1-style parent that never reaps orphans, a zombie can hold the group ""alive"" forever even though it runs nothing. If `/proc` isn't available, it conservatively reports the group as still existing.

This two-tier design (kernel probe + `/proc`-based zombie filtering) is also why signal-delivery failures are treated as secondary: on Darwin, `killpg` returns `EPERM` (not `ESRCH`) for a group whose only remaining members are zombies, because its group iterator skips zombies during signal delivery. So the code always asks the membership question first via `_process_group_exists`/`_wait_for_process_group`, and only raises over a failed `killpg` if the group *also* still appears to have a live member — avoiding false ""still running"" reports for trees that have actually already exited (documented at length in `CHANGELOG.md` around the `#372`/`#320` entries).",True,True,True,src/agentic_hil/process.py,True,"Answer names src/agentic_hil/process.py with terminate_process_tree/_terminate_process_tree/_signal_process_group, correctly describing os.killpg SIGTERM→SIGKILL escalation and the killpg(pgid, 0) liveness probe.",0.092155,0.07766,0.014495,0.07766,,trace,false,M,agentic_hil,2017476,172
agentic_hil_q25,agentic,16913,1177,0,0,3,False,end_turn,,14.575,2026-09-15T21:03:43Z,"Now I have enough context to answer.

## Answer

Each agent-facing report carries a `canonical_audit` block (attached by `attach_canonical_audit_evidence` in `src/agentic_hil/report.py`) that contains cryptographic tamper-evidence pointing at a separate, trusted copy of the audit log — not the workspace log the agent could have modified.

Mechanics:

- **Two copies of the log**: every effect record is written first to a *canonical* copy under the trusted `state_root` (`canonical_audit_log_path`, `audit_logs_directory`) and only then mirrored into the workspace-visible log (`append_jsonl` / `append_jsonl_audited`, `write_audit_log` in `src/agentic_hil/report.py`). The workspace copy is the one an agent (or anything with workspace access) can edit; the canonical copy lives outside that trust boundary.
- **Hash chain**: each append to the canonical log advances a SHA-256 hash chain over the previous chain digest plus the new line, stored in a `.digest` sidecar file alongside a monotonically increasing `sequence` counter and the expected byte length (`append_canonical_audit_log`, `_read_canonical_sidecar`). Before appending, it also checks the on-disk file size against the recorded size and fails closed if they disagree, so a chain can't silently be extended over an already-tampered file.
- **Evidence attached to the report**: `canonical_audit_evidence` reads the canonical file and its sidecar and returns `canonical_log_present`, `canonical_log_name`, `log_sequence`, and `log_chain_sha256` — the sequence number and running hash digest are the actual proof-of-integrity values, since any edit to any line breaks the chain. It also computes `workspace_log_verified` by checking that every canonical (effect) line still appears, in order, in the workspace log — i.e., verifying the untrusted mirror wasn't altered relative to the trusted ledger.
- This evidence dict is merged into the returned result as `result[""canonical_audit""]` by `attach_canonical_audit_evidence`, so when the agent reads the report back it gets the chain digest/sequence/verification flags rather than having to trust the workspace log's raw contents — and any discrepancy (missing/corrupted canonical log, or `workspace_log_verified: false`) is visible in that same structure.

So proof of no-tamper comes from the hash-chained, sequence-numbered canonical ledger under the trusted state root, surfaced to the agent as `canonical_audit.log_chain_sha256`/`log_sequence`/`workspace_log_verified` fields in the report (`src/agentic_hil/report.py`: `append_canonical_audit_log`, `canonical_audit_evidence`, `attach_canonical_audit_evidence`).",True,False,True,src/agentic_hil/report.py,True,"It names all three expected symbols and accurately describes the hash-chained canonical log surfaced as report evidence, only slightly misattributing one symbol's file.",0.065616,0.045596,0.02002,0.045596,,multi_hop,false,M,agentic_hil,2017476,172
agentic_hil_q27,indexed,16811,1220,0,0,2,False,end_turn,,18.736,2026-09-15T21:04:05Z,"The machine-wide mutex is `BenchMutex` in **`src/agentic_hil/bench.py`**.

Key details:

- **`BenchMutex`** is the class that holds one lock per physical resource (a probe, a serial/COM port, or a CAN channel) using an OS-level advisory file lock. Its lock files live at `~/.agentic-hil/device-locks` (one agreed location per machine, deliberately not under `state_root`), so any process on the machine sees the same locks (`src/agentic_hil/knowledge.py:4558`, `CHANGELOG.md:736`).
- Its core methods:
  - `BenchMutex.acquire(resources, wait_s=..., stop_requested=...)` — takes a whole set of device resources atomically, all-or-nothing, unwinding anything already taken if one is busy (`bench.py:371-395`).
  - `BenchMutex.acquire_named(resource, wait_s=...)` — takes a machine-wide lock by name even for non-device pseudo-resources like `debugger-discovery:all` (`bench.py:398-415`).
  - `release` / `release_all` — drop held locks.
- Because ownership is an OS advisory lock tied to the process, a crashed process automatically frees the device when the kernel drops the lock — no separate quarantine/recovery step is needed (`CHANGELOG.md:737`).

The identity being locked (what string is passed to `BenchMutex`) is computed per-device in **`src/agentic_hil/devices.py`**, via the `Device` base class and its subclasses' `lock_key` property (e.g. `DebuggerDevice`, `UartDevice`, `CanDevice`), which derive keys like `physical:<resource_id>`, `probe:<serial>`, `com:serial:<serial_number>`, or `com:<device>` from the actual hardware identity rather than the config entry's name — so two config entries pointing at the same physical unit collapse to one lock (`devices.py:1-49`, `devices.py:393-431`). `DeviceSet.acquire` (`devices.py:570-582`) is what calls `BenchMutex.acquire` for a whole declared set of devices in one all-or-nothing step.

Other call sites that use this same mutex to serialize access include:
- `src/agentic_hil/canbroker.py` (`CanBroker.take_bus`, using `mutex.acquire_named`)
- `src/agentic_hil/cli.py` (permission/lease acquisition)
- `src/agentic_hil/tools.py` (`_discover_without_policy`, bootstrap probe enumeration)
- `src/agentic_hil/coordination.py` (`device_holds` in the run-lifetime lock manager)

So: the actual mutex implementation is `BenchMutex` in `src/agentic_hil/bench.py`, backed by OS advisory locks under `~/.agentic-hil/device-locks`, and the hardware-identity keys it locks on are computed in `src/agentic_hil/devices.py`.",True,True,True,src/agentic_hil/bench.py,True,"The answer names BenchMutex in src/agentic_hil/bench.py, describes the per-machine device lock root and busy/all-or-nothing behavior, matching the expected file and primary symbols.",0.056157,0.045822,0.010335,0.045822,,locate,true,M,agentic_hil,2017476,172
agentic_hil_q15,agentic,20395,1709,0,0,4,False,end_turn,,19.904,2026-09-15T21:04:27Z,"Now I have a full picture. Let me answer.

## What `terminate_process_tree` does on POSIX

Its POSIX logic lives in `_terminate_process_tree` (`src/agentic_hil/process.py:228`), called by the public `terminate_process_tree` (`process.py:217`) which wraps it to mark a `ManagedProcessRecord` as `cleanup_pending` on failure.

Steps on POSIX (non-`nt`):

1. **Find the child's process group** via `_child_process_group` (`process.py:322`): uses the pgid recorded at spawn time (`_agentic_hil_pgid`, set in `_register_process_group`), falling back to `os.getpgid`/the child's own pid if it already exited or isn't found.
2. **Single-process fallback**: if there's no distinct group (pgid is `None` or equals this process's own group), it just does `_terminate_single_child` (SIGTERM then SIGKILL with a wait) and returns — no group signalling needed (`process.py:258-262`).
3. **Group teardown loop** (`process.py:286-295`): for `SIGTERM` then `SIGKILL`, it:
   - Sends the signal to the whole group with `os.killpg` via `_signal_process_group` (`process.py:302`), which returns `True` if delivered *or* if the group was already gone (`ProcessLookupError`), and `False` only on some other `OSError`/`PermissionError`.
   - Immediately checks with `_wait_for_process_group` (`process.py:346`) whether the group has actually emptied within the timeout.
   - If the group is empty, it's done (`_forget_process` and return).
   - Only if the group is *not* empty does it check whether the signal delivery itself failed (`delivered` was `False`) — and if so, raises a `RuntimeError` naming the pid/signal.
4. If both SIGTERM and SIGKILL passes fail to empty the group, it falls back to `_terminate_single_child` on the leader directly, then does one more `_process_group_exists` check; if the group still isn't empty it raises `RuntimeError(""Process group remained active after SIGKILL."")`.

## How it decides the group is ""actually gone""

The liveness check is intentionally the primary signal, not the return value of `killpg`, because of a documented Darwin quirk (comment at `process.py:264-285`): macOS returns `EPERM` (not `ESRCH`) for a group that still exists in the kernel but whose only remaining members are zombies, since its group iterator skips zombies. Treating that `EPERM` as ""failed to signal"" would misreport an already-dead tree as a surviving one.

So ""gone"" is decided by `_process_group_exists` (`process.py:358`):
- `os.killpg(pgid, 0)` (a no-op signal) is used purely to probe membership.
- `ProcessLookupError` → group is gone (`False`).
- `PermissionError` → treated as ""still there"" (`True`), since EPERM here means a member exists that this process isn't allowed to signal.
- Otherwise (kernel says a member exists, but zombies count as members to the kernel) it refines the answer via `_running_process_group_members` (`process.py:384`): on a host with `/proc`, it reads each pid's `/proc/<pid>/stat` for state and pgid, filters to the target `pgid`, and only counts pids **not** in zombie/`Z`/`X` state as ""running."" It even reaps (`os.waitpid(..., WNOHANG)`) any zombie this process itself parented, so an adopted zombie orphan (e.g. under a container's PID 1) doesn't keep the group looking ""alive"" forever (addressing the bug referenced as #485). If `/proc` isn't available/usable, it falls back to trusting the kernel's raw membership answer (`None` → treat as still existing).

`_wait_for_process_group` (`process.py:346`) polls this check (plus a non-blocking `child.wait`) every 20ms until both the leader has been reaped by `Popen` (`child.poll() is not None`) and `_process_group_exists` reports empty, or the timeout elapses.",True,True,True,src/agentic_hil/process.py,True,"The answer identifies process.py with terminate_process_tree, _terminate_process_tree, and _signal_process_group, correctly describing SIGTERM-then-SIGKILL killpg on the group and liveness checks determining group death.",0.07039,0.05788,0.01251,0.05788,,trace,false,M,agentic_hil,2017476,172
agentic_hil_q26,indexed,14819,1150,0,0,2,False,end_turn,,13.281,2026-09-15T21:04:49Z,"## Answer

The core Intel HEX read/write logic lives in **`src/agentic_hil/gdbmi.py`**:

- **`write_intel_hex_file(file_path, start_address, data, *, workspace)`** (gdbmi.py:325-346) — turns a symbol's memory bytes into an Intel HEX file. It chunks `data` into `INTEL_HEX_BYTES_PER_RECORD`-sized data records, emits an extended-linear-address record (`0x04`) whenever the upper 16 bits of the address change, appends an EOF record, and writes it all via `atomic_write_text` inside the given `workspace`.
- **`read_intel_hex_file(file_path, start_address, size_bytes)`** (gdbmi.py:350-401+) — reads an Intel HEX file back off disk, parsing each record (data records `0x00`, base-address records `0x01`/`0x04`), reassembling absolute addresses, and returning exactly the `[start_address, start_address+size_bytes)` window of bytes, or `None` if the file is malformed, has a gap, or doesn't fully cover the requested window.
- Supporting helpers `intel_hex_record` and `parse_intel_hex_record` (gdbmi.py) build/parse individual `:...` HEX records.

These are called from the debug backends' `debug_dump_symbol_ihex` implementations:

- **`src/agentic_hil/backends/gdbdebug.py`** — `GdbDebugBackend.dump_symbol_ihex` (lines ~683-704) reads memory over the GDB/MI session and calls `write_intel_hex_file` to produce the `.hex` output.
- **`src/agentic_hil/backends/pyocd.py`** — `debug_dump_symbol_ihex` (lines ~430-472) reads memory via pyOCD's `savemem` and likewise calls `write_intel_hex_file`.
- **`src/agentic_hil/backends/stlink.py`** — here it's the reverse direction that matters: `debug_symbol_value` (lines ~436-496) runs STM32CubeProgrammer's `-r` (which itself writes an Intel HEX file to a staging path because the CLI infers the format from the `.hex` extension), then calls `read_intel_hex_file` to parse that file back into bytes for the symbol's value. `debug_dump_symbol_ihex` (stlink.py:498-564) is the sibling call that leaves that same Intel HEX file in place as the caller's requested output, checking it with `looks_like_intel_hex`.

So: the write side is `write_intel_hex_file` in `gdbmi.py`, used by `gdbdebug.py`/`pyocd.py`'s `dump_symbol_ihex`/`debug_dump_symbol_ihex`; the read-back side is `read_intel_hex_file` in `gdbmi.py`, used by `stlink.py`'s `debug_symbol_value` to parse the CLI's own HEX dump back into bytes.",True,True,True,src/agentic_hil/gdbmi.py,True,"The answer names the correct file (src/agentic_hil/gdbmi.py) and the expected symbols write_intel_hex_file, read_intel_hex_file, and intel_hex_record, with accurate behavioral detail.",0.051773,0.041138,0.010635,0.041138,,locate,true,M,agentic_hil,2017476,172
agentic_hil_q17,agentic,30091,1364,0,0,6,False,end_turn,,19.79,2026-09-15T21:05:05Z,"Now I have enough detail to answer comprehensively.

## What `flash_firmware` does with the artifact before calling the backend

In `AgenticHILTools.flash_firmware` (`src/agentic_hil/tools.py`):

1. It resolves/validates the incoming artifact (`validate_local_path` or `resolve_artifact_id`) via `ArtifactManager`.
2. It then calls `self.artifacts.stage_for_backend(validation[""artifact""], ""flash_firmware"")` — this is the step in question.

`ArtifactManager.stage_for_backend` (`src/agentic_hil/artifacts.py`):
- Opens the validated source file with `safe_open_binary` (guards against symlinks/traversal).
- Verifies it's still a single-link regular file and under the size limit.
- Streams the file's bytes into a **new temporary file inside a private staging subdirectory** (`tempfile.mkdtemp(dir=self._staging.name, prefix=""stage-"")`), computing a fresh SHA-256 as it copies.
- Compares that freshly computed hash against the hash recorded at validation time (`integrity_sha256`/`sha256`); if the file changed or didn't exist at validation, it aborts with an `artifact_changed`/`artifact_not_found` error (all marked `side_effect_committed: False`, so no quarantine is triggered).
- On success, atomically renames the temp file into place (`os.replace`) and returns a **copy of the artifact dict** with `resolved_path` pointing at this staged copy, updated hash/size, and `""staged"": True`.

Only this staged copy (`staged[""artifact""]`) is passed to `self.backend.flash_firmware(...)` — the backend never sees the original path directly.

## What happens to the staged copy afterwards

In `flash_firmware`'s `try/finally`, regardless of success or exception, `self.artifacts.release_stage(staged[""artifact""])` is called (`src/agentic_hil/artifacts.py`, `ArtifactManager.release_stage`):

- It checks the artifact is actually marked `staged: True` and that its `resolved_path` lies within the manager's own staging root (`is_path_within_frozen`) as a safety check.
- It then `unlink()`s the staged file and `rmdir()`s its per-flash staging subdirectory, suppressing `OSError` if either is already gone.

So the staged copy is a short-lived, integrity-checked private copy that exists only for the duration of the backend call and is always cleaned up afterward (in the `finally` block), whether the flash succeeded or the backend raised.",True,True,True,src/agentic_hil/tools.py;src/agentic_hil/artifacts.py,True,"The answer identifies flash_firmware in tools.py staging a verified private copy via stage_for_backend and its cleanup by release_stage in artifacts.py's finally block, matching expected files and symbols.",0.083612,0.073822,0.00979,0.073822,,trace,false,M,agentic_hil,2017476,172
agentic_hil_q14,indexed,31240,1285,0,0,3,False,end_turn,,20.24,2026-09-15T21:05:28Z,"## `verify_port_identity` (in `src/agentic_hil/comports.py`)

### What it compares before opening the port

`verify_port_identity` never opens the serial port itself; it first re-enumerates the host's serial ports (via `list_available_com_ports`) and finds the single host port entry matching the configured `device` (via `port_names_device`). It then compares, in order:

1. **Serial number** — the configured `serial_number` (from `expected_port_identity`) against the host port's reported serial number (`found`), using `fold_hardware_id` for the comparison. This is the ""unit"" check.
2. **USB vendor/product id (VID/PID)** — the configured `vid`/`pid` against the host port's reported `found_vid`/`found_pid`, run *after* the serial check and regardless of whether the serial matched, because ""a USB serial number is unique within a vendor and nowhere else."" This is the ""type"" check, and for adapters that publish no serial at all, it is the *whole* identity check.

If the entry declares neither `serial_number` nor `vid`/`pid`, the status is `not_declared` and the port is considered openable without verification.

### What happens on a VID/PID mismatch

This logic lives in the block at `src/agentic_hil/comports.py:578-617`. If both the configured and host-reported VID/PID values are present but differ (`any(claimed != seen for claimed, seen in declared)`), it calls `_identity_mismatch`, which:

- Returns `{""ok"": False, ...}` with `identity[""status""] = ""mismatch""` and `error_type = COM_PORT_IDENTITY_MISMATCH`.
- **The port is not opened** — the summary explicitly states ""The port was not opened: this is a different kind of device under the name this entry used to have,"" and if a serial number had also matched, it adds that the serial match ""proves nothing, because a USB serial is unique only within a vendor.""
- Includes both `expected_vid`/`expected_pid` (from the configuration) and `found_vid`/`found_pid` (from the host) in the result, plus `expected_serial_number`/`found_serial_number` if applicable.
- Lists `likely_causes` (e.g., a different USB-serial adapter attached, the entry being stale, or a coincidental serial match) to guide remediation.
- Marks the refusal as safe/non-destructive: `side_effect_committed: False`, `side_effect_status: ""not_started""`, `hardware_state: ""unchanged""`, `retry_safe: True`.

If instead the host port reports **no** VID or PID at all while the entry names them, the status is `usb_ids_unknown` (via `_identity_unverified`) rather than a mismatch — the check couldn't run, distinct from finding it ran and disagreed.

The documented remediation (see `src/agentic_hil/knowledge.py`) is to either run `agentic-hil adopt-hardware` to rewrite the entry for the board actually attached, or plug in the correct board — explicitly **never** to overwrite `serial_number`/`vid`/`pid` with the found values, since that would silently make the check agree with whatever is plugged in.",True,True,True,src/agentic_hil/comports.py,True,"Answer correctly locates verify_port_identity in comports.py, describes comparing configured serial number and VID/PID against host-enumerated values, and refusal to open the port on mismatch.",0.087965,0.07533,0.012635,0.07533,,trace,false,M,agentic_hil,2017476,172
agentic_hil_q12,agentic,17937,1307,0,0,5,False,end_turn,,17.302,2026-09-15T21:05:51Z,"This is well documented directly in the source.

## Answer

`listen_only_send_refusal(bus_id, bus_config, tool=""can_send"")` in `src/agentic_hil/can.py` (lines 874–921) returns **`None`** when `bus_config.listen_only` is falsy — i.e., for a bus not configured `listen_only: true`, it returns `None`, and the caller's ordinary send path proceeds untouched (see `Can.send` in `src/agentic_hil/can.py:594`, which checks `if mode is not None`). When the bus *is* `listen_only`, it instead returns a refusal `JsonObject` with `ok: False`, `error_type: LISTEN_ONLY_MODE_ERROR`, `side_effect_committed: False`, `retry_safe: False`, etc.

## Why the gate lives at the tool layer, not per adapter

Per the function's own docstring (`src/agentic_hil/can.py:874-895`) and the surrounding comment in `Can.send` (lines 588-594), the reasons are:

1. **`listen_only` is a property of the bus config entry, not of any adapter.** Since the flag belongs to `CanBusConfig`, only the layer holding that config (the tool layer) can answer consistently; if each adapter (PEAK, SocketCAN, process bridge) implemented its own check, the same flag could effectively mean three different things.
2. **It must refuse *before* a driver is called.** Only the tool layer can gate the call before dispatch; an adapter-level refusal would already have handed the frame to the driver, which is exactly what must not happen.
3. **The installed adapter cannot be relied on to refuse it itself.** The docstring notes that python-can 4.6.1's `PcanBus.send()` never checks bus state (no `BusState`/`PASSIVE` check) — it just calls `PCANBasic.Write()` and only raises on a bad driver return code. So a PASSIVE/listen-only channel's transmit is silently accepted and reported as ""sent"" even though nothing goes on the wire. This is corroborated in `PythonCanAdapterSession.send`'s own docstring (`src/agentic_hil/can.py:952-968`), which explicitly says this is ""why `listen_only_send_refusal()` settles the mode at the tool layer before anything reaches here rather than relying on a backend error that does not come."" A regression test (`test_can_listen_only.py`) pins this python-can behavior.
4. **Ordering vs. permissions**: the mode check happens before the `allow_write` permission check in `Can.send`, so that a bus with contradictory config (`listen_only: true` + `allow_write: true`) is refused for the real reason (listen-only claim) rather than misleadingly reported as a permission problem.",True,True,True,src/agentic_hil/can.py,True,"Correctly names listen_only_send_refusal in src/agentic_hil/can.py, states it returns None for non-listen-only buses, and accurately explains the tool-layer gating rationale.",0.063044,0.048944,0.0141,0.048944,,trace,false,M,agentic_hil,2017476,172
agentic_hil_q35,indexed,24116,1045,0,0,3,False,end_turn,,14.505,2026-09-15T21:06:13Z,"## `BenchMutex.acquire` behavior on a collision

When `BenchMutex.acquire` (in `src/agentic_hil/bench.py`, lines ~366–396) is given several resource names and one of them turns out to be held by another owner, it is **all-or-nothing**: nothing is left partially held.

Concretely, `acquire`:

1. Normalizes and sorts the requested resources (`physical_resources(resources)`).
2. Walks them in that fixed, sorted order, calling the internal `_take(resource, deadline, stop_requested)` for each, appending each newly-taken resource to a local `taken` list.
3. `_take` is what actually tries to grab the OS-level lifetime lock for one resource; if the device is already held by somebody else and either `wait_s` is 0/expired or a `stop_requested` callback returns true, it raises either `DeviceBusyError` (naming the current holder, via `busy_result`/`_busy_summary`) or `DeviceWaitStoppedError` if a cooperative stop fired mid-wait.
4. That exception propagates out of the `for` loop inside a `try/except BaseException` block in `acquire`. The `except` clause **unwinds everything already taken in this call**: it iterates `taken` in reverse order and calls `self._drop(resource)` on each, releasing them (decrementing holder counts, releasing the OS lock, and writing a ""released"" holder record), before re-raising the original exception.
5. So the caller ends up holding **none** of the requested resources — even the ones acquired before the busy one — and receives the `DeviceBusyError` (or `DeviceWaitStoppedError`) identifying the collision.

This is deliberate, per the docstring: *""Hold every named physical device, or hold none of them,""* and it's why `DeviceSet.acquire`/`Device.acquire` in `src/agentic_hil/devices.py` explicitly funnel a whole declared device set through this single `BenchMutex.acquire` call rather than acquiring one device at a time — a partially acquired set must never escape, and a run that fails on, say, its third device has already given back the first two by the time the error returns (as noted in `src/agentic_hil/coordination.py` around the `device_set.acquire` call site).

One caveat: re-acquiring a resource the *same* owner already holds is treated as a no-op (holder count incremented), not a collision — the busy case only applies to a resource held by a *different* owner.",True,True,True,src/agentic_hil/bench.py,True,"Answer correctly locates BenchMutex.acquire in bench.py, describes _take raising DeviceBusyError and the all-or-nothing rollback via _drop, matching expected behaviour.",0.069757,0.058682,0.011075,0.058682,,trace,true,M,agentic_hil,2017476,172
agentic_hil_q05,agentic,23403,690,0,0,3,False,end_turn,,10.206,2026-09-15T21:06:31Z,"## Answer

The JUnit XML for a plan run is produced in **`src/agentic_hil/junit.py`**, specifically:

- **`junit_xml_document()`** builds the actual XML document (one `<testsuites>`/`<testsuite>` per run, one `<testcase>` per plan step, plus `preflight`, `cleanup`, and `audit` cases) purely from the run's JSON result and the loaded plan steps.
- **`write_junit_xml()`** writes that document to the path given via `--junit-xml`.
- **`result_with_junit_xml()`** and **`write_refusal_junit_xml()`** are the entry points used to actually trigger the write for a normal run result vs. a run refused before any step executed.

It's invoked from **`src/agentic_hil/reactorrun.py`**, in `run_plan()`, which calls `write_refusal_junit_xml()` when a plan fails to load/register, and `result_with_junit_xml()` after `run_registered_plan()` finishes (when a `junit_xml` path was requested). `run_plan()` is in turn reached from the CLI's `run_test_reactor()` in **`src/agentic_hil/cli.py`**, which wires up the `--junit-xml` flag for `agentic-hil test-reactor`.",True,True,True,src/agentic_hil/junit.py,True,"The answer names the expected file src/agentic_hil/junit.py and both expected symbols write_junit_xml and junit_xml_document, with accurate additional detail about callers.",0.060831,0.053706,0.007125,0.053706,,locate,false,M,agentic_hil,2017476,172
agentic_hil_q34,indexed,9282,591,0,0,2,False,end_turn,,9.407,2026-09-15T21:06:43Z,"## The three claims

A `read_symbol` step's `comparator:` can make one of three claims about the decoded integer (implemented in `SymbolComparator` in `src/agentic_hil/test_reactor.py`):

1. **`equals`** – the value must equal one specific number.
2. **`range`** – the value must fall within inclusive bounds (`{min, max}`).
3. **`mask`** – used alongside `equals`, asserts `(value & mask) == equals`, i.e. a claim about specific bits (one flag of a status word) without constraining the rest of it.

These are implemented as `SymbolComparator.claim`, which is `""mask""` if a mask is present, else `""equals""` or `""range""` depending on whether `equals` is set (`src/agentic_hil/test_reactor.py`).

## What `signed` selects

`signed: true` selects **which of the two integer readings** the claim is judged against — `value_signed` vs. `value_unsigned` (see `SymbolComparator.reading` in `src/agentic_hil/test_reactor.py`). This matters because `debug_symbol_value` (and thus `read_symbol`) returns both readings from the same bytes, and above the top bit the signed and unsigned interpretations disagree.

Because a `mask` claim is about specific bits rather than a reading of the whole width, `signed` is refused when `mask` is present (enforced by schema, as documented in `docs/testing.md`, `docs/test-plan-contract.md`, and reflected in the `SymbolComparator` docstring in `src/agentic_hil/test_reactor.py`).",True,True,True,src/agentic_hil/test_reactor.py,True,"Answer correctly identifies SymbolComparator in test_reactor.py, the equals/range/mask claims including masked value comparison, and that signed picks the signed vs unsigned reading.",0.036749,0.024474,0.012275,0.024474,,trace,true,M,agentic_hil,2017476,172
agentic_hil_q08,agentic,37177,1136,0,0,5,False,end_turn,,17.34,2026-09-15T21:06:58Z,"Based on `src/agentic_hil/bench.py`, the module `agentic_hil.bench` arbitrates exclusive, machine-wide access to a physical bench device.

**Arbitration:** The `BenchMutex` class (in `src/agentic_hil/bench.py`) is the arbiter. Its `acquire`/`acquire_named` methods take an OS advisory file lock (`_LifetimeLock`, using `fcntl.flock` on POSIX or `msvcrt.locking` on Windows) keyed by a digest of the resource name (e.g. `physical:`, `probe:`, `com:`, `can:` prefixes), stored under `~/.agentic-hil/device-locks`. This ensures crash-safe, all-or-nothing exclusivity per device (docstring at top of `bench.py`, and `BenchMutex.acquire`).

**What it hands back to a caller:**
- `BenchMutex.acquire(resources, ...)` returns a `list[str]` of the resource names newly taken (already-held ones are skipped); if the device is busy it raises `DeviceBusyError` naming the current holder (built from `BenchOwner`, via `_busy_summary`), or `DeviceWaitStoppedError` if a bounded wait was cooperatively stopped.
- Internally, each acquired device is tracked as a `_HeldDevice` (dataclass with `resource`, `lock`, `acquired_at`, `holders`, `reclaimed_from`), and the identity of the acquiring process is described by a `BenchOwner` dataclass (`owner_id`, `pid`, `host`, `frontend`, `label`), which is what gets written into the holder record (`<digest>.holder.json`) so a contender can identify who holds the lock.

So the caller effectively gets back the list of resource names it now holds (plus the ability to query `held_resources()`/`holds()`), while ownership/identity is recorded via `BenchOwner`.",False,False,False,,False,"The answer names bench.py/BenchMutex instead of the expected coordination.py module with HardwareCoordinator, and says a list of resource names is returned rather than a HardwareLease.",0.094134,0.085714,0.00842,0.085714,,locate,false,M,agentic_hil,2017476,172
agentic_hil_q06,indexed,38762,1313,0,0,3,False,end_turn,,18.838,2026-09-15T21:07:18Z,"## Answer

Captured process output (`stdout`/`stderr`) is masked for credential-shaped content in **`src/agentic_hil/redact.py`**, via the function `redact_sensitive()` and its helpers:

- `redact_sensitive(value)` (redact.py:234-242) recursively walks dicts/lists in a result and delegates each mapping member to `_redact_member`.
- `_redact_member(key, value)` (redact.py:243-249) checks the key name: if it's a secret-named key (e.g. `*_token`, `*secret`, `password`, `api_key`, `authkey`) it's replaced wholesale with a redaction marker; if the key is a known captured-stream key (`stdout`/`stderr`, matched case-insensitively via `_STREAM_KEYS`), it routes to `_redact_stream_member`.
- `_redact_stream_member(value)` (redact.py:253-259) applies a **content pass** (`redact_stream_text`) to the actual text of the stream (handling both a single string blob or a list of lines), rather than just masking by key name.
- `redact_stream_text(text)` (redact.py:225-232, referenced as the ""content pass"") runs `_mask_url_userinfo()` first (masking the password in `scheme://user:secret@…` URLs, defined at redact.py:89-117) and then applies further `_CONTENT_PATTERNS` regex substitutions to mask things like `Authorization: Bearer/Basic` headers and secret-named assignments/query parameters (`?token=`, `--client-secret=`, etc.).

This is why the content pass exists at all: key-name-based redaction alone can't see a credential that a tool (e.g., pip/uv) prints *inside* a stdout/stderr value (like a private index URL with embedded userinfo).

### Where it's invoked before leaving the server
- **MCP tool responses**: `src/agentic_hil/mcp.py` (around line 267-270) calls `redact_sensitive(result)` to build `safe_result`, which becomes both `structuredContent` and the rendered `content` text sent back to the MCP client.
- **CLI output**: `src/agentic_hil/cli.py`'s `emit_result()` (lines 318-345) and `emit_protocol_error()` (lines 349-360) both call `redact_sensitive()` before printing JSON or rendering to the terminal, and fail closed (emitting a `redaction_unavailable` refusal) if redaction doesn't return a usable dict.

So the actual masking logic lives in `src/agentic_hil/redact.py` (`redact_sensitive`, `_redact_member`, `_redact_stream_member`, `redact_stream_text`, `_mask_url_userinfo`), and it is invoked as the last step before results leave the process in `src/agentic_hil/mcp.py` (`call_tool`) and `src/agentic_hil/cli.py` (`emit_result`/`emit_protocol_error`).",True,True,True,src/agentic_hil/redact.py,True,"The answer names the expected file src/agentic_hil/redact.py and both expected symbols redact_sensitive and redact_stream_text, with accurate supporting detail on invocation sites.",0.100704,0.090654,0.01005,0.090654,,locate,false,M,agentic_hil,2017476,172
agentic_hil_q23,agentic,104356,2375,0,0,7,False,end_turn,,32.652,2026-09-15T21:07:40Z,"Based on this, I have enough to give a comprehensive answer.

## From plan run to reviewer evidence

**The pipeline:**

1. A hardware test plan is executed by the reactor (`agentic-hil test-reactor`), which produces a JSON run report on disk, plus a `state_root` full of hash-chained event logs and workspace-mirror logs referenced from the report by `log_path` fields.
2. `agentic-hil run-evidence` (CLI entry in `src/agentic_hil/cli.py`, implemented by `write_run_evidence` in `src/agentic_hil/runevidence.py`) reads *only* that report and the workspace it names — no config, no hardware access.
3. It produces exactly three artifacts, named by the module's constants: `run-summary.json` (via `run_summary`), `job-summary.md` (via `job_summary`), and a `logs/` directory of copied event logs (via `collect_logs`). If `GITHUB_STEP_SUMMARY` is set, the job summary is also appended there for the PR/job page a reviewer opens.
4. `run_summary`/`job_summary` are built by copying a short, explicit allow-list of fields off the report (`plan`, `firmware`, `tools`, `bench`, `run` blocks), never by passing the whole report through. Outcome is one of `success`/`failure`/`refused`, computed once via `run_outcome`/`overall_success`/`run_refusal` so the JUnit mapping and this bundle can't disagree about what ""nothing ran"" means.

## What stops secrets/identities reaching that evidence

Three independent layers, all inside `write_run_evidence`:

1. **Credential redaction by key name and content shape** (`redact_sensitive`, `src/agentic_hil/redact.py`): the report is redacted *before anything is mapped off it*. It replaces secret-named fields (`*token`, `*secret`, `password`, `api_key`, `authkey`, etc.) and, for captured stream fields (`stdout`/`stderr`/`backend_warnings`), content-scans for credential shapes (URL userinfo, `Authorization:` headers, `token=` assignments) via `redact_stream_text`. If redaction doesn't return a document, the whole run is treated as a fail-closed case: `_redaction_refusal` writes a bundle containing *no field of the report and no logs*, just a fixed refusal sentence (`REDACTION_UNAVAILABLE_SUMMARY`), and marks the result `ok: False`.

2. **Identity sweep** (`excluded_values` + `_scrub`/`_scrubbed` in `runevidence.py`): after redaction, every string value under known identity/lock-key fields (`IDENTITY_FIELDS` = `executable`, `executable_path`, `probe_id`; `LOCK_KEY_FIELDS` = `declared_devices`, `lock_key`, `lock_keys`, `resource`, `resources`) plus any absolute path outside the workspace is collected into an `excluded` set read straight off the report — not hardcoded — and then every string destined for either summary document (including free-text `summary`/`route`/`action` prose that key-based redaction never touches) is passed through `_scrub`, which runs `redact_stream_text` again, then replaces each excluded value with `[withheld]`, then rewrites any remaining absolute path either to a workspace-relative path or to `[withheld]` if it points outside the workspace (via `ABSOLUTE_PATH` regex and `_path_replacement`). Devices are named by their logical plan name, not their `probe:<serial>` lock key.

3. **Logs are the deliberate exception, not a hole**: the collected event logs under `logs/` are copied byte-for-byte from the workspace mirrors the report indexes (`collect_logs`), never scrubbed, because an edited mirror could no longer be checked against the hash-chained copy under `state_root` that makes it trustworthy. Any secret a backend printed into its own log stays there — that's a problem for the backend/log to fix, not this command's to paper over — while the two human-facing summaries remain the scrubbed half of the bundle ""written to be read by anyone.""

So the answer: a run report becomes reviewer-facing evidence only through `write_run_evidence`'s allow-list mapping plus two redaction passes (key-based `redact_sensitive` and shape/identity-based `_scrub`/`excluded_values`), with a fail-closed refusal bundle if redaction can't vouch for the report at all — while raw event logs are exempted from scrubbing because their integrity depends on being an unedited, hash-verifiable copy.",True,True,True,src/agentic_hil/runevidence.py;src/agentic_hil/redact.py,True,"The answer names the expected files (runevidence.py, redact.py) and symbols (write_run_evidence, job_summary, redact_sensitive), accurately describing the evidence pipeline and redaction/scrubbing safeguards.",0.245882,0.232462,0.01342,0.232462,,multi_hop,false,M,agentic_hil,2017476,172
agentic_hil_q10,indexed,7940,415,0,0,2,False,end_turn,,6.986,2026-09-15T21:08:15Z,"In `src/agentic_hil/tools.py`, `AgenticHILToolService.flash_firmware` explicitly rejects a payload that supplies both `image_path` and `artifact_id` (and equally rejects one that supplies neither).

The relevant check is:

```python
image_path = payload.get(""image_path"")
artifact_id = payload.get(""artifact_id"")
if bool(image_path) == bool(artifact_id):
    return tool_error(""flash_firmware"", ""invalid_argument"", ""Provide exactly one of image_path or artifact_id."")
```

Since `bool(image_path) == bool(artifact_id)` is `True` when both are truthy (as well as when both are falsy/absent), providing both fields makes this condition true, so the method returns immediately with a `tool_error` of type `""invalid_argument""` and message `""Provide exactly one of image_path or artifact_id.""` — it never proceeds to permission-independent validation, staging, or calling `self.backend.flash_firmware`.",True,True,True,src/agentic_hil/tools.py,True,"The answer names the correct file and symbols, correctly describing that flash_firmware returns a tool_error 'invalid_argument' when both (or neither) image_path and artifact_id are provided.",0.02687,0.02003,0.00684,0.02003,,trace,false,M,agentic_hil,2017476,172
agentic_hil_q39,agentic,461400,2733,0,0,15,True,tool_use,,37.039,2026-09-15T21:08:25Z,,False,False,False,,False,empty answer,0.95013,0.95013,0.0,0.95013,,multi_hop,false,M,agentic_hil,2017476,172
agentic_hil_q12,indexed_topk3,11980,1412,0,0,3,False,end_turn,,19.135,2026-09-15T21:09:03Z,"## `listen_only_send_refusal` for a non-listen-only bus

Per `src/agentic_hil/can.py:874-921`, `listen_only_send_refusal(bus_id, bus_config, tool=""can_send"")` starts with:

```python
if not bus_config.listen_only:
    return None
```

So for a bus whose `can_buses.<name>.listen_only` is `False` (or not set true), the function returns **`None`** — ""the caller's ordinary path is untouched,"" as the docstring states. Only when `bus_config.listen_only` is `True` does it build and return the refusal `JsonObject` carrying `error_type: LISTEN_ONLY_MODE_ERROR`, `retry_safe: False`, `side_effect_committed: False`, etc.

## Why the gate lives at the tool layer, not per adapter

The docstring in `can.py` gives the reasoning directly:

- **One property, one answer**: `listen_only` is a property of the *bus config entry* (`CanBusConfig`), not of any particular driver. Only the tool layer holds the `CanBusConfig` for the bus being addressed, so it's the only place that can produce a single, adapter-independent answer — ""the answer cannot differ between PEAK, SocketCAN and the process bridge without the flag meaning three things.""
- **Refusal must precede the driver call**: The tool layer can refuse *before* any adapter/driver is invoked. A refusal manufactured inside an adapter would necessarily happen only after the frame had already been handed to that adapter, which defeats the ""sends nothing"" guarantee.
- **The installed adapter can't be trusted to refuse it itself**: python-can 4.6.1's `PcanBus.send()` doesn't inspect bus state at all — it just calls `PCANBasic.Write()` and only errors on a bad driver return code. A PASSIVE (listen-only) channel's transmit is silently accepted and reported as sent, which is exactly the failure mode (a ""driver-verified listen-only bus"" reporting ""CAN frame sent."" with no frame actually on the wire) that motivated centralizing the check. `test_can_listen_only.py` pins this python-can behavior so the reasoning breaks loudly if it ever changes.
- **Consistency across every route**: `knowledge.py`'s `LISTEN_ONLY_MODE_ERROR` entry notes the refusal is identical ""on every adapter and through every route (the direct tool, a test plan's `can_send` step, a broker participant) because the flag describes the medium rather than the caller."" This is confirmed by usage in `src/agentic_hil/canbroker.py:923-954`, where the broker's per-participant send path calls the exact same `listen_only_send_refusal` gate (mode checked before `permissions.allow_write`) rather than reimplementing it — one shared function enforcing one bus-level fact everywhere.

Note there's a related but distinct per-adapter concern (mentioned in `CHANGELOG.md:607`): each adapter (`peak`, `socketcan`, `process`) independently *verifies/confirms* that the underlying hardware/driver is actually in listen-only mode (`LISTEN_ONLY_UNSUPPORTED_ERROR`/`LISTEN_ONLY_UNCONFIRMED_ERROR`), since they obtain that proof three different ways. But the actual *refusal of a transmit* on a bus already configured `listen_only: true` is a single, tool-layer gate (`listen_only_send_refusal`) precisely so it can't diverge per adapter and can fire before any driver call.",True,True,True,src/agentic_hil/can.py,True,"Answer correctly names src/agentic_hil/can.py's listen_only_send_refusal, its None return for non-listen-only buses, and the adapter-independent tool-layer rationale; missing effective_can_adapter is minor.",0.053745,0.03808,0.015665,0.03808,,trace,false,M,agentic_hil,2017476,172
agentic_hil_q28,indexed_topk3,5761,546,0,0,2,False,end_turn,,9.83,2026-09-15T21:09:27Z,"The reactor is implemented in `src/agentic_hil/test_reactor.py`, in what appears to be a `TestReactor`-type class containing:

- **`execute_step`** – resolves a single `TestStep` to the `StepDevice` it names (via `self.step_device(step)`) and calls `device.execute(step)`.
- **`execute_steps`** – walks a sequence of steps in order (`for index, step in enumerate(steps, ...)`), advancing state, recording each step's result/timing, handling `repeat` blocks via `execute_repeat`, and stopping at the first failure or stop request.

These are supported by `StepDevice` (`src/agentic_hil/test_reactor.py`), which is ""the single authority on what a step means,"" resolving each step to the configured device (debugger, COM port, or CAN bus) it names and invoking the appropriate action, and by `plan_devices`/`step_device_class` which determine which device kind each step addresses.

So the reactor that walks a plan's steps and drives each against the device it names lives in `src/agentic_hil/test_reactor.py`, centered on `execute_steps`/`execute_step` (and the `StepDevice` abstraction they call into).",True,True,True,src/agentic_hil/test_reactor.py,True,"The answer names the expected file src/agentic_hil/test_reactor.py and the key symbols TestReactor, TestStep, and StepDevice, describing the step-walking and device-dispatch behaviour accurately.",0.024372,0.016982,0.00739,0.016982,,locate,false,M,agentic_hil,2017476,172
agentic_hil_q35,indexed_topk3,58738,1518,0,0,8,False,end_turn,,27.227,2026-09-15T21:09:40Z,"Now I have enough detail to answer comprehensively.

## What `BenchMutex.acquire` does on a mid-set collision

Location: `src/agentic_hil/bench.py`, method `BenchMutex.acquire` (used by `Device.acquire` and `DeviceSet.acquire` in `src/agentic_hil/devices.py`).

**Behavior**: `acquire` takes a list of resource keys, normalizes/dedupes/sorts them via `physical_resources()` (`bench.py:275`), and then walks them **in that sorted order** under a single deadline, calling the internal `_take()` on each and appending successes to a `taken` list.

If one of the requested devices is already held by someone else (i.e. it can't be flocked and the wait deadline is reached, or `wait_s=0` so it fails immediately), `_take()` raises `DeviceBusyError` naming the current holder (`bench.py:503-540`, `busy_result(resource, ...)`). This propagates out of the `for resource in wanted` loop inside `acquire` (`bench.py:371-397`).

Crucially, `acquire` wraps that loop in a `try/except BaseException`, and on any exception (including `DeviceBusyError`, or `DeviceWaitStoppedError` if a stop is requested mid-wait) it **unwinds everything already taken so far**, releasing each resource it had successfully locked in this same call (`for resource in reversed(taken): self._drop(resource)`), before re-raising the original error.

So the guarantee is **all-or-nothing**: if any device in the requested set is busy, the caller ends up holding *none* of the devices in that set — anything acquired earlier in the same call is released before the `DeviceBusyError` propagates, and the error identifies which resource was busy and who holds it. This is documented explicitly in the docstrings of both `BenchMutex.acquire` and the higher-level `DeviceSet.acquire`/`Device.acquire` wrappers in `src/agentic_hil/devices.py`, which describe it as ""hold every device in this set, or hold none of them.""

Note also that if the same device is already held *by this same `BenchMutex` instance* (re-entrant / already-owned case), `_take` just increments a holder count and returns `False` rather than failing — the busy/unwind path only triggers when the lock is held by a different holder (OS-level `flock` contention).",True,True,True,src/agentic_hil/bench.py,True,Answer correctly locates BenchMutex.acquire in bench.py and describes _take raising DeviceBusyError with holder info plus all-or-nothing rollback of already-taken locks.,0.143951,0.132656,0.011295,0.132656,,trace,true,M,agentic_hil,2017476,172
agentic_hil_q15,indexed_topk3,21655,1401,0,0,4,False,end_turn,,23.79,2026-09-15T21:10:11Z,"## `terminate_process_tree` on POSIX (`src/agentic_hil/process.py`)

**Overall flow (`terminate_process_tree` → `_terminate_process_tree`, lines 217–299):**

1. It resolves the child's process group via `_child_process_group`. If the child has no distinct group (already exited, or its group equals the caller's own `os.getpgrp()`), it falls back to `_terminate_single_child` (plain `terminate()`/`wait()`/`kill()` on just that one process) and returns.

2. Otherwise it iterates over `(signal.SIGTERM, signal.SIGKILL)`. For each signal:
   - It calls `_signal_process_group(pgid, sig)`, which does `os.killpg(pgid, sig)`. This reports `True` (""delivered"") both when the signal actually reached the group and when it raises `ProcessLookupError` (group already empty); it reports `False` only on other `OSError`s such as `PermissionError`.
   - It then calls `_wait_for_process_group(child, pgid, timeout_s)`, which polls (every 0.02s up to the timeout) until `child.poll() is not None` **and** `_process_group_exists(pgid)` is false — i.e., the leader has exited and the group is confirmed empty. If that succeeds, the function forgets the process record and returns.
   - If the wait didn't succeed and the signal also wasn't `delivered`, it raises a `RuntimeError` naming the pid/signal/group.
   - Otherwise it proceeds to the next signal (SIGKILL after SIGTERM).

3. If both SIGTERM and SIGKILL fail to empty the group in time, it falls back to `_terminate_single_child` on the leader directly, then checks `_process_group_exists(pgid)` once more; if the group still has members it raises `RuntimeError(""Process group remained active after SIGKILL."")`. Otherwise it forgets the record and returns.

**How ""group is gone"" is decided — `_process_group_exists` (lines 358–381):**

- It calls `os.killpg(pgid, 0)` (no signal sent, just a membership probe).
  - `ProcessLookupError` → group is gone (`False`).
  - `PermissionError` → treated as ""still there"" (`True`), because a member exists that this process just isn't allowed to signal.
  - Otherwise (kernel says a member exists) — since the kernel counts zombies as members, it refines the answer via `_running_process_group_members(pgid)`, which reads `/proc` (state + pgid fields from `stat`) to filter out zombie processes and the reaped leader. If that function can't determine membership (`/proc` unavailable), it conservatively returns `True`; otherwise it returns `True` only if there's still a genuinely running (non-zombie) member.

This nuance exists because on macOS/Darwin, `killpg` returns `EPERM` (not `ESRCH`) for a group whose only remaining members are zombies (its iterator skips zombies entirely), so a plain error-based check would falsely report the group as still alive. By asking the membership question via `_process_group_exists`/`_running_process_group_members` before treating a signal-delivery failure as fatal, `_terminate_process_tree` avoids raising errors for trees that are already effectively dead.",True,True,True,src/agentic_hil/process.py,True,"The answer names the correct file and the expected functions, accurately describing SIGTERM/SIGKILL delivery via os.killpg to the process group and the killpg(pgid, 0) emptiness probe.",0.071115,0.05732,0.013795,0.05732,,trace,false,M,agentic_hil,2017476,172
agentic_hil_q04,indexed_topk3,5538,489,0,0,2,False,end_turn,,8.71,2026-09-15T21:10:38Z,"The module responsible is `src/agentic_hil/mcp.py`.

- `handle_mcp_message()` and `handle_single_mcp_message()` in `src/agentic_hil/mcp.py` parse the incoming JSON-RPC message (validating envelope, id, method name), and then call `handle_method(request_id, method, params, tools)` to actually dispatch the request to the `AgenticHILToolService` instance (the `tools` parameter).
- This is invoked from the stdio transport loop in `src/agentic_hil/stdio.py` (`run_stdio_server`), which reads each line from the input stream and passes the parsed message into `mcp.py`'s dispatch logic along with the tool service.

So `agentic_hil/mcp.py` is the module that performs the actual JSON-RPC-to-tool-service dispatch, while `agentic_hil/stdio.py` is the transport that feeds messages into it.",True,True,True,src/agentic_hil/mcp.py,True,"The answer names the expected module src/agentic_hil/mcp.py and its handle_mcp_message/handle_method dispatch to the tool service, with accurate extra detail about the stdio transport.",0.022731,0.015966,0.006765,0.015966,,locate,false,M,agentic_hil,2017476,172
agentic_hil_q33,indexed_topk3,9350,542,0,0,3,False,end_turn,,8.993,2026-09-15T21:10:49Z,"In `read_intel_hex_file` (`src/agentic_hil/gdbmi.py`), both cases return `None`, never a partial result.

- **Incomplete coverage (a hole):** after all records are parsed, the function checks `if not all(covered): return None` — if any byte position in `[start_address, start_address + size_bytes)` was never written by a data record, the whole call fails with `None`.
- **Conflicting duplicate write:** inside the data-record loop, `if covered[position] and window[position] != value: return None` — as soon as an address that was already filled is written again with a *different* value, it returns `None` immediately (a second write with the *same* value is fine and not flagged).

The docstring makes the intent explicit: `None` is returned for ""a malformed record, a failed checksum, a record type that could be carrying bytes and is not understood, one address written twice with different values, or a hole. Never a partial answer, because half of a status word is a different number rather than a smaller one, and the caller reports a read that failed.""

Only when every byte in the requested window is covered and no conflicts occurred does it return `bytes(window)`.",True,True,True,src/agentic_hil/gdbmi.py,True,"The answer correctly identifies read_intel_hex_file in src/agentic_hil/gdbmi.py and accurately describes returning None for holes and conflicting duplicate writes, never partial results.",0.031295,0.02412,0.007175,0.02412,,trace,true,M,agentic_hil,2017476,172
agentic_hil_q25,indexed_topk3,15520,1191,0,0,3,False,end_turn,,17.073,2026-09-15T21:11:01Z,"## How the report proves the audit log wasn't tampered with

Every hardware-effect audit log has two copies:

1. **A canonical copy** written under the trusted, environment-derived `state_root` (namespaced by config/workspace), maintained by `append_canonical_audit_log` in `src/agentic_hil/report.py`. Each append advances a **tamper-evident SHA‑256 hash chain**: the new chain digest is `sha256(previous_chain_sha256 + appended_text)`, along with a monotonic `sequence` counter and a running byte count, all persisted atomically in a `.digest` sidecar (`_canonical_sidecar_path`). Before any append, it checks that the on-disk file size still matches the sidecar's recorded `bytes`, failing closed (`coordination_state_invalid`) if they've drifted apart — so the chain can't silently be extended over a log that was altered out-of-band.

2. **A workspace mirror**, which is treated as an *untrusted, write-only view* (per `docs/security-design.md`).

When an agent calls `get_last_report` (or `classify_last_error`), the tool doesn't just return the raw report — it calls `attach_canonical_audit_evidence` (`src/agentic_hil/report.py`), which in turn calls `canonical_audit_evidence`. This function:

- Reads the canonical log bytes and its sidecar (`sequence`, `chain_sha256`).
- Reads the workspace mirror log.
- Checks that every line of the canonical log still appears, **in order**, as a subsequence within the workspace log (`_is_ordered_subsequence`) — extra passive lines (e.g., benign RX feedback) are tolerated, but deletion, alteration, or reordering of any canonical effect line fails the check.
- Returns a `canonical_audit` object embedded in the report containing `canonical_log_present`, `canonical_log_name` (basename only — the absolute state-root path is never exposed), `log_sequence`, `log_chain_sha256`, and the boolean `workspace_log_verified`.

So the proof the agent reads back isn't a cryptographic signature over the whole report — it's the `canonical_audit.log_chain_sha256`/`log_sequence` pointer into the trusted, hash-chained canonical ledger plus the `workspace_log_verified` flag confirming the untrusted workspace log the agent has been reading still matches that canonical ledger line-for-line. If the workspace log was edited/deleted/reordered underneath the agent, `workspace_log_verified` becomes `false`, signaling that the visible log can no longer be trusted and the canonical copy under `state_root` is the authoritative record (`src/agentic_hil/report.py`, `docs/security-design.md`).",True,False,True,src/agentic_hil/report.py,True,"It names all three expected symbols and the hash-chained canonical log plus workspace verification flag returned via get_last_report, matching the expected locations despite minor file-attribution imprecision.",0.056865,0.04295,0.013915,0.04295,,multi_hop,false,M,agentic_hil,2017476,172
agentic_hil_q16,indexed_topk3,12061,1829,0,0,3,False,end_turn,,22.114,2026-09-15T21:11:23Z,"Found the relevant code in `src/agentic_hil/coordination.py`.

## `HardwareLease.quarantine`

```python
def quarantine(self, reason: str, error: object | None = None, *, audit_broken: bool = False) -> None:
    self.coordinator.quarantine_lease(self, reason, error, audit_broken=audit_broken)
```

This delegates to `HardwareCoordinator.quarantine_lease`, which (via `_quarantine_registered_lease`) unconditionally puts the lease into an **incident** state:

- Sets `lease.state = ""cleanup_required""`.
- Assigns/creates a shared `quarantine_id` (`self.quarantine_id`, generated with `secrets.token_hex(16)` if not already set), tying this lease into a coordinator-wide incident.
- Merges the lease's resources into `self.incident_resources` and, if that union grows, re-persists every other quarantined lease so their markers agree on the same resource set.
- Appends a detail record `{""reason"", ""time"", ""quarantine_id"", ...}` to `lease.errors` (this is the ""official"" incident log, as opposed to `record_cleanup_event`, which writes to `lease.cleanup_events` without opening an incident).
- Sets `self.blocked = True` on the coordinator — meaning the whole project/bench becomes blocked pending manual recovery — and persists both the lease and the project state as `""cleanup_required""`.
- It has no return value (`-> None`): it doesn't report success/failure, it simply marks the lease and coordinator as being in a bad, blocked state that needs external recovery.

So `quarantine()` is a **fail-closed, always-blocking** operation: no matter the arguments, it forces the lease/coordinator into an incident that must later be resolved (e.g., via `stand_down`/recovery), and it does not release any locks.

## `HardwareLease.release`

```python
def release(self, *, safe_state_confirmed: bool = True, processes_reaped: bool = True, audit_ok: bool = True) -> bool:
    return self.coordinator.release_lease(
        self,
        safe_state_confirmed=safe_state_confirmed,
        processes_reaped=processes_reaped,
        audit_ok=audit_ok,
    )
```

This calls `HardwareCoordinator.release_lease`, which **attempts to actually give back the hardware** and returns a `bool` indicating whether the release succeeded:

- If the lease isn't valid/registered, it marks it stale and returns `False`.
- If any of `safe_state_confirmed`, `processes_reaped`, or `lease.audit_ok` is false, it does **not** release — instead it calls `_quarantine_registered_lease` with an appropriate reason (`safe_state_unconfirmed`, `process_reap_unconfirmed`, or `audit_broken`) and returns `False`. So release ""fails closed"" into a quarantine when preconditions aren't met.
- Otherwise, it proceeds to actually release: sets `lease.state = ""releasing""`, persists the lease as `""released""`, releases the underlying locks, and recomputes whether the coordinator/project is still blocked based on remaining leases and any residual incident resources. It returns `True` on confirmed success.
- If persisting the release record itself fails, it re-quarantines the lease under a `lease_release_unconfirmed` incident (as noted in the docstring in `tools.py`) rather than silently succeeding — release ""fails closed.""

## Key differences

| | `quarantine()` | `release()` |
|---|---|---|
| Purpose | Force the lease into an incident/blocked state | Attempt to actually give back the hardware/locks |
| Return value | `None` (no success signal) | `bool` (True only on confirmed release) |
| Effect on coordinator | Always sets `blocked = True`, opens/extends an incident (`quarantine_id`, `incident_resources`) | Only quarantines (blocks) as a fallback when confirmation flags are false or persistence fails; on the happy path it clears the lease and un-blocks if nothing else is pending |
| Locks | Leaves locks held (bench stays excluded) | Releases underlying `_LifetimeLock`s on success |
| Use case | Explicitly signal something went wrong (e.g., an unsafe state or audit failure) that requires human/incident recovery | Normal end-of-use hand-back of the lease, which internally falls back to quarantine behavior if the hand-back can't be confirmed safe |

In short, `release()` is the intended ""give the hardware back"" path that can *internally* trigger quarantine as a safety fallback, whereas `quarantine()` is a direct, unconditional call to put the lease/bench into an incident state without releasing anything.",True,True,True,src/agentic_hil/coordination.py,True,"The answer identifies coordination.py and both methods, correctly describing quarantine as unconditionally blocking/incident-marking without releasing locks versus release attempting a verified hand-back returning bool.",0.055627,0.042412,0.013215,0.042412,,trace,false,M,agentic_hil,2017476,172
agentic_hil_q27,indexed_topk3,20354,969,0,0,4,False,end_turn,,14.535,2026-09-15T21:11:47Z,"The machine-wide mutex is the `BenchMutex` class in **`src/agentic_hil/bench.py`**.

- It backs onto OS-level file locks (per-key lock files under `~/.agentic-hil/device-locks`, one agreed location per machine — see the description at `src/agentic_hil/knowledge.py:4558-4562`) using `flock` on POSIX and `msvcrt.locking` on Windows, implemented via the internal `_LifetimeLock` class (`src/agentic_hil/bench.py:76-136`), so a crashed holder's lock is dropped by the OS automatically.
- `BenchMutex` is what every device kind (debugger, UART/serial, CAN) goes through: `Device.acquire`/`Device.release`/`Device.is_held` in `src/agentic_hil/devices.py:182-197` call `bench.acquire(...)`, `bench.release(...)`, `bench.holds(...)` on a `BenchMutex` instance rather than each backend locking independently.
- Each device's lock identity is `lock_key`/`lock_keys`, derived from hardware identity (`probe:<serial>`, `com:serial:<serial_number>`, `can:<adapter>:<channel>`, etc.) as documented in `src/agentic_hil/devices.py:1-24` and `src/agentic_hil/knowledge.py:4553-4557`, so two config entries naming the same physical unit collapse to one lock.
- Callers such as the CLI (`src/agentic_hil/cli.py:3103-3115`) and generation locking (`generation_locks` in `src/agentic_hil/tools.py:2966-2982`) create a `BenchMutex(frontend=...)`, call `bench.acquire(device_keys, wait_s=...)`, and raise/handle `DeviceBusyError` on contention, releasing everything via `bench.release_all()`.",True,True,True,src/agentic_hil/bench.py,True,"The answer names BenchMutex in src/agentic_hil/bench.py, plus DeviceBusyError and the lock-file root directory, matching the expected file and symbols with accurate supporting detail.",0.058873,0.050398,0.008475,0.050398,,locate,true,M,agentic_hil,2017476,172
agentic_hil_q39,indexed_topk3,94199,3745,0,0,6,False,end_turn,,52.397,2026-09-15T21:12:04Z,"I now have enough detail across the plan → preflight → tool call → backend pipeline to answer fully.

## The path from a plan step to a GDB breakpoint

**1. Plan parsing and step-to-device resolution**
A plan step naming a debugger action (e.g. `run_until_breakpoint` with a symbol `location`, or a `set_breakpoint`-style action with a `symbol` argument) is resolved to a `StepDevice` subclass for the debugger route (`src/agentic_hil/test_reactor.py`, `StepDevice`/`step_device_class`). This class is the ""single authority on what a step means"" — it knows which MCP tool an action calls, what its preflight checks, and how to build the tool arguments.

**2. Preflight, before anything is touched**
Before any board/GDB interaction happens, the debugger step class's `preflight` classmethod (`test_reactor.py:2431-2551`) runs a series of checks purely against the plan and the authoritative config:
- For `run_until_breakpoint`, refuses immediately if `permissions.allow_debug_execution` is false (since it will always follow with `debug_continue`).
- Extracts the target symbol via `breakpoint_symbol(step.arguments.get(""location""))` (or `step.arguments.get(""symbol"")` for other actions).
- If there is **no** symbol (i.e., a file/line breakpoint) and `config.debug.allow_all_symbols` is false, refuses with a permission-denied error naming `ALLOW_ALL_SYMBOLS_PERMISSION`.
- If there **is** a symbol and `symbol_allowed(config, symbol)` is false (i.e., `allow_all_symbols` is false and the symbol isn't in `config.debug.allowed_symbols`), refuses with ""Symbol is not allowed by the authoritative debug config.""

Any of these preflight refusals stop the plan before a session is opened or a probe touched.

**3. Building the tool call**
If preflight passes, `tool_calls()` (`test_reactor.py:2422-2428`) turns the step into concrete MCP tool calls: `(""debug_set_breakpoint"", {""location"": step.arguments.get(""location"")})`, followed by `debug_continue` if a `timeout_s` was given.

**4. Dispatch through the tool service**
The tool call is dispatched through `AgenticHILToolService` (`src/agentic_hil/tools.py`), which wraps effectful calls in run semantics and permission checks (`_debug_permission_failure`, `_dispatch_tool`) before invoking the debugger backend method.

**5. Backend: `GdbDebugBackend.set_breakpoint`** (`src/agentic_hil/backends/gdbdebug.py:407-452`)
This is the actual point of insertion into GDB, and it repeats/re-derives the authorization independently of the plan-level preflight (defense in depth):
- `_require_session(tool)` — refuses with `session_not_active` if there's no active session, or `resource_quarantined`/`cleanup_required` if the session needs cleanup, or if the GDB process isn't running.
- `normalize_breakpoint_location(tool, location)` — validates the shape of `location`: a symbol must match `DEBUG_SYMBOL_PATTERN` (`^[A-Za-z_][A-Za-z0-9_]*(?:::[A-Za-z_][A-Za-z0-9_]*)*$`), or a `{file, line}` pair must match `BREAKPOINT_FILE_PATTERN`, contain no `..`, and have a positive line. Anything else is refused as `invalid_argument`.
- If a symbol was resolved, `_validate_symbol(tool, symbol)` re-checks the identifier pattern and re-checks it against `config.debug.allowed_symbols`/`allow_all_symbols` — the same rule test_reactor's preflight already enforced, now enforced again at the backend.
- If it's a file/line location (no symbol) and `allow_all_symbols` is false, refused as `permission_denied`.
- Only after all that does it issue `-break-insert <location>` via GDB/MI (`self._gdb_command(...)`), parse the returned breakpoint number, and record the breakpoint in `session.breakpoints` — or, if the response timed out or the ID was unparsable, record it as `provisional` and report `cleanup_required`/`side_effect_status: unknown` rather than silently declaring success.

## What can refuse it along the way

- **Plan-level preflight** (`test_reactor.py`):
  - Missing `allow_debug_execution` for `run_until_breakpoint` (checked before the symbol is even looked at).
  - File/line location used while `debug.allow_all_symbols` is false.
  - Named symbol not in `config.debug.allowed_symbols` (and `allow_all_symbols` false).
  - Naming/routing refusals from `StepDevice` (e.g., unnamed debugger when several are configured, or naming another probe without a service factory).

- **Tool-service permission layer** (`tools.py`): `_debug_permission_failure` gates session-related calls (e.g., `probe_allowed()`, `allow_reset`, `allow_raw_debugger_commands`, `allow_flash`/`allow_mass_erase` for session modes).

- **Backend-level checks in `GdbDebugBackend.set_breakpoint`** (`gdbdebug.py`):
  - `_require_session` — no active session, session quarantined (`cleanup_required`), or GDB process not running.
  - `normalize_breakpoint_location` — malformed symbol or file/line shape (`invalid_argument`).
  - `_validate_symbol` — invalid identifier syntax or not in `allowed_symbols`.
  - File/line breakpoint without `allow_all_symbols`.
  - GDB itself refusing or timing out on `-break-insert`, or returning an unparsable/missing breakpoint number — these produce `_gdb_failure` or a `provisional`/`cleanup_required` result rather than a confirmed breakpoint.
  - A broken audit log after a successful insert (`self._audit_broken`) — the breakpoint is set on the target but reported as `ok: False` with `quarantined`/`cleanup_required`, since the audit evidence couldn't be persisted.

So the symbol allowlist (`debug.allowed_symbols` / `debug.allow_all_symbols`) and the identifier-pattern validation are each enforced twice — once in `test_reactor.py`'s plan preflight and again independently in `gdbdebug.py`'s `set_breakpoint`/`_validate_symbol` — plus session-state and audit-durability checks that only exist at the backend level.",True,True,True,src/agentic_hil/test_reactor.py;src/agentic_hil/backends/gdbdebug.py,True,"Answer names both expected files and all four symbols (breakpoint_symbol, symbol_allowed, set_breakpoint, normalize_breakpoint_location), accurately describing the plan preflight allowlist and backend refusal points.",0.244708,0.225848,0.01886,0.225848,,multi_hop,false,M,agentic_hil,2017476,172
agentic_hil_q19,indexed_topk3,28108,1349,0,0,5,False,end_turn,,20.545,2026-09-15T21:13:00Z,"## How MCP prevents secrets from leaking in a `tools/call` result

In `call_tool` (`src/agentic_hil/mcp.py`), after the tool implementation runs and produces a raw `result`, the code applies a defense-in-depth pass before building the response:

```python
result = tools.call(name, arguments)
# Defense-in-depth: strip any secret-named field before the result is
# serialized into the MCP content text and structuredContent. isError is
# computed from the raw result (redaction touches no success field).
safe_result = redact_sensitive(result)
return {""content"": [{""type"": ""text"", ""text"": tool_result_text(safe_result)}], ""structuredContent"": safe_result, ""isError"": not overall_success(result)}
```

Key points:

- **`redact_sensitive`** (`src/agentic_hil/redact.py`) recursively walks the result (dicts and lists) and, for every mapping key, delegates to `_redact_member`.
- **`_redact_member`** checks the key name against `_SENSITIVE_KEY_PATTERN` (matching names like `*_token`, `*secret`, `password`, `api_key`, `authkey`); if it matches, the *value* is replaced with a fixed `_REDACTION_MARKER`, regardless of what it contains.
- Keys recognized as captured-stream fields (`stdout`, `stderr`, in `_STREAM_KEYS`) get a second, content-level pass (`_redact_stream_member`, using `_mask_url_userinfo` and `_CONTENT_PATTERNS`) that masks credential-shaped substrings inside the text itself — e.g., URL userinfo passwords, `Authorization: Bearer/Basic` header values, and secret-named CLI assignments/query params (`?token=`, `--client-secret=`, `PIP_INDEX_PASSWORD=`) — even when the secret is embedded in prose rather than under a secret-named key.
- The sanitized `safe_result` (not the raw `result`) is what gets serialized into both the `content[0].text` and `structuredContent` fields returned to the MCP client, so a secret named field or a credential embedded in a stdout/stderr string cannot reach the client. Note `isError` is still computed from the original, unredacted `result` so redaction never affects success/failure signaling.

This same `redact_sensitive` function is also reused for the CLI's `--json`/error rendering path (`write_error` in `src/agentic_hil/comstdio.py`), so both the MCP tool-call sink and other JSON output sinks share the identical redaction logic.",True,True,True,src/agentic_hil/mcp.py;src/agentic_hil/redact.py,True,"The answer identifies call_tool in mcp.py applying redact_sensitive from redact.py before serializing via tool_result_text into content and structuredContent, matching the expected files and symbols.",0.079246,0.069706,0.00954,0.069706,,multi_hop,false,M,agentic_hil,2017476,172
agentic_hil_q32,indexed_topk3,16709,908,0,0,4,False,end_turn,,16.272,2026-09-15T21:13:23Z,"## Answer

`read_elf_symbol` (in `src/agentic_hil/elfsymbols.py`) delegates to the internal `_read_symbol` function, which distinguishes two different kinds of ""silence"" in the ELF symbol table:

- **Name present but with `st_size == 0`** (e.g. a bare assembler label with no `.size` directive): the entry is seen and marked `defined = True`, but because `entry[""size""] > 0` fails, it is never added to `found`. Since `found` ends up empty but `defined` is `True`, the function returns:
  ```python
  {""ok"": False, ""reason"": ""no_size""}
  ```

- **Name not present in the symbol table at all**: `defined` stays `False` (no matching, defined symbol entry was ever seen), so with `found` empty the function returns:
  ```python
  {""ok"": False, ""reason"": ""not_found""}
  ```

Both cases yield `ok: False` and an empty/zero-length result, but the `reason` differs (`no_size` vs `not_found`) precisely so callers can distinguish ""the symbol exists but has no recorded size"" from ""the symbol doesn't exist in the table""—the fix differs: add a `.size` directive vs. add the symbol itself.

This behavior and rationale are documented directly in the docstring and inline comments of `read_elf_symbol` / `_read_symbol` in `src/agentic_hil/elfsymbols.py`:

> ""`ok` is true only for a defined symbol with a recorded non-zero size... A symbol the table carries with `st_size` zero (a bare assembler label, with no `.size` directive behind it) is reported `no_size` rather than answered with a zero-byte read... `defined` separates the two silences: a name the table does not carry at all is `not_found`, and a name it carries without a size is `no_size`.""",True,True,True,src/agentic_hil/elfsymbols.py,True,"The answer names the correct file and both symbols, and accurately describes the no_size vs not_found distinction for zero-size versus absent symbols.",0.050398,0.042498,0.0079,0.042498,,trace,true,M,agentic_hil,2017476,172
agentic_hil_q24,indexed_topk3,144393,2518,0,0,9,False,end_turn,,46.669,2026-09-15T21:13:42Z,"## How an on-disk config edit reaches a running server

Nothing happens automatically. A running MCP server parses the configuration once at startup and keeps serving that in-memory `AgenticHILConfig`; it never watches the file (`src/agentic_hil/knowledge.py:409-424`, `RUNNING_SERVER_COMPARISON`). A caller finds out the file has moved by comparing `config_status.loaded_digest` against the file's `current_digest` (computed in `config_status()`, `src/agentic_hil/configstate.py:116-209`), which reports `state: changed` / `reload_required: true` when the bytes differ.

Two ways to make the running server catch up, depending on what changed:

1. **`project_config_reload_description`** (MCP tool) / **`agentic-hil config-reload`** (CLI preview) — picks up only `target`, `debuggers`, `com_ports`, `can_buses` (device description, minus every `permissions:` block), without a restart.
   - Dispatched via `AgenticHILToolService.reload_description()` (`src/agentic_hil/tools.py:894-920`), which calls the pure decision function `reload_description()` in `src/agentic_hil/configreload.py:291-337`.
   - That function re-runs `load_authoritative_config()` (the same startup load path, including the single-link check, path-authority rules, and probe-ownership validation), merges the new description sections into the existing config while keeping the in-force permissions (`merge`/`revalidate_permission_dependent_pinning`), and returns the new config object.
   - `AgenticHILToolService._swap_config()` (`src/agentic_hil/tools.py:943-957`) then does the actual handover: replaces `self.config`, and calls `reconfigure()` on the coordinator, backend, artifacts manager, `ComPortService`, and `CanBusService` so every collaborator picks up the new description.
   - Everything else (`version`, `workspace_root`, `state_root`, `debug`, `artifacts`, `validation`, `recovery`, `reports`, `logs`, and all `permissions` blocks) is explicitly refused by name and requires an operator restart of the server (`src/agentic_hil/knowledge.py:4511-4532`).

2. **A full server restart** — the only way to adopt permission changes or any of the sections above.

## What refuses the reload while a run is open

Inside `reload_description()` (`src/agentic_hil/configreload.py`), before anything is re-read from disk:

```python
if open_holds:
    return None, _open_run_refusal(existing, open_holds)
if quarantine:
    return None, _quarantine_refusal(existing, quarantine)
```

- `open_holds` comes from `AgenticHILToolService.open_hardware_holds()` (`src/agentic_hil/tools.py:1133-1156`), which checks the `HardwareCoordinator`'s run status and any open leases — a declared `bench_run`, an open COM/CAN session, or a debug session. If any hold exists, the reload is refused with `error_type: config_reload_in_open_run` (`_open_run_refusal`, `src/agentic_hil/configreload.py:412-427`), because held device names are resolved through the description, and re-reading it mid-run could repoint a held name at a different physical board.
- `quarantine` comes from `AgenticHILToolService._unresolved_incident()` (`src/agentic_hil/tools.py:920-940`), which checks `self.coordinator.incident_stands` — an unresolved incident also blocks the reload (`resource_quarantined`) for the same reason: the operator is about to be told to physically check a named device, and a mid-check rename would invalidate that.

As a further belt-and-braces backstop, `ComPortService.reconfigure` and `CanBusService.reconfigure` (`src/agentic_hil/comports.py:867-888`, `src/agentic_hil/can.py:395-416`) themselves stop any session whose config entry changed — but the comments there note this loop is meant to be unreachable in practice, since the open-run refusal above already prevents `reconfigure` from ever running while a session is open.",True,True,True,src/agentic_hil/configreload.py;src/agentic_hil/configstate.py,True,"The answer identifies configreload.py's reload_description and _open_run_refusal, plus configstate.py's config_status digest comparison, matching all expected files and symbols with accurate behavioral detail.",0.326241,0.313966,0.012275,0.313966,,multi_hop,false,M,agentic_hil,2017476,172
agentic_hil_q38,indexed_topk3,31395,1685,0,0,4,False,end_turn,,26.254,2026-09-15T21:14:31Z,"## How a `uart_expect` step decides the plan's claim was met

The step (`UartRunner._expect` in `src/agentic_hil/test_reactor.py:1749`) is built on top of a shared read loop, `UartRunner._read_until` (test_reactor.py:1800‑1848), and a per-kind matcher built by `UartRunner._matcher` (test_reactor.py:1736‑1747):

- For `text`, the matcher is `lambda decoded, final: expected in decoded` (substring containment).
- For `pattern`, it's `re.compile(expected).search`, i.e. `re.search` semantics, compiled once at preflight so it can't raise mid-run.

`_read_until` repeatedly calls the `com_read` tool, decodes each new chunk's hex payload with `decode_bytes` (`errors=""replace""`), and appends it to a rolling `bytearray` window (`received`, capped to `window = max(UART_EXPECT_TAIL_BYTES, 4*len(written)+16)` bytes so a match split across reads is never lost). After each chunk it re-decodes the whole window and calls the matcher against it — **not** per-chunk — specifically because a value that arrives split across two reads would otherwise never match a per-chunk search, while matching the accumulated decoded window makes it ""one match... where a character split across two reads decodes to replacement characters on each side of the seam"" get resolved once the full text is present. The loop returns a match as soon as the matcher says yes, or gives the pattern one last look on the very pass the deadline expires (so ""nothing more is coming"" can also settle a claim), otherwise reports `uart_expect_timeout`.

## Recovering the raw wire bytes behind the match

Because decoding uses `errors=""replace""`, the decode is irreversible — re-encoding the matched decoded string could fabricate bytes the port never actually sent (e.g., an invalid `ff` byte becomes `�`, which re-encodes to `efbfbd`). So the raw bytes are recovered from the original byte buffer, not from re-encoding the string:

1. Comparator functions like `decoded_equals` (test_reactor.py:204‑221) return not just the matched text but its **character span** `(start, end)` within the decoded window.
2. `matched_span_bytes` (`src/agentic_hil/comports.py:1625`) maps that character span back to a byte span by feeding the raw `received` bytes to an incremental decoder one byte at a time, pinning each emitted character to the exact byte run that produced it (checked against `decode_bytes`'s one-shot decode for consistency). If the incremental and one-shot decodes disagree, or the span lands inside a multi-character decode unit a stateful codec emitted as one run, it returns `None` rather than guess.
3. In `_read_until` (test_reactor.py:1842‑1846), once a match is found, the span from the matcher (recovered via `getattr(matches, ""__self__"", None).matched_span`) is passed to `matched_span_bytes(raw, encoding, span)` to slice the exact wire bytes out of the buffer, stored as `UartReadOutcome.matched_raw`.
4. The step's report (`UartReadOutcome.matched_result` / the `matched_text` field built in test_reactor.py:444‑457) emits this raw slice as `matched_text.hex` alongside the decoded `text` and `encoding`, capped at `UART_EXPECT_TAIL_BYTES`. If the byte span couldn't be established, the field falls back to reporting the decoded text only, with `matched_text_bytes_unavailable: True`, rather than fabricating a byte value.

This design is also described narratively in `docs/test-plan-contract.md` and the `CHANGELOG.md` entry for `uart_expect`.",True,True,True,src/agentic_hil/test_reactor.py;src/agentic_hil/comports.py,True,"Answer names UartRunner's expect/read loop in test_reactor.py, comparator objects exposing matched_span, decode_bytes, and matched_span_bytes in comports.py, matching expected locations and behavior.",0.098775,0.07964,0.019135,0.07964,,multi_hop,false,M,agentic_hil,2017476,172
agentic_hil_q23,indexed_topk3,47466,2711,0,0,5,False,end_turn,,41.778,2026-09-15T21:15:03Z,"## From a plan run to reviewable evidence

1. **A plan runs on the bench.** The reactor executes the declared `testconfig.yaml` plan against real hardware, hash-chains its events, and writes a JSON run **report** (plus per-session serial/bus logs) into the bench's own `reports.directory`/`logs.directory` under `state_root`. That canonical, hash-chained copy never leaves the bench (`docs/ci-examples.md`).

2. **`agentic-hil run-evidence` turns the report into a bundle.** This is the CLI/library entry point in `src/agentic_hil/runevidence.py`. It produces:
   - `run-summary.json` — built by `run_summary()`, assembling `outcome` (`run_outcome()`), `plan`, `firmware` (`_firmware()`), `tools`, `bench` (`_bench()`), and `run` (`_run()`) blocks, each included only if non-empty.
   - `job-summary.md` — a human-readable rendering of the same data (`job_summary()`), optionally appended to `$GITHUB_STEP_SUMMARY`.
   - `logs/` — workspace mirrors of the event logs, copied byte-for-byte (`collect_logs()`).

3. **CI uploads these `if: always()` / `when: always`**, so both the summaries and logs become the artifacts/job-page content a pull-request reviewer without bench access reads (`docs/ci-examples.md`, `docs/github-action-design.md`). The pull request's head commit is even threaded in via `_pull_request_head()`, which reads `GITHUB_EVENT_PATH` but only accepts a value matching a commit-id shape, so a fork's event payload can't inject anything else into the evidence.

## What keeps secrets/identities out of it

Several independent mechanisms, layered by `run_summary()` and `job_summary()`:

- **Field-name identity list.** `IDENTITY_FIELDS` (`executable`, `executable_path`, `probe_id`) and `LOCK_KEY_FIELDS` (`declared_devices`, `lock_key`, `lock_keys`, `resource`, `resources`) are collected off the *actual report* by `excluded_values()`, which walks every string in the report (`_walk`) and flags any value under those keys, plus any absolute path that isn't inside the workspace, plus `config_in_force.path`. This produces a per-run set of exact strings that must never surface.

- **Deep scrubbing pass.** `_scrubbed()` recursively walks the summary dict/list structure and runs every string through `_scrub()`, which:
  1. Applies `redact_stream_text()` first — a content-shape credential redactor (URL userinfo, `Authorization: Bearer/Basic`, `token=` assignments) that catches secrets by pattern, not by field name.
  2. Replaces every excluded identity value (longest first, to avoid leaving substrings) with the literal marker `WITHHELD = ""[withheld]""`.
  3. Rewrites any absolute path outside the workspace via the `ABSOLUTE_PATH` regex, keeping in-workspace paths relative and withholding foreign ones.

- **Bench identified only by digest/logical name, never hardware identity.** `_bench()` explicitly builds the bench block from `config_in_force.digest`/`digest_algorithm`/`diverged_from_file`, runner name/labels, `target.name`/`controller`, and the plan's logical `devices` — deliberately never from `probe_id`, `executable`, serial numbers, or device paths (docs describe this as ""identify a bench... never by hardware identity"").

- **Fail-closed on redaction failure.** If scrubbing/redaction can't produce a document, the code does not fall back to an unredacted report. Both `run-summary.json` and `job-summary.md` are instead replaced with a `redaction_unavailable` refusal built from `REDACTION_UNAVAILABLE_SUMMARY`, no logs are collected, and the command exits nonzero — so evidence is either fully scrubbed or not produced at all (`docs/testing.md`).

- **Logs are the deliberate exception, and handled by scoping rather than scrubbing.** Event/session logs are copied byte-for-byte (untouched), because they must still verify against the hash-chained canonical copy under `state_root`. Since they can therefore contain whatever a backend printed (including a device path or a credential a backend logged itself), they are never put on the world-readable job page — only the two summaries are — and are shipped solely as a private CI artifact, which is “the log's problem” to fix at the source rather than something `run-evidence` edits.

**In short:** `src/agentic_hil/runevidence.py`'s `run_summary()`/`job_summary()` pipeline (`excluded_values`, `_scrubbed`, `_scrub`, `_bench`, `_firmware`) turns a bench's private run report into a small, purpose-built summary that names a bench by configuration digest and logical device names instead of hardware identity, replaces any identity or credential-shaped string with `[withheld]`, rewrites foreign absolute paths, and refuses to publish anything at all if that redaction step fails — while raw logs (the one un-redacted piece) are kept out of the public job page entirely.",True,False,True,src/agentic_hil/runevidence.py,True,"It correctly pinpoints runevidence.py's run-evidence/job_summary pipeline and the redaction scrubbing that withholds identities/credentials, matching the expected locations despite minor symbol-name variation.",0.144547,0.122042,0.022505,0.122042,,multi_hop,false,M,agentic_hil,2017476,172
agentic_hil_q18,indexed_topk3,20026,1759,0,0,4,False,end_turn,,29.222,2026-09-15T21:15:51Z,"## What `start_detached_run` does differently

`start_detached_run` (in `src/agentic_hil/runlifecycle.py`) launches the plan in a **separate, detached child process** rather than running it inline:

- It generates a handle (`new_run_handle`), then calls `spawn_run_worker`, which re-invokes `python -m agentic_hil test-reactor ...` as its own detached process (via `spawn_detached_process`, using `_detached_process_kwargs`/`start_new_session`/`CREATE_NEW_PROCESS_GROUP` in `src/agentic_hil/process.py`). This worker is deliberately **not** tied to the parent's process/job lifetime, so it survives after the calling command returns — unlike a foreground run, which runs the plan in the calling process and only returns once the plan is actually finished.
- Instead of blocking until the whole plan completes, `start_detached_run` only waits long enough for the worker to **publish** that it has started (i.e., moved out of the `starting` state, either into `running` or into a terminal state), bounded by `worker_publish_window_s(wait_s)`. It polls `read_run_record` and the worker's `poll()` status, and returns as soon as the record says something definite, or the worker exits without ever writing a record.
- The worker's stdout/stderr are redirected to a **log file** beside its record (`worker_log_path`) rather than a pipe, since nothing is left reading a pipe once the detached run outlives its starting command.
- If the worker gets stuck past even its allowed device-wait window, `start_detached_run` plants a cooperative stop under its handle so it ends at the next step boundary instead of being abandoned mid-plan.

## What it writes so a later call can find the run

The worker process, on acquiring its devices, calls `RunRegistration.take(...)` (`runlifecycle.py`), which:

1. Acquires a **lock file** at `lock_path(config, handle)` (`<handle>.lock`), so a second process cannot claim the same handle.
2. Writes a **JSON run record** at `record_path(config, handle)` (`<handle>.json`) under `runs_directory(config)` (`derived_state_directory(..., ""coordination"", ""runs"")`). This first write is forced/required and includes `run` (the handle), `name`, `test_config_path`, `report_path`, `detached`, `pid`, `started_at`, and `state` (starting → running → finished/stopped).

This record file, keyed by the handle, is what any later call (status check, stop request) reads via `read_run_record(config, handle)` to find and act on the run again. Alongside it, `worker_log_path` (`<handle>.log`) holds the worker's output for diagnosing a run that never got far enough to write a report, and `stop_path` (`<handle>.stop`) is the file a later ""stop"" call plants to signal the running worker cooperatively.",True,True,True,src/agentic_hil/runlifecycle.py,True,"Correctly identifies runlifecycle.py, spawn_run_worker's detached process, and the JSON run record keyed by handle that later calls read, despite not naming write_run_record explicitly.",0.070632,0.057642,0.01299,0.057642,,trace,false,M,agentic_hil,2017476,172
agentic_hil_q17,indexed_topk3,28919,1491,0,0,5,False,end_turn,,22.654,2026-09-15T21:16:24Z,"Now I have the full picture, in `src/agentic_hil/tools.py` (`flash_firmware`) and `src/agentic_hil/artifacts.py` (`stage_for_backend`/`release_stage`).

## Before calling the backend

In `MCPServer.flash_firmware` (`src/agentic_hil/tools.py:274-310`), after validating the requested `image_path`/`artifact_id`, the tool calls `self.artifacts.stage_for_backend(validation[""artifact""], ""flash_firmware"")` (`src/agentic_hil/artifacts.py`). `stage_for_backend` does not just pass the original path to the backend — it:

1. Opens the already-validated source file safely (`safe_open_binary`) and re-checks that it is still a single-link regular file within the allowed size limit.
2. Streams the bytes into a fresh temp file inside a newly created staging subdirectory (`tempfile.mkdtemp(dir=self._staging.name, prefix=""stage-"")` / `tempfile.NamedTemporaryFile(..., prefix="".tmp-"")`), computing a running SHA-256 while copying, fsyncing before finishing.
3. Recomputes the SHA-256 of the copied bytes and compares it against the artifact's previously recorded `integrity_sha256`/`sha256`; if they don't match (or the file changed since validation), it fails with `artifact_changed`/`artifact_not_found` and never proceeds.
4. On success, atomically renames (`os.replace`) the temp file to its final name in the staging directory, and returns a new `staged_artifact` dict — a copy of the original artifact metadata but with `resolved_path` pointed at the staged copy, updated `sha256`/`integrity_sha256`/`size_bytes`, and `""staged"": True`.

So the backend (`self.backend.flash_firmware(staged[""artifact""], reset_after_flash)`, e.g. `src/agentic_hil/backends/pyocd.py`) is always handed this private staged copy, never the caller's original path directly — this guards against TOCTOU changes to the source file between validation and flashing.

## After the backend call

Back in `flash_firmware` (`src/agentic_hil/tools.py`), a `finally` block always calls `self.artifacts.release_stage(staged[""artifact""])`, regardless of whether the backend call succeeded, raised, or the `except BaseException` branch ran (which also clears `self._symbol_elf` before re-raising).

`release_stage` (`src/agentic_hil/artifacts.py:42-54`) cleans up the staged copy:
- No-ops if the artifact isn't marked `""staged"": True`.
- Otherwise verifies the resolved path is actually inside the staging root (`is_path_within_frozen`) before touching anything.
- Deletes the staged file (`path.unlink()`) and then removes its now-empty parent staging directory (`path.parent.rmdir()`), suppressing `OSError`s from either step.

So the staged copy is strictly transient: it's created fresh for each flash attempt, verified by hash, handed to the backend, and then deleted (file + its temp directory) once the flash attempt completes, whether it succeeded or failed.",True,True,True,src/agentic_hil/tools.py;src/agentic_hil/artifacts.py,True,"The answer names the expected files and symbols (flash_firmware, stage_for_backend, release_stage) and accurately describes staging a verified copy and its cleanup in a finally block.",0.083368,0.072748,0.01062,0.072748,,trace,false,M,agentic_hil,2017476,172
agentic_hil_q22,indexed_topk3,56135,2004,0,0,5,False,end_turn,,35.333,2026-09-15T21:16:49Z,"Now I have the full picture to answer.

## How a CAN frame travels from one process to another

The path runs through a single-broker-per-bus architecture in `src/agentic_hil/canbroker.py`, not through the two processes talking directly.

**1. Each process is a separate client (`Participant`)**
When a process wants to use a shared CAN bus, it calls `can_send`/`can_read` (in `src/agentic_hil/can.py`, `CanTools.send`), which resolves an active session and eventually attaches to a `CanBroker` as a named `Participant` (`canbroker.py`). The attach handshake connects over a local `multiprocessing.connection.Connection` (Unix domain socket / Windows named pipe, `AF_UNIX`/`AF_PIPE`), authenticated with an HMAC authkey written by the broker (`canbroker.py:36-96`, `publish()` at `canbroker.py:579`).

**2. One broker process owns the physical bus**
Exactly one `CanBroker` process holds the machine-wide bus lock and the single open adapter session (`CanBroker.take_bus`/`open_bus`, per the design doc `docs/can-service-design.md`). All participants — regardless of which process spawned them — talk only to this broker; they never touch the adapter directly.

**3. Sending: `Participant.send` → broker → adapter**
Process A's `Participant.send()` (`canbroker.py:1183`) sends a `{""message"": ""send"", ""frame"": wire}` request over its connection. The broker's connection loop (`_serve_connection`, `canbroker.py:685`) dispatches this to `CanBroker._handle_send` (`canbroker.py:919`), which calls `adapter_session.send(frame)` to actually put the frame on the (real or virtual) medium, then logs it to the whole-bus frame log with an incrementing `frame_seq`.

**4. Receiving: the broker reads the medium once and fans it out**
The broker is the *only* reader of the adapter (`_draw_from_bus`, `canbroker.py:1027`), because a controller read is destructive — if each participant read independently they'd steal frames from each other. When `_draw_from_bus` pulls frames from `adapter_session.read(...)`, it iterates over every attached participant (`canbroker.py:1036-1066`) and, for each one whose `allow_read` permission and identifier filter (`filter_accepts`) match, appends the frame (tagged with the shared `frame_seq`) onto that participant's own in-broker receive queue (`item.queue`). A participant whose queue would overflow its bound is instead aborted (`_overflow_participant`).

**5. Process B pulls its copy from its queue**
Process B's `Participant` object calls `read`, which is handled by `CanBroker._handle_read` (`canbroker.py:1002`): if its per-participant queue doesn't already have enough frames, it triggers `_draw_from_bus` to pull fresh frames off the adapter, then pops frames off its own queue and returns them, incrementing its `frames_used` budget.

**Summary:** A frame sent by process A is written once to the physical/virtual CAN adapter by the broker on A's behalf; the broker then reads that same medium and delivers a copy of the frame (matched against B's filter/permissions) into B's private queue inside the broker, from which B's subsequent `can_read` call retrieves it. Both ends share the same `frame_seq` from the broker's whole-bus log, so the frame is attributable as the same event from either participant's log.",True,True,True,src/agentic_hil/can.py;src/agentic_hil/canbroker.py,True,"It correctly identifies canbroker.py/can.py, the CanBroker relay with wire-serialized frames and per-participant queues, as the path between processes, matching expected locations.",0.16255,0.13231,0.03024,0.13231,,multi_hop,true,M,agentic_hil,2017476,172
agentic_hil_q36,indexed_topk3,6802,790,0,0,2,False,end_turn,,11.493,2026-09-15T21:17:37Z,"## Answer

When a `debuggers` entry's configured `probe_id` names a probe different from the one currently attached, the adoption plan **refuses the entire plan outright** — it doesn't partially fill in the unset fields, and nothing is written.

This is implemented in `_different_board()` in `src/agentic_hil/adopt.py` (lines 396–437), which is invoked when `configured_probe_id()` (also in `adopt.py`) finds an existing `probe_id` value that doesn't match the discovered/attached probe's serial.

The refusal returns:
- `""ok"": False`
- `""error_type"": ""hardware_mismatch""`
- `""field"": ""probe_id""`
- A summary explaining that the configured entry names one probe while a different one is attached, so this is treated as ""a different board""
- `configured_probe_id` and `discovered_probe_id` for reference
- A `next_step` telling the operator to either attach the board the entry is configured for, or name the correct entry (the one the attached board belongs to) via `debugger_id`
- `retry_safe: False`

**Why it refuses the whole plan rather than doing a per-key merge:** the docstring in `adopt.py` explains that `probe_id`, `target.controller`, the COM device, and the backend executable are not independent — they all describe the same physical board. If the unset fields (controller, COM port, executable) were filled in based on the attached board while the `probe_id` field is left pointing at a different board's serial, the result would be a configuration that ""loads, passes `doctor`, and is wrong in the one way nobody would look for"" — i.e., a debugger driving one board while its UART/COM port talks to another. So the mismatch is treated as a whole-plan failure rather than a per-key `kept`/adopted split.

This behavior is also documented in `docs/configuration.md` and `plugins/agentic-hil/skills/agentic-hil/SKILL.md`, both stating that ""an entry that already names a probe with a *different* probe attached is refused whole rather than partly carried.""",True,True,True,src/agentic_hil/adopt.py,True,"The answer correctly names adopt.py, the _different_board and configured_probe_id symbols, and accurately describes the whole-plan refusal with hardware_mismatch on probe_id.",0.030039,0.021504,0.008535,0.021504,,trace,false,M,agentic_hil,2017476,172
agentic_hil_q40,indexed_topk3,158012,3050,0,0,9,False,end_turn,,59.037,2026-09-15T21:17:52Z,"I now have enough to trace the complete pipeline. Here's the answer:

## The path from ""ST-Link plugged in"" to ""serial in the config file""

**1. `agentic-hil init` calls into `init_config`/`init_project` in `src/agentic_hil/cli.py`.**
When no config exists yet, this step drives hardware discovery before writing anything (`cli.py`, functions using `enumerate_attached_probes`, `apply_discovery_to_template`, `apply_profile_to_placeholder`, `load_project_profile`, `bound_off_incomplete_inventory`, imported from `agentic_hil.bootstrap`).

**2. Discovery picks one of two enumerations, decided purely by what toolchain is on the host** (`src/agentic_hil/bootstrap.py`, `BOOTSTRAP_DISCOVERY_RULE` documented in `src/agentic_hil/knowledge.py`):
- If STM32CubeProgrammer's `STM32_Programmer_CLI` is installed, probes come from its own ST-Link listing (`-l st-link-only`), an authoritative read of the serial off the probe.
- Otherwise, the fallback path enumerates the host's **USB serial inventory**: `src/agentic_hil/comports.py` matches devices whose USB vendor id is `0x0483` (`STLINK_USB_VENDOR_ID`) and whose product id is one of the ST-Link generations that publish a virtual COM port (`STLINK_USB_PRODUCT_IDS`). The serial number is read out of that port's descriptor — exactly the string OpenOCD's `adapter serial` argument takes. This is implemented via `usb_stlink_probe_ids`/`usb_stlink_ports` in `comports.py`, called from the fallback discovery branch in `bootstrap.py` (around lines 220–290), which returns a result carrying `discovered_by: ""usb_serial_inventory""`, the found `probe_ids`, and `backend: BOOTSTRAP_FALLBACK_BACKEND` (""openocd"").

**3. The discovery result is folded into the config skeleton by `apply_discovery_to_template` (`src/agentic_hil/bootstrap.py`, ~lines 926–956).** This function:
- Reads the `backend` the discovery actually used (never assumes one), so an OpenOCD-only host gets a `type: openocd` debugger entry with `interface_cfg`/`target_cfg` (from `profile_openocd_scripts`), while an STM32CubeProgrammer host gets `type: stlink`.
- Writes the discovered `probe_id` into that debugger entry via `bind_debugger` (in `src/agentic_hil/config.py`).
- Because the USB-inventory path is not an authoritative count (it can't see a VCP-less ST-LINK/V2), it also carries `discovered_by`, `probe_inventory: incomplete`, and an explanatory note alongside the `probe_id` in the written entry — so the file itself discloses how that serial was learned.

**4. The filled-in document is written to disk** through `write_generated_config`/`secure_atomic_write_text` (`src/agentic_hil/config.py`), producing the workspace's `config.yaml` with a `debuggers.<name>.probe_id` field naming the attached ST-Link's serial, plus the toolchain (`executable`) and target/port fields discovery could fill in.

**5. If discovery instead found zero or multiple probes** (or the inventory couldn't be read), `init` writes an unbound placeholder instead, and the operator later runs `agentic-hil adopt-hardware` (or `--probe-id <serial>` for a probe the USB inventory can't see) to fill in the probe fields, via `project_config_adopt_hardware`/`discover_under_hardware_lease` in `src/agentic_hil/adopt.py`.

This whole chain — and its caveats about the USB-inventory path being incomplete — is also narrated in `docs/configuration.md` (""What discovery looks for"") and `docs/mcp-hosts.md`.",True,False,True,src/agentic_hil/cli.py;src/agentic_hil/adopt.py;src/agentic_hil/bootstrap.py,True,"It correctly traces init 
discovery via enumerate_attached_probes, apply_discovery_to_template, ST-Link serial from STM32_Programmer_CLI listing, and adopt fallback, despite some extra unverified detail.",0.379574,0.346524,0.03305,0.346524,,multi_hop,false,M,agentic_hil,2017476,172
agentic_hil_q11,indexed_topk3,6857,599,0,0,2,False,end_turn,,10.824,2026-09-15T21:19:06Z,"## Answer

In `flash_firmware` (`src/agentic_hil/tools.py:274-310`), when `self.backend.flash_firmware(...)` raises an exception during the `try` block, the `except BaseException` handler explicitly sets `self._symbol_elf = None` before re-raising the exception.

**Why:** A backend that raised may have contacted or partly written the target, so the ELF the bench had previously remembered as its symbol source can no longer be provably trusted to describe whatever image is now on the board. The normal bookkeeping method, `_remember_symbol_elf` (`src/agentic_hil/tools.py:314-348`), only runs on a *returned* result and is never reached when an exception propagates instead — so the exception handler drops the symbol source itself, inline, before letting the failure propagate.

This ensures that:
- The coordination wrapper reports the flash's hardware effect as ""unknown.""
- A later ST‑Link/GDB symbol dump won't resolve addresses against a build that a failed, possibly-partial flash may have already replaced on the target.

As the comment notes, only a *returned* result whose `side_effect_status` proves the flash never started (`not_started`) is allowed to keep the old symbol source — that logic lives in `_remember_symbol_elf`, but it's irrelevant here since an exception means no result was returned at all.",True,True,True,src/agentic_hil/tools.py,True,"The answer correctly identifies flash_firmware in src/agentic_hil/tools.py clearing the remembered symbol ELF on backend exceptions, referencing _remember_symbol_elf's not_started exception.",0.031809,0.019704,0.012105,0.019704,,trace,false,M,agentic_hil,2017476,172
agentic_hil_q20,indexed_topk3,56747,2448,0,0,5,False,end_turn,,37.694,2026-09-15T21:19:21Z,"I now have enough to trace the full path.

## Path: `flash_firmware` MCP call → ST-Link

1. **MCP transport.** The host's JSON-RPC `tools/call` request arrives over stdio (`agentic-hil mcp-stdio`) and is routed to the `Bench`/tool-service dispatch table.

2. **Dispatch entry point** (`src/agentic_hil/tools.py`, `flash_firmware` method):
   - If called at dispatch depth 0 (i.e., invoked directly rather than as a sub-step of an internal call), it re-enters through `self.call(""flash_firmware"", payload)`, which is the shared dispatcher (`tools.py:763-772`) that wraps effectful tools in run semantics (`implicit_run_tools()`), acquires the device lock, and eventually calls `_dispatch_tool` (`tools.py:848` onward), which runs the action with logging, timeout handling, and quarantine/poison-error handling around any backend exception.
   - The real body of `flash_firmware` then: checks `self.debugger_permissions.allow_flash` (see refusal below), validates that exactly one of `image_path`/`artifact_id` is given, validates `reset_after_flash` and its own `allow_reset` gate, resolves/validates the artifact via `self.artifacts`, stages it for the backend (`self.artifacts.stage_for_backend`), and finally calls `self.backend.flash_firmware(staged[""artifact""], reset_after_flash)`.

3. **Backend selection** happens once at config load via `create_debugger_backend` (`src/agentic_hil/debugger.py`), which inspects `config.debugger.type` and, for `""stlink""`, instantiates `STLinkBackend(config)` (`src/agentic_hil/backends/stlink.py`).

4. **ST-Link backend** (`STLinkBackend.flash_firmware`, `src/agentic_hil/backends/stlink.py:338-359`):
   - Re-checks `self.config.debugger.permissions.allow_flash` (defense in depth) and the two exclusive-permission guards (`allow_raw_debugger_commands`, `allow_mass_erase`).
   - Builds STM32CubeProgrammer CLI arguments (`-w <path>` plus a flash address for `.bin` artifacts, `-rst` if `reset_after_flash`), connecting via `self._connection_args(self._flash_connect_mode())`.
   - Executes the CLI through `self._run_stlink(""flash_firmware"", ...)`, which spawns the process (`spawn_command`), logs the full command/stdout/stderr/returncode to `.agentic-hil/logs/`, classifies failures, and returns a structured result (`_write_action_report` at the end wraps/persists the JSON report).
   - Back in `tools.py`, the result is post-processed (e.g., `_remember_symbol_elf`, artifact stage released) and returned to the MCP client as structured JSON (`ok`, `error_type`, `summary`, etc.), per `docs/mcp-tools.md`.

## What refuses it when flashing is disabled

Two layered checks against the authoritative config's `debuggers.<name>.permissions.allow_flash` field (type `DebuggerPermissions`, `src/agentic_hil/types.py`):

- **`tools.py` layer** (`flash_firmware`, `tools.py:274-310`):
  ```python
  if not self.debugger_permissions.allow_flash:
      return tool_error(""flash_firmware"", ""permission_denied"",
          ""Flashing is disabled by the authoritative config."",
          self.debugger_permission_key(""allow_flash""))
  ```
- **Backend layer** (`STLinkBackend.flash_firmware`, `src/agentic_hil/backends/stlink.py:338-341`):
  ```python
  if not self.config.debugger.permissions.allow_flash:
      return self._permission_denied(""flash_firmware"", ""Flashing is disabled by the authoritative config."", self._permission_key(""allow_flash""))
  ```

The same backend method also refuses flashing—independent of `allow_flash`—if either `allow_raw_debugger_commands` or `allow_mass_erase` is set, because those two permissions are mutually exclusive with validated flashing (see `EXCLUSIVE_FLASH_PERMISSIONS` in `src/agentic_hil/knowledge.py` and `docs/security-design.md`): once either is on, the backend can no longer stand behind a flash report's claim about what's on the device, so it withholds flashing (`_exclusive_permission_denied`).

Both refusals return a structured `permission_denied` JSON error naming the exact config key (e.g. `debuggers.dut.permissions.allow_flash`) that must be changed to permit the call, rather than performing any hardware action.",True,False,True,src/agentic_hil/tools.py;src/agentic_hil/backends/stlink.py,True,"It correctly traces MCP dispatch to tools.py flash_firmware and STLinkBackend.flash_firmware, and names the allow_flash permission_denied refusals; missing only explicit mcp.py call_tool naming.",0.158304,0.137974,0.02033,0.137974,,multi_hop,false,M,agentic_hil,2017476,172
agentic_hil_q03,indexed_topk3,4131,189,0,0,2,False,end_turn,,5.46,2026-09-15T21:20:04Z,"The broker is implemented in `src/agentic_hil/canbroker.py`, which defines the process that owns a single physical CAN bus and lets multiple named ""participants"" (from different runs/projects) attach and share it. The design rationale is documented in `docs/can-service-design.md` (participant configuration types like `CanShareConfig` live in `src/agentic_hil/types.py`).",True,True,False,src/agentic_hil/canbroker.py,True,The answer names the correct file src/agentic_hil/canbroker.py and accurately describes the broker sharing one physical CAN bus among multiple participant processes.,0.015697,0.010152,0.005545,0.010152,,locate,true,M,agentic_hil,2017476,172
agentic_hil_q37,indexed_topk3,10177,1172,0,0,3,False,end_turn,,14.685,2026-09-15T21:20:12Z,"## `decode_symbol_value` and non-standard lengths

In `src/agentic_hil/backends/gdbdebug.py` (lines ~1733-1756), `decode_symbol_value(data, order)`:

- Always sets `""hex"": data.hex()` (raw bytes, memory order).
- If `len(data)` is in `INTEGER_VALUE_WIDTHS` (i.e. 1, 2, 4, or 8), it adds `value_unsigned` and `value_signed` via `int.from_bytes(data, byte_order, signed=...)`.
- **Otherwise** (any other length, e.g. 3 or 408 bytes), it does **not** attempt any integer decode. Instead it sets:
  ```python
  result[""value_not_decoded""] = ""size_bytes is not 1, 2, 4 or 8, so the bytes carry no single integer reading.""
  ```
  The docstring explains the rationale: a 3-byte or 408-byte object simply isn't a single number, so inventing an integer reading for it would be inventing an answer rather than returning one. Only `hex` (and the passed-through `order` fields) are returned in that case.

## Where the byte order comes from

The `order` argument passed in is produced by `image_byte_order(elf_path)` in `src/agentic_hil/backends/gdbdebug.py` (lines ~1709-1730), which:

1. Calls `read_elf_byte_order(elf_path)` (in `src/agentic_hil/elfsymbols.py`), which reads the ELF header's `EI_DATA` byte to determine ""little"" or ""big"" endianness as declared by the image itself.
2. If the ELF declares an order, returns `{""byte_order"": declared, ""byte_order_from"": ""elf_header""}`.
3. If the file doesn't declare a valid order (unreadable, not an ELF, or `EI_DATA` is neither LSB nor MSB), it falls back to `{""byte_order"": DEFAULT_SYMBOL_VALUE_BYTE_ORDER, ""byte_order_from"": ""default""}`.

The reasoning (per the docstring and `CHANGELOG.md` entry #249) is that the memory-reading backends (GDB, STM32CubeProgrammer/pyocd) return bytes in raw memory order without any endianness info of their own — the ELF's `EI_DATA` field is the only party in the read that actually states the target's byte order, so `decode_symbol_value` trusts whatever `image_byte_order` determined from the image rather than assuming little-endian.

Call sites confirm this: in `gdbdebug.py`'s `debug_symbol_value`, `image_byte_order(str(session.artifact[""resolved_path""]))` is passed in; in `src/agentic_hil/backends/pyocd.py`, `resolved[""image_byte_order""]` (computed earlier via the same `image_byte_order` function during symbol resolution) is passed in.",True,True,True,src/agentic_hil/backends/gdbdebug.py;src/agentic_hil/elfsymbols.py,True,"Answer correctly identifies decode_symbol_value skipping integer decode (hex only, value_not_decoded note) for non-1/2/4/8 widths and byte order from image_byte_order via read_elf_byte_order's ELF EI_DATA, with default fallback.",0.043194,0.032074,0.01112,0.032074,,trace,false,M,agentic_hil,2017476,172
agentic_hil_q14,indexed_topk3,11317,1337,0,0,3,False,end_turn,,18.149,2026-09-15T21:20:29Z,"## What `verify_port_identity` compares

`verify_port_identity` (in `src/agentic_hil/comports.py`) runs before a serial port is opened (e.g. it's invoked at the start of `com_session_start`, comports.py:914-939) and checks that a configured port entry still names the same physical hardware.

It compares, in order:

1. **Serial number** — the entry's configured `serial_number` (or the probe serial it shares a `resource_id` with) against the `serial_number` the host currently reports for the device at that path/name.
2. **USB VID/PID** (the ""type check"") — if the entry declares `vid` and/or `pid`, those are compared against the `vid`/`pid` the host reports for the enumerated device (comports.py:578-617). This runs *after* the serial check and never instead of it, because a USB serial number is only guaranteed unique **within a vendor** — so a matching serial from a different vendor/type proves nothing. For adapters that declare no serial number (e.g. cheap CH340 clones), the VID/PID comparison is the entire identity check, and it is documented as only distinguishing device *type* (a CH340 vs. an ST-Link), not one identical unit from another.

It first enumerates the host's serial ports via `list_available_com_ports`; if that enumeration fails, or the device doesn't appear exactly once in the inventory, or the host doesn't report VID/PID for a declared entry, identity is left **unverified** (statuses `backend_unavailable`, `port_not_enumerated`, `usb_ids_unknown`) via `_identity_unverified`, rather than treated as a mismatch.

## What happens on a VID/PID mismatch

If the declared `vid`/`pid` don't match what's found on the host (`comports.py:591-617`, function `_identity_mismatch`, `comports.py:424-463`):

- The port is **not opened** — the check returns `ok: False` before any session/lease/handle is created.
- The error type is `COM_PORT_IDENTITY_MISMATCH` (`com_port_identity_mismatch`), with `identity[""status""] = ""mismatch""`.
- The response includes both sides of the comparison: `expected_vid`/`expected_pid` (from config) and `found_vid`/`found_pid` (from the host), alongside serial number fields if present.
- The summary explicitly states the port is currently a device of one type but the entry names another, and — if a serial number did match — notes that the serial match ""proves nothing"" since USB serials are only unique per-vendor.
- `likely_causes` lists things like a different adapter now occupying that OS device name, a stale config entry, or coincidentally duplicated serials across vendors.
- The result marks `side_effect_committed: False`, `side_effect_status: ""not_started""`, `hardware_state: ""unchanged""`, and `retry_safe: True` — nothing on the hardware was touched, so the operator can fix the cause (replug the correct board, or run `adopt-hardware`/`init` to rewrite the entry from the actual attached hardware) and retry.

The docs explicitly warn (`src/agentic_hil/skills/agentic-hil/SKILL.md:140-171`) never to resolve this by copying the found values into `serial_number`/`vid`/`pid` or deleting those keys, since that would silently defeat the wrong-board protection the check exists to provide.",True,True,True,src/agentic_hil/comports.py,True,"Answer names the correct file and verify_port_identity, correctly describing serial/VID-PID comparison and the refusal to open with an identity-mismatch error; missing helper symbol names is acceptable.",0.051204,0.036004,0.0152,0.036004,,trace,false,M,agentic_hil,2017476,172
agentic_hil_q26,indexed_topk3,11622,928,0,0,3,False,end_turn,,13.126,2026-09-15T21:20:52Z,"## Summary

The core Intel HEX encode/decode logic lives in **`src/agentic_hil/gdbmi.py`**:

- **`write_intel_hex_file`** (near line 339) — turns a byte buffer read from a symbol's memory into Intel HEX records (via the `intel_hex_record` helper) and writes them atomically to disk.
- **`read_intel_hex_file`** (lines 346–401+) — the inverse: parses an Intel HEX file back off disk and reconstructs the exact byte window `[start_address, start_address + size_bytes)`.

These are then invoked from the backend implementations that dump a symbol's memory as Intel HEX:

- **`src/agentic_hil/backends/gdbdebug.py`**, `dump_symbol_ihex` (lines 683–704) — reads memory then calls `write_intel_hex_file(...)`.
- **`src/agentic_hil/backends/pyocd.py`**, `debug_dump_symbol_ihex` (around lines 415–472) — same pattern, also calling `write_intel_hex_file`.
- **`src/agentic_hil/backends/stlink.py`**, `debug_dump_symbol_ihex` (lines 498+) — here the ST-LINK/STM32CubeProgrammer CLI writes the HEX file itself (`-r` flag), and the result is validated with `looks_like_intel_hex` rather than via `write_intel_hex_file`/`read_intel_hex_file` directly; `read_intel_hex_file` is used elsewhere (e.g., for parsing dumps back) since STM32CubeProgrammer's only read path is through such a file (per the docstring in `gdbmi.py`, issue #249).

So: the actual write/read Intel HEX logic is centralized in `src/agentic_hil/gdbmi.py` (`write_intel_hex_file` / `read_intel_hex_file`), used by the backend `debug_dump_symbol_ihex`/`dump_symbol_ihex` methods in `gdbdebug.py` and `pyocd.py`.",True,True,True,src/agentic_hil/gdbmi.py,True,"The answer names the expected file src/agentic_hil/gdbmi.py and all three symbols (write_intel_hex_file, read_intel_hex_file, intel_hex_record), with accurate extra detail about backend callers.",0.041599,0.032524,0.009075,0.032524,,locate,true,M,agentic_hil,2017476,172
agentic_hil_q13,indexed_topk3,11326,1208,0,0,3,False,end_turn,,14.953,2026-09-15T21:21:08Z,"## `spawn_command` in `src/agentic_hil/backends/common.py`

`spawn_command` returns a `CompletedCommand` in every case — the distinction between ""executable not there"" and ""executable there but refuses to run"" is encoded in that dataclass's fields, not in a different return type or an exception:

**Executable not there (missing file):**
`spawn_managed_process` raises `FileNotFoundError`, which is caught and turned into:
```python
CompletedCommand(stdout="""", stderr="""", returncode=None, timed_out=False, not_found=True)
```
Here `not_found=True` and `not_executable_reason` stays at its default of `None` (so `.not_executable` is `False`).

**Executable there but the OS refuses to run it:**
A generic `OSError` (not `FileNotFoundError`) is caught. If its `errno` is in `EXEC_REFUSED_ERRNOS`, it's turned into:
```python
CompletedCommand(
    stdout="""", stderr="""", returncode=None, timed_out=False,
    not_found=False,
    not_executable_reason=NOT_AN_EXECUTABLE_IMAGE_REASON if error.errno == errno.ENOEXEC else PERMISSION_DENIED_REASON,
    spawn_error=str(error),
)
```
Here `not_found=False`, and `not_executable_reason` is set to one of two values depending on `errno`:
- `errno.ENOEXEC` → `NOT_AN_EXECUTABLE_IMAGE_REASON` (file exists but isn't something the machine can run as a program)
- any other refusal errno (e.g. `EACCES`) → `PERMISSION_DENIED_REASON`

`CompletedCommand` exposes a `not_executable` property (`not_executable_reason is not None`) for callers to check this case, alongside the existing `not_found` flag — so callers distinguish the two failure modes via `completed.not_found` vs. `completed.not_executable`, with `spawn_error` carrying the OS's original error text as evidence.

Any `OSError` whose errno is *not* in `EXEC_REFUSED_ERRNOS` is re-raised rather than converted into a `CompletedCommand`.

Callers (e.g. `src/agentic_hil/backends/pyocd.py::_enumerate_probes`) check `completed.not_found` first (mapping to a `*_NOT_FOUND`-style ""install the toolchain"" error) and `completed.not_executable` second (mapping to `not_executable_refusal(...)` in `common.py`, which produces a `debugger_not_executable` error whose summary reads ""The configured … is present and will not run""). As the docstring for `not_executable_refusal` explains, the two are kept separate because ""install the toolchain"" and ""this toolchain is installed and its execute bit is missing"" require different remediations.",True,True,True,src/agentic_hil/backends/common.py,True,"Answer correctly identifies spawn_command in backends/common.py returning CompletedCommand with not_found vs not_executable_reason distinction, and references not_executable_refusal, matching expected files and symbols.",0.044937,0.034732,0.010205,0.034732,,trace,false,M,agentic_hil,2017476,172
agentic_hil_q21,indexed_topk3,64424,1960,0,0,6,False,end_turn,,29.804,2026-09-15T21:21:25Z,"Now I have a complete picture. Here's the full path, in two parts.

## Where the ELF comes from

`flash_firmware` (`src/agentic_hil/tools.py`) validates/stages an artifact and hands it to the backend. On a successful (or provably-not-started) flash, `_remember_symbol_elf` (`src/agentic_hil/tools.py:314-337`) records that artifact as `self._symbol_elf` — but only if the file has a `.elf` suffix (a `.hex`/`.bin` carries no symbols, so it clears the source instead). If the flash's side effect is unknown or partial, the remembered ELF is dropped rather than trusted. This `self._symbol_elf` is what later gets passed into `debug_symbol_info`/`debug_symbol_value`/`debug_dump_symbol_ihex` (`tools.py:430-452`).

## How the value gets read back

There are two distinct paths depending on whether the backend keeps a debug session:

- **Session backends (OpenOCD/GDB, `src/agentic_hil/backends/gdbdebug.py` / `openocd.py`)**: since a live GDB session already has the image loaded and the target attached, `symbol_elf` is ignored entirely. `debug_symbol_value` resolves the symbol via `_resolve_symbol` against the session's own loaded artifact, then reads memory with `_read_memory_bytes`, decoding it with `decode_symbol_value` using the byte order of the session's own artifact (`gdbdebug.py:646-681`).

- **Sessionless backends (ST-Link `stlink.py`, pyOCD `pyocd.py`)**: there's no live session, so the passed-in `symbol_elf` (i.e., `self._symbol_elf` from the last confirmed `flash_firmware`) is used. `resolve_symbol_offline` (`gdbdebug.py:1541-1601`) copies that ELF into a private staging file, hashes it, and requires the digest to match the digest recorded when it was flashed (`integrity_sha256`/`sha256`) — proving the symbol table describes what's actually on the target — then runs a batch-mode GDB (no `target` command, no probe) against the staged ELF to get the address/size. Only after that offline resolution does the backend open the probe and read the actual bytes off the board (STM32CubeProgrammer's `-r`/memory read for ST-Link, pyOCD's `savemem` for pyOCD, both connecting in a non-resetting mode like `HOTPLUG`/`attach`), then decode them with `decode_symbol_value` using the byte order read from that staged ELF's header (`image_byte_order`).

So: the symbol's address/size are resolved from the ELF that `flash_firmware` put on the board (tracked via `self._symbol_elf`/`_remember_symbol_elf` in `tools.py`), with a digest check on sessionless backends to guarantee that ELF still matches what's flashed; the actual value bytes are then read live off target memory (via the GDB session on OpenOCD, or via STM32CubeProgrammer/pyOCD memory reads on ST-Link/pyOCD) and decoded using that same image's declared byte order.",True,False,True,src/agentic_hil/tools.py,True,"It correctly identifies _remember_symbol_elf in tools.py as the ELF provenance and stlink.py's debug_symbol_value reading target memory with ELF-derived address/byte-order decoding, despite some extra mechanism detail.",0.181023,0.148448,0.032575,0.148448,,multi_hop,true,M,agentic_hil,2017476,172
agentic_hil_q07,indexed_topk3,3761,252,0,0,2,False,end_turn,,6.109,2026-09-15T21:22:07Z,"The pytest plugin lives in **`src/agentic_hil/pytest_plugin.py`**. It's registered as a pytest plugin entry point when the `agentic_hil` package is installed (per `docs/testing.md`), and it's responsible for defining the `agentic_hil` fixture (along with the deprecated `--agentic-hil-config` option/`agentic_hil_config` ini setting via `pytest_addoption`), allowing CI regression suites to drive the same permission-gated tools through `agentic_hil.call(name, arguments)` without needing an MCP client.",True,True,True,src/agentic_hil/pytest_plugin.py,True,"The answer names the expected file src/agentic_hil/pytest_plugin.py and the agentic_hil fixture, agentic_hil_config, and pytest_addoption symbols, matching the expected location and behaviour.",0.016467,0.010042,0.006425,0.010042,,locate,false,M,agentic_hil,2017476,172
agentic_hil_q29,indexed_topk3,6599,479,0,0,2,False,end_turn,,6.534,2026-09-15T21:22:16Z,"The closed JSON Schema is `src/agentic_hil/schemas/testconfig.schema.json`, which uses `additionalProperties: false` at the root and on every step to enforce that only recognized actions and keys may appear in a test plan.

This is documented in `docs/test-plan-contract.md`:
> ""The plan schema is `src/agentic_hil/schemas/testconfig.schema.json`, and it is closed: `additionalProperties: false` at the root and on every step, so a key the schema does not name is a refusal rather than something ignored.""

The schema is loaded/accessed via `plan_schema_text()` in `src/agentic_hil/knowledge.py`, which reads the packaged resource at `agentic_hil/schemas/testconfig.schema.json` (referenced by the `TEST_CONFIG_SCHEMA_RESOURCE` constant).",True,True,False,src/agentic_hil/schemas/testconfig.schema.json,True,"The answer names the expected file src/agentic_hil/schemas/testconfig.schema.json and correctly describes its closed additionalProperties:false behavior constraining allowed actions and keys, plus accurate extra detail.",0.024948,0.017988,0.00696,0.017988,,locate,false,M,agentic_hil,2017476,172
agentic_hil_q05,indexed_topk3,16036,662,0,0,3,False,end_turn,,12.218,2026-09-15T21:22:25Z,"The JUnit XML for a plan run is produced in `src/agentic_hil/junit.py`:

- `junit_xml_document(result, *, plan_steps=())` builds the actual XML document (one `<testsuite>` named after the plan, `<testcase>` elements per plan step, `<failure>`/`<skipped>`/`<error>` cases, etc.) as a pure function of the run's JSON result and the loaded plan steps.
- `write_junit_xml(junit_xml_path, result, *, plan_steps=())` calls `junit_xml_document`, creates parent directories, and writes the document to the path given via `--junit-xml`.
- `result_with_junit_xml(result, junit_xml_path, *, plan_steps=())` wraps this write around a run's result, recording the written path as `junit_xml` on success or a `junit_xml_error` (and failing `ok`) if the write fails.
- There's also a refusal-path helper (`write_junit_xml`'s sibling, around lines 106) that writes the JUnit file for a run refused at preflight, using `suppress(OSError, ValueError)` so a failed write there doesn't hide the refusal itself.

This is invoked from the `test-reactor` CLI command when `--junit-xml <path>` is passed, per `docs/testing.md` and `docs/ci-examples.md`.",True,True,True,src/agentic_hil/junit.py,True,The answer names the correct file src/agentic_hil/junit.py and both expected symbols write_junit_xml and junit_xml_document with accurate behavioral detail.,0.045862,0.038692,0.00717,0.038692,,locate,false,M,agentic_hil,2017476,172
agentic_hil_q34,indexed_topk3,4387,478,0,0,2,False,end_turn,,7.612,2026-09-15T21:22:39Z,"## The three claims

A `read_symbol` step's `comparator:` can assert exactly one of three things about the decoded integer (implemented by `SymbolComparator` in `src/agentic_hil/test_reactor.py`):

1. **`equals`** – the value equals one specific number.
2. **`range`** – the value falls within inclusive bounds (`min`/`max`).
3. **`mask`** (paired with `equals`) – `(value & mask) == equals`, asserting a single flag/bit-field of the word without constraining the rest of it.

## What `signed` selects

`debug_symbol_value` decodes the bytes both ways — as a signed and an unsigned integer — and above the top bit the two readings disagree. `signed: true` picks which of these two readings the claim is judged against (reported as `value_signed` vs. `value_unsigned` via the `reading` property).

Since a `mask` claim is inherently about bits rather than a whole-width numeric reading, `signed` is refused when `mask` is used — the schema rejects that combination rather than silently ignoring it.

**Sources:** `src/agentic_hil/test_reactor.py` (`SymbolComparator` class), `docs/test-plan-contract.md`, `docs/testing.md`.",True,True,True,src/agentic_hil/test_reactor.py,True,"Answer names the right file and SymbolComparator, correctly lists equals/range/mask claims and explains signed selecting signed vs unsigned reading, matching masked_value/value_signed.",0.024004,0.013554,0.01045,0.013554,,trace,true,M,agentic_hil,2017476,172
agentic_hil_q06,indexed_topk3,15309,1188,0,0,3,False,end_turn,,16.979,2026-09-15T21:22:51Z,"Secrets are masked in `src/agentic_hil/redact.py`, and the masking is applied at the point results leave the process in `src/agentic_hil/cli.py`.

**Core masking logic** — `src/agentic_hil/redact.py`:
- `redact_sensitive(value)` recursively walks a result document; for any dict key matching a secret pattern (`*_token`, `*secret`, `password`, `api_key`, `authkey`, via `_SENSITIVE_KEY_PATTERN`) it replaces the value with a `[REDACTED]`-style marker.
- `_redact_member` decides, per key, whether a value goes through the ordinary key-based pass or, for keys named `stdout`/`stderr` (`_STREAM_KEYS`), through `_redact_stream_member`.
- `_redact_stream_member` / `redact_stream_text` do a *second, content-based* pass specifically over captured process output: masking URL userinfo (`_mask_url_userinfo`), `Authorization: Bearer`/`Basic` header lines, and secret-named assignments or query parameters (e.g. `?token=`, `--client-secret=`, `PIP_INDEX_PASSWORD=`) even when they appear inside a text blob rather than under a known key. This is what catches credentials that a package manager (pip/uv) echoes back inside `install.stderr`, etc.

**Where it's applied before output leaves the process** — `src/agentic_hil/cli.py`:
- `emit_result(result, command, human)` calls `redact_sensitive(result)` before either sink emits the document — the JSON sink (`print_json`) for `--json` output and the human sink (`render_result`) for terminal rendering — and fails closed (emits a `redaction_unavailable` refusal) if redaction doesn't return a dict.
- `emit_protocol_error(result, command)` does the same `redact_sensitive` call before writing a startup refusal to stderr in protocol mode.

There's also a related helper in the test/eval harness, `tools/loop_in_container.py`'s `output_tail`, which runs captured CLI stdout/stderr through a separate `redact()` (from `evals/install/redaction.py`, `SecretRedactor`) before truncating and printing — used for eval logging rather than the production server path, but serves the same purpose of masking secrets out of captured process output.",True,True,True,src/agentic_hil/redact.py,True,"The answer names src/agentic_hil/redact.py with redact_sensitive and redact_stream_text as the masking location, matching expected file and symbols, plus accurate extra detail on call sites.",0.051618,0.042498,0.00912,0.042498,,locate,false,M,agentic_hil,2017476,172
agentic_hil_q08,indexed_topk3,13853,905,0,0,3,False,end_turn,,13.881,2026-09-15T21:23:10Z,"## Answer

The module `src/agentic_hil/bench.py` arbitrates exclusive access to a bench, via its `BenchMutex` class.

- **Acquiring**: `BenchMutex.acquire(resources, wait_s=..., stop_requested=...)` (`src/agentic_hil/bench.py:371-423`) takes the machine-wide, per-device locks for the physical resources requested. It returns **the list of resources it newly took** (a device already held by the caller contributes nothing to the returned list). There's also `acquire_named` for taking a single named machine-wide lock (e.g. the enumeration pseudo-resource `debugger-discovery:all`).
- **On collision**: if a declared device is already held by someone else, `acquire`/`acquire_named` raises `DeviceBusyError` (`src/agentic_hil/bench.py:162-167`), whose `.result` attribute is a `JsonObject` naming the current holder (fields like `resource`, `holder`, `held_since`, `heartbeat_at`, `holder_heartbeat_stale`, `error_class`, `errno` — see `DEVICE_HOLD_FIELDS` in `src/agentic_hil/coordination.py`).
- **Releasing**: callers give the resources back with `release()` or `release_all()`.

Example caller usage in `src/agentic_hil/cli.py:3103-3115`:
```python
bench = BenchMutex(frontend=""operator-cli"")
try:
    bench.acquire(device_keys, wait_s=0)
except DeviceBusyError as collision:
    ...
finally:
    bench.release_all()
```

So `BenchMutex` is the arbiter, and a successful `acquire` hands the caller back the list of resource keys it newly locked (nothing more than that — no object/handle beyond the resource name list), while a failed attempt raises `DeviceBusyError` carrying a dict describing the existing holder.",True,True,False,src/agentic_hil/coordination.py,False,"The answer names bench.py's BenchMutex returning a resource-key list, not coordination.py's HardwareCoordinator handing out a HardwareLease, so both the module/symbol and the returned object are wrong.",0.045376,0.036756,0.00862,0.036756,,locate,false,M,agentic_hil,2017476,172
agentic_hil_q10,indexed_topk3,11975,699,0,0,3,False,end_turn,,10.621,2026-09-15T21:23:27Z,"## Answer

When both `image_path` and `artifact_id` are present (truthy) in the payload, `AgenticHILToolService.flash_firmware` rejects the call rather than picking one.

In `src/agentic_hil/tools.py`, the method does:

```python
image_path = payload.get(""image_path"")
artifact_id = payload.get(""artifact_id"")
if bool(image_path) == bool(artifact_id):
    return tool_error(""flash_firmware"", ""invalid_argument"", ""Provide exactly one of image_path or artifact_id."")
```

Since `bool(image_path) == bool(artifact_id)` is `True` whenever both are truthy (as well as when both are falsy/absent), supplying both triggers this check and the method immediately returns a `tool_error` with:
- `error_type`: `""invalid_argument""`
- `summary`: `""Provide exactly one of image_path or artifact_id.""`

No flashing, artifact validation/resolution, or staging occurs in this case — execution never reaches `self.artifacts.validate_local_path`/`resolve_artifact_id` or `self.backend.flash_firmware`.

This mirrors the same ""exactly one of"" pattern used in `debug_start_session` (also in `src/agentic_hil/tools.py`), and is documented in the tool's MCP schema in `src/agentic_hil/contracts.py` (`MCP_TOOLS` entry for `flash_firmware`), which declares `one_of=[{""required"": [""image_path""]}, {""required"": [""artifact_id""]}]`.",True,True,True,src/agentic_hil/tools.py,True,"The answer correctly identifies flash_firmware in src/agentic_hil/tools.py returning tool_error with invalid_argument for the mutually exclusive image_path/artifact_id check, matching expected files and symbols.",0.038995,0.03094,0.008055,0.03094,,trace,false,M,agentic_hil,2017476,172
agentic_hil_q02,indexed,15413,984,0,0,2,False,end_turn,,11.977,2026-09-08T12:02:43Z,"## Answer

The direct ELF parsing (no debugger/GDB involved) happens in **`src/agentic_hil/elfsymbols.py`**, specifically in the `_read_symbol()` function, with helpers `_sections()`, `_symbols()`, `_section_bytes()`, and `_symbol_name()`. This code:

- Validates the ELF magic bytes and header (`ELF_MAGIC`, `elf_class`, `_byte_order`)
- Walks the section headers looking for `SHT_SYMTAB`
- Unpacks each symbol table entry via `struct.unpack` using `SYMBOL_FORMAT`/`SYMBOL_FIELDS` for the file's declared class (32/64-bit) and byte order
- Extracts `st_value` (address) and `st_size` (size) directly from the raw symbol record bytes, skipping `SHN_UNDEF` entries and refusing ambiguous/zero-size matches

This is exposed via the public entry point `read_elf_symbol()` in the same file, which is called from two places when a debugger session either has no debug-info answer or no session exists at all:

1. **`src/agentic_hil/backends/gdbdebug.py`**, `GdbDebugSession._resolve_symbol()` (around line 1061) — falls back to `read_elf_symbol(session.artifact[""resolved_path""], symbol)` when GDB's expression evaluator (`&symbol`/`sizeof(symbol)`) can't resolve a DWARF-less, assembler-defined symbol (e.g. `g_pfnVectors`).
2. **`src/agentic_hil/backends/gdbdebug.py`**, `resolve_symbol_offline()` (around line 1541–1601) — used by the sessionless ST-Link/pyOCD backends. It stages a private copy of the flashed ELF, tries GDB's batch-mode expression markers first, and if those fail, calls `read_elf_symbol(staged_elf, symbol)` directly against the staged file's symbol table (around line 1619-1646).

The result of either fallback is tagged `""resolved_from"": ""elf_symbol_table""` to distinguish it from `""resolved_from"": ""debug_info""`.

Tests confirming this behavior live in `tests/test_debug_sessions.py` (e.g. `test_elf_symbol_table_answers_address_and_size`, `test_elf_symbol_table_is_read_in_the_class_and_order_the_file_declares`).",True,True,True,src/agentic_hil/elfsymbols.py,True,"It names src/agentic_hil/elfsymbols.py and the public read_elf_symbol entry point plus byte-order/class handling helpers, correctly describing direct st_value/st_size extraction without a debugger.",0.051621,0.040666,0.010955,0.040666,,locate,True,L,agentic_hil,4307363,342
agentic_hil_q01,agentic,16522,213,0,0,2,False,end_turn,,3.517,2026-09-08T12:02:59Z,"The OpenOCD backend is implemented in `src/agentic_hil/backends/openocd.py`, which exposes the class `OpenOCDBackend`. It's loaded dynamically in `src/agentic_hil/debugger.py` (`from agentic_hil.backends.openocd import OpenOCDBackend`) when `config.debugger.type == ""openocd""`.",True,True,True,src/agentic_hil/backends/openocd.py,True,"The answer names the expected file src/agentic_hil/backends/openocd.py and the class OpenOCDBackend, with accurate extra detail about dynamic loading in debugger.py.",0.040914,0.035174,0.00574,0.035174,,locate,False,L,agentic_hil,4307363,342
agentic_hil_q01,indexed,8448,165,0,0,2,False,end_turn,,5.192,2026-09-08T12:03:21Z,"The OpenOCD debugger backend is implemented in **`src/agentic_hil/backends/openocd.py`**, which exposes the class **`OpenOCDBackend`** (confirmed by its usage in `tests/test_failure_classification.py` alongside `PyOCDBackend` and `STLinkBackend`).",True,True,True,src/agentic_hil/backends/openocd.py,True,"The answer names the expected file src/agentic_hil/backends/openocd.py and the expected class OpenOCDBackend, matching the question exactly.",0.023901,0.018546,0.005355,0.018546,,locate,False,L,agentic_hil,4307363,342
agentic_hil_q02,agentic,30241,946,0,0,4,False,end_turn,,16.192,2026-09-08T12:03:30Z,"## Answer

The offline ELF symbol-table reader lives in **`src/agentic_hil/elfsymbols.py`**, specifically the function **`read_elf_symbol`** (and its helper `_read_symbol`).

This module parses the ELF file's own headers/section table/symbol table by hand with `struct.unpack` (no debugger, no `pyelftools`, no GDB) to find a symbol's `st_value` (address) and `st_size` (size). It's used as a fallback for symbols that have no DWARF type information (e.g. assembler-defined globals with `.size` but no debug info), since GDB's expression evaluator can't compute `&symbol`/`sizeof(symbol)` for those.

It's invoked from the debug backends, e.g. `src/agentic_hil/backends/gdbdebug.py` (around line 1025, where the comment explains that `st_value`/`st_size` are read straight ""in the symbol table of the very ELF this session loaded"") — this is the GDB-attached path's fallback. But it's also used directly with **no session/debugger at all** for the pyOCD/ST-Link ""typed-debug read"" tools (`debug_symbol_info`, `debug_symbol_value`, `debug_dump_symbol_ihex`), as described in `src/agentic_hil/knowledge.py` (e.g. lines ~2436-2507): these resolve ""an address and a size... out of the ELF `flash_firmware` put on the board"" and ""open no probe.""

So the concrete place doing the raw ELF read is:
- **`src/agentic_hil/elfsymbols.py`** — functions `read_elf_symbol()` / `_read_symbol()` (plus `read_elf_byte_order()` for endianness), which manually parse the ELF header, section headers, and `SHT_SYMTAB` symbol table to extract a symbol's address (`st_value`) and size (`st_size`) directly from the file bytes.",True,True,True,src/agentic_hil/elfsymbols.py,True,"The answer names the expected file src/agentic_hil/elfsymbols.py and both expected symbols read_elf_symbol and read_elf_byte_order, accurately describing raw ELF parsing of st_value/st_size without a debugger.",0.078807,0.069942,0.008865,0.069942,,locate,True,L,agentic_hil,4307363,342
agentic_hil_q02,indexed_topk3,32233,1072,0,0,5,False,end_turn,,27.133,2026-09-08T12:03:57Z,"## Answer

The module `src/agentic_hil/elfsymbols.py` is where **agentic-hil** parses an ELF file directly (via `struct.unpack` on the raw bytes) to extract a symbol's `st_value` (address) and `st_size` (size), entirely independent of any debugger process. Its `read_elf_symbol(path, symbol)` function opens the file, walks the section headers (`_sections`, `_section_at`), locates the symbol table section, iterates its entries (`_symbols`), and returns the matching symbol's address/size — or a refusal reason (`not_found`, `no_size`, `ambiguous`, `unreadable`) if it can't answer.

This is used as a **fallback** by the GDB backend in `src/agentic_hil/backends/gdbdebug.py`:
- `GdbDebugBackend._resolve_symbol` (around line 1016–1067): tries GDB's expression evaluator first (for typed/DWARF symbols), and when that fails, calls `read_elf_symbol(str(session.artifact[""resolved_path""]), symbol)` to get `st_value`/`st_size` straight from the loaded ELF's symbol table — used for symbols like the assembler-defined vector table (`g_pfnVectors`) that have no DWARF type info.
- The standalone symbol-resolution path around line 1619–1646 does the same thing against a digest-verified staged copy of the flashed ELF (`table = read_elf_symbol(staged_elf, symbol)`), again as the fallback when GDB's marker-based expression query returns nothing.

So: **no debugger reads happen here** — `elfsymbols.read_elf_symbol` reads `st_value`/`st_size` directly out of the ELF's symbol table on disk, and `gdbdebug.py` invokes it as the non-debugger fallback path.",True,True,True,src/agentic_hil/elfsymbols.py,True,"The answer names src/agentic_hil/elfsymbols.py and its read_elf_symbol function reading st_value/st_size from the ELF directly, matching the expected location and behaviour with accurate extra detail.",0.083701,0.075186,0.008515,0.075186,,locate,True,L,agentic_hil,4307363,342
agentic_hil_q01,indexed_topk3,3929,153,0,0,2,False,end_turn,,3.643,2026-09-08T12:04:28Z,"The OpenOCD debugger backend is implemented in `src/agentic_hil/backends/openocd.py`, which exposes the `OpenOCDBackend` class (with `backend_name = ""openocd""`).",True,True,True,src/agentic_hil/backends/openocd.py,True,"The answer names the expected file src/agentic_hil/backends/openocd.py and the expected class OpenOCDBackend, matching the question's requested location and symbol.",0.014683,0.009388,0.005295,0.009388,,locate,False,L,agentic_hil,4307363,342
agentic_hil_q39,indexed,174522,5583,0,0,5,False,end_turn,,64.275,2026-09-08T12:04:58Z,"## The path from plan file to a GDB breakpoint

**1. The plan step**
A YAML/JSON test plan names a debugger step by action, e.g. `{device: dut, action: run_until_breakpoint, location: capture_done, timeout_s: 5}` (`docs/testing.md`). `run_until_breakpoint`'s `location` (or `debug_set_breakpoint`'s `symbol`) can be a bare string, or an object with `symbol`/`function`, or a `{file, line}` pair — that shape is defined by `breakpoint_symbol()` and later `normalize_breakpoint_location()`.

**2. Reactor preflight (before any hardware is touched)**
`DebuggerRunner.preflight` in `src/agentic_hil/test_reactor.py` runs for every step before the plan executes a single hardware action (`docs/testing.md`, `docs/test-plan-contract.md`):

- Resolves which debugger the step names and checks session-order state (a `run_until_breakpoint`/`dump_memory`/`read_symbol` needs a `debug_start` already open on *this* debugger; wrong debugger or no session → `preflight_error`).
- For `run_until_breakpoint` specifically: refuses immediately if `permissions.allow_debug_execution` is false, because `_run_until_breakpoint` will unconditionally call `debug_continue` afterward.
- Extracts the symbol via `breakpoint_symbol(step.arguments.get(""location""))`. If the location is a `{file, line}` form (no symbol), it requires `config.debug.allow_all_symbols`.
- If a symbol name is present, `symbol_allowed(config, symbol)` — `config.debug.allow_all_symbols or symbol in config.debug.allowed_symbols` — must be true, or the whole plan is refused with a `preflight_error` naming the field (`location` for `run_until_breakpoint`, `symbol` for other debug actions).

Any finding here rejects the whole plan before anything reaches the backend (`docs/testing.md`'s pipeline diagram, `docs/test-plan-contract.md`).

**3. Step execution**
`DebuggerRunner._run_until_breakpoint_step` → `_run_until_breakpoint(arguments)` (`src/agentic_hil/test_reactor.py`) calls `self.service.call(""debug_set_breakpoint"", {""location"": arguments[""location""]})`, then (if that succeeds) `debug_continue`, then always `debug_clear_breakpoints`, merging the statuses.

**4. Tool-service layer**
`AgenticHILToolService.debug_set_breakpoint` (`src/agentic_hil/tools.py`) does one more syntactic check — the location must be a non-empty string or non-empty object, else `invalid_argument` — before forwarding to `self.backend.debug_set_breakpoint(...)`. Calls made through `.call(...)` also go through the coordinator/hardware-lease machinery (`src/agentic_hil/coordination.py`, `HardwareCoordinator`/`HardwareLease`), which can refuse or block a call if the resource is `resource_busy` (locked by another process) or already `quarantined`/blocked by a standing incident from a prior unconfirmed effect.

**5. GDB backend**
`GdbDebugBackend.set_breakpoint` (`src/agentic_hil/backends/gdbdebug.py`):
- `_require_session(tool)` — refuses `session_not_active` if there's no active/halted GDB session.
- `normalize_breakpoint_location(tool, location)` → `normalize_symbol_location` — the symbol must match `DEBUG_SYMBOL_PATTERN` (a valid C/C++ identifier) or it's refused `invalid_argument`.
- If it resolved to a symbol, `_validate_symbol(tool, symbol)` re-checks the identifier pattern and the allowlist (`config.debug.allowed_symbols`/`allow_all_symbols`) again at the backend layer — defense in depth against the same `permission_denied` preflight already checked.
- If it resolved to a file/line instead (no symbol), and `allow_all_symbols` is false, it's refused `permission_denied`.
- Only past all of that does it issue the actual GDB/MI command: `-break-insert <location>` via `_gdb_command`.
- The response is then judged: it needs `response.ok` **and** a parseable numeric `bkpt.number`. If the ack timed out, or executed with an unparsable id, or the audit log write afterward fails (`self._audit_broken`), the breakpoint is *not* reported as a clean success — it's tracked as `provisional`, with `side_effect_status: ""unknown""`, `cleanup_required: True`, and the lease may be quarantined pending reconciliation (later confirmed/cleared only against GDB's own `-break-list`, per `debug_clear_breakpoints`'s reconcile-first logic, seen in `tests/test_debug_sessions.py`).

## What can refuse it, end to end
- **Session-order / routing**: unknown or unnamed debugger, no `debug_start` yet, or session belongs to a different debugger (`test_reactor.py` preflight).
- **Permission**: `allow_debug_execution` false (only for `run_until_breakpoint`, checked at preflight before the backend is ever reached).
- **Symbol allowlist**: symbol not in `debug.allowed_symbols` and `allow_all_symbols` not set — refused at preflight (`symbol_allowed`) and again independently at the backend (`_validate_symbol`).
- **File/line form without blanket permission**: `debug.allow_all_symbols` false for a `{file,line}` location.
- **Syntax**: location that isn't a valid C/C++ identifier or a well-formed `{file,line}` — `invalid_argument` from `normalize_breakpoint_location`/`normalize_symbol_location`, and again a shallower check in `AgenticHILToolService.debug_set_breakpoint`.
- **No live/halted session**: `_require_session` → `session_not_active`.
- **Hardware coordination**: the resource is locked by another process (`resource_busy`) or the coordinator/lease is already blocked/quarantined by a standing incident.
- **Backend-communication failure**: the GDB ack times out, is unparsable, or the audit log write fails after the insert actually executed — treated as an unconfirmed/undecided effect (`side_effect_status: unknown`, `cleanup_required`, possibly `quarantined`) rather than silently succeeding or silently failing.",True,True,True,src/agentic_hil/test_reactor.py;src/agentic_hil/backends/gdbdebug.py,True,"Answer traces the plan step through test_reactor.py preflight (breakpoint_symbol, symbol_allowed) into gdbdebug.py set_breakpoint/normalize_breakpoint_location, naming all expected files and symbols plus accurate refusal points.",0.424019,0.404874,0.019145,0.404874,,multi_hop,False,L,agentic_hil,4307363,342
agentic_hil_q06,agentic,7891,403,0,0,2,False,end_turn,,5.703,2026-09-08T12:06:06Z,"The redaction logic lives in `src/agentic_hil/redact.py`, which scans captured stdout/stderr for credential-shaped substrings (URL userinfo, `Authorization:`-style headers, and sensitive shell/query assignments like `token`, `password`, `api_key`) and replaces them with `[redacted]` via `_mask_url_userinfo`, `_mask_keep`, and `_mask_shell`, driven by the pattern table around line 213 (`_SENSITIVE_ASSIGNMENT_QUERY`, `_SENSITIVE_ASSIGNMENT_SHELL`, `_AUTH_HEADER_PATTERN`).

This redaction is applied to run evidence in `src/agentic_hil/runevidence.py` (see the module docstring around lines 37–46 describing the masking-by-key-name pass), which is where process output gets sanitized before being included in the evidence/report that leaves the server.",True,True,False,src/agentic_hil/redact.py,True,"It correctly identifies src/agentic_hil/redact.py as the masking location and describes the redaction behaviour, naming internal helpers rather than the exact public functions.",0.030567,0.019812,0.010755,0.019812,,locate,False,L,agentic_hil,4307363,342
agentic_hil_q10,agentic,21610,529,0,0,4,False,end_turn,,8.595,2026-09-08T12:06:30Z,"When both `image_path` and `artifact_id` are present in the payload, `AgenticHILToolService.flash_firmware` (in `src/agentic_hil/tools.py`, lines 274–312) rejects the call rather than preferring one input:

- It checks `bool(image_path) == bool(artifact_id)` (line 282). This is true both when neither field is set and when both are set.
- In that case it returns `tool_error(""flash_firmware"", ""invalid_argument"", ""Provide exactly one of image_path or artifact_id."")` (line 283), and the function returns immediately — no artifact resolution, staging, or backend flash call happens.

So providing both `image_path` and `artifact_id` simultaneously is treated identically to providing neither: an `invalid_argument` error is returned and no flashing is attempted.",True,True,True,src/agentic_hil/tools.py,True,"The answer correctly identifies flash_firmware in src/agentic_hil/tools.py returning tool_error with invalid_argument when both fields are set, matching the expected file and symbols.",0.055,0.04851,0.00649,0.04851,,trace,False,L,agentic_hil,4307363,342
agentic_hil_q03,indexed,8911,422,0,0,2,False,end_turn,,10.818,2026-09-08T12:06:53Z,"The broker is implemented in **`src/agentic_hil/canbroker.py`**, specifically the `CanBroker` class (and its `main()` CLI entry point, `agentic-hil-can-broker`).

- `CanBroker` (defined starting around `canbroker.py:519`) is described as ""One process, one physical bus, many named participants."" It acquires the machine-wide bus lock (`take_bus()`), opens the CAN adapter once (`open_bus()`), and then serves multiple named ""participant"" connections over local IPC, each with its own filter/frame view (`serve()`, `_handle_attach()`).
- The participant/client side of the protocol (`attach_participant`, descriptor/authkey helpers) is also in that same module.
- The data model for a shared bus/participant view is `CanShareConfig` in `src/agentic_hil/types.py`.
- The design rationale is documented in `docs/can-service-design.md` (""CAN as a Service: One Bus Owner, Named Participants"").
- Tests exercising this behavior are in `tests/test_can_broker.py`.",True,True,True,src/agentic_hil/canbroker.py,True,"The answer names the correct file (src/agentic_hil/canbroker.py) and the primary CanBroker class, plus accurate supporting detail; omitting BrokerDescriptor is minor since descriptor helpers are mentioned.",0.029357,0.022042,0.007315,0.022042,,locate,True,L,agentic_hil,4307363,342
agentic_hil_q25,agentic,19436,1423,0,0,3,False,end_turn,,18.106,2026-09-08T12:07:07Z,"This is the mechanism: each report includes a `canonical_audit` field (attached by `attach_canonical_audit_evidence` in `src/agentic_hil/report.py`).

**How the proof works:**

1. **Trusted canonical copy under `state_root`** — Every agent-initiated hardware-effect event is written twice: first to a *canonical* audit ledger under the trusted `state_root` (`audit_logs_directory`/`canonical_audit_log_path` in `src/agentic_hil/report.py`), and only if that succeeds is it mirrored into the untrusted workspace log (`append_jsonl`, lines 50‑66). This ordering means a claimed success can never exist only in the tamperable workspace copy.

2. **Hash-chained sidecar** — Each canonical log has a `.digest` sidecar (`_canonical_sidecar_path`) tracking `sequence`, `bytes`, and a running `chain_sha256`. On every append, `append_canonical_audit_log` (report.py:105‑130) first checks that the on-disk file size still matches the sidecar's recorded `bytes` (failing closed if it doesn't — meaning a line was added or removed outside the chain), then folds the new line into the chain via `sha256(prev_chain_digest + new_line)`, and atomically updates sequence/bytes/digest. `write_audit_log` (full-file rewrites) similarly re-hashes the whole content and bumps the sequence. The chain starts from `_GENESIS_DIGEST` (all zeros).

3. **What the agent's report actually carries back** — `attach_canonical_audit_evidence`/`canonical_audit_evidence` (report.py:160‑214) build a `canonical_audit` object attached to the result: `canonical_log_present`, `canonical_log_name`, `log_sequence`, `log_chain_sha256`, and `workspace_log_verified`. The absolute canonical path is deliberately withheld (only the basename), so the digest/sequence pair is the actual proof surfaced to the agent, not the raw file.

4. **Cross-check against the workspace copy** — `workspace_log_verified` is computed by checking that every line in the canonical (trusted) log still appears, in order, as a subsequence of the workspace log's lines (`_is_ordered_subsequence`). Extra passive lines in the workspace mirror (e.g., COM RX feedback) are tolerated, but deleting or altering an effect record breaks the subsequence check and flips `workspace_log_verified` to `False`.

5. **Fail-closed on corruption** — If the canonical log or sidecar is missing/unreadable/corrupt, evidence reports `canonical_log_corrupted: True` or `workspace_log_verified: False` rather than silently treating it as fine (report.py:171‑193), and elsewhere in the module (`mark_audit_failure`, `merge_audit_status`) any such failure forces `audit_ok: False` on the returned result so downstream logic can't treat a broken chain as a clean run.

So the proof the agent gets back isn't the log content itself but a hash-chain digest + sequence number from the trusted canonical ledger, plus an explicit boolean showing whether the exposed workspace log still contains every canonically-recorded line in order — any edit or deletion in the workspace copy, or any break in the chain/size invariant of the canonical copy itself, is detectable and surfaces as `workspace_log_verified: False` / `audit_ok: False`.",True,False,True,src/agentic_hil/report.py,True,"It identifies the canonical_audit evidence attached via attach_canonical_audit_evidence/canonical_audit_evidence and the hash-chained append_canonical_audit_log, describing the digest/sequence proof and workspace subsequence verification accurately.",0.071527,0.053102,0.018425,0.053102,,multi_hop,False,L,agentic_hil,4307363,342
agentic_hil_q27,indexed,14291,907,0,0,2,False,end_turn,,12.021,2026-09-08T12:07:39Z,"The machine-wide mutex is the `BenchMutex` class in **`src/agentic_hil/bench.py`**.

Key details:

- **`BenchMutex`** (`src/agentic_hil/bench.py`) implements the machine-wide mutex. It stores its lock files under one agreed, per-machine location, `~/.agentic-hil/device-locks` (deliberately *not* under a per-configuration `state_root`, since two sessions with different `state_root` values may still be the same physical bench — see `tests/test_bench_mutex.py`).
- It exposes `acquire()`/`acquire_named()`/`release()`/`release_all()`, which take/release OS-level locks per physical resource name (e.g. `probe:<serial>`, `com:<device>`, `can:<adapter>:<channel>`, or `physical:<resource_id>`), taking a whole declared set in one sorted, all-or-nothing acquisition and unwinding on failure (`BenchMutex.acquire`/`acquire_named` in `bench.py`).
- Contention raises `DeviceBusyError`, naming the current holder rather than silently blocking; waiting only happens if explicitly requested via `wait_s`.
- Because it's an OS-level lock, a crashed process releases the device immediately (no stale-lock recovery needed).

This mutex is consumed via the higher-level `Device`/`DeviceSet` abstractions in **`src/agentic_hil/devices.py`** (`Device.acquire`, `DeviceSet.acquire`), which derive a `lock_key` from hardware identity (probe serial, resource_id, serial device path, etc.) so that two config entries pointing at the same physical unit collapse to a single lock. The `HardwareCoordinator` (referenced in `tests/test_devices.py`) and CLI commands like `bench_run_start`/`grant`/`revoke` (`src/agentic_hil/cli.py`) go through this same `BenchMutex` to enforce exclusivity across separate processes/terminals on the machine.

Documentation of this design is in `docs/safety-model.md` (""Exclusivity per physical device is machine-wide and held for the whole run, kept in one agreed place..."").",True,True,True,src/agentic_hil/bench.py,True,"The answer names bench.py's BenchMutex and DeviceBusyError, plus the machine-wide device lock root location, matching the expected file and symbols with accurate supporting detail.",0.046497,0.037652,0.008845,0.037652,,locate,True,L,agentic_hil,4307363,342
agentic_hil_q07,indexed,8163,241,0,0,2,False,end_turn,,4.607,2026-09-08T12:08:00Z,"The pytest plugin lives in **`src/agentic_hil/pytest_plugin.py`**. It registers the `agentic_hil` fixture (and the `pytest_addoption` hook for the deprecated `--agentic-hil-config`/`agentic_hil_config` ini option), and is exposed via the package's pytest entry point so that installing `agentic-hil` automatically registers it as a pytest plugin (see also `docs/testing.md`, which documents this behavior).",True,True,True,src/agentic_hil/pytest_plugin.py,True,"The answer names the correct file src/agentic_hil/pytest_plugin.py and the expected symbols agentic_hil fixture, agentic_hil_config option, and pytest_addoption hook.",0.024821,0.018736,0.006085,0.018736,,locate,False,L,agentic_hil,4307363,342
agentic_hil_q13,agentic,9163,879,0,0,3,False,end_turn,,10.625,2026-09-08T12:08:09Z,"## Answer

`spawn_command` in `src/agentic_hil/backends/common.py` returns a `CompletedCommand` dataclass in both cases, but the two failure modes are distinguished by different fields:

- **Executable not there (`FileNotFoundError`, i.e. `ENOENT`)**: returns `CompletedCommand(stdout="""", stderr="""", returncode=None, timed_out=False, not_found=True)` — `not_found=True` and `not_executable_reason` left at its default `None`.

- **Executable present but the host will not run it** (an `OSError` whose `errno` is in `EXEC_REFUSED_ERRNOS = {EACCES, EPERM, ENOEXEC}`): returns `CompletedCommand(stdout="""", stderr="""", returncode=None, timed_out=False, not_found=False, not_executable_reason=<PERMISSION_DENIED_REASON or NOT_AN_EXECUTABLE_IMAGE_REASON>, spawn_error=str(error))`. Here `not_found=False`, and `not_executable_reason` is set — `PERMISSION_DENIED_REASON` for `EACCES`/`EPERM`, or `NOT_AN_EXECUTABLE_IMAGE_REASON` for `ENOEXEC`.

`CompletedCommand` also exposes a `not_executable` property (`self.not_executable_reason is not None`) as the convenient boolean check for the second case.

Any other `OSError` errno is re-raised rather than turned into a result (see the comment block above `EXEC_REFUSED_ERRNOS`, lines 142–159), since it says nothing about the configured file itself.

So callers distinguish ""not there"" vs ""there but won't run"" via `CompletedCommand.not_found` vs `CompletedCommand.not_executable`/`not_executable_reason`. This is used downstream by `not_executable_refusal` (same file, `src/agentic_hil/backends/common.py`) to build the operator-facing refusal for the second case, paired with each backend's own `*_NOT_FOUND` handling for the first case.",True,True,True,src/agentic_hil/backends/common.py,True,"Answer identifies the correct file, spawn_command's CompletedCommand return, the not_found vs not_executable_reason distinction, and not_executable_refusal, matching expectations.",0.038221,0.027116,0.011105,0.027116,,trace,False,L,agentic_hil,4307363,342
agentic_hil_q16,indexed,9674,1573,0,0,2,False,end_turn,,16.747,2026-09-08T12:08:33Z,"## `HardwareLease.quarantine`

Defined in `src/agentic_hil/coordination.py` (class `HardwareLease`, ~line 484):

```python
def quarantine(self, reason: str, error: object | None = None, *, audit_broken: bool = False) -> None:
    self.coordinator.quarantine_lease(self, reason, error, audit_broken=audit_broken)
```

It delegates to `HardwareCoordinator.quarantine_lease`, which (if the lease is still valid) calls `_quarantine_registered_lease`. That method:

- Opens (or reuses) an incident by generating a `quarantine_id` if one doesn't exist.
- Grows the coordinator's `incident_resources` to include this lease's resources.
- Sets the lease's `state` to `""cleanup_required""`, stamps its `quarantine_id`, and marks `audit_ok` false if `audit_broken=True`.
- Appends a detail record (`reason`, `time`, `quarantine_id`, and optional `error_type`/`summary`) to `lease.errors` (deduplicated).
- Sets `self.blocked = True` on the coordinator (the whole project becomes blocked/quarantined).
- Persists the lease record and the project state as `""cleanup_required""`, and re-persists sibling quarantined leases if the incident's resource set grew, so all markers agree.

In short, `quarantine()` **does not release anything** — it puts the lease (and the whole project) into a blocked, incident state because something makes the physical/safe state of the hardware unknown (e.g., unconfirmed safe state, unreaped processes, or a broken audit trail). The bench stays held/blocked until recovery resolves the incident.

## `HardwareLease.release`

Defined right above `quarantine` in `coordination.py`:

```python
def release(self, *, safe_state_confirmed: bool = True, processes_reaped: bool = True, audit_ok: bool = True) -> bool:
    return self.coordinator.release_lease(
        self,
        safe_state_confirmed=safe_state_confirmed,
        processes_reaped=processes_reaped,
        audit_ok=audit_ok,
    )
```

This delegates to `HardwareCoordinator.release_lease`, which is the ""give the bench back"" path:

- If the lease isn't valid, marks it `""stale""` and returns `False`.
- If any of `safe_state_confirmed`, `processes_reaped`, or `audit_ok` is false, it internally calls `_quarantine_registered_lease` (the *same* function `quarantine()` uses) with a specific reason (`safe_state_unconfirmed`, `process_reap_unconfirmed`, or `audit_broken`) and returns `False` — i.e. a release can itself trigger a quarantine if the caller can't confirm the bench is safe.
- Otherwise, it sets `lease.state = ""releasing""`, persists the lease as `""released""`, updates the project's incident/blocked bookkeeping (removing this lease's resources from any residual incident, re-persisting other markers, etc.), and returns `True` on success (or handles failure to persist by re-quarantining under `lease_release_unconfirmed`, per `tools.py` comments at line ~1807).

## Key difference

- **`release()`** is the normal, successful-exit path: it tries to hand the resources back cleanly and only quarantines as a *side effect* if the caller cannot confirm safety/reaping/audit integrity, or if persisting the ""released"" record itself fails.
- **`quarantine()`** is a direct, explicit call to put the lease into the blocked `""cleanup_required""` state with a given `reason`/`error` — used when the caller already knows something went wrong (e.g., in `tools.py`, `_lease_result` calls `lease.quarantine(""debug_coordination_report_audit_broken"", audit_broken=True)` when writing the report itself reveals a broken audit trail). It doesn't attempt a clean release at all; it goes straight to the incident state.

Both ultimately route through the same internal `_quarantine_registered_lease` helper in `coordination.py` when an incident needs to be opened, but `release()` is the ""normal exit that can fail into quarantine,"" whereas `quarantine()` is the ""immediate, explicit quarantine"" entry point used elsewhere (e.g., `tools.py`) when a caller already has a specific reason to block the lease rather than release it.",True,True,True,src/agentic_hil/coordination.py,True,The answer correctly locates both methods in src/agentic_hil/coordination.py's HardwareLease class and accurately describes quarantine's incident/blocked cleanup_required behavior versus release's clean handback that can fall into quarantine.,0.048098,0.035078,0.01302,0.035078,,trace,False,L,agentic_hil,4307363,342
agentic_hil_q14,agentic,15434,1291,0,0,4,False,end_turn,,15.977,2026-09-08T12:08:53Z,"## What `verify_port_identity` compares

Located in `src/agentic_hil/comports.py` (function `verify_port_identity`, lines 466–~620).

Before a configured port (`ComPortConfig`) may be opened, the function looks up the *expectation* declared for that port (`expected_port_identity`) — the serial number and/or USB VID/PID that the configuration entry names for the board — and then enumerates the host's currently-attached serial ports via `list_available_com_ports`.

For the single host port entry that matches the configured device name (`port_names_device`), it compares:

1. **Serial number** — the configured `expectation.expected` serial vs. the host-reported `found` serial number (`fold_hardware_id` normalized), if the entry declares one.
2. **USB VID/PID** — the configured `expectation.vid`/`expectation.pid` vs. the host-reported `found_vid`/`found_pid` (via `host_usb_id`), if the entry declares either. This VID/PID check runs *after* the serial check (never instead of it), because a USB serial number is only unique within a vendor, so the type check is needed even when the serial matches.

If the entry declares neither (identity is `None`), the port is treated as `not_declared` and is opened without any comparison.

## What happens on a VID/PID mismatch

If the entry declares a VID and/or PID and the host-reported values differ (`any(claimed != seen for claimed, seen in declared)`), `verify_port_identity` calls the helper `_identity_mismatch`, which:

- Sets `identity[""status""] = ""mismatch""`.
- Returns `{""ok"": False, ...}` with `error_type = COM_PORT_IDENTITY_MISMATCH`.
- Produces a `summary` stating the port is ""currently a device of `<found vid/pid>`"", but the entry names `<expected vid/pid>` — noting that if a serial number was also declared, its match ""proves nothing, because a USB serial is unique only within a vendor.""
- Includes `expected_*`/`found_*` fields and a `likely_causes` list (e.g., a different USB-serial adapter now has that name, the entry is stale, or serial numbers coincide across vendors, which VID/PID exists to disambiguate).
- Marks the refusal as **no-contact/retry-safe**: `side_effect_committed: False`, `side_effect_status: ""not_started""`, `hardware_state: ""unchanged""`, `retry_safe: True` — i.e., the port is **never opened**; nothing is written to the mismatched hardware.

If instead the host port reports no VID/PID at all while the entry names one (rather than a differing value), the function instead treats this as an unverifiable check: `identity[""status""] = ""usb_ids_unknown""`, and returns via `_identity_unverified` (same ""not opened, retry-safe"" refusal shape, but a different `error_type`, `COM_PORT_IDENTITY_UNVERIFIED`, since the comparison itself couldn't run rather than having run and failed).",True,True,True,src/agentic_hil/comports.py,True,"Answer names comports.py and verify_port_identity/expected_port_identity, correctly describing serial and VID/PID comparison and the refusal to open the port on mismatch.",0.057993,0.043778,0.014215,0.043778,,trace,False,L,agentic_hil,4307363,342
agentic_hil_q05,indexed,14280,675,0,0,2,False,end_turn,,9.757,2026-09-08T12:09:23Z,"The JUnit XML for a plan run is built and written in **`src/agentic_hil/junit.py`**:

- `junit_xml_document(result, *, plan_steps=())` builds the actual `<testsuite>`/`<testcase>` XML document as a pure function of the run's result dict and the loaded plan steps (uses `xml.etree.ElementTree`, not junitparser).
- `write_junit_xml(junit_xml_path, result, *, plan_steps=())` calls `junit_xml_document` and writes the output to the path given via `--junit-xml`, creating parent directories as needed.
- `result_with_junit_xml(result, junit_xml_path, *, plan_steps=())` wraps `write_junit_xml` for the success path, recording `junit_xml` (or `junit_xml_error`) on the returned result.
- `write_refusal_junit_xml(junit_xml_path, refusal, *, plan_steps=())` is the best-effort variant used when a run is refused before it produces a normal report.

These are invoked from the CLI entrypoint for a plan run in **`src/agentic_hil/reactorrun.py`**, e.g. `run_test_reactor`/`run_reactor` calls `write_refusal_junit_xml(...)` on preflight refusal and `result_with_junit_xml(result, junit_xml, plan_steps=test_config.steps)` after a normal run to attach the JUnit artifact.

Documentation of the resulting format is in `docs/testing.md` (""A JUnit report for CI"") and `docs/github-action-design.md` (""The JUnit mapping"").",True,True,True,src/agentic_hil/junit.py,True,"The answer names src/agentic_hil/junit.py and both expected symbols write_junit_xml and junit_xml_document, with accurate additional detail about callers and related helpers.",0.042995,0.03531,0.007685,0.03531,,locate,False,L,agentic_hil,4307363,342
agentic_hil_q04,agentic,26329,648,0,0,3,False,end_turn,,8.855,2026-09-08T12:09:37Z,"The module `src/agentic_hil/mcp.py` handles this. Specifically:

- `handle_mcp_message` (and its per-item helper `handle_single_mcp_message`) parses the incoming JSON-RPC message envelope and validates it.
- `handle_method` dispatches based on the `method` field (e.g. `initialize`, `ping`, `tools/list`, `tools/call`, `resources/read`, etc.).
- For the `tools/call` method, `call_tool(params, tools)` invokes `tools.call(name, arguments)` on the `AgenticHILToolService` instance — this is the actual dispatch of a tool invocation to the tool service.

The stdio transport in `src/agentic_hil/stdio.py` reads lines from stdin, constructs an `AgenticHILToolService(config, frontend=""mcp"")`, and calls `handle_mcp_message(message, tools)` for each parsed message (see `mcp_stdio`/`serve` in `stdio.py`), which is what wires the raw JSON-RPC stream to `agentic_hil/mcp.py`'s dispatcher.",True,True,True,src/agentic_hil/mcp.py,True,"The answer names src/agentic_hil/mcp.py and all expected symbols (handle_mcp_message, handle_method, call_tool), correctly describing the JSON-RPC dispatch to the tool service.",0.066353,0.059138,0.007215,0.059138,,locate,False,L,agentic_hil,4307363,342
agentic_hil_q38,indexed,51192,2056,0,0,3,False,end_turn,,25.557,2026-09-08T12:09:57Z,"## How a `uart_expect` step decides a match

`uart_expect` (and `uart_read` with a `comparator:`) are both implemented on top of one shared read-until-match loop, `TestReactorUart._read_until` (`src/agentic_hil/test_reactor.py`, around line 1790 onward):

1. **Bytes, not per-chunk text, are accumulated.** Each pass calls `com_read` via `self.service.call(...)`, decodes the returned hex into raw bytes, and appends them to a rolling `bytearray` (`received`), capped to a `window` size (`max(UART_EXPECT_TAIL_BYTES, 4*len(written)+16)`). Bytes are carried across reads *undecoded* rather than decoding each chunk independently — decoding chunk-by-chunk would turn a multi-byte character split across two reads into replacement characters on each side of the seam.

2. **The whole accumulated window is decoded once per pass** (`decode_bytes(raw, encoding)`), and the claim is tested against that decoded string, not against the latest chunk alone — so a value split across two `com_read` calls is still one match.

3. **The match predicate is the `matches` callable** built for the expectation:
   - For `uart_expect` (v2 `text`/`pattern`), `_matcher()` (`test_reactor.py`) returns either a plain substring test (`expected in decoded`) for `text`, or a compiled `re.search` for `pattern`.
   - For a `comparator:` (v3 `equals`/`pattern`/`range`), it's `StepComparator.matches()` (`test_reactor.py` ~line 307), which handles `equals` via `decoded_equals` (a complete-line match), `pattern` via `re.finditer`, and `pattern`+`range` by scanning every match, extracting the captured number, and taking the *latest* one that falls in `[min, max]`.

4. **The deadline is checked before the match, not after** — the pass where the timeout has expired still gets to test `matches(decoded, final=True)`, so a value with no trailing terminator can still be judged ""final"" on its last look. If nothing matches and the deadline has passed, the step fails with `uart_expect_timeout` (v2) or `comparator_unmet` (v3), carrying the last `UART_EXPECT_TAIL_BYTES` (512) of what was actually received as `received_tail` (`{hex, text, encoding}`).

## Recovering the raw wire bytes for the match

Because `decode_bytes` decodes with `errors=""replace""`, the decode is **not reversible** — you cannot safely re-encode a matched substring back into the bytes the wire actually sent (an invalid `ff` byte turns into `�`, and stateful codecs can inject characters like a BOM). So instead of re-encoding, the reactor slices the raw bytes straight out of the same receive buffer:

- The comparator/matcher records the character span of the match (`matched_span`) alongside the decoded text.
- `matched_span_bytes(received, encoding, span)` (`src/agentic_hil/comports.py`, ~line 1625) recovers the byte span: it feeds `received` to an *incremental* decoder one byte at a time, mapping each produced character to the exact byte run it consumed (this stays correct across `replace` substitutions). It cross-checks that the incremental decode matches the one-shot `decode_bytes` output the match was made against; if they disagree, or if the requested span begins/ends inside a multi-character decode run emitted atomically by a stateful codec (e.g. UTF-7), it returns `None` rather than guess.
- Back in `_read_until` (`test_reactor.py`, around line 1842), this is wired up as:
  ```python
  span = getattr(getattr(matches, ""__self__"", None), ""matched_span"", None)
  matched_raw = matched_span_bytes(raw, encoding, span) if span is not None else None
  ```
  and stored on `UartReadOutcome.matched_raw`.
- `UartReadOutcome.matched_result()` (`test_reactor.py`, ~line 423) turns that into the reported `matched_text` field, in the same `{hex, text, encoding}` shape as the red-path `received_tail`, bounded by the same `UART_EXPECT_TAIL_BYTES` cap (kept from the front, ""because a match begins where it begins""), with `matched_text_truncated` set when the cap applied. If the byte span couldn't be established, the text is still reported but the `hex` field is simply omitted rather than fabricated.

So: the *decision* that the line said what the plan claimed is made against a byte-accurate, cross-chunk decoded window using a per-comparator match predicate that also records where the match landed; the *raw bytes* backing that match/tail are then recovered not by re-encoding the decoded string but by slicing the original byte buffer at the byte offsets an incremental decode pass established for that same character span.",True,True,True,src/agentic_hil/test_reactor.py;src/agentic_hil/comports.py,True,"The answer identifies the read-until-match loop in test_reactor.py using StepComparator/decode_bytes and recovers raw bytes via matched_span_bytes in comports.py, matching all expected files and symbols.",0.136779,0.122944,0.013835,0.122944,,multi_hop,False,L,agentic_hil,4307363,342
agentic_hil_q19,agentic,44019,1311,0,0,4,False,end_turn,,14.684,2026-09-08T12:10:27Z,"I found the mechanism in `src/agentic_hil/mcp.py` (`call_tool`) and `src/agentic_hil/redact.py`.

**How it works:**

In `call_tool()` (`src/agentic_hil/mcp.py:250-268`), after `tools.call(name, arguments)` produces the raw tool result, the code applies `redact_sensitive(result)` as a defense-in-depth step *before* building the MCP response:

```python
result = tools.call(name, arguments)
# Defense-in-depth: strip any secret-named field before the result is
# serialized into the MCP content text and structuredContent. isError is
# computed from the raw result (redaction touches no success field).
safe_result = redact_sensitive(result)
return {""content"": [{""type"": ""text"", ""text"": tool_result_text(safe_result)}], ""structuredContent"": safe_result, ""isError"": not overall_success(result)}
```

Both the `content` text block and `structuredContent` are built from the *redacted* `safe_result`, not the raw tool result — so nothing raw ever reaches the client. `isError` is computed separately from the unredacted `result` since redaction never touches success/error fields.

**Redaction logic** (`src/agentic_hil/redact.py`, functions `redact_sensitive`, `_redact_member`, `_redact_stream_member`, `redact_stream_text`):
- Any dict key matching `_SENSITIVE_KEY_PATTERN` (`*_token`, `*secret`, `*password`/`passwd`, `*api_key`/`apikey`, `*authkey`/`auth_key`) has its value replaced with the placeholder `""[redacted]""`, recursively at any depth.
- Additionally, values under known captured-stream keys (`stdout`, `stderr`, `backend_warnings`) get a second, content-based pass (`redact_stream_text`) that masks credential *shapes* embedded in text even when no key name flags them — e.g. URL userinfo (`scheme://user:secret@host`), `Authorization: Bearer`/`Basic` headers, and secret-named assignments/query params — since a tool's own printed output (like a pip/uv index URL with an embedded token) wouldn't otherwise be caught by key-name matching alone.

So the safeguard is applied uniformly at the MCP envelope layer (`call_tool` in `mcp.py`) regardless of which tool ran, ensuring no tool result can leak a secret back to the client even if the tool itself failed to redact it.",True,True,True,src/agentic_hil/mcp.py;src/agentic_hil/redact.py,True,"The answer names call_tool in mcp.py, redact_sensitive in redact.py, and tool_result_text, correctly describing redaction before serialization into content and structuredContent.",0.110468,0.101148,0.00932,0.101148,,multi_hop,False,L,agentic_hil,4307363,342
agentic_hil_q40,indexed,215741,3249,0,0,6,False,end_turn,,46.77,2026-09-08T12:10:53Z,"I now have a full trace of the `agentic-hil init` path from CLI entry to the written probe serial. Here's the answer:

## The path from `agentic-hil init` to a probe serial in the config file

**1. `init` calls `init_config`, which calls hardware discovery before writing anything**
`agentic-hil init` (registered in `build_parser` in `src/agentic_hil/cli.py`) runs `init_config()`, whose body (`src/agentic_hil/cli.py`, ~lines 2803‑2838) calls `discover_attached_hardware` and, if it succeeds, fills the shipped `DEFAULT_CONFIG_TEMPLATE` from the result via `apply_discovery_to_template`; only then is the YAML written to disk (`overall_success(discovery)` gates the ""real bench"" branch vs. the unbound-placeholder branch).

**2. `discover_attached_hardware` (`src/agentic_hil/bootstrap.py`) enumerates the probe two possible ways**
- If STM32CubeProgrammer's `STM32_Programmer_CLI` is installed, it runs the fixed `-q -l st-link-only` listing and parses the serial with `stlink_probe_ids` (`discovered_by: stlink_cli`).
- Otherwise — the ordinary Linux/ST-Link-only case — it falls back to `_usb_enumeration`, which reads the host's own USB serial inventory. `usb_stlink_probe_ids`/`usb_stlink_ports` in `src/agentic_hil/comports.py` match ports whose `vid == STLINK_USB_VENDOR_ID (0x0483)` and `pid` in `STLINK_USB_PRODUCT_IDS`, and take the port's `serial_number` — the same string OpenOCD's `adapter serial` takes (`discovered_by: usb_serial_inventory`).

**3. Exactly one visible probe is selected (`select_probe_id`)**
With one probe found, `discover_attached_hardware` binds that `probe_id` (folded through `fold_hardware_id`). Because the USB-inventory path can't prove completeness (it only sees probes that publish a virtual COM port), the result also carries `probe_inventory_caveat(probe_id)` — `discovered_by`, `probe_inventory: incomplete`, and an explanatory `probe_inventory_note` — unless STM32CubeProgrammer's authoritative listing answered or the caller explicitly named the serial (`probe_named_by`). Two or more visible probes instead produce `ambiguous_hardware`, and no probe at all yields `probe_inventory_incomplete`/`adapter_not_found` and an unbound placeholder.

**4. A short HOTPLUG/target read identifies the board**
Still read-only, `discover_attached_hardware` connects in HOTPLUG mode (STM32CubeProgrammer path) or runs a read-only OpenOCD `init/targets/shutdown` (USB-inventory path) to learn the target controller, and correlates the matching COM port via `correlate_com_port`.

**5. `apply_discovery_to_template` writes the serial into the config document**
This function (`src/agentic_hil/bootstrap.py`) takes the discovery result's `probe_id` and puts it directly into `debuggers.<name>.probe_id` in the filled-in copy of `DEFAULT_CONFIG_TEMPLATE`, sets `type` to whichever backend actually answered (`stlink` or `openocd`, with its `interface_cfg`/`target_cfg` scripts), and also records the same serial as `com_ports.dut_uart.serial_number` (plus `vid`/`pid`) so the port entry is tied to that exact probe.

**6. `init_config` writes the resulting YAML to the project's config file**
The `document = {""workspace_root"": ..., ""state_root"": ..., **configured}` dict from step 5 is serialized with `yaml.safe_dump` and written to the project's configuration path, which is what a later `flash_firmware`/`probe_target` call reads back as `debuggers.dut.probe_id`.

So: `init` → `discover_attached_hardware` (enumerate via STM32CubeProgrammer CLI or, lacking that, the host's USB serial descriptor for vendor `0483`/ST-Link product IDs) → select the one visible probe (with an `incomplete`-inventory caveat when it came from the USB path) → `apply_discovery_to_template` copies that serial into `debuggers.<name>.probe_id` (and the matching `com_ports` entry) → `init_config` writes the YAML file that now names that probe's serial.",True,False,True,src/agentic_hil/cli.py;src/agentic_hil/bootstrap.py,True,"It correctly traces init_config in cli.py to discover_attached_hardware/stlink_probe_ids and apply_discovery_to_template writing probe_id into the YAML, matching the expected primary chain despite some extra detail.",0.490877,0.463972,0.026905,0.463972,,multi_hop,False,L,agentic_hil,4307363,342
agentic_hil_q12,indexed,69745,1817,0,0,4,False,end_turn,,24.087,2026-09-08T12:12:13Z,"I have the full answer now.

## What `listen_only_send_refusal` returns

In `src/agentic_hil/can.py` (lines 874–921):

```python
def listen_only_send_refusal(bus_id: str, bus_config: CanBusConfig, tool: str = ""can_send"") -> JsonObject | None:
    ...
    if not bus_config.listen_only:
        return None
    return { ... }
```

For a bus whose `CanBusConfig.listen_only` is falsy (i.e. not configured `listen_only: true`), it simply **returns `None`**. The docstring says it explicitly: *""Returns `None` for a bus that never made the claim, so the caller's ordinary path is untouched.""* This lets `CanBusService.send` (and the equivalent brokered-send path in `src/agentic_hil/canbroker.py`) fall through unimpeded to the normal permission checks (e.g. `permission_denied` still fires as usual — see `tests/test_can_listen_only.py::test_the_permission_refusal_still_fires_on_a_bus_that_is_not_listen_only`).

When the bus *is* configured `listen_only: true`, it instead returns a JSON refusal object with `error_type` set to `LISTEN_ONLY_MODE_ERROR` (""`can_listen_only_mode`""), `listen_only: True`, `side_effect_committed: False`, `retry_safe: False`, plus remediation/likely-causes fields.

## Why the gate lives at the tool layer, not per adapter

The function's own docstring (`src/agentic_hil/can.py:874-891`) gives the rationale, and it's reinforced elsewhere:

1. **`listen_only` is a bus-entry property, not an adapter behavior.** Since the flag describes the configured `CanBusConfig`, the answer must be identical regardless of which adapter (PEAK, SocketCAN, process bridge) backs the bus — ""without the flag meaning three things."" Tests explicitly pin this: `tests/test_can_listen_only.py::test_the_listen_only_refusal_is_word_for_word_the_same_on_every_adapter` compares the literal refusal payload across all three adapters.

2. **Only the layer holding `CanBusConfig` can refuse *before* a driver call.** A refusal produced inside an adapter would already have handed the frame to the driver — too late. Placing the check in the tool layer (`CanBusService.send`, and mirrored in `canbroker.py`'s send handler) guarantees the check happens strictly before any adapter method is invoked.

3. **The installed adapter can't be trusted to fail the send itself.** The docstring notes that python-can 4.6.1's `PcanBus.send()` never reads bus state — it just calls `PCANBasic.Write()` and only raises on a non-OK driver return code. A PASSIVE (listen-only) channel's transmit is accepted and reported as sent by the driver itself, which is exactly the historical bug (see `CHANGELOG.md`: *""`listen_only` was read from the configuration and then dropped on the direct CAN path""*, issue #115). So relying on per-adapter enforcement of the *send* refusal would silently fail for PEAK.

4. **Uniform refusal across every route.** `LISTEN_ONLY_MODE_ERROR`'s catalogue entry in `src/agentic_hil/knowledge.py` states the refusal is ""the same on every adapter and through every route (the direct tool, a test plan's `can_send` step, a broker participant) because the flag describes the medium rather than the caller."" The test-plan preflight check in `src/agentic_hil/test_reactor.py` and the broker's `_handle_send` in `src/agentic_hil/canbroker.py` both call the same `listen_only_send_refusal` function, ensuring one authoritative gate rather than three (or more) reimplementations that could drift.

So the single tool-layer gate is what makes the refusal adapter-independent, pre-driver, and immune to a specific adapter's failure to enforce it — whereas *session-start* enforcement (confirming the bus can actually be held in listen-only) is necessarily per-adapter, since PEAK, SocketCAN, and process bridges each obtain and confirm that mode differently (see `listen_only_precondition` in `can.py` and `docs/safety-model.md`).",True,True,True,src/agentic_hil/can.py,True,"The answer correctly identifies can.py's listen_only_send_refusal returning None for non-listen_only buses and explains the tool-layer gate rationale (adapter-uniform, pre-driver refusal), matching expected file and behavior.",0.170615,0.15766,0.012955,0.15766,,trace,False,L,agentic_hil,4307363,342
agentic_hil_q17,agentic,21115,1210,0,0,5,False,end_turn,,15.696,2026-09-08T12:12:41Z,"Based on `src/agentic_hil/tools.py` (`Tools.flash_firmware`) and `src/agentic_hil/artifacts.py` (`ArtifactManager.stage_for_backend` / `release_stage`):

**Before calling the backend:**
- After validating the artifact (`validate_local_path`/`resolve_artifact_id`), `flash_firmware` calls `self.artifacts.stage_for_backend(validation[""artifact""], ""flash_firmware"")` (`tools.py:292`).
- `stage_for_backend` opens the validated source file with `safe_open_binary` (refusing symlinks/multi-link files, TOCTOU-style), streams its bytes into a fresh private temp directory under the manager's `tempfile.TemporaryDirectory` staging root, computing a SHA-256 as it copies. It re-checks that the file is still a single-link regular file, within size limits, and that the freshly computed hash matches the hash recorded at validation time — refusing (`artifact_changed`/`artifact_not_found`/too-large, all with `side_effect_committed: False`) if anything drifted since validation. On success it atomically `os.replace`s the temp file into place and returns a new artifact dict marked `""staged"": True` pointing at this staged copy (`artifacts.py:181-259`).
- Only this staged artifact (`staged[""artifact""]`) is passed to `self.backend.flash_firmware(...)` — the backend never sees the original workspace path directly.

**After the backend call:**
- In a `finally` block, `flash_firmware` calls `self.artifacts.release_stage(staged[""artifact""])` regardless of whether the backend succeeded, failed, or raised (`tools.py:309-310`).
- `release_stage` checks the artifact is marked `""staged"": True` and that its resolved path is actually inside the manager's staging root (`is_path_within_frozen`), then unlinks the staged file and attempts to remove its now-empty parent staging directory, suppressing any `OSError` (`artifacts.py:44-54`).
- Separately, `_remember_symbol_elf` (called after a successful return) deliberately uses the **pre-staging** `validation[""artifact""]` (the original path), not the staged copy, as the long-lived symbol source — since the staged copy is deleted immediately while the original file remains valid to read later (`tools.py:311,314-338`).",True,True,True,src/agentic_hil/tools.py;src/agentic_hil/artifacts.py,True,"Answer correctly identifies flash_firmware staging the artifact via stage_for_backend in artifacts.py and deleting it via release_stage in a finally block, matching expected files and symbols.",0.065005,0.05433,0.010675,0.05433,,trace,False,L,agentic_hil,4307363,342
agentic_hil_q18,indexed,62368,2353,0,0,4,False,end_turn,,30.437,2026-09-08T12:13:08Z,"## What `start_detached_run` does differently from a foreground run

`start_detached_run` (`src/agentic_hil/runlifecycle.py`, roughly lines 743–821) does **not** run the plan itself. Instead of executing the steps in the calling process and blocking until they finish (the way a foreground `run_plan`/`run_registered_plan` call in `src/agentic_hil/reactorrun.py` does), it:

1. Validates `wait_s` up front (a non-finite wait is refused *before* anything is spawned, so a bad value never strands a background worker — see the comment block above `start_detached_run`).
2. Mints a fresh handle with `new_run_handle()`.
3. Spawns a **separate, detached child process** via `spawn_run_worker` (`runlifecycle.py:914-967`), which re-invokes `python -m agentic_hil test-reactor --run-handle <handle>` using `spawn_detached_process` rather than a managed/job-owned child — deliberately so the worker survives after the starting command returns. The worker's stdout/stderr are redirected to a log file instead of a pipe (nobody would be left to drain a pipe once the starting command exits).
4. Polls `read_run_record` in a loop (bounded by `worker_publish_window_s(wait_s)`) waiting only until the worker *publishes* that it's running or has been refused — not until the plan finishes. This is the key difference: the caller gets an answer as soon as the worker states what it's doing (holds the devices, or was refused them), while the actual plan execution continues in the background.
5. Handles the worker's failure modes itself: if the worker process exits before publishing, it's `run_worker_failed`; if the worker never publishes within the window, `start_detached_run` proactively writes a stop file under the handle (`_plant_stop_after_unresponsive`) so that if the worker does wake up late, it ends cooperatively at its first step boundary instead of running the whole plan behind a caller who was told the start had failed.

A foreground run instead goes straight through `RunRegistration.take` → `run_registered_plan` in the same process and only returns once the plan (and its report) is complete.

## What it writes so a later call can find the run again

Everything lives under `runs_directory(config)` (`derived_state_directory(..., ""coordination"", ""runs"")`), keyed by the handle:

- **`<handle>.json`** (`record_path`) — the run record itself, first written by `RunRegistration.take` (`runlifecycle.py:543-590`) with `version`, `run`, `name`, `test_config_path`, `report_path`, `detached`, `pid`, `started_at`, and then updated with progress/state and finally a terminal result. This is the file `run_status`/`read_run_record` reads later to answer status or stop requests by handle.
- **`<handle>.lock`** (`lock_path`) — the lifetime lock the worker process holds for the run's duration, used to tell whether the worker is still alive (`worker_is_gone`).
- **`<handle>.stop`** (`stop_path`) — the cooperative stop flag, written either by a later `request_run_stop` call or preemptively by `start_detached_run` itself if the worker was unresponsive.
- **`<handle>.log`** (`worker_log_path`) — the detached worker's stdout/stderr, opened by `spawn_run_worker` before the worker exists, used by refusal/diagnostic paths.

The handle returned in the result's `""run""` field is what a later call (`run_status`, `request_run_stop`) uses to locate this record set again under `runs_directory(config)`.",True,True,True,src/agentic_hil/runlifecycle.py,True,"The answer names runlifecycle.py, start_detached_run, spawn_run_worker, and the run record file written/read by handle, matching expected location and behaviour with accurate extra detail.",0.159461,0.148266,0.011195,0.148266,,trace,False,L,agentic_hil,4307363,342
agentic_hil_q32,agentic,9837,632,0,0,3,False,end_turn,,9.081,2026-09-08T12:13:43Z,"`read_elf_symbol` (in `src/agentic_hil/elfsymbols.py`) returns `{""ok"": False, ""reason"": ""no_size""}` when the name exists as a defined symbol table entry but with `st_size == 0` (e.g. a bare assembler label with no `.size` directive), versus `{""ok"": False, ""reason"": ""not_found""}` when no defined entry for that name exists in the symbol table at all.

Details, from `_read_symbol`:

- It iterates all `SHT_SYMTAB` entries, matching by name and skipping `SHN_UNDEF` entries. For each matching *defined* entry it sets `defined = True`, but only adds `(value, size)` to the `found` set if `entry[""size""] > 0`.
- After scanning, if `found` is empty: it returns `""no_size""` if `defined` is `True` (meaning at least one defined entry with that name was seen, just all with zero size), or `""not_found""` if `defined` is `False` (the name never appeared as a defined symbol).

So the distinction is exactly this `defined` flag: a zero-size symbol is `no_size` (found but unusable — the docstring explains this is deliberate, to avoid presenting a zero-byte read as success), while a truly absent name is `not_found`. Both are reported as `ok: False` but with different `reason` values, which callers use to decide the appropriate fix (add the symbol vs. add a `.size` directive), per the docstring on `read_elf_symbol`.",True,True,True,src/agentic_hil/elfsymbols.py,True,The answer names the right file and symbols and correctly distinguishes the 'no_size' result for zero-size defined symbols from 'not_found' for absent names.,0.033449,0.025994,0.007455,0.025994,,trace,True,L,agentic_hil,4307363,342
agentic_hil_q33,indexed,7757,360,0,0,2,False,end_turn,,8.532,2026-09-08T12:14:17Z,"`read_intel_hex_file` in `src/agentic_hil/gdbmi.py` returns `None` in both cases.

Per its docstring and implementation (lines 346-401):

- If the dump doesn't cover every byte of the requested `[start_address, start_address + size_bytes)` window (a ""hole""), the function's `covered` bytearray will have unset positions, and the final check (after the loop) returns `None` rather than a partial result.
- If a record writes an address twice with a different value than previously seen, the check `if covered[position] and window[position] != value: return None` immediately returns `None`.

The docstring explicitly states the contract: it returns the exact `size_bytes` window only if every byte was written and consistently, otherwise `None` — ""Never a partial answer... and the caller reports a read that failed."" This covers ""a malformed record, a failed checksum, a record type... not understood, one address written twice with different values, or a hole.""",True,True,True,src/agentic_hil/gdbmi.py,True,"The answer correctly identifies read_intel_hex_file in src/agentic_hil/gdbmi.py returning None for both incomplete coverage and conflicting duplicate writes, matching expected file and behaviour.",0.026134,0.019114,0.00702,0.019114,,trace,True,L,agentic_hil,4307363,342
agentic_hil_q23,agentic,159341,2828,0,0,8,False,end_turn,,40.127,2026-09-08T12:14:29Z,"I now have a full picture of the pipeline. Let me answer.

## Path from bench run to reviewer evidence

**1. The run produces a JSON report.** `agentic-hil test-reactor` executes the plan and writes the run's own JSON report (also emitting an optional JUnit XML). In the example workflow (`examples/ci/github-actions.yml`), this is captured into `artifacts/reports/<plan>.json`.

**2. `agentic-hil run-evidence` maps that report into reviewer-facing artifacts.** The mapping logic lives in `src/agentic_hil/runevidence.py`, entered through `write_run_evidence()`. From one report path it produces three things in an output directory:
- `run-summary.json` (built by `run_summary()`),
- `job-summary.md` (built by `job_summary()`), appended to `$GITHUB_STEP_SUMMARY` when present (`_append_step_summary`), which is exactly the CI ""job page"" a reviewer opens,
- `logs/` — byte-for-byte copies of the JSONL event logs the report names (`collect_logs()`).

The CLI/CI caller and any other invoker of this code (a GitLab job, an operator at a shell) all go through the same function, so ""the same evidence from the same report because it is the same code"" (module docstring).

**3. The bundle is uploaded as a PR artifact.** In `examples/ci/github-actions.yml`, `agentic-hil run-evidence --report ""$report"" --out ""artifacts/evidence/$name""` runs per plan, and the whole `artifacts/` tree is later uploaded with `actions/upload-artifact`, giving a reviewer without bench access something to read on the pull request/job page — this is the ""evidence"" the question refers to.

## What stops secrets from riding along

Three layered defenses inside `runevidence.py`, all documented in its module docstring:

1. **Redact-first, fail-closed.** Before anything is mapped, the whole report is passed through `redact_sensitive()` (`src/agentic_hil/redact.py`) — the same function used by every other output sink (`cli.py`, `mcp.py`, `comstdio.py`). If redaction doesn't hand back a dict, `write_run_evidence` calls `_redaction_refusal()` instead of writing any bundle: no field of the original report is used, and the summaries/logs say `REDACTION_UNAVAILABLE_SUMMARY` instead (`error_type: redaction_unavailable`). This is fail-closed by construction, not by exception handling.

2. **Copy-by-name, not pass-through.** `run_summary()`/`job_summary()` only copy an explicit small set of fields (`plan`, `firmware`, `tools`, `bench`, `run`), so nothing not named in the mapping can leak, unlike a full report dump.

3. **Two extra scrubbing passes over every string bound for the two summaries** (`_scrub()`, called via `_scrubbed()`):
   - **Content-shape credential pass** — `redact_stream_text()` (in `redact.py`) is applied even to prose fields (`summary`, `likely_causes`, etc.), which normal `redact_sensitive` deliberately skips for operator terminals. It masks URL userinfo (`_mask_url_userinfo`), `Authorization: Bearer/Basic` headers (`_AUTH_HEADER_PATTERN`), and `token=`/`password=`-style assignments in shell or query form — because a backend's own diagnostic sentence may embed a private index URL or bearer token.
   - **Identity sweep** — `excluded_values()` walks the whole report and collects every string under an identity-shaped key (`executable`, `executable_path`, `probe_id` — `IDENTITY_FIELDS`) or a lock-key field (`declared_devices`, `lock_key`, `resource`, … — `LOCK_KEY_FIELDS`), plus any absolute path outside the workspace and the `config_in_force` path. Every occurrence of those exact values anywhere in the summary text is replaced with `[withheld]` (`WITHHELD`), and any residual absolute path (`ABSOLUTE_PATH` regex) not inside the workspace is likewise withheld and rewritten relative to the workspace otherwise (`_path_replacement`). This is what stops a probe serial, a device path, an outside absolute path, or a lock key like `probe:<serial>` from surfacing in prose that no key-name or credential-shape pattern would catch.

4. **The one deliberate exception — event logs are copied verbatim, unredacted**, because they must remain byte-identical to the hash-chained copies under `state_root` for verification; the docstring explicitly notes this is ""the log's problem to fix where it is written,"" so only the two summaries (the world-readable half of the bundle) get the scrubbing — the logs directory is treated as a separate, non-public artifact concern.

So: bench run → JSON report → `run-evidence` (`runevidence.py: write_run_evidence`) → redact_sensitive fail-closed gate → name-based field copying → content-shape credential masking (`redact.py: redact_stream_text`) + identity/path sweep (`runevidence.py: excluded_values`/`_scrub`) → `run-summary.json` / `job-summary.md` uploaded for the reviewer.",True,True,True,src/agentic_hil/runevidence.py;src/agentic_hil/redact.py,True,"The answer identifies runevidence.py (write_run_evidence, job_summary, run_summary) and redact.py (redact_sensitive, redact_stream_text) with accurate detail on fail-closed redaction and scrubbing, matching expected files and symbols.",0.361802,0.346962,0.01484,0.346962,,multi_hop,False,L,agentic_hil,4307363,342
agentic_hil_q29,indexed,16340,981,0,0,2,False,end_turn,,17.989,2026-09-08T12:15:22Z,"## Answer

The closed schema is **`src/agentic_hil/schemas/testconfig.schema.json`**.

It is a JSON Schema (Draft 2020-12) that is intentionally ""closed"": it sets `additionalProperties: false` at the root and on every step definition, so any key the schema does not explicitly name causes a refusal rather than being silently ignored. This is documented in `docs/test-plan-contract.md`, which states the plan document has exactly three root keys (`version`, optional `name`, and `steps`), and that a step is a route field, an action, and that action's arguments (`repeat` being the one block exception).

Key places tying into this:

- **`src/agentic_hil/test_reactor.py`** – `validate_test_config_schema()` loads this schema via `test_config_schema()`, validates it with `Draft202012Validator`, and applies it to the raw plan document (with per-step validation done separately via `validate_test_steps_schema`). The action vocabulary itself (`ACTION_SCHEMAS`) is built from the `STEP_DEVICE_CLASSES` (`DebuggerRunner`, `UartRunner`, `CanRunner`) plus the reactor's own `repeat` action, and each device class's declared `step_action_specs` map action names to entries (`$defs`) in this same schema — so the schema's `oneOf`/`$defs` are what actually enumerate which actions and keys a step may contain.
- **`src/agentic_hil/knowledge.py`** – exposes the parsed document via `plan_schema_document()` / `TEST_CONFIG_SCHEMA_RESOURCE`, and functions like `_plan_step_entries`, `_plan_version_rows`, `_plan_comparator_documents` read the schema's `$defs`/`oneOf` and `x-since-version` markers to generate documentation of exactly what actions/keys exist per plan version.
- **`src/agentic_hil/contracts.py`** – defines the `object_schema()` helper (`additionalProperties: False`) used to build closed schemas generally, following the same pattern as the plan schema.

So: the file `src/agentic_hil/schemas/testconfig.schema.json` is the closed JSON Schema itself, loaded/enforced through `test_reactor.py`'s `validate_test_config_schema`, and its content is derived from/mirrored by the `STEP_DEVICE_CLASSES` declarations also in `test_reactor.py`.",True,True,True,src/agentic_hil/schemas/testconfig.schema.json,True,"The answer names the correct file, src/agentic_hil/schemas/testconfig.schema.json, describes its closed additionalProperties nature, action $defs, and x-since-version markers, matching the expected location.",0.051975,0.04249,0.009485,0.04249,,locate,False,L,agentic_hil,4307363,342
agentic_hil_q24,agentic,62936,1693,0,0,5,False,end_turn,,21.653,2026-09-08T12:15:43Z,"I now have enough to answer.

## How an edit on disk gets picked up

A running Agentic HIL MCP server parses its configuration once at startup and never reloads automatically (`src/agentic_hil/mcp.py`, `src/agentic_hil/configreload.py` module docstring). Picking up a file edit requires an explicit call:

- Over MCP: `project_config_reload_description` (no arguments), dispatched by `ToolService.reload_description` in `src/agentic_hil/tools.py:894`.
- At a shell: `agentic-hil config-reload`, implemented by `config_reload()` in `src/agentic_hil/cli.py:4726`, which previews the same thing without mutating a live server.

The actual work is `reload_description()` in `src/agentic_hil/configreload.py:291`:
1. It re-runs `load_authoritative_config()` on the workspace to get the disk version (`disk`), the same loader used at startup.
2. It refuses if the resolved config path has moved (`_relocated_refusal`) — that would rebind the server to a different project.
3. It builds a new configuration via `merged_description(existing, disk)` (`configreload.py:221`), which takes only four sections from disk — `target`, `debuggers`, `com_ports`, `can_buses` (each entry's own `permissions:` block excluded) — and carries every other section, including all permissions, over unchanged from the object parsed at startup. It re-validates permission-dependent pinning on the *composed* object.
4. `ToolService.reload_description()` then does one atomic swap: `self._swap_config(reloaded)` (`tools.py:943`), which replaces `self.config` and pushes the new config into the coordinator, backend, artifacts, and COM/CAN collaborators — no field-by-field mutation of a live object.

Permissions are never re-read by this path; only a full server restart adopts a changed `permissions` block (or `version`, `workspace_root`, `state_root`, etc. — the full list is documented in `NOT_RELOADED_SECTIONS` in `configreload.py`).

## What refuses the reload while a run is open

`ToolService.reload_description()` gathers `open_holds = self.open_hardware_holds()` (`tools.py:1133`) before calling `reload_description()`. `open_hardware_holds()` returns non-`None` if either a declared run is active (`self.coordinator.run_status()[""run_active""]`) or any hardware lease is held outside a run (`self.coordinator.leases`), covering the case where a COM/CAN session outlives `bench_run_stop`.

If `open_holds` is truthy, `reload_description()` (the function in `configreload.py:291`) short-circuits at the `if open_holds:` check and returns `None, _open_run_refusal(existing, open_holds)` (`configreload.py:412`), with `error_type = ""config_reload_in_open_run""` (`RELOAD_IN_OPEN_RUN_ERROR`, `configreload.py:108`). The refusal explains that the held names must keep meaning the same physical board mid-run, so nothing is re-read and the run is left untouched. The same function also refuses on an unresolved quarantine/incident via `_unresolved_incident()` (`tools.py:921`), for the analogous reason that an operator is about to be asked to physically check a device by name.",True,False,True,src/agentic_hil/configreload.py,True,It correctly names reload_description in configreload.py and the _open_run_refusal path for open runs; omitting config_status is acceptable since the primary locations are identified.,0.157247,0.142802,0.014445,0.142802,,multi_hop,False,L,agentic_hil,4307363,342
agentic_hil_q35,agentic,14895,1032,0,0,5,False,end_turn,,15.71,2026-09-08T12:16:17Z,"`BenchMutex.acquire` (in `src/agentic_hil/bench.py`) is all-or-nothing: it iterates the sorted/deduplicated resource names and calls the internal `_take()` helper for each one.

- If a resource is already held by *this* owner, `_take` just increments the holder count and continues (`BenchMutex._take`, lines ~510-513).
- If a resource is held by *another* process, the underlying OS file lock (`_LifetimeLock.acquire`) fails. `_take` then either waits (polling until `deadline`/`wait_s` or until `stop_requested()` says to stop) or, once the deadline is reached, raises `DeviceBusyError` naming the current holder (via `self.busy_result(...)`), or `DeviceWaitStoppedError` if a cooperative stop was requested mid-wait.
- Back in `acquire`, this exception propagates out of the `try` block, and the `except BaseException` handler releases (via `self._drop`) every resource that had already been newly taken earlier in that same `acquire` call (in reverse order) before re-raising.

So the net effect: none of the requested devices end up held by this call—anything it grabbed before hitting the busy device is rolled back, and the caller sees `DeviceBusyError` (or `DeviceWaitStoppedError` if it was waiting and got a stop signal) identifying which device and holder blocked it. This matches the class docstring: ""`acquire` is all-or-nothing over sorted resource names, so two owners reaching for an overlapping set cannot each keep half of it.""",True,True,True,src/agentic_hil/bench.py,True,"Answer correctly identifies bench.py's BenchMutex.acquire as all-or-nothing, using _take, waiting then raising DeviceBusyError and rolling back already-taken resources; omitting validated_wait by name is minor.",0.05,0.04011,0.00989,0.04011,,trace,True,L,agentic_hil,4307363,342
agentic_hil_q14,indexed,34988,1296,0,0,3,False,end_turn,,17.718,2026-09-08T12:16:44Z,"## `verify_port_identity` (in `src/agentic_hil/comports.py`)

### What it compares before opening

`verify_port_identity(config, port_id, tool)` (comports.py:466–539, 541–617) runs before a serial port is opened and, for a configured entry that declares hardware identity (`serial_number`, `vid`/`pid`, or `resource_id`, via `expected_port_identity`), performs these comparisons:

1. **Device enumeration**: it asks the host's live inventory (`list_available_com_ports`) and finds the entry whose `device`/`stable_device` matches the configured `port.device` (`port_names_device`). Exactly one match is required.
2. **Serial number** (if the entry names one, `expectation.expected is not None`): the enumerated port's reported serial number is folded (`fold_hardware_id`) and compared against the configured `expected` serial.
3. **USB VID/PID** (if the entry names `vid` and/or `pid`): the enumerated port's `vid`/`pid` (normalized via `host_usb_id`) are compared against the configured `expectation.vid`/`expectation.pid`. This runs *after* the serial check and independently of it — a matching serial does not skip the vid/pid comparison, because ""a USB serial number is unique within a vendor and nowhere else"" (comports.py:578–583).

If the entry names no identity at all, the check is skipped and the port is treated as `not_declared`/openable.

### What happens on a VID/PID mismatch

If either the configured `vid` or `pid` doesn't match what the host reports for that device (comports.py:591–617), `verify_port_identity` returns a **refusal before opening**, via `_identity_mismatch`:

- `identity[""status""] = ""mismatch""`
- `error_type = COM_PORT_IDENTITY_MISMATCH` (`com_port_identity_mismatch`)
- `ok: False`
- A summary stating the port ""is currently a device of ⟨found vid:pid⟩, but this entry names ⟨expected vid:pid⟩... this is a different kind of device under the name this entry used to have,"" noting (when a serial was also configured) that the matching serial ""proves nothing, because a USB serial is unique only within a vendor.""
- `expected_vid`/`expected_pid` and `found_vid`/`found_pid` (plus any serial fields) are included in the result for the caller to inspect.
- `likely_causes` listing possibilities (different adapter attached under the same kernel-assigned name, stale entry, or a coincidental duplicate serial across vendors, which is exactly what vid/pid is meant to catch).
- Side-effect metadata marking it as safe/no-op: `side_effect_committed: False`, `side_effect_status: ""not_started""`, `hardware_state: ""unchanged""`, `retry_safe: True`.

This refusal is returned to `ComPortService.session_start` (comports.py:914–939), which checks `identity[""ok""]` and returns the refusal immediately — the port is never opened, and no serial handle is created (confirmed by tests such as `tests/test_serial_port_identity.py::test_a_matching_serial_under_a_foreign_device_type_is_refused`).",True,True,True,src/agentic_hil/comports.py,True,"Answer correctly names comports.py's verify_port_identity and expected_port_identity, describing serial/VID-PID comparison against enumerated host ports and the pre-open mismatch refusal, matching expectations.",0.095481,0.082936,0.012545,0.082936,,trace,False,L,agentic_hil,4307363,342
agentic_hil_q28,agentic,18275,583,0,0,3,False,end_turn,,8.988,2026-09-08T12:17:05Z,"The reactor is `TestReactor` in `src/agentic_hil/test_reactor.py` (class defined at line 2811, with helpers like `step_device` and `step_device_class` resolving which device a step names, and a `run_plan` method walking `test_config.steps`). It's invoked via `run_plan`/`run_registered_plan` in `src/agentic_hil/reactorrun.py`, which loads the `TestConfig`, locks the plan's declared devices, and drives `TestReactor` through each step against the device the step names.",True,True,True,src/agentic_hil/test_reactor.py,True,"The answer names TestReactor in src/agentic_hil/test_reactor.py and describes step-to-device resolution and plan-step iteration, matching the expected file and primary symbol.",0.048385,0.04238,0.006005,0.04238,,locate,False,L,agentic_hil,4307363,342
agentic_hil_q19,indexed,57039,1292,0,0,4,False,end_turn,,19.945,2026-09-08T12:17:25Z,"I have enough to answer clearly.

## Answer

An MCP `tools/call` result is guaranteed not to carry a secret to the client by running it through a **defense-in-depth redaction pass right at the point the response is built**, in `call_tool()` in `src/agentic_hil/mcp.py`:

```python
result = tools.call(name, arguments)
# Defense-in-depth: strip any secret-named field before the result is
# serialized into the MCP content text and structuredContent. isError is
# computed from the raw result (redaction touches no success field).
safe_result = redact_sensitive(result)
return {""content"": [{""type"": ""text"", ""text"": tool_result_text(safe_result)}], ""structuredContent"": safe_result, ""isError"": not overall_success(result)}
```

Key points of the mechanism:

- **Redaction happens after the backend call, before serialization**, so both output channels of the MCP result — `structuredContent` (the machine-readable object) and `content[0].text` (the serialized JSON text) — are built from the *already-redacted* `safe_result`, never from the raw tool output. This is verified in `tests/test_coordination.py::test_mcp_and_cli_redact_secret_named_fields_at_the_sink`.
- The actual scrubbing logic lives in `redact_sensitive()` (`src/agentic_hil/redact.py`). It recursively walks dicts/lists and:
  - Replaces the value of any **secret-named key** (patterns like `*_token`, `*secret`, `password`, `api_key`, `authkey`, etc., with underscore/hyphen separators) with `[redacted]`, at any nesting depth, while leaving non-secret keys (e.g. `quarantine_id`, `owner_marker`, `state`) untouched.
  - Also does a **content pass over known captured-stream keys** (`stdout`, `stderr`, at any depth), masking things a secret-named key wouldn't catch — URL userinfo passwords, `Authorization: Bearer/Basic` header values, and `token=`/`--client-secret=`/`PASSWORD=`-style assignments embedded in text — without touching prose fields like `summary` or `likely_causes`.
- **`isError`** is deliberately computed from the *raw* result before redaction, since redaction never changes success/failure signaling — only field values.
- The same `redact_sensitive` function is also applied at other sinks that emit a result outward (e.g. the CLI's `print_json`, `write_error` in `src/agentic_hil/comstdio.py`), so the guarantee is: whichever door a result leaves through, it passes through `redact_sensitive` first.

So the mechanism is a single shared sanitizer (`redact_sensitive` in `agentic_hil/redact.py`) invoked as the last step before an MCP tool result is packaged, in `call_tool()` in `agentic_hil/mcp.py`.",True,True,True,src/agentic_hil/mcp.py;src/agentic_hil/redact.py,True,"The answer identifies call_tool in mcp.py applying redact_sensitive (redact.py) before building content via tool_result_text and structuredContent, matching the expected files and symbols.",0.137008,0.126998,0.01001,0.126998,,multi_hop,False,L,agentic_hil,4307363,342
agentic_hil_q37,agentic,12004,1142,0,0,4,False,end_turn,,14.038,2026-09-08T12:17:48Z,"## What happens for other lengths

In `decode_symbol_value` (`src/agentic_hil/backends/gdbdebug.py:1733`), the raw bytes are always returned as `hex`. Only for lengths in `INTEGER_VALUE_WIDTHS = frozenset({1, 2, 4, 8})` (line 81) does it also compute `value_unsigned`/`value_signed` via `int.from_bytes`. For any other length (e.g. 3 or 408 bytes), it skips numeric decoding and instead sets:

```python
result[""value_not_decoded""] = ""size_bytes is not 1, 2, 4 or 8, so the bytes carry no single integer reading.""
```

The docstring explains the rationale: a value of that size ""is not a number,"" so inventing an integer reading would be fabricating data rather than reporting it.

## Where the byte order comes from

The `order` argument is a dict produced by `image_byte_order(elf_path)` (`src/agentic_hil/backends/gdbdebug.py:1709`), which is passed in by callers such as `gdbdebug.py:677`, `stlink.py:492`, and `pyocd.py:427` (via `resolved[""image_byte_order""]`).

`image_byte_order` determines the order by:
1. Calling `read_elf_byte_order(elf_path)` (from `agentic_hil.elfsymbols`), which reads the ELF header's `EI_DATA` field for the firmware image tied to the debug session.
2. If the ELF declares an order, it's returned as `{""byte_order"": declared, ""byte_order_from"": ""elf_header""}`.
3. If the ELF doesn't declare one (`None`, e.g. a stub/truncated file), it falls back to `{""byte_order"": DEFAULT_SYMBOL_VALUE_BYTE_ORDER, ""byte_order_from"": ""default""}`, where `DEFAULT_SYMBOL_VALUE_BYTE_ORDER = ""little""`.

`decode_symbol_value` then just reads `order[""byte_order""]` and uses it in `int.from_bytes(data, byte_order, ...)`, and it copies the whole `order` dict (including `byte_order_from`) into its result so callers know whether the order was read from the ELF header or defaulted.",True,False,True,src/agentic_hil/backends/gdbdebug.py,True,"Answer correctly identifies decode_symbol_value returning only hex with a value_not_decoded note for non-1/2/4/8 lengths, and traces byte order to image_byte_order/read_elf_byte_order from the ELF header with little-endian fallback.",0.045378,0.035428,0.00995,0.035428,,trace,False,L,agentic_hil,4307363,342
agentic_hil_q21,indexed,87645,2627,0,0,4,False,end_turn,,33.418,2026-09-08T12:18:14Z,"## Reading a symbol's value back off the board

The tool is `debug_symbol_value` (`src/agentic_hil/tools.py`), which validates the symbol argument and delegates to `self.backend.debug_symbol_value(symbol, self._symbol_elf)`. The path taken from there depends on the backend:

**Session-based backend (OpenOCD)** — `src/agentic_hil/backends/openocd.py::debug_symbol_value` ignores the passed `symbol_elf` and delegates to `GDBDebugSession.symbol_value` (`src/agentic_hil/backends/gdbdebug.py`, around line 646). It requires a live session (`_require_session`), resolves the symbol's address/size via `_resolve_symbol` against the session's own loaded image, enforces `debug.max_dump_size_bytes`, then reads the bytes with `_read_memory_bytes` over the existing GDB session, and finally decodes them with `decode_symbol_value` using the byte order read from the session's own ELF (`image_byte_order(session.artifact[""resolved_path""])`).

**Sessionless backends (ST-Link / pyOCD)** — `debug_symbol_value` in `src/agentic_hil/backends/stlink.py` and `src/agentic_hil/backends/pyocd.py` (via `_prepare_symbol_read`) both call the shared `resolve_symbol_offline` in `src/agentic_hil/backends/gdbdebug.py` to get address/size (running a batch-mode GDB against a staged, digest-verified copy of the ELF, or falling back to a direct parse of the ELF symbol table via `src/agentic_hil/elfsymbols.py`), then physically read the target:
- ST-Link runs STM32CubeProgrammer's `-r <address> <size> <file>` (hot-plug connect), parses the Intel HEX file back by address.
- pyOCD runs `pyocd commander --connect attach --command ""savemem ADDR LEN FILE""` via `_read_target_memory`, reading the raw binary back.

Both then call `decode_symbol_value` on the bytes, using the byte order taken from the resolved ELF's `EI_DATA` field (falling back to a stated default), and the result includes `hex`, `value_unsigned`/`value_signed`, `byte_order`, `byte_order_from`, and (for the sessionless case) a `symbol_source` field naming the ELF that answered.

## Where the ELF comes from

The ELF is never independently supplied for the read — it is the image the service itself flashed. In `src/agentic_hil/tools.py`:

- `flash_firmware` stages and flashes an artifact through `self.backend.flash_firmware(...)`.
- After the backend call returns, `_remember_symbol_elf(artifact, result)` records that artifact as `self._symbol_elf` only if the flash was confirmed successful and the file is a `.elf` (a `.hex`/`.bin` carries no symbols, so it clears the source instead). If the flash failed, the old ELF is kept only when `side_effect_status` was `""not_started""` (proving the board was untouched); any unknown/partial outcome (including a backend that raised) drops `_symbol_elf` entirely, since the board's actual image is no longer provably known.

This remembered artifact (`self._symbol_elf`) is what gets passed into `debug_symbol_info`/`debug_symbol_value`/`debug_dump_symbol_ihex` calls. The session-based OpenOCD backend ignores it (it already has the flashed image loaded in the live GDB session). The sessionless backends use it in `resolve_symbol_offline`, which re-copies the file to a private staging directory and re-verifies its `sha256` against the digest recorded at flash time before trusting it — guarding against the ELF on disk having been rebuilt/replaced since the flash.",True,True,True,src/agentic_hil/tools.py;src/agentic_hil/backends/stlink.py;src/agentic_hil/elfsymbols.py,True,"It correctly names debug_symbol_value in tools.py/stlink.py, the elfsymbols.py symbol-table fallback, and _remember_symbol_elf recording the flashed ELF, matching expected locations and behaviour.",0.21723,0.20156,0.01567,0.20156,,multi_hop,True,L,agentic_hil,4307363,342
agentic_hil_q15,indexed,33527,1415,0,0,3,False,end_turn,,25.076,2026-09-08T12:19:25Z,"## `terminate_process_tree` on POSIX

The public entry point is `terminate_process_tree` in `src/agentic_hil/process.py`, which wraps `_terminate_process_tree`, recording a `cleanup_pending` state with error detail if the internal call raises (so a failed cleanup stays registered for retry) and re-raises.

### The POSIX path in `_terminate_process_tree`

1. **Determine the child's process group** via `_child_process_group(child)`, which returns a stored pgid, the child's own pid if it already exited, or `os.getpgid(child.pid)`.
   - If there's no group (`None`) or the group is the caller's own (`os.getpgrp()`), it falls back to simply terminating the single child with `_terminate_single_child` (SIGTERM then SIGKILL on the one process, via `child.terminate()`/`child.kill()`), then forgets the record.

2. **Otherwise, for a real child-owned group**, it loops over `(signal.SIGTERM, signal.SIGKILL)`:
   - Sends the signal to the whole group with `_signal_process_group(pgid, sig)` (a wrapper around `os.killpg`), noting whether delivery succeeded.
   - Waits for the group to clear with `_wait_for_process_group(child, pgid, timeout_s)`. If it clears, the record is forgotten and the function returns.
   - If it didn't clear **and** the signal could not be delivered at all, it raises immediately (`RuntimeError(""Could not signal process group ... and the group still had a member after ... wait."")`).
   - Otherwise it proceeds to try SIGKILL next.
   - If both SIGTERM and SIGKILL pass fail to clear the group even after signal delivery succeeded, it falls through to `_terminate_single_child` (to make sure the direct child/leader is finished) and then does one more group-existence check (`_process_group_exists(pgid)`) — if it still exists, it raises `RuntimeError(""Process group remained active after SIGKILL."")`.

### How it decides the group is actually gone

The membership check is `_process_group_exists(pgid)` (used inside `_wait_for_process_group`'s polling loop and again as the final check):

- It calls `os.killpg(pgid, 0)` — sending signal 0 delivers nothing, it just probes membership.
  - `ProcessLookupError` → the group is empty → **not** existing (False).
  - `PermissionError` → a member exists that this process isn't permitted to signal → treated as **existing** (True) — the opposite of gone.
  - Otherwise (the kernel says a member exists): it refines the answer using `_running_process_group_members(pgid)`, which reads `/proc/<pid>/stat` for all processes in that group and filters out zombies (`state in (""Z"", ""X"")`), since `killpg` counts zombies as members even though they're not actually running anything. If `/proc` isn't available/readable, it falls back to trusting the kernel's ""somebody's there"" answer.

So the group counts as ""gone"" only when `killpg(pgid, 0)` raises `ProcessLookupError`, or (where `/proc` is readable) when every remaining group member is a zombie. `_wait_for_process_group` polls this alongside `child.poll()` until both the direct child has exited and the group shows no members, retrying every 0.02s up to the timeout.",True,True,True,src/agentic_hil/process.py,True,"Answer names process.py and terminate_process_tree/_terminate_process_tree/_signal_process_group, correctly describing SIGTERM-then-SIGKILL via killpg and liveness checks with killpg(pgid, 0) polling.",0.096609,0.081204,0.015405,0.081204,,trace,False,L,agentic_hil,4307363,342
agentic_hil_q12,agentic,7380,899,0,0,3,False,end_turn,,12.968,2026-09-08T12:19:55Z,"## `listen_only_send_refusal` return value

For a bus that is **not** configured `listen_only`, `listen_only_send_refusal` returns `None` (`src/agentic_hil/can.py`, function `listen_only_send_refusal`, lines 874–921). The check is a simple guard:

```python
if not bus_config.listen_only:
    return None
```

The docstring notes this is deliberate: ""Returns `None` for a bus that never made the claim, so the caller's ordinary path is untouched."" Callers (`src/agentic_hil/can.py:594` and `src/agentic_hil/canbroker.py:931`) treat a non-`None` result as an immediate refusal, and `None` means proceed normally.

## Why the gate is at the tool layer, not per adapter

Per the docstring in `can.py`:

1. **`listen_only` is a property of the bus config entry**, not of any particular adapter, so the refusal logic must live where `CanBusConfig` is available — a single place — rather than being reimplemented (and potentially diverging) across PEAK, SocketCAN, and the process-bridge adapters.
2. **It must fire *before* a driver is called.** If an adapter itself produced the refusal, the frame would already have been handed to the driver — too late for the guarantee being made.
3. **The installed adapter won't do it for you.** The comment explains that python-can 4.6.1's `PcanBus.send()` never inspects bus state — it just calls `PCANBasic.Write()` and only raises on a non-OK driver return code. So a PASSIVE/listen-only channel silently accepts the ""send"" and reports success even though no frame reaches the wire. Relying on adapter-level enforcement would produce exactly this false ""CAN frame sent"" behavior, which is the bug this function exists to prevent (and which `test_can_listen_only.py` pins against the real library so the reasoning breaks loudly if python-can's behavior ever changes).

So the tool-layer gate in `listen_only_send_refusal` centralizes a config-level guarantee and ensures it's enforced before any driver call, since the adapters themselves cannot be trusted to refuse the transmit.",True,True,True,src/agentic_hil/can.py,True,"Correctly names can.py's listen_only_send_refusal, the None return for non-listen_only buses, and the rationale that the config-level gate must precede any adapter/driver call.",0.037215,0.02375,0.013465,0.02375,,trace,False,L,agentic_hil,4307363,342
agentic_hil_q17,indexed,18614,1001,0,0,3,False,end_turn,,13.138,2026-09-08T12:20:21Z,"## What `flash_firmware` does with the artifact

In `AgenticHILToolService.flash_firmware` (`src/agentic_hil/tools.py:274-310`):

1. It validates the requested firmware, either via `self.artifacts.validate_local_path(image_path)` or `self.artifacts.resolve_artifact_id(artifact_id)`.
2. Before calling the backend, it stages the validated artifact into a **private staging area** with `self.artifacts.stage_for_backend(validation[""artifact""], ""flash_firmware"")` (implemented in `src/agentic_hil/artifacts.py`, `ArtifactManager.stage_for_backend`). This re-opens the source file safely (`safe_open_binary`), verifies it hasn't changed since validation, and copies it into a temporary staging directory (backed by `self._staging`, a `tempfile` mkdtemp-based dir). It returns a new artifact dict pointing at the staged copy (`resolved_path` inside the staging root, `staged: True`).
3. Only the **staged** artifact is passed to the backend: `self.backend.flash_firmware(staged[""artifact""], reset_after_flash)`.

## What happens to the staged copy afterwards

The staged file is always cleaned up right after the backend call, via a `finally` block:

```python
finally:
    self.artifacts.release_stage(staged[""artifact""])
```

`ArtifactManager.release_stage` (`src/agentic_hil/artifacts.py:44-54`) only acts if `artifact[""staged""] is True` and the resolved path actually lives inside the staging root (`is_path_within_frozen` check, guarding against acting outside the sandbox). If so, it deletes the staged file (`path.unlink()`) and attempts to remove its now-empty parent directory (`path.parent.rmdir()`), suppressing `OSError`s from either operation.

This cleanup runs regardless of whether the flash succeeded, failed, or the backend raised an exception (the `except BaseException` branch also drops `self._symbol_elf` before re-raising, but the `finally` still fires to release the stage).

This is confirmed by the test `test_flash_releases_private_backend_stage` in `tests/test_hardening.py`, which asserts the staging root is empty (`list(staging_root.iterdir()) == []`) after a successful `flash_firmware` call.

So: the artifact is copied into a temporary, private staging directory before being handed to the backend, and that staged copy is always deleted (file + its temp parent dir) once the backend call returns or raises.",True,True,True,src/agentic_hil/tools.py;src/agentic_hil/artifacts.py,True,Answer correctly identifies flash_firmware in tools.py staging the artifact via stage_for_backend and always releasing the staged copy with release_stage in artifacts.py.,0.058238,0.047238,0.011,0.047238,,trace,False,L,agentic_hil,4307363,342
agentic_hil_q20,agentic,388887,4960,0,0,12,False,end_turn,,62.96,2026-09-08T12:20:37Z,"## Path from MCP call to the ST‑Link programmer

1. **Contract/schema** – `flash_firmware` is declared as an MCP tool in `src/agentic_hil/contracts.py` (`TOOLS` list, ~line 80), taking exactly one of `image_path`/`artifact_id` plus an optional `reset_after_flash`.

2. **Dispatch** – The MCP server routes the `tools/call` request into the tool layer in `src/agentic_hil/tools.py`, where the dispatch table maps `""flash_firmware"": lambda: self.flash_firmware(args)` (`tools.py:629`, and the coordination-wrapped entry at `tools.py:1864-1868`).

3. **Tool method** – `AgenticHilService.flash_firmware()` (`tools.py:274`):
   - re-enters through `self.call(...)` the first time (`_dispatch_depth == 0`) so the call goes through the coordination/lease machinery (`coordination.py`) before actually running.
   - on the real invocation, checks `self.debugger_permissions.allow_flash`; if false, returns a `permission_denied` result citing `debuggers.<name>.permissions.allow_flash` and stops here.
   - validates the arguments (`invalid_argument` if not exactly one of `image_path`/`artifact_id`, or if `reset_after_flash` isn't a bool), and if `reset_after_flash` is requested, also requires `allow_reset`.
   - resolves/validates the artifact through `Artifacts.validate_local_path`/`resolve_artifact_id` and stages it with `Artifacts.stage_for_backend` (`artifacts.py`).
   - calls `self.backend.flash_firmware(staged_artifact, reset_after_flash)` — the backend interface declared in `src/agentic_hil/debugger.py` (`flash_firmware` in the `Debugger` protocol).

4. **Backend implementation (ST‑Link)** – for a `type: stlink` entry, this resolves to `STLinkBackend.flash_firmware` in `src/agentic_hil/backends/stlink.py` (`stlink.py:338`), which:
   - re-checks `self.config.debugger.permissions.allow_flash` (defense in depth), and additionally checks the two interlock permissions (see below).
   - builds the STM32CubeProgrammer CLI arguments: `_connection_args(self._flash_connect_mode())` (SWD/port, `mode=HOTPLUG` or `mode=UR` per `connect_mode`, `sn=<probe_id>`), `-w <artifact_path>` (plus a flash address for `.bin` artifacts), `-v`, and `-rst` if a reset was requested.
   - runs it through `_run_stlink()` (`stlink.py:616`), which resolves the `STM32_Programmer_CLI` executable, spawns it as a subprocess (`spawn_command`), writes a log, and classifies success/failure from the captured stdout/stderr before returning a structured result.

5. Back in `tools.py`, the result updates the remembered symbol-ELF source (`_remember_symbol_elf`) and the staged artifact is released, then the result flows back up through the coordination wrapper to the MCP response.

## What refuses flashing when disabled

Two independent checks can refuse the call, both driven by `DebuggerPermissions` (dataclass in `src/agentic_hil/types.py`, populated from the YAML in `src/agentic_hil/config.py` around line 3428):

- **`allow_flash` false** – checked first in `AgenticHilService.flash_firmware` (`tools.py:278-279`) and again defensively in the backend (`stlink.py:339-340`, and analogously in `backends/openocd.py:395-396` and `backends/pyocd.py:292-293`). Returns `error_type: ""permission_denied""` naming `debuggers.<name>.permissions.allow_flash`.

- **The mutual-exclusion interlock** – even with `allow_flash: true`, `STLinkBackend.flash_firmware` refuses if either `allow_raw_debugger_commands` or `allow_mass_erase` is `true` on that probe (`stlink.py:341-344`), via `self._exclusive_permission_denied(""flash_firmware"", ""Flashing"", ""allow_raw_debugger_commands""/""allow_mass_erase"")` (`stlink.py:800-814`). This is the ""authoritative config"" exclusivity documented throughout `docs/configuration.md` and `SECURITY.md`: validated flashing and unrestricted debugger access can't coexist, so turning either of those two flags on refuses `flash_firmware` on that probe regardless of `allow_flash`.

Both refusal paths return `ok: false` with `error_type: ""permission_denied""` before any subprocess is spawned, so the ST-Link/STM32CubeProgrammer CLI is never invoked when either condition holds.",True,False,True,src/agentic_hil/tools.py;src/agentic_hil/backends/stlink.py,True,"It correctly traces MCP dispatch to tools.py flash_firmware, the debugger_permissions.allow_flash refusal, and STLinkBackend.flash_firmware in backends/stlink.py, only omitting mcp.py's call_tool by name.",0.849499,0.827374,0.022125,0.827374,,multi_hop,False,L,agentic_hil,4307363,342
agentic_hil_q20,indexed,57702,2360,0,0,3,False,end_turn,,26.588,2026-09-08T12:21:54Z,"## Path from `flash_firmware` MCP call to the ST-Link programmer

**1. MCP entry point / dispatch**
An MCP call to `flash_firmware` goes to `AgenticHILToolService.call(""flash_firmware"", payload)` (`src/agentic_hil/tools.py`), which validates the payload against the tool's schema and then invokes the bound method `AgenticHILToolService.flash_firmware`.

**2. Service-level gate and staging** (`src/agentic_hil/tools.py:274-310`)
`flash_firmware` first re-enters `call()` if invoked directly (the `_dispatch_depth` guard), then:
- Checks `self.debugger_permissions.allow_flash` — this is the first place flashing-disabled is refused (see below).
- Validates exactly one of `image_path`/`artifact_id` is given, validates `reset_after_flash` is a bool, and (if true) requires `allow_reset`.
- Resolves/stages the artifact via `self.artifacts` (`ArtifactManager.validate_local_path` / `resolve_artifact_id`, then `stage_for_backend`).
- Calls `self.backend.flash_firmware(staged[""artifact""], reset_after_flash)`.

**3. Backend selection**
`self.backend` was constructed by `create_debugger_backend(self.config)` at service construction time, based on `debuggers.<name>.type` in config. When `type: stlink`, this yields an `STLinkBackend` instance (`src/agentic_hil/backends/stlink.py`).

**4. STLinkBackend.flash_firmware** (`src/agentic_hil/backends/stlink.py:338-359`)
This method:
- Re-checks `self.config.debugger.permissions.allow_flash` (permission_denied if off).
- Refuses if `allow_raw_debugger_commands` or `allow_mass_erase` is set (exclusive-permission denial, since those make flashing's write-claims unverifiable).
- Builds the `STM32_Programmer_CLI` argv: connection args (`port=SWD`, connect mode, `sn=<probe_id>`), `-w <artifact_path>` (plus a `flash_address` if the artifact is `.bin`), `-v` (verify), and `-rst` if `reset_after_flash`.
- Runs it via `self._run_stlink(...)` → `spawn_command` (subprocess call to the ST-Link/STM32CubeProgrammer CLI, resolved via `find_stm32_programmer_cli`/`_resolve_executable`).
- Classifies output (`_classify_output`) into success/failure buckets (`flash_failed`, `verify_failed`, `flash_erase_failed`, etc.) and writes an action report (`_write_action_report`).

So the call chain is:
`MCP flash_firmware` → `AgenticHILToolService.flash_firmware` (tools.py) → `STLinkBackend.flash_firmware` (backends/stlink.py) → `STM32_Programmer_CLI` subprocess (the actual ST-Link programmer).

## What refuses it when flashing is disabled

Flashing is gated by the `allow_flash` permission on the bound debugger entry (`debuggers.<name>.permissions.allow_flash` in the authoritative config), and the refusal happens in **two places, redundantly**:

- **Service layer**: `AgenticHILToolService.flash_firmware` in `src/agentic_hil/tools.py`:
  ```python
  if not self.debugger_permissions.allow_flash:
      return tool_error(""flash_firmware"", ""permission_denied"",
          ""Flashing is disabled by the authoritative config."",
          self.debugger_permission_key(""allow_flash""))
  ```
- **Backend layer**: `STLinkBackend.flash_firmware` in `src/agentic_hil/backends/stlink.py` (and identically in `OpenOCDBackend.flash_firmware` / `PyOCDBackend.flash_firmware`):
  ```python
  if not self.config.debugger.permissions.allow_flash:
      return self._permission_denied(""flash_firmware"", ""Flashing is disabled by the authoritative config."", self._permission_key(""allow_flash""))
  ```

Additionally, flashing is refused when either of the two ""exclusive"" permissions is granted — `allow_raw_debugger_commands` or `allow_mass_erase` — because those permissions make what's actually on the flash unverifiable, and the two policies (validated flashing vs. unrestricted debugger access) are treated as mutually exclusive (`EXCLUSIVE_FLASH_PERMISSIONS` in `src/agentic_hil/knowledge.py`, checked via `_exclusive_permission_denied` in each backend).

There's also a preflight-time refusal at the test-plan level: `src/agentic_hil/test_reactor.py` (`TestReactor`, handling `step.action == ""flash""`) checks `permissions.allow_flash`, `allow_reset` (for `reset_after_flash`), `allow_raw_debugger_commands`, and `allow_mass_erase` before a plan step is even run, producing a `permission_preflight_error`/`exclusive_permission_preflight_error`.

All these refusals ultimately trace back to the same authoritative source: the `DebuggerPermissions` loaded from config (`src/agentic_hil/config.py` / `types.py`), specifically the `allow_flash` (and the two exclusive) flags under `debuggers.<name>.permissions`.",True,False,True,src/agentic_hil/tools.py;src/agentic_hil/backends/stlink.py,True,It traces the chain through tools.py flash_firmware into STLinkBackend and correctly names debugger_permissions.allow_flash as the refusal; only the mcp.py call_tool dispatch layer is under-specified.,0.162324,0.139004,0.02332,0.139004,,multi_hop,False,L,agentic_hil,4307363,342
agentic_hil_q34,indexed,9838,719,0,0,2,False,end_turn,,11.074,2026-09-08T12:42:41Z,"## The three claims (`SymbolComparator`)

Defined in `src/agentic_hil/test_reactor.py` (class `SymbolComparator`), a `read_symbol` step's `comparator:` can make exactly one of three claims about the decoded integer:

1. **`equals`** — the value must equal one specific number.
2. **`range: {min, max}`** — the value must fall within inclusive bounds.
3. **`mask` (paired with `equals`)** — a bitwise claim, `(value & mask) == equals`, letting a plan assert one flag of a status word without stating the rest of it.

These are deliberately not `StepComparator`'s text-matching vocabulary (`pattern`, etc.), since a symbol is bytes/an integer, not characters — there's one read, one look, one verdict (no `timeout_s`, no rolling window).

## What `signed` selects

`signed: true` picks which of the tool's two decoded readings (`value_signed` vs `value_unsigned`) the claim is judged against — `debug_symbol_value` always decodes and returns both readings from the same bytes, and above the sign bit the two disagree, so `signed` chooses the interpretation. It defaults to `false` (unsigned reading).

Because `mask` is a claim about bits rather than about the whole word's numeric value, `signed` is refused alongside `mask` by the schema (enforced in `SymbolComparator` / plan validation, exercised in `tests/test_test_reactor.py::test_a_symbol_comparator_the_format_cannot_mean_is_refused_at_load`, case `mask_with_signed`).

**Sources:** `src/agentic_hil/test_reactor.py` (`SymbolComparator` class and its `claim`/`reading` properties), corroborated by `docs/test-plan-contract.md` and `docs/testing.md`, and tested in `tests/test_test_reactor.py`.",True,True,True,src/agentic_hil/test_reactor.py,True,"Answer names test_reactor.py's SymbolComparator, the three claims (equals, range, mask) matching masked_value, and correctly says signed picks value_signed vs unsigned decoding.",0.039931,0.026866,0.013065,0.026866,,trace,True,L,agentic_hil,4307363,342
agentic_hil_q33,agentic,5547,419,0,0,3,False,end_turn,,8.086,2026-09-08T12:42:57Z,"It returns `None` in both cases.

Per `read_intel_hex_file` in `src/agentic_hil/gdbmi.py`:

- If the dump has a **hole** (not every byte of `[start_address, start_address+size_bytes)` is covered), the final check `if not all(covered): return None` triggers, returning `None`.
- If an address is written twice with **conflicting values**, the loop's check `if covered[position] and window[position] != value: return None` immediately returns `None`.

The docstring explicitly states the function never returns a partial answer—only the exact requested byte window or `None`—for cases like a malformed record, a failed checksum, an unrecognized record type, a doubly-written address with differing values, or a hole in coverage.",True,True,True,src/agentic_hil/gdbmi.py,True,"The answer correctly identifies read_intel_hex_file in src/agentic_hil/gdbmi.py returning None for both incomplete coverage and conflicting duplicate writes, with accurate detail about the checks.",0.021994,0.015284,0.00671,0.015284,,trace,True,L,agentic_hil,4307363,342
agentic_hil_q11,indexed,14731,622,0,0,2,False,end_turn,,10.176,2026-09-08T12:43:15Z,"In `flash_firmware` (`src/agentic_hil/tools.py:274-310`), when `self.backend.flash_firmware(...)` raises any exception, the code catches it and explicitly sets `self._symbol_elf = None` before re-raising the exception (`raise`).

The reasoning, per the inline comment, is that a backend which raised may have contacted or partially written the target, so the previously remembered ELF can no longer be trusted to describe what's actually on the board. Since `_remember_symbol_elf` only runs on a *returned* result (never reached when an exception propagates), the source has to be dropped explicitly in the `except` clause. This ensures the outer coordination wrapper reports the side effect as `""unknown""`, and that a later ST-Link symbol dump (which relies on `self._symbol_elf`) cannot resolve a symbol against a build that the failed flash may have replaced.

This behavior is exercised by `test_flash_that_raises_drops_the_previously_trusted_symbol_source` in `tests/test_debug_sessions.py:1939-1967`, which confirms that after a raising `flash_firmware` backend call, `result[""side_effect_status""] == ""unknown""` and `service._symbol_elf is None`.

Note the `finally` block still calls `self.artifacts.release_stage(staged[""artifact""])` regardless, but the symbol-source drop happens specifically in the `except BaseException` branch.",True,True,True,src/agentic_hil/tools.py,True,"The answer correctly identifies flash_firmware in src/agentic_hil/tools.py clearing the remembered _symbol_elf (setting it to None) on backend exception before re-raising, matching the expected location and behaviour.",0.043592,0.035682,0.00791,0.035682,,trace,False,L,agentic_hil,4307363,342
agentic_hil_q15,agentic,20682,1340,0,0,4,False,end_turn,,17.801,2026-09-08T12:43:29Z,"## `terminate_process_tree` on POSIX

Source: `src/agentic_hil/process.py`, function `_terminate_process_tree` (called by the public wrapper `terminate_process_tree`, lines 217–299).

**Stopping the children:**

1. It looks up the child's process group id via `_child_process_group` (using the pgid stored at spawn time in `_register_process_group`, or falling back to `os.getpgid`).
2. If there's no separate group (or the pgid equals this process's own group), it just does a normal single-process terminate/kill/wait via `_terminate_single_child`.
3. Otherwise it treats the pgid as the whole backend subtree and does two escalating rounds:
   - `os.killpg(pgid, signal.SIGTERM)` via `_signal_process_group`, then waits up to `timeout_s` for the group to empty (`_wait_for_process_group`).
   - If it's not empty, repeats with `signal.SIGKILL`.
   - If the group is still non-empty after both rounds, it falls back to `_terminate_single_child` on just the leader `child`, then does one final ""does the group still exist"" check (`_process_group_exists`) and raises `RuntimeError(""Process group remained active after SIGKILL."")` if so.
4. On success it calls `_forget_process(child)` to drop the record.

**Deciding the group is actually gone:**

The membership question is answered by `_process_group_exists(pgid)`, which calls `os.killpg(pgid, 0)` (no signal, just a liveness probe):
- `ProcessLookupError` → group is empty/gone.
- `PermissionError` → treated as ""still there"" (a member exists that this process can't signal — notably Darwin can return `EPERM` even for an empty-of-non-zombies group when all remaining members are zombies, so EPERM alone isn't trusted).
- Otherwise (kernel says a member exists) → it refines the answer via `_running_process_group_members(pgid)`, which reads `/proc/<pid>/stat` for every pid in that group and:
  - Skips/reaps pids in state `Z`/`X` (zombies) that this process is the parent of (via `os.waitpid(pid, WNOHANG)`), since a zombie the signal killed holds no resources and shouldn't count as ""alive.""
  - Counts only non-zombie pids as genuinely running.
  - If `/proc` isn't available (`_PROC` dir missing or `_proc_lists_this_process()` fails), it returns `None`, and the caller falls back to trusting the raw kernel answer (group counted as existing).

`_wait_for_process_group` polls this check (plus `child.poll()`) every 20ms until the deadline, returning `True` only once the leader has exited *and* `_process_group_exists` says the group is empty. Additionally, `_signal_process_group` treats a failed `killpg` delivery (e.g., permission error) as not itself fatal — the real failure is only raised if the group *also* still shows a member after the wait, since an EPERM from signalling routinely just means the group was already gone (per the design note at lines 264–285).",True,True,True,src/agentic_hil/process.py,True,"Answer names the correct file and functions (terminate_process_tree/_terminate_process_tree/_signal_process_group) and describes SIGTERM-then-SIGKILL on the process group with killpg(pgid, 0) liveness probing.",0.070669,0.054764,0.015905,0.054764,,trace,False,L,agentic_hil,4307363,342
agentic_hil_q23,indexed,82900,2770,0,0,4,False,end_turn,,37.001,2026-09-08T12:44:17Z,"I now have enough detail to trace the full path from a plan run to reviewer-readable evidence, and each layer that stands between it and secret leakage.

## From plan run to reviewer evidence

1. **The run itself.** A CI job executes `agentic-hil test-reactor --test-config <plan> --junit-xml <path>` (or the equivalent inside the `agentic-hil/run` action), which writes a JSON run report — steps, results, `config_in_force`, `cleanup`, `recovery` — under the workspace (`docs/github-action-design.md`, `docs/testing.md`).

2. **Turning the report into evidence.** `agentic-hil run-evidence --report <report> --out <dir>` (implemented in `src/agentic_hil/runevidence.py`, entry point `write_run_evidence`) reads only that report and the workspace (the plan file and the JSONL logs the report names) — it loads no configuration and touches no hardware. It writes three things into the output directory a workflow uploads with `if: always()`:
   - `run-summary.json` — the machine-readable outcome, plan+digest, firmware info, tool versions, bench identity, failing step (`_evidence_summary`, shape documented in `docs/github-action-design.md`).
   - `job-summary.md` — the same facts as prose/step table for a human reviewer, built by `job_summary()` and, on GitHub, appended to `GITHUB_STEP_SUMMARY` (`_append_step_summary`) so it lands on the job page itself.
   - `logs/` — byte-for-byte copies of the run's JSONL event logs (`collect_logs`), never rewritten, because ""a redacted log is not evidence of anything.""

3. **What a reviewer actually reads** is `job-summary.md` on the PR/job page, cross-checked against `run-summary.json` if they need the machine shape (`docs/ci-examples.md`, `docs/github-action-design.md`).

## What stops secrets/identities from riding along

Several independent layers, all inside `run-evidence`'s own code (not the caller's):

- **Identity/lock-key exclusion by field name.** `excluded_values()` walks the whole report and collects any string sitting under an identity field (`executable`, `executable_path`, `probe_id` — `IDENTITY_FIELDS`) or a lock-key field (`declared_devices`, `lock_key`, `resource`, etc. — `LOCK_KEY_FIELDS`), plus any absolute path that isn't inside the workspace (foreign paths, e.g. `config_in_force.path`). These exact string values are then scrubbed everywhere they occur, including inside prose a backend wrote, replaced with `[withheld]` rather than deleting the surrounding sentence (`_scrub`/`_scrubbed`, used by both `job_summary()` and the JSON summary builder).

- **Devices named logically, not physically.** Instead of publishing a `probe:<serial>` lock key, the bench section names devices by the plan's own logical names (`dut`, `dut_uart`, etc.), via `DEVICE_GROUPS`/`DEVICE_LABELS`.

- **General secret/content redaction.** Everything also passes through `redact_sensitive()` in `src/agentic_hil/redact.py`, which recurses through the document: any mapping key matching a secret-name pattern is replaced wholesale (`_SENSITIVE_KEY_PATTERN` → `_REDACTION_MARKER`), and known ""stream"" keys (stdout/stderr-like content) get a content-level pass (`redact_stream_text`) that masks URL userinfo, `Authorization: Bearer/Basic` headers, and `token=`-style assignments without touching the surrounding prose (this is the same function the CLI's `emit_result`/`print_json` sinks use for every command's output, `src/agentic_hil/cli.py`).

- **Fail closed, not fail open.** If redaction of the report doesn't hand back a usable document (`redact_sensitive` returns something other than a dict), `run-evidence` does **not** fall back to publishing the raw report. `_redaction_refusal()` writes a `redaction_unavailable` refusal into both `run-summary.json` and `job-summary.md` (and onto the GitHub step summary), containing nothing from the original report — not even `outcome`, so a consumer can't mistake it for a completed run — and the command exits nonzero. This mirrors the same fail-closed pattern in `emit_result`/`print_json`/`emit_protocol_error` in `src/agentic_hil/cli.py`.

- **The two canonical stores that never leave the bench.** The hash-chained ledger of reports/logs under `state_root`, and the bench's hardware identities, are deliberately kept off the uploaded, world-readable artifact; only the configuration digest and logical device names are published (`docs/ci-examples.md`, `docs/github-action-design.md`).

- **Logs are copied verbatim, not redacted**, but that's intentional and bounded: they're the hash-chained ledger's own bytes needed to verify against `state_root`, and any secret a backend printed into its own log is explicitly called ""the log's problem,"" kept out of the two published documents that a reviewer reads, not scrubbed inside the log copy itself.

So the chain is: run report → `run-evidence` (reads report+workspace only) → identity/lock-key sweep (`excluded_values`/`_scrub`) + generic secret/content redaction (`redact_sensitive`/`redact_stream_text`) → `run-summary.json` + `job-summary.md` uploaded for the reviewer, with a hard fail-closed refusal (`redaction_unavailable`) standing in for the whole bundle if that redaction step can't vouch for the result.",True,True,True,src/agentic_hil/runevidence.py;src/agentic_hil/redact.py,True,"The answer names both expected files and all three expected symbols (write_run_evidence, job_summary, redact_sensitive), correctly tracing report→evidence artifacts and the redaction/fail-closed protections.",0.20862,0.1935,0.01512,0.1935,,multi_hop,False,L,agentic_hil,4307363,342
agentic_hil_q29,agentic,19568,360,0,0,2,False,end_turn,,6.285,2026-09-08T12:44:58Z,"The closed JSON Schema for test plans is `src/agentic_hil/schemas/testconfig.schema.json` (each object level sets `""additionalProperties"": false`, closing which actions/keys a plan may contain).

It's loaded and exposed in code via `agentic_hil/knowledge.py` (see the docstring near line 3757: *""The shipped test plan schema, parsed once.""*), which parses this file and raises if it isn't a valid JSON object; it's also referenced as the resource `agentic-hil://reference/test-plan-schema` (`AGENTS.md` line 66, `knowledge.py` line 5296).",True,True,False,src/agentic_hil/schemas/testconfig.schema.json,True,"The answer names the expected schema file and correctly describes its closed nature via additionalProperties:false, plus accurate extra detail about loading in knowledge.py.",0.049721,0.042736,0.006985,0.042736,,locate,False,L,agentic_hil,4307363,342
agentic_hil_q08,indexed,48136,2268,0,0,4,False,end_turn,,38.796,2026-09-08T12:45:14Z,"## Answer

The module that arbitrates exclusive, machine-wide access to a bench is **`src/agentic_hil/bench.py`**, via its **`BenchMutex`** class.

- `BenchMutex.__init__` docstring: *""One owner's hold on a set of physical devices. `acquire` is all-or-nothing over sorted resource names, so two owners reaching for an overlapping set cannot each keep half of it.""* (`src/agentic_hil/bench.py:328`)
- `BenchMutex.acquire(resources, wait_s=..., stop_requested=...)` (`src/agentic_hil/bench.py:371`) takes every named physical resource under an internal `RLock` guard (`self._guard`) and **returns the list of resource names it newly took** on success (an already-held resource contributes nothing to that list). If any resource is already held by another owner, it raises **`DeviceBusyError`**, whose `.result` names the holder (pid, host, frontend, label, heartbeat age, etc.) — see `test_second_owner_is_refused_and_the_refusal_names_the_holder` in `tests/test_bench_mutex.py`.
- There's also `acquire_named` for locking non-device pseudo-resources (e.g. the debugger-discovery enumeration lock) through the same path, likewise returning a bool / raising `DeviceBusyError`.

So a bare caller of `BenchMutex.acquire` gets back **the list of resource keys it just locked**, and must call `.release(...)`/`.release_all()` itself to give them up.

On top of that, **`src/agentic_hil/coordination.py`**'s `HardwareCoordinator` wraps a `BenchMutex` internally and, when its own `acquire(...)` succeeds, hands the caller a richer **`HardwareLease`** object (`src/agentic_hil/coordination.py:452`) instead of a bare list — this lease carries the resources, the underlying `_LifetimeLock`s, and any `bench_resources` it separately took, plus methods `.release(...)`, `.quarantine(...)`, and `.record_cleanup_event(...)` for tracking and safely giving back the hold (see `tests/test_coordination.py`, e.g. `test_coordinator_creates_no_state_before_hardware_is_coordinated`).

So: **`agentic_hil.bench.BenchMutex`** is the arbiter of bench-wide exclusivity, and a caller that successfully acquires a device gets back the list of newly-held resource names (or, going through `HardwareCoordinator`, a `HardwareLease` object wrapping that hold).",True,True,True,src/agentic_hil/coordination.py,False,"It commits primarily to bench.py's BenchMutex returning a list of resource names, only secondarily mentioning coordination.py's HardwareCoordinator/HardwareLease, so the headline answer names the wrong module.",0.144117,0.118952,0.025165,0.118952,,locate,False,L,agentic_hil,4307363,342
agentic_hil_q07,agentic,14334,312,0,0,2,False,end_turn,,5.016,2026-09-08T12:46:04Z,"The pytest plugin is `src/agentic_hil/pytest_plugin.py`. It defines the `agentic_hil` fixture (built on the internal `_agentic_hil_service` fixture, which wraps `AgenticHILToolService`), along with `agentic_hil_config` and the `pytest_addoption`/`pytest_collection_modifyitems`-style hooks for the `--agentic-hil-config` option and `agentic_hil_config` ini key.

This plugin is registered via the `agentic_hil` package's pytest entry point (per `CHANGELOG.md`: ""installing `agentic_hil` registers the session-scoped `agentic_hil` fixture"") and documented in `docs/testing.md`.",True,True,True,src/agentic_hil/pytest_plugin.py,True,"The answer names the expected file src/agentic_hil/pytest_plugin.py and the symbols agentic_hil, agentic_hil_config, and pytest_addoption, matching the expected location and behaviour.",0.038383,0.031788,0.006595,0.031788,,locate,False,L,agentic_hil,4307363,342
agentic_hil_q35,indexed,23453,945,0,0,3,False,end_turn,,13.438,2026-09-08T12:46:19Z,"Based on `src/agentic_hil/bench.py` (`BenchMutex.acquire`, lines ~371–423, and the `_take`/`_drop` helpers it calls):

**What happens:**

1. `acquire` normalizes the requested resources with `physical_resources(resources)` and sorts/walks them one at a time under a single `RLock`-guarded loop.
2. For each resource it calls `self._take(resource, deadline, stop_requested)`, appending it to a local `taken` list whenever `_take` actually acquires a new lock (an already-held-by-this-owner resource just bumps a holder count and doesn't get appended).
3. If one of the resources is already held by another owner, `_take` cannot get the underlying OS advisory lock. It polls until `deadline` (governed by `wait_s`, default `0.0`, i.e. no wait unless explicitly requested), checking `stop_requested()` on every turn.
   - If a stop is requested during the wait, `_take` raises `DeviceWaitStoppedError`.
   - If the deadline passes without success, `_take` raises `DeviceBusyError`, whose result names the current holder (via `busy_result`), including holder identity and how long this call waited (`waited_s`).
4. Back in `acquire`, that exception (`DeviceBusyError`/`DeviceWaitStoppedError`, or really any `BaseException`) propagates out of the `for` loop. The `except BaseException` clause in `acquire` catches it and, **before re-raising**, walks the `taken` list in reverse and calls `self._drop(resource)` on each one — releasing every device this call had already succeeded in acquiring earlier in the same call.
5. The exception is then re-raised, so the caller sees the `DeviceBusyError` (or `DeviceWaitStoppedError`) naming the busy resource/holder, and the `BenchMutex` ends up holding **none** of the requested set — it never leaves a partial acquisition in place.

In short: acquisition of a multi-device set is all-or-nothing. If any device in the set is already held by someone else, the whole call fails with `DeviceBusyError` (naming the resource and its holder), and any devices from that same set already taken earlier in the loop are immediately released again, unwinding back to the pre-call state.",True,True,True,src/agentic_hil/bench.py,True,"The answer correctly identifies bench.py's BenchMutex.acquire, _take, DeviceBusyError and the wait/deadline logic, describing all-or-nothing rollback via _drop, matching the expected files and symbols.",0.065741,0.056356,0.009385,0.056356,,trace,True,L,agentic_hil,4307363,342
agentic_hil_q03,agentic,7950,220,0,0,2,False,end_turn,,6.413,2026-09-08T12:46:36Z,"The broker is implemented in `src/agentic_hil/canbroker.py` — specifically the `CANBroker` class (and its `_serve`/attach logic), which holds the machine-wide bus lock and lets multiple processes attach as `Participant`s to share one physical CAN bus (see `attach`/`_attach_with_broker` functions in the same file for how clients find or spawn a broker).",True,True,False,src/agentic_hil/canbroker.py,True,"The answer names the correct file (src/agentic_hil/canbroker.py) and the broker class, matching the expected location despite minor capitalization differences and not naming BrokerDescriptor.",0.02389,0.0181,0.00579,0.0181,,locate,True,L,agentic_hil,4307363,342
agentic_hil_q38,agentic,166446,2677,0,0,9,False,end_turn,,43.6,2026-09-08T12:47:00Z,"## How `uart_expect` decides the line said what the plan claimed

The step is implemented by `UartRunner._uart_expect` in `src/agentic_hil/test_reactor.py` (bound to the `uart_expect` action via `step_action(...)`). It picks whichever of the two v2 expectation fields the schema's `oneOf` guarantees is present — `text` or `pattern` (`UartRunner.expect_fields`) — and calls `UartRunner._expect(field_name, expected, timeout_s)`.

`_expect` builds a matcher with `UartRunner._matcher`:
- for `text`, a substring test (`expected in decoded`);
- for `pattern`, a compiled `re.search` (compiled once at construction, since preflight's `_pattern_refusal`/`pattern_refusal` already proved it compiles).

It then delegates the actual waiting to `UartRunner._read_until`, which is the same read-and-match loop `uart_read`'s comparator path uses. `_read_until`:

1. Computes a deadline from `timeout_s` and a rolling `window` size (at least `UART_EXPECT_TAIL_BYTES` = 512 bytes, or `4*len(written)+16` if larger, so a UTF‑8 character — or the expected text/pattern itself — can never be cut across the retained tail).
2. Loops calling the `com_read` tool (`self.service.call(""com_read"", {...})`) with whatever time remains — the exact tool call an agent driving the port by hand would make.
3. Appends each returned chunk (decoded from the tool's `hex` field back to bytes) onto a `bytearray` buffer, trimmed to the rolling `window`.
4. On every pass, decodes the buffer (`decode_bytes(raw, encoding)`, `errors=""replace""`) and calls `matches(decoded, expired)` — matching against *everything accumulated so far*, not just the newest chunk, so a banner or value split across two reads is still recognized once fully assembled.
5. If it matches, returns success; if the deadline has expired without a match, returns a timeout; if a read returns nothing while time remains, it sleeps `UART_EXPECT_IDLE_POLL_S` before the next pass rather than busy-spinning.
6. If `com_read` itself fails (closed session, permission, audit break, etc.), that's reported as a read failure, not a timeout — kept distinct so a broken read isn't confused with a board that legitimately said nothing.

The result is packaged as `UartReadOutcome`, and `_expect` turns that into the step result: `ok: true` with `expected_text`/`expected_pattern`, `bytes_received`, `reads` on a match, or `ok: false` / `error_type: ""uart_expect_timeout""` plus the tail of what was actually received on failure.

## How the raw wire bytes behind the match are recovered

Matching happens against *decoded* text, but the report needs the actual bytes that satisfied the claim, not a re-encoding of the decoded string (which would be lossy/dishonest wherever `errors=""replace""` altered anything). This recovery is done by `matched_span_bytes` in `src/agentic_hil/comports.py`:

- The matcher (`StepComparator.matches`, used for `uart_read`'s comparator; `uart_expect`'s own matcher records its span via `getattr(matches, ""__self__"", None).matched_span` in `_read_until`) records the `[start, end)` character span in the decoded string where the match occurred.
- `matched_span_bytes(raw_bytes, encoding, span)` rebuilds a character-index → byte-offset map by feeding the raw buffer to an *incremental* decoder one byte at a time, tracking which byte(s) produced each character.
- It then slices the raw bytes corresponding to that character span and cross-checks that decoding that exact slice reproduces the matched substring.
- If the span lands on an ambiguous boundary (a stateful codec like UTF‑7 or ISO‑2022‑JP that emits multiple characters per decoder call, or whose decode of an isolated slice differs from the decode-in-context), it returns `None` rather than fabricate bytes, and the report falls back to a text-only match (`matched_text_bytes_unavailable: True`).

This is invoked from `UartRunner._read_until` (line ~1845): `matched_raw = matched_span_bytes(raw, encoding, span)`, and surfaces in the result via `UartReadOutcome.matched_result`/`tail_result`, which put the recovered bytes (or the last `UART_EXPECT_TAIL_BYTES` of the receive buffer, on timeout) into `data_result(...)` as `{hex, text, encoding}` — so the report's `matched_text.hex`/`received_tail.hex` is exactly what the port put on the wire, never a re-encoding.",True,True,True,src/agentic_hil/test_reactor.py;src/agentic_hil/comports.py,True,"It names UartRunner's uart_expect/_read_until in test_reactor.py plus decode_bytes, StepComparator, and matched_span_bytes in comports.py, matching the expected files and symbols and behaviour.",0.375137,0.359662,0.015475,0.359662,,multi_hop,False,L,agentic_hil,4307363,342
agentic_hil_q36,indexed,17543,975,0,0,2,False,end_turn,,14.512,2026-09-08T12:47:53Z,"## Behavior on probe mismatch

When a debugger entry's configured `probe_id` names a different probe from the one actually attached, the adoption plan refuses **entirely** — it produces no plan and writes nothing, rather than carrying over the subset of keys that happen to be unset.

This is implemented in `_different_board()` in `src/agentic_hil/adopt.py:404-437`, called from `plan_adoption` (`src/agentic_hil/adopt.py:460-507`, via `configured_probe_id`, `src/agentic_hil/adopt.py:396-402`) when the entry's `debuggers.<name>.probe_id` doesn't match the discovered probe's id (case/format folded — matching only differs in ""spelling"" is treated as the same board, per `test_the_pure_planner_refuses_a_mixed_board_plan` in `tests/test_config_adopt.py`).

The rationale, per the docstring of `_different_board`:

> The identity keys are not independent. `probe_id` names a board, and `target.controller`, the COM device and the backend executable all describe *that* board. Carrying the ones that happen to be unset while keeping a `probe_id` that names a different probe produces a configuration whose debugger drives one Nucleo and whose UART talks to another: a file that loads, passes `doctor`, and is wrong in the one way nobody would look for. So the disagreement is not a per-key `kept`: nothing is planned and nothing is written.

Concretely the returned result is:
- `ok: False`
- `error_type: ""hardware_mismatch""`
- `field: ""probe_id""`
- `configured_probe_id` and `discovered_probe_id` fields naming both serials
- a `next_step` telling the operator to either attach the board the entry is configured for, or name the entry that matches the attached board as `debugger_id` — explicitly noting that repointing a configured entry at another probe is ""an operator's edit, not this path's""
- `retry_safe: False`

This is confirmed at the integration level in `tests/test_config_adopt.py` (`test_a_different_attached_board_is_refused_whole_rather_than_partly_carried`), which asserts the file is left byte-for-byte unchanged and the result has no `""carried""` key at all, and is documented in `docs/configuration.md` (""an entry that already names a probe with a *different* probe attached is refused whole rather than partly carried, because the identity keys describe one board between them"") and `CHANGELOG.md`.",True,True,True,src/agentic_hil/adopt.py,True,"The answer identifies adopt.py's plan_adoption, _different_board, and configured_probe_id, correctly stating the plan refuses wholesale (hardware_mismatch, nothing written) rather than partially carrying keys.",0.054476,0.044836,0.00964,0.044836,,trace,False,L,agentic_hil,4307363,342
agentic_hil_q21,agentic,379903,2099,0,0,15,True,tool_use,,51.388,2026-09-08T12:48:11Z,,False,False,False,,False,empty answer,0.780796,0.780796,0.0,0.780796,,multi_hop,True,L,agentic_hil,4307363,342
agentic_hil_q10,indexed,8726,427,0,0,2,False,end_turn,,6.232,2026-09-08T12:49:14Z,"Found it in `src/agentic_hil/tools.py`, in `flash_firmware` (lines 274-310):

```python
image_path = payload.get(""image_path"")
artifact_id = payload.get(""artifact_id"")
if bool(image_path) == bool(artifact_id):
    return tool_error(""flash_firmware"", ""invalid_argument"", ""Provide exactly one of image_path or artifact_id."")
```

When both `image_path` and `artifact_id` are present (both truthy), `bool(image_path) == bool(artifact_id)` evaluates to `True == True`, so the method short-circuits and returns a `tool_error` with `error_type` `""invalid_argument""` and the message `""Provide exactly one of image_path or artifact_id.""` — it never proceeds to permission checks for `reset_after_flash`, artifact validation/staging, or the actual `self.backend.flash_firmware(...)` call. (Note: the same check also rejects the case where neither is provided, since `False == False` is also `True`.)",True,True,True,src/agentic_hil/tools.py,True,"Answer names the correct file, function flash_firmware, and tool_error symbol, accurately describing the mutual-exclusivity check returning an invalid_argument error.",0.028387,0.021722,0.006665,0.021722,,trace,False,L,agentic_hil,4307363,342
agentic_hil_q24,indexed,38414,1477,0,0,3,False,end_turn,,20.656,2026-09-08T12:49:30Z,"## How a config edit reaches a running server

The MCP server does **not** watch the file or auto-reload it. It parses the config once at startup and keeps serving that in-memory object indefinitely (`src/agentic_hil/knowledge.py`, `RUNNING_SERVER_COMPARISON`). Picking up an edit on disk requires an explicit call:

- **`project_config_reload_description`** (MCP tool) / **`agentic-hil config-reload`** (CLI preview) — implemented via `reload_description()` in `src/agentic_hil/configreload.py`, invoked from `AgenticHilTools.reload_description()` in `src/agentic_hil/tools.py`.
- It takes no arguments, needs no permission (it writes nothing), and only re-reads four sections from disk: `target`, `debuggers`, `com_ports`, `can_buses` — each **minus** its `permissions:` block. Everything else (`version`, `workspace_root`, `state_root`, `debug`, `artifacts`, `validation`, `recovery`, `reports`, `logs`, and every permission anywhere) is untouched and still only adopted by a full server **restart**.
- On success, `tools.py`'s `reload_description` calls `self._swap_config(reloaded)` to atomically replace the config object all collaborators hold, at a defined point in the dispatch path (already serialized under `_lifecycle_lock`).
- A newly-appeared device arrives with **no grants at all** (can be probed/read, cannot be flashed/reset/written) until a restart binds it to permissions.

The CLI counterpart `config_reload()` in `src/agentic_hil/cli.py` doesn't act on a live server at all — it's only a preview/check, since a command-line invocation always loads the file fresh and never held a stale copy.

## What refuses the reload during an open run

The refusal is `RELOAD_IN_OPEN_RUN_ERROR` (`config_reload_in_open_run`), produced by `_open_run_refusal()` in `src/agentic_hil/configreload.py`. The check is driven by `AgenticHilTools.open_hardware_holds()` (in `tools.py`), which reports whether the coordinator's `bench_held` is true — covering:

- a declared **run** (`bench_run_start`/`bench_run_stop`),
- an open **COM** or **CAN** session (`com_session_start/stop`, `can_session_start/stop`),
- an open **debug session** (`debug_stop_session`),
- open **leases** outside a run (e.g. via `HardwareCoordinator.acquire`).

Separately, `_unresolved_incident()` in `tools.py` also blocks the reload (`resource_quarantined`) if the coordinator's incident is still standing, even after the leases that caused it are gone — because an operator is about to be told to physically check devices by name, and a rename mid-check would invalidate that.

The rationale (documented in `src/agentic_hil/knowledge.py`'s `config_reload_in_open_run` entry): open holds name physical devices by their configuration entry name, and the description on disk decides which physical unit each name refers to, so re-reading it mid-run could repoint a held name at a different board. The refusal commits nothing (`side_effect_committed: False`), is `retry_safe: True`, and clears automatically once the run/session/lease is closed — confirmed by tests like `test_refused_while_a_run_holds_the_bench` and `test_refused_while_a_lease_outside_a_run_holds_the_bench` in `tests/test_config_reload.py`.",True,False,True,src/agentic_hil/configreload.py,True,"It names configreload.py, reload_description, and _open_run_refusal, correctly describing explicit reload and the open-run refusal; missing only the secondary config_status/configstate detail.",0.106578,0.091598,0.01498,0.091598,,multi_hop,False,L,agentic_hil,4307363,342
agentic_hil_q39,agentic,236244,4114,0,0,10,False,end_turn,,60.118,2026-09-08T12:51:48Z,"## Full path

**1. Plan → tool calls (`test_reactor.py`)**
`ExecuteBreakpointStep`/`run_until_breakpoint` (`_run_until_breakpoint_step`, `tool_calls`, and `_run_until_breakpoint` around `test_reactor.py:2364–2426, 2687`) turns the step's `location` argument into two tool calls: `debug_set_breakpoint` (with that `location`) followed by `debug_continue`. `breakpoint_symbol()` (`test_reactor.py:3455`) extracts the named symbol from whatever form the location took (bare string, `{symbol:}`, `{function:}`), returning `None` for a `{file, line}` location.

**2. Preflight refusals before anything runs (`TestReactor.preflight`, `test_reactor.py:2432‑2551`)**
Before any tool call is issued, the reactor can refuse the whole plan:
- Missing/ambiguous debugger name (`unnamed_refusal`, `name_refusal`).
- No active debug session, or session bound to a different debugger (`without_session` / `state.debug_session` checks).
- `permissions.allow_debug_execution` false → refused (""Resuming target execution requires allow_debug_execution…"") because `run_until_breakpoint` always calls `debug_continue`.
- Symbol resolution/allowlisting: `symbol = breakpoint_symbol(...)`; if `symbol is None` (a `{file, line}` location) and `config.debug.allow_all_symbols` is false → refused (file/line breakpoints require `debug.allow_all_symbols`). If a symbol *is* named but not in `symbol_allowed(config, symbol)` (`test_reactor.py:3464‑3465`, i.e. not in `config.debug.allowed_symbols` and `allow_all_symbols` is false) → refused as ""Symbol is not allowed by the authoritative debug config.""
- Backend-type mismatch: debug-session actions on a non-`openocd` debugger are refused via `_backend_debug_refusal`.

**3. Tool dispatch (`AgenticHILToolService`, `src/agentic_hil/tools.py:399‑407`)**
`debug_set_breakpoint` validates that `location` is a non-empty string or non-empty object (else `invalid_argument`), then forwards `{""location"": location}` to `self.backend.debug_set_breakpoint(...)`.

**4. Backend enforcement and GDB command (`GdbDebugBackend.set_breakpoint`, `src/agentic_hil/backends/gdbdebug.py:407‑452`)**
This is the actual gate that talks to GDB:
- `_require_session` refuses with `session_not_active` (no session/backend not running) or `resource_quarantined` (`cleanup_required`) if the session isn't usable.
- `normalize_breakpoint_location` (`gdbdebug.py:1807`) parses the location into `{""symbol"": name}` or `{""file"", ""line""}`, validating the symbol against `DEBUG_SYMBOL_PATTERN` or the file against `BREAKPOINT_FILE_PATTERN`/no `..`; otherwise `invalid_argument`.
- If it resolved to a symbol, `_validate_symbol` (`gdbdebug.py:1083‑1089`) re-checks the identifier pattern and that it's in `config.debug.allowed_symbols` (unless `allow_all_symbols`) → `permission_denied` again if not.
- If it resolved to `{file, line}` instead, it's refused unless `config.debug.allow_all_symbols` is set (`gdbdebug.py:421‑429`).
- Only after all that does it issue the real GDB/MI command: `self._gdb_command(session, f""-break-insert {mi_string(...)}"")`.

**5. What can still fail at the GDB layer itself**
- `_gdb_command` refuses outright if the audit latch (`self._audit_broken`) is already set (evidence log broken) — a non-containment command like this is blocked before reaching the target.
- If the MI response isn't `ok` or doesn't carry a parseable `number` field, the breakpoint is treated as unconfirmed: if the command timed out or otherwise ""executed"" ambiguously, a *provisional* breakpoint is recorded and the call fails with `cleanup_required`/`side_effect_status: unknown` (a lost ACK could mean GDB actually set it); otherwise it's reported through `_gdb_failure` (e.g. `symbol_not_found`, `symbol_ambiguous`, `timeout`, `debugger_error`) via `_symbol_failure`/`_gdb_failure`.
- If the audit log write itself fails right after a successful insert, the result comes back as `audit_broken` with `quarantined: True` even though the breakpoint is physically set.

So the refusal points on the way from plan to a live GDB breakpoint are: schema validation of the `location` shape, `test_reactor.py` preflight (session/debugger binding, `allow_debug_execution`, and the `allowed_symbols`/`allow_all_symbols` check), `tools.py`'s argument-shape check, and finally `gdbdebug.py`'s own re-validation (symbol pattern/allowlist, file/line `allow_all_symbols` gate, session liveness, audit-latch block) plus GDB's own MI response (symbol not found/ambiguous, timeout, unconfirmed insert).",True,False,True,src/agentic_hil/backends/gdbdebug.py,True,"The answer identifies both expected files and all four expected symbols (breakpoint_symbol, symbol_allowed, set_breakpoint, normalize_breakpoint_location), correctly tracing the plan-to-GDB path and refusal points.",0.528788,0.513628,0.01516,0.513628,,multi_hop,False,L,agentic_hil,4307363,342
agentic_hil_q37,indexed,28019,1256,0,0,3,False,end_turn,,16.515,2026-09-08T12:53:01Z,"## `decode_symbol_value` on non-1/2/4/8-byte data

Defined in `src/agentic_hil/backends/gdbdebug.py` (function `decode_symbol_value`, ~line 1733):

```python
def decode_symbol_value(data: bytes, order: JsonObject) -> JsonObject:
    byte_order = str(order[""byte_order""])
    result: JsonObject = {""hex"": data.hex(), **order}
    if len(data) in INTEGER_VALUE_WIDTHS:
        result[""value_unsigned""] = int.from_bytes(data, byte_order, signed=False)
        result[""value_signed""] = int.from_bytes(data, byte_order, signed=True)
    else:
        result[""value_not_decoded""] = ""size_bytes is not 1, 2, 4 or 8, so the bytes carry no single integer reading.""
    return result
```

For a length not in `INTEGER_VALUE_WIDTHS` (i.e. not 1, 2, 4, or 8), it does **not** invent a numeric reading: it omits `value_unsigned`/`value_signed` entirely and instead adds `value_not_decoded` with the message `""size_bytes is not 1, 2, 4 or 8, so the bytes carry no single integer reading.""` The raw bytes are still returned as `hex` (memory order), unaffected by this decision.

## Where the byte order comes from

The `order` argument is a dict (e.g. `{""byte_order"": ""little""|""big"", ""byte_order_from"": ""elf_header""|""default""}`) produced by `image_byte_order()` in `src/agentic_hil/backends/gdbdebug.py`. That function:

- Calls `read_elf_byte_order(elf_path)` (defined in `src/agentic_hil/elfsymbols.py`), which reads the ELF's `EI_DATA` byte from the file's identification header and reports `""little""` or `""big""`, or `None` if the file isn't a valid/readable ELF or declares neither.
- If a value was read from the ELF, it returns `{""byte_order"": declared, ""byte_order_from"": ""elf_header""}`.
- If nothing could be read (no valid EI_DATA), it falls back to `{""byte_order"": DEFAULT_SYMBOL_VALUE_BYTE_ORDER, ""byte_order_from"": ""default""}`.

The caller (`GDBDebugger.debug_symbol_value` in `gdbdebug.py`) passes `image_byte_order(str(session.artifact[""resolved_path""]))` — i.e., the ELF image that was loaded into and is running on the debug session — into `decode_symbol_value`. So the byte order used to interpret the raw memory bytes is read from the target's own ELF image's `EI_DATA` field (falling back to a documented default, e.g. little-endian for unsupported/undeclared images), rather than being fixed or configured elsewhere. The `decode_symbol_value` result then echoes this back unchanged via `**order` (the `byte_order` and `byte_order_from` fields).",True,True,True,src/agentic_hil/backends/gdbdebug.py;src/agentic_hil/elfsymbols.py,True,"Answer correctly identifies decode_symbol_value in gdbdebug.py skipping integer decode (value_not_decoded) for widths outside INTEGER_VALUE_WIDTHS, and byte order from image_byte_order via read_elf_byte_order in elfsymbols.py with default fallback.",0.080253,0.068598,0.011655,0.068598,,trace,False,L,agentic_hil,4307363,342
agentic_hil_q18,agentic,79579,2350,0,0,9,False,end_turn,,31.527,2026-09-08T12:53:22Z,"I have sufficient information now.

## What `start_detached_run` does differently from a foreground plan run

`start_detached_run` (in `src/agentic_hil/runlifecycle.py`) does not run the plan itself at all — it launches the plan in a **separate, detached OS process** and returns almost immediately, rather than blocking until the whole plan finishes:

1. It mints a fresh **handle** with `new_run_handle()` (`run-<16 hex>`).
2. It calls `spawn_run_worker`, which uses `spawn_detached_process` (from `agentic_hil.process`) instead of a managed/job-object-bound child — deliberately, ""so a detached test run whose whole point is to outlive the command that started it would [not be] killed the moment that command returned."" The worker's stdout/stderr are redirected to a log file beside its record (`worker_log_path`), since nothing is left to read a pipe once the starting command returns.
3. Rather than waiting for the plan to complete, it only waits (up to `worker_publish_window_s(wait_s)`, polling `read_run_record`) for the worker to **publish** that it is either running (holding its devices) or already at a terminal state — i.e., it waits for the record to leave the `starting` state, not for the report.
4. It handles cases a foreground run doesn't need to: a worker process that exits before publishing anything (`run_worker_failed`), and a worker that never publishes within its window, in which case it proactively plants a **stop file** under the handle (`_plant_stop_after_unresponsive`) so that if the worker does come alive later it terminates at the next step boundary instead of running unsupervised.
5. On success it returns the handle plus pointers to check on it later (`test-reactor-status --run <handle>` / `test-reactor-stop --run <handle>`), instead of the plan's actual pass/fail result (unless the worker already finished inside the publish window, in which case `_detached_terminal_result` reports the verdict directly).

A foreground run, by contrast, executes the plan synchronously in the calling process and returns the final report/result directly — it never needs a handle, a lock, or a stop-request channel because the caller *is* the thing running it.

## What it writes so a later call can find the run again

Everything needed to look the run up later lives under `runs_directory(config)` (`derived_state_directory(state_root, ""coordination"", ""runs"")`), keyed by the handle:

- **`<handle>.json`** — the run record, written via `write_run_record`/`RunRegistration._write` (atomic write, retried on contention). It holds `version`, `state` (`starting` → `running` → `finished`/`stopped`), `name`, `test_config_path`, `started_at`/`updated_at`/`finished_at`, `progress`, `run_ok`, `error_type`, `report_path`/canonical report key, and `pid`. This is what `read_run_record`/`run_status` reads back to answer `test-reactor-status --run <handle>`.
- **`<handle>.lock`** — a lifetime lock (`_LifetimeLock`) held by the worker for as long as it runs; a later caller (`worker_is_gone`) can tell whether the process is still alive by attempting to acquire it, rather than trusting a pid.
- **`<handle>.log`** — the worker's captured stdout/stderr (`worker_log_path`, read by `worker_output`), used when there's no record/report to explain what happened.
- **`<handle>.stop`** (written later, by `request_run_stop`/`_plant_stop_after_unresponsive`) — the one-writer stop-request file a later `test-reactor-stop --run <handle>` call creates and the run polls for between steps.

The handle itself is what `start_detached_run` returns to the caller (`{""run"": handle, ...}`), and it's the only string later calls need to reconstruct all these paths (`record_path`, `lock_path`, `stop_path`, `worker_log_path`) and find the run again.",True,True,True,src/agentic_hil/runlifecycle.py,True,"Answer names runlifecycle.py, spawn_run_worker, and write_run_record, correctly describing detached process spawn plus the handle-keyed run record (and lock/log/stop files) used for later lookup.",0.194648,0.182658,0.01199,0.182658,,trace,False,L,agentic_hil,4307363,342
agentic_hil_q04,indexed,8154,410,0,0,2,False,end_turn,,6.648,2026-09-08T12:53:58Z,"The module is **`src/agentic_hil/mcp.py`**.

Its top-level entry point `handle_mcp_message` (which delegates to `handle_single_mcp_message`) parses an incoming MCP JSON-RPC message, validates the envelope, and then calls `handle_method(request_id, method, params, tools)` to dispatch the request to the `AgenticHILToolService` (the tool service), turning exceptions into proper JSON-RPC error responses (`-32602`/`-32603`) as needed.

This is invoked from the stdio transport in `src/agentic_hil/stdio.py` (`run_stdio_server`), which reads each line from the input stream and passes it to the dispatcher in `mcp.py` along with an `AgenticHILToolService` instance.",True,True,True,src/agentic_hil/mcp.py,True,"The answer names the expected module src/agentic_hil/mcp.py and its dispatch functions handle_mcp_message and handle_method routing to the tool service, matching the expected location and behaviour.",0.026928,0.020408,0.00652,0.020408,,locate,False,L,agentic_hil,4307363,342
agentic_hil_q40,agentic,243399,1838,0,0,15,True,tool_use,,62.694,2026-09-08T12:54:09Z,,False,False,False,,False,empty answer,0.505178,0.505178,0.0,0.505178,,multi_hop,False,L,agentic_hil,4307363,342
agentic_hil_q26,indexed,14331,739,0,0,2,False,end_turn,,10.351,2026-09-08T12:55:19Z,"Both conversions live in `src/agentic_hil/gdbmi.py`:

- **Writing**: `write_intel_hex_file(file_path, start_address, data, *, workspace)` (src/agentic_hil/gdbmi.py:324-341) turns a symbol's raw memory bytes into Intel HEX records (using `intel_hex_record`, emitting extended linear address records at 64 KiB boundaries and an EOF record), then writes them atomically via `atomic_write_text`.

- **Reading**: `read_intel_hex_file(file_path, start_address, size_bytes)` (src/agentic_hil/gdbmi.py:350-401) parses an Intel HEX file back off disk, reconstructing exactly the `[start_address, start_address+size_bytes)` window of bytes (using `parse_intel_hex_record` per line), returning `None` if the window isn't fully and unambiguously covered.

These two functions are used together by the backends that implement symbol dumping/reading, e.g.:

- `src/agentic_hil/backends/gdbdebug.py` — `dump_symbol_ihex` calls `write_intel_hex_file` after reading memory via a live debug session.
- `src/agentic_hil/backends/pyocd.py` — `debug_dump_symbol_ihex` similarly calls `write_intel_hex_file` on bytes read via pyOCD's memory read (since pyOCD itself can't emit Intel HEX).
- `src/agentic_hil/backends/stlink.py` — `debug_symbol_value` calls `read_intel_hex_file` to parse back the `.hex` file that STM32CubeProgrammer's `-r` command wrote (since STLink's only memory-read mechanism is dumping to a file), and `debug_dump_symbol_ihex` lets the CLI write the Intel HEX directly, then validates it.",True,True,True,src/agentic_hil/gdbmi.py,True,"The answer names the correct file (src/agentic_hil/gdbmi.py) and the expected symbols write_intel_hex_file, read_intel_hex_file, and intel_hex_record, with accurate supporting detail.",0.044742,0.036052,0.00869,0.036052,,locate,True,L,agentic_hil,4307363,342
agentic_hil_q34,agentic,10403,606,0,0,2,False,end_turn,,10.629,2026-09-08T12:55:33Z,"Confirmed via `src/agentic_hil/schemas/testconfig.schema.json` (readSymbol comparator description) and `docs/testing.md`/`docs/test-plan-contract.md`.

**The three claims a `read_symbol` comparator can make:**
- `equals` — the decoded value must equal exactly one number.
- `range` (with `min`/`max`) — the decoded value must fall within inclusive bounds.
- `mask` alongside `equals` — asserts `(value & mask) == equals`, i.e. a claim about specific bits (e.g. one flag of a status word) rather than the whole word.

Exactly one of `equals`/`range` is required, and `mask` may only accompany `equals` (not `range`).

**What `signed: true` selects:** it picks the *signed* interpretation of the decoded bytes rather than the unsigned one. The underlying tool (`debug_symbol_value`) returns both a signed and an unsigned reading of the same bytes, and the two only disagree above the top bit of the word; `signed: true` chooses which reading the comparator judges against. Because a mask is a claim about raw bits, `signed` is refused when `mask` is present rather than silently ignored.

Sources: `src/agentic_hil/schemas/testconfig.schema.json` (the `readSymbol` comparator description, around line 109), `docs/testing.md` (lines ~19–65), `docs/test-plan-contract.md`, and the implementation in `src/agentic_hil/test_reactor.py` (`_read_symbol`, and the comparator-evaluation table near line 141).",True,True,False,src/agentic_hil/test_reactor.py,True,"Answer correctly names equals, range, and mask+equals claims and that signed selects signed vs unsigned interpretation, citing test_reactor.py implementation.",0.039666,0.026866,0.0128,0.026866,,trace,True,L,agentic_hil,4307363,342
agentic_hil_q22,indexed,51068,1696,0,0,3,False,end_turn,,23.607,2026-09-08T12:55:56Z,"## How a CAN frame reaches a second process on a shared bus

This project models a shared CAN bus through a broker process (`src/agentic_hil/canbroker.py`), and the path a frame takes is entirely mediated by that single broker rather than by any direct peer-to-peer link between the two client processes.

**1. One broker process owns the physical bus.**
`CanBroker` (`src/agentic_hil/canbroker.py`) holds the bus lock and the single open adapter session for the bus's whole life (`CanBroker.__init__`, `take_bus`, `open_bus`). It listens for participant connections via a `multiprocessing.connection.Listener` (`publish()`), using local IPC only — `AF_UNIX` on POSIX or a named pipe on Windows, authenticated with an HMAC authkey (module docstring, `canbroker.py:36-96`).

**2. Each process attaches as a named participant.**
A client process calls `attach_participant()` / `_attach_with_broker()`/`_attach_once()`, which reads the broker's published descriptor and opens a `Client` connection, sending an `attach` message (`canbroker.py:1288-1447`). The broker's `serve()` loop accepts the connection and spawns a handler thread per connection (`_serve_connection`), which processes messages including `attach`, `send`, `read`, `detach` (`canbroker.py:604-725`).

**3. Sending: the first process writes to the medium.**
When process A calls `Participant.send()`, it sends a `""send""` message over its own connection to the broker. The broker's handler calls the real adapter's `send()` (via `session.adapter_session.send(frame)` reached through `_handle_send`/`canbroker.py:977-1000`), which actually puts the frame on the physical CAN bus/adapter. The broker logs this transmit in the whole-bus frame log with a sequence number (`self._log_bus({""event"": ""frame"", ""direction"": ""tx"", ...})`).

**4. Receiving: the broker is the only reader, and fans frames out.**
The broker is the sole reader of the adapter (`_draw_from_bus`, `canbroker.py:1002-1074`): ""a read is destructive at the controller, so a per-participant read would have been one participant stealing frames."" When any participant issues a `read` request (`_handle_read`), the broker draws frames from the adapter and, for **every** attached participant whose permissions and identifier filter (`filter_accepts`) match, appends the frame to that participant's own in-broker queue (`item.queue.append(...)`), recording which participants it was `delivered_to` in the bus log.

**5. Process B retrieves the frame from its queue.**
When process B (e.g., participant `beta`) later calls `Participant.read()`, this sends a `""read""` request to the broker; `_handle_read` first tries to draw fresh frames from the bus (`_draw_from_bus`) and then hands back whatever is sitting in `beta`'s participant-specific queue, up to `max_frames`.

So concretely: **A's `send()` → IPC message to broker → broker calls the real adapter's `send()` (frame hits the actual bus) → broker logs it → next adapter `read()` (triggered by any participant's read call, including B's) pulls the frame back off the bus and fans it into every matching participant's queue → B's `read()` request drains its own queue and returns the frame to B.** The frame never passes directly between the two processes; it is only ever exchanged as a message with the broker, which is the single owner of the physical bus and adapter (`CanBroker` docstring, `canbroker.py:519-526`).

This whole design and its rules (locking, permissions, `shares:` config, `listen_only`) are documented in `docs/can-service-design.md`, and the end-to-end behavior (send by one participant, fanned to and read by another, both logs correlated by `frame_seq`) is exercised in `tests/test_can_broker.py::test_a_sent_frame_is_attributable_in_both_logs`.",True,False,True,src/agentic_hil/canbroker.py,True,"Answer correctly identifies CanBroker in canbroker.py as the mediator, describing IPC send, adapter transmit, sole-reader fan-out into per-participant queues, and the second process's read.",0.141051,0.119096,0.021955,0.119096,,multi_hop,True,L,agentic_hil,4307363,342
agentic_hil_q26,agentic,26369,794,0,0,4,False,end_turn,,13.328,2026-09-08T12:56:27Z,"Found it in `src/agentic_hil/gdbmi.py`:

- **Writing**: `write_intel_hex_file()` (line 324) turns a symbol's raw memory bytes into Intel HEX text using `intel_hex_record()` (line 344) to build each `:llaaaatt<data>cc` line, then commits it via `atomic_write_text`.
- **Reading**: `read_intel_hex_file()` (line 350) is the inverse — it reads the `.hex` file back off disk, parses each line with `parse_intel_hex_record()` (line 407), and reconstructs the byte window `[start_address, start_address+size_bytes)`. This exists specifically because STM32CubeProgrammer's `-r` (used by the ST-Link backend) only writes an Intel HEX file and has no other read path — see the docstring's reference to `src/agentic_hil/backends/stlink.py` (issue #249).

These are used by the debug-dump-symbol flow (e.g. `debug_dump_symbol_ihex` calls exercised in `tests/test_debug_sessions.py`) and by `src/agentic_hil/backends/stlink.py` (around lines 467–558) when staging/reading `symbol-value.hex`.",True,True,True,src/agentic_hil/gdbmi.py,True,"The answer names the correct file (src/agentic_hil/gdbmi.py) and all three expected symbols (write_intel_hex_file, read_intel_hex_file, intel_hex_record) with accurate behavioral descriptions.",0.068403,0.060678,0.007725,0.060678,,locate,True,L,agentic_hil,4307363,342
agentic_hil_q28,indexed,17365,557,0,0,2,False,end_turn,,8.245,2026-09-08T12:56:54Z,"The reactor is the `TestReactor` class in **`src/agentic_hil/test_reactor.py`**.

- `TestReactor.run()` is the top-level entry point that drives a loaded `TestConfig` plan end-to-end (preflight → execute → cleanup → report).
- The actual walk over the plan's steps happens in `TestReactor.execute_steps()`, which iterates a `Sequence[TestStep]` in order, recording each and stopping at the first failure (also descending into `repeat` blocks).
- For each individual step, `TestReactor.execute_step()` resolves the step to the device it names (via `self.step_device(step)`) and calls `device.execute(step)`, driving that step against exactly the device it addresses.

The per-device execution logic itself lives in the `StepDevice` subclasses (e.g. `DebuggerRunner` for debugger steps), which ""serve"" the actions named in the plan — see the `StepDevice` docstring in `test_reactor.py` around line 1109, and the description in `docs/testing.md` (""Test Reactor"" section) confirming this is the component that ""executes a strict, sequential YAML or JSON test plan against the named devices in the authoritative config.""",True,True,True,src/agentic_hil/test_reactor.py,True,"The answer names the correct file (src/agentic_hil/test_reactor.py) and the expected symbols TestReactor, TestStep, and StepDevice, accurately describing the step-walking and per-device dispatch behavior.",0.047775,0.0403,0.007475,0.0403,,locate,False,L,agentic_hil,4307363,342
agentic_hil_q27,agentic,13555,296,0,0,2,False,end_turn,,6.12,2026-09-08T12:57:06Z,"The machine-wide mutex is `BenchMutex`, defined in `src/agentic_hil/bench.py`. It uses OS-level file locks under a home-directory lock root (see `tests/test_bench_mutex.py` and `src/agentic_hil/coordination.py`, which describes it as ""the same home-directory mutex every session uses"" to prevent two processes from driving the same probe/board/serial port simultaneously).",True,True,True,src/agentic_hil/bench.py,True,"The answer names BenchMutex in src/agentic_hil/bench.py and describes the file-lock root behaviour, correctly identifying the primary location and mechanism.",0.035805,0.03007,0.005735,0.03007,,locate,True,L,agentic_hil,4307363,342
agentic_hil_q25,indexed,38375,1797,0,0,3,False,end_turn,,24.22,2026-09-08T12:57:33Z,"## How the report proves the audit log wasn't tampered with

The mechanism has two layers: a **tamper-evident canonical ledger** written outside the agent's reach, and a **`canonical_audit` evidence block** attached to reports at read time so any divergence is visible to the reader.

### 1. A trusted, hash-chained canonical copy under `state_root`

Every hardware-effect line the agent's tools write to a workspace log is also mirrored into a canonical copy kept under the operator-pinned `state_root` (outside the workspace the agent can freely edit) via `append_canonical_audit_log` and `write_audit_log` in `src/agentic_hil/report.py`:

- Each canonical log has a sidecar `.digest` file storing `sequence`, `chain_sha256`, and `bytes`.
- On each append, the new chain digest is `sha256(previous_chain_sha256 + new_text)` — a classic hash chain (`src/agentic_hil/report.py:105-130`, `append_canonical_audit_log`).
- Before appending, the code checks that the on-disk file size still matches the sidecar's recorded `bytes`; if not, it fails closed with `coordination_state_invalid` rather than extending a chain that no longer matches its own log (`src/agentic_hil/report.py:105-130`).
- A full-file rewrite (e.g., a GDB session snapshot) goes through `write_audit_log`, which also refreshes the canonical copy and recomputes the chain digest over the whole content (`src/agentic_hil/report.py:133-150`).

This canonical file+sidecar pair is the trusted anchor; the workspace-visible log is explicitly documented as an ""untrusted mirror"" (`docs/security-design.md`).

### 2. Verifying the untrusted workspace mirror against the canonical anchor

`canonical_audit_evidence` (`src/agentic_hil/report.py:160-197`) reads the canonical file and its sidecar and compares against the workspace log:

- Returns `canonical_log_present`, `canonical_log_name` (basename only — the absolute state-root path is never exposed), `log_sequence`, and `log_chain_sha256`.
- Then checks `workspace_log_verified`: every line in the canonical log must appear, in the same order, as an ordered subsequence within the workspace log (`_is_ordered_subsequence`). Extra passive lines (e.g., COM RX feedback that was never mirrored) are tolerated, but deletion, alteration, or reordering of any canonical (effect) line makes `workspace_log_verified` false.
- If the canonical sidecar/log itself can't be read, it reports `canonical_log_corrupted: True` distinctly from ""no canonical log,"" so corruption of the trusted anchor is never confused with benign absence.

### 3. Surfacing this proof in the report an agent reads back

`attach_canonical_audit_evidence` (`src/agentic_hil/report.py:200-214`) takes a result/report, resolves its `log_path`, computes `canonical_audit_evidence` against it, and merges the evidence in as a `canonical_audit` field — computed fresh at read time, not baked into the stored report.

This is wired into the read-back tools:
- `get_last_report` in `src/agentic_hil/tools.py:468-473` calls `attach_canonical_audit_evidence` on the report before returning it.
- `classify_last_error` → `classify_failure_report` in `src/agentic_hil/report.py:856-880` likewise attaches it to the classification result.

So when an agent calls `get_last_report` or `classify_last_error`, the response carries a `canonical_audit` block with `log_sequence`, `log_chain_sha256`, and `workspace_log_verified`. If the workspace log was edited, reordered, or deleted underneath the agent, `workspace_log_verified` will be `false` even though the canonical, hash-chained copy under `state_root` remains intact — giving the reader proof the ledger held (or didn't) independent of what the workspace file currently shows.

Tests confirming this behavior: `tests/test_hardening.py::test_workspace_audit_log_tampering_is_detected`, `test_canonical_evidence_detects_reordered_effect_lines`, `test_canonical_evidence_tolerates_extra_passive_workspace_lines`, and `test_report_api_surfaces_canonical_audit_evidence`; also `tests/test_sessions_devices_coordination.py::test_a_corrupt_or_mismatched_audit_sidecar_fails_the_append_closed`.

Documentation of the design intent is in `docs/security-design.md` and `docs/test-plan-contract.md` (""Whether the ledger held"").",True,True,True,src/agentic_hil/tools.py;src/agentic_hil/report.py,True,"The answer identifies attach_canonical_audit_evidence, canonical_audit_evidence, and append_canonical_audit_log in report.py plus the tools.py read-back wiring, matching expected files and symbols with accurate detail.",0.10831,0.09472,0.01359,0.09472,,multi_hop,False,L,agentic_hil,4307363,342
agentic_hil_q16,agentic,40004,1839,0,0,7,False,end_turn,,27.225,2026-09-08T12:58:00Z,"Now I have enough context to answer comprehensively.

## `HardwareLease.quarantine`

`quarantine(reason, error=None, *, audit_broken=False)` (`src/agentic_hil/coordination.py:486`) delegates to `HardwareCoordinator.quarantine_lease` → `_quarantine_registered_lease` (`coordination.py:1082`, `:2249`). It:

- Marks the lease as **not cleanly finished**: sets `lease.state = ""cleanup_required""`.
- Assigns/reuses a `coordinator.quarantine_id`, stamping it onto `lease.quarantine_id`.
- Adds the resources this lease holds to `coordinator.incident_resources` and sets `coordinator.blocked = True`, i.e. it **opens (or extends) a machine/project-wide incident** that blocks other leases/holds on those resources until resolved.
- Appends a detailed entry (reason, timestamp, quarantine_id, optional error type/summary) to `lease.errors`, which feeds `cleanup_reasons()`/`status()` and is what gates future recovery.
- Marks the audit as broken (`audit_incident`) if `audit_broken=True`, and persists the lease and project records to disk (`_persist_lease`, `_persist_project(""cleanup_required"")`), re-normalizing sibling quarantined markers if the incident set grew.

So `quarantine` is used when a lease's teardown **cannot be trusted** (e.g., safe state not confirmed, processes not reaped, audit broken) — it leaves the lease/resource in a blocked, incident state that requires explicit recovery (a ""gate"") before the resource can be reused.

## `HardwareLease.release`

`release(*, safe_state_confirmed=True, processes_reaped=True, audit_ok=True)` (`coordination.py:478`) delegates to `HardwareCoordinator.release_lease` (`:990`). It:

- Only proceeds if the lease is valid and either `active` or in a retryable cleanup state.
- If `safe_state_confirmed`, `processes_reaped`, and `audit_ok` are all true, it **actually tears the lease down cleanly**: persists the lease as `""released""`, releases its locks, releases any bench holds, removes it from `coordinator.leases`, clears its `errors`/`quarantine_id`, and marks `lease.valid = False`.
- If any of the confirmation flags is false, `release_lease` itself calls `_quarantine_registered_lease` internally instead of releasing — i.e. **an unclean release turns into a quarantine** rather than completing.
- If a genuine failure occurs while persisting/releasing (e.g. I/O error), it also falls back to quarantining the lease as a retryable incident (`LEASE_RELEASE_RETRY_REASON`) rather than silently succeeding.

## Key difference

- `release` is the **normal, successful teardown path**: it returns the resources/locks and erases the lease's error state, and only takes the coordinator's lock/incident-blocking path as a fallback when confirmation fails or persistence errors occur.
- `quarantine` is the **explicit ""this did not end well"" path**: it never frees resources or locks; instead it puts the lease (and the resources it holds) into a durable `cleanup_required`/incident state, tracked via `quarantine_id`, that blocks further use of those resources until an operator or recovery process resolves it. It's essentially the internal mechanism `release` falls back on when its confirmation arguments (`safe_state_confirmed`, `processes_reaped`, `audit_ok`) aren't all true, or when the release itself fails.",True,True,True,src/agentic_hil/coordination.py,True,The answer identifies HardwareLease.quarantine and release in src/agentic_hil/coordination.py and accurately describes quarantine's incident/cleanup_required blocking state versus release's clean teardown with quarantine fallback.,0.110053,0.098398,0.011655,0.098398,,trace,False,L,agentic_hil,4307363,342
agentic_hil_q13,indexed,19720,1063,0,0,3,False,end_turn,,15.403,2026-09-08T12:58:38Z,"## `spawn_command` in `src/agentic_hil/backends/common.py`

`spawn_command` returns a `CompletedCommand` dataclass, and it distinguishes the two failure modes via distinct fields on that object rather than by exception type or return code:

**Executable not there (missing file):**
- Catches `FileNotFoundError` from `spawn_managed_process`
- Returns `CompletedCommand(stdout="""", stderr="""", returncode=None, timed_out=False, not_found=True)`
- Only `not_found=True` is set; `not_executable_reason` stays at its default of `None`.

**Executable is there but the host refuses to run it:**
- Catches a general `OSError` (checked *after* `FileNotFoundError`, since `ENOENT` is a special case of `OSError`), but only re-raises if `error.errno` is not in `EXEC_REFUSED_ERRNOS` — otherwise it treats it as an exec refusal.
- Returns `CompletedCommand(stdout="""", stderr="""", returncode=None, timed_out=False, not_found=False, not_executable_reason=..., spawn_error=str(error))`, where `not_executable_reason` is set to:
  - `NOT_AN_EXECUTABLE_IMAGE_REASON` if `error.errno == errno.ENOEXEC` (the file exists but isn't something this machine can run as a program — e.g. wrong architecture, missing shebang), or
  - `PERMISSION_DENIED_REASON` for other refused-exec errnos (e.g. missing execute bit).
- Here `not_found=False`, and `not_executable_reason` is non-`None` (exposed via the `CompletedCommand.not_executable` property).

So the two cases are told apart by which flag is populated: `not_found=True` for a missing executable vs. `not_executable_reason` set (with `not_found=False`) plus `spawn_error` carrying the OS's own message for one that exists but won't execute. Callers use this distinction downstream — e.g. `not_executable_refusal` in the same file builds a `""debugger_not_executable""` error (as opposed to the corresponding `*_NOT_FOUND` error backends use for `not_found`), explicitly noting ""The counterpart of every backend's `*_NOT_FOUND` constant... What it may not be is the same refusal.""",True,True,True,src/agentic_hil/backends/common.py,True,"Answer names the correct file and identifies spawn_command returning CompletedCommand with not_found for a missing executable versus not_executable_reason/refusal for one that won't run, citing not_executable_refusal.",0.062005,0.05007,0.011935,0.05007,,trace,False,L,agentic_hil,4307363,342
agentic_hil_q11,agentic,6857,473,0,0,3,False,end_turn,,8.953,2026-09-08T12:58:58Z,"## Answer

In `HilTools.flash_firmware` (`src/agentic_hil/tools.py`, lines 274–312), if `self.backend.flash_firmware(...)` raises any exception, the code sets `self._symbol_elf = None` before re-raising the exception (lines 295–308).

The rationale documented inline: a backend that raised may have contacted or partially written the target, so the bench's previously remembered ELF symbol source can no longer be trusted to describe what's actually on the board. Since `_remember_symbol_elf` (the normal path that decides whether to keep/update the symbol ELF, lines 314–338) only runs on a *returned* result and is never reached on an exception, `flash_firmware` explicitly clears `self._symbol_elf` itself before propagating the exception — ensuring a later ST-Link symbol dump can't resolve against a build that a failed flash may have replaced.",True,True,True,src/agentic_hil/tools.py,True,"The answer correctly locates flash_firmware in src/agentic_hil/tools.py and states it clears the remembered _symbol_elf (setting it to None) before re-raising, matching the expected invalidation behavior.",0.030869,0.018444,0.012425,0.018444,,trace,False,L,agentic_hil,4307363,342
agentic_hil_q32,indexed,9018,827,0,0,2,False,end_turn,,10.317,2026-09-08T12:59:20Z,"## `read_elf_symbol` behavior for zero-size vs. absent symbols

Both cases return `{""ok"": False, ...}`, but with a different `reason`, defined in `_read_symbol` in `src/agentic_hil/elfsymbols.py`:

- **Zero size (`entry[""size""] > 0` is false for every defined match)** → `reason: ""no_size""`. The function tracks a `defined` flag that becomes `True` whenever a matching, non-`SHN_UNDEF` symbol table entry is found, but such entries are only added to the `found` set (address/size pairs) when their size is greater than zero. If nothing ends up in `found` but `defined` is `True`, the reason returned is `""no_size""` — meaning the name exists in the symbol table (e.g., a bare assembler label with no `.size` directive) but carries no usable size.

- **Name not carried at all** → `reason: ""not_found""`. If no entry in the symbol table ever matches the name (or only undefined `SHN_UNDEF` entries match, i.e. declared-but-not-defined), `defined` stays `False`, and the reason is `""not_found""`.

The code comment makes the distinction explicit:

> ""`defined` separates the two silences: a name the table does not carry at all is `not_found`, and a name it carries without a size is `no_size`. The caller reports which, because the fix differs: add the symbol, or add the `.size` directive behind it."" (`src/agentic_hil/elfsymbols.py`)

This is also exercised in `tests/test_debug_sessions.py` (`test_elf_symbol_table_refuses_what_it_cannot_answer`), where:
- `[(""main"", ...)]` looked up as `""g_pfnVectors""` (absent entirely) → `reason: ""not_found""`.
- `[(""g_pfnVectors"", addr, 0)]` (symbol present, size 0) → `reason: ""no_size""`.

Practically, in `src/agentic_hil/backends/gdbdebug.py`, this distinction feeds into `error_type`/`summary` reporting downstream (e.g., `""symbol_not_found""` vs. a generic resolution failure), so callers can tell whether to add the missing symbol or add a `.size` directive.",True,True,True,src/agentic_hil/elfsymbols.py,True,"The answer identifies the correct file and both symbols, and accurately distinguishes the ""no_size"" reason for zero-size symbols from ""not_found"" for absent names.",0.035191,0.026306,0.008885,0.026306,,trace,True,L,agentic_hil,4307363,342
agentic_hil_q05,agentic,20151,550,0,0,3,False,end_turn,,8.339,2026-09-08T12:59:34Z,"The JUnit XML for a plan run is produced in `src/agentic_hil/junit.py`, specifically:

- `junit_xml_document()` builds the XML document (a pure function of the run's JSON result and, optionally, the loaded plan steps).
- `write_junit_xml()` writes that document to the path given via `--junit-xml` (creating parent directories as needed).
- `result_with_junit_xml()` is called from `src/agentic_hil/reactorrun.py` (`run_plan`) after a normal run completes, wrapping `write_junit_xml` and recording success/failure of the write back into the result.
- `write_refusal_junit_xml()` handles the refusal cases (e.g. a plan that never loads), called from both `src/agentic_hil/reactorrun.py` and `src/agentic_hil/cli.py` (`run_test_reactor`).

The CLI wiring is in `src/agentic_hil/cli.py`: the `--junit-xml` argument is defined around line 490, and `run_test_reactor()` (around line 3225) passes `junit_xml` through to `run_plan()` in `reactorrun.py`, which calls `result_with_junit_xml` to actually produce the file.",True,True,True,src/agentic_hil/junit.py,True,"The answer names src/agentic_hil/junit.py and both expected symbols, junit_xml_document and write_junit_xml, with accurate supporting detail on CLI wiring.",0.052847,0.045802,0.007045,0.045802,,locate,False,L,agentic_hil,4307363,342
agentic_hil_q08,agentic,21609,775,0,0,4,False,end_turn,,13.527,2026-09-08T13:00:10Z,"The module is **`src/agentic_hil/bench.py`**, specifically the `BenchMutex` class (the file itself notes it is deliberately *not* a config setting but the actual ""bench lock"", see the module docstring around line 14/66).

A caller acquires exclusive access to physical devices/bench resources via `BenchMutex.acquire(resources, wait_s=..., stop_requested=...)`. This is an all-or-nothing lock over the sorted resource names: it returns a `list[str]` of the resource names it *newly* took (an already-held device contributes nothing to that list, since a second acquire by the same owner just increments a holder count rather than re-locking). If the devices are already held by someone else, it raises `DeviceBusyError` (naming the current holder) or, if a wait was requested and stopped cooperatively, `DeviceWaitStoppedError`.

So the ""hand"" the caller gets back is simply the list of resource names it now exclusively holds — the actual exclusivity state (who owns what) is tracked internally by `BenchMutex` via its `owner` (`BenchOwner`) and `_held` dict, with `held_resources()`/`holds()` letting the caller check its current holdings afterward.",False,False,False,,False,"The answer names bench.py/BenchMutex returning a list of resource names, not the expected coordination.py HardwareCoordinator handing back a HardwareLease object.",0.057983,0.050968,0.007015,0.050968,,locate,False,L,agentic_hil,4307363,342
agentic_hil_q06,indexed,102104,1557,0,0,5,False,end_turn,,25.846,2026-09-08T13:01:00Z,"## Answer

Secrets are masked out of captured process output at two points, both funneled through the same core function, `redact_sensitive` in **`src/agentic_hil/redact.py`**:

1. **Key-name pass**: `redact_sensitive` (and its helper `_redact_member`) replaces the value of any secret-named field (`*_token`, `*secret`, `password`, `api_key`, `authkey`) with `[redacted]`.

2. **Content pass on captured streams**: For any value stored under a recognized stream key (`stdout`, `stderr`, at any depth — handled by `_redact_stream_member`), `redact_stream_text` (also in `src/agentic_hil/redact.py`) additionally masks URL userinfo (`_mask_url_userinfo`), `Authorization: Bearer`/`Basic` header values, and secret-named assignments/query parameters inside the text itself — since a manager's stderr can echo a credential embedded in a URL or command line rather than under a secret-named key.

This is applied at the actual exit points from the server/process before anything leaves it:

- **MCP tool responses**: `call_tool` in `src/agentic_hil/mcp.py` calls `redact_sensitive(result)` to build `safe_result`, which becomes both the `structuredContent` and the serialized `content[0].text` returned to the MCP client.
- **CLI machine/human output**: `emit_result` and `emit_protocol_error` in `src/agentic_hil/cli.py` run the result through `redact_sensitive` before `print_json` or rendering to the terminal, and fail closed (emit a `redaction_unavailable` refusal) if redaction doesn't return a dict.
- **Eval/log capture** (a related but separate sink for the install-eval harness, not the MCP server itself): `evals/install/redaction.py` provides `SecretRedactor`/`RedactingLogWriter`, used by `run_logged` in `evals/install/runner.py` to redact process output as it streams to a log file, and `redact_value` used in `evals/install/runner.py` before writing `result.json`.

So the canonical masking logic lives in `src/agentic_hil/redact.py` (`redact_sensitive`, `redact_stream_text`, `_redact_member`, `_redact_stream_member`), and it's invoked at the server's actual output boundaries in `src/agentic_hil/mcp.py::call_tool` and `src/agentic_hil/cli.py::emit_result`/`emit_protocol_error`.",True,True,True,src/agentic_hil/redact.py,True,"The answer identifies src/agentic_hil/redact.py with both expected symbols, redact_sensitive and redact_stream_text, plus accurate supplementary detail about call sites.",0.229048,0.219778,0.00927,0.219778,,locate,False,L,agentic_hil,4307363,342
agentic_hil_q22,agentic,119531,2729,0,0,8,False,end_turn,,37.276,2026-09-08T13:01:29Z,"## How a frame gets from one process to another on the same CAN bus

The mechanism is the **CAN broker** (`src/agentic_hil/canbroker.py`), which sits between multiple processes and the single physical adapter. Design rationale is in `docs/can-service-design.md`.

**1. One broker owns the physical bus.** When a `can_buses` entry has a `shares:` section, a single broker process holds the bus's exclusive device lock and opens the adapter exactly once (`CanBrokerService`/`_broker_home` machinery in `canbroker.py`). Each participating process (""participant"") connects to it over a local `AF_UNIX` socket (or a named pipe on Windows) rather than opening the adapter itself, authenticated via a per-broker HMAC authkey, with the peer additionally proving it holds the bus lock via `probe_bus_lock`.

**2. Sending.** When participant A sends a frame, its `send` message is handled by `CanBrokerService._handle_send` (`canbroker.py:920`). After permission/filter/size checks, it calls `self.adapter_session.send(frame)` — the one shared adapter session — putting the frame on the physical/virtual wire, and logs the transmit to the whole-bus frame log (`self._log_bus(...)`, `bus_frame_log`).

**3. Reading back off the wire and fan-out.** The broker is the *only* reader of the adapter (comment at `canbroker.py:1030`: ""a read is destructive at the controller, so a per-participant read would have been one participant stealing frames""). When any participant issues a `read` request, `_handle_read` (`canbroker.py:1002`) first tries to satisfy it from that participant's own already-queued frames; if there aren't enough, it calls `_draw_from_bus` (`canbroker.py:1027`), which performs the actual `adapter_session.read(...)` call once, then **fans the resulting frames out to every attached participant** whose declared view accepts them:

```python
for name, item in sorted(self.participants.items()):
    if not item.share.permissions.allow_read or not filter_accepts(item.share, wire[""id""], wire[""extended""]):
        continue
    ...
    item.queue.append({**wire, ""frame_seq"": seq})
```
(`canbroker.py:1052-1066`)

So process B's frame (sent via process A) becomes visible on the wire, gets pulled off it the next time *any* participant polls, and is appended to process B's own per-participant queue (`attached.queue`) if B's `CanShareConfig` permits reading and its identifier filter accepts that frame ID (`filter_accepts`).

**4. Retrieval.** Process B eventually calls `read`, which `_handle_read` serves out of `attached.queue` (draining/consuming its own budget of `max_frames`), returning the frame to B.

**Key points:**
- Delivery is *read-driven fan-out*, not push: frames only move off the physical adapter into participants' queues when some participant requests a read (`_draw_from_bus`), at which point all eligible participants get a copy.
- Each participant has its own bounded queue (`_receive_queue_bound`) and its own view/filter (`CanShareConfig`, `filter_accepts`), so a process only ever sees frames matching its configured filter and permissions.
- The whole-bus frame log (`bus_frame_log`, written via `_log_bus`) records both the tx and rx sides so a frame is attributable in every participant's own report.
- Bus-wide faults (adapter raising/reporting failure) abort every participant via `_raise_bus_incident`; a participant-scoped failure (filter violation, budget exhaustion) aborts only that participant, per the ""Incidents"" rules in `docs/can-service-design.md`.",True,False,False,src/agentic_hil/canbroker.py,True,"The answer correctly identifies the broker (canbroker.py) as the single adapter owner that fans out frames read off the wire into each participant's filtered queue, matching the expected mechanism.",0.288722,0.266352,0.02237,0.266352,,multi_hop,True,L,agentic_hil,4307363,342
agentic_hil_q36,agentic,22106,806,0,0,4,False,end_turn,,13.181,2026-09-08T13:02:36Z,"Based on `src/agentic_hil/adopt.py`:

When `plan_adoption` (in `adopt.py`) compares the debugger entry's `configured_probe_id` against the `discovered` probe from the discovery result and finds they differ (after folding hardware IDs for comparison), it calls `_different_board(debugger_name, configured, discovered)` and returns that result immediately instead of proceeding.

`_different_board` refuses the **entire plan**, not just the `probe_id` field:
- Returns `ok: False`, `error_type: ""hardware_mismatch""`, `field: ""probe_id""`.
- Nothing is planned and nothing is written — this is not treated as a per-key `kept` decision.
- The rationale (documented in its docstring) is that the identity keys aren't independent: `probe_id` names a board, while `target.controller`, the COM device, and the backend executable all describe *that* board. Carrying over the unset fields while keeping a `probe_id` naming a different probe would create a configuration that loads and passes `doctor` but is silently wrong (debugger pointed at one board, UART at another).
- It reports `debugger_id`, `configured_probe_id`, and `discovered_probe_id` in the result.
- The `next_step` tells the operator to either attach the board the entry is configured for, or name the entry matching the attached board via `debugger_id`, noting that repointing a configured entry at a different probe is an operator's manual edit, not something this adoption path performs.
- `retry_safe` is `False`.",True,True,True,src/agentic_hil/adopt.py,True,"It correctly identifies adopt.py's plan_adoption detecting the mismatch via configured_probe_id and returning _different_board, which refuses the whole plan as a hardware mismatch.",0.062257,0.052272,0.009985,0.052272,,trace,False,L,agentic_hil,4307363,342
agentic_hil_q18,indexed_topk3,75823,3330,0,0,7,False,end_turn,,50.451,2026-09-08T13:03:02Z,"## What `start_detached_run` does differently

`start_detached_run` (in `src/agentic_hil/runlifecycle.py`) is the detached counterpart to a foreground run, which is done by `run_plan`/`run_registered_plan` (`src/agentic_hil/reactorrun.py`): a foreground run calls `RunRegistration.take(...)` and then `run_registered_plan` *in the calling process*, blocking until the plan finishes and returning the terminal report directly.

`start_detached_run` instead:

1. Validates `wait_s`, then mints a fresh handle with `new_run_handle()` (`run-<16 hex chars>`).
2. Calls `spawn_run_worker(config, handle, test_config_path, wait_s=wait_s)`, which launches the plan in its own OS process via `spawn_detached_process` rather than a managed/kill-on-close child — deliberately, so the run outlives the command that started it (`spawn_run_worker` docstring, `runlifecycle.py:914-928`).
3. Instead of running the plan itself, it polls `read_run_record(config, handle)` in a loop (bounded by `worker_publish_window_s(wait_s)`) waiting only until the worker's record leaves the `RUN_STARTING` state — i.e. until the worker has taken its devices and published `running` (or already ended). As soon as that happens it returns to the caller, while the plan keeps executing asynchronously in the spawned process (`runlifecycle.py:743-785`).
4. Handles the failure windows a foreground run doesn't need to: if the worker process exits before publishing anything (`run_worker_failed`, using `WORKER_EXIT_GRACE_S`) or never publishes at all inside the window (`run_worker_unresponsive`), it plants a stop request under the handle so that if the worker eventually wakes it ends immediately at its next step boundary rather than running unattended after being reported as failed.

So the essential difference is: a foreground run executes the plan and returns its final result in one call; `start_detached_run` hands the plan to an independent process and returns as soon as that process is confirmed alive/running (or has already reached a terminal state), giving the caller a handle instead of waiting for completion.

## What it writes so the run can be found again

Everything is keyed off the handle and lives under `runs_directory(config)` (`derived_state_directory(..., ""coordination"", ""runs"")`), via helper paths in `runlifecycle.py:123-160`:

- **`record_path` → `runs/<handle>.json`**: written by `RunRegistration.take` (`runlifecycle.py:543-590`) inside the spawned worker. It atomically writes the initial record (`version`, `run`, `name`, `test_config_path`, `report_path`, `detached: true`, `pid`, `started_at`, state `RUN_STARTING`), then updates it to `running` and finally to a terminal state. This is the file `run_status`/`request_run_stop` read later via `read_run_record`.
- **`lock_path` → `runs/<handle>.lock`**: an OS-level lifetime lock (`_LifetimeLock`) held by the worker for the run's duration, used to detect a dead worker (`worker_is_gone`) versus one still legitimately running.
- **`worker_log_path` → `runs/<handle>.log`**: the worker's stdout/stderr, opened before the worker is spawned, so a run that dies before publishing a record still leaves diagnostic output for a caller to read.
- **`stop_path` → `runs/<handle>.stop`**: written by `request_run_stop` (or defensively by `start_detached_run` itself when a worker is unresponsive) as a cooperative stop signal the running process polls between steps.
- The report path recorded in the JSON record (`report_path`, plus the canonical per-run report file) is where the plan's final output ends up, so a later caller looking up the handle can also find the report.

The returned handle (`result[""run""]`) is thus the key a later call (`run_status`, `request_run_stop`, etc.) uses to locate `runs/<handle>.json` and act on the same run.",True,True,True,src/agentic_hil/runlifecycle.py,True,"It names runlifecycle.py, start_detached_run's spawn of a detached worker via spawn_run_worker, and the handle-keyed runs/<handle>.json run record used by later status/stop calls.",0.206136,0.184946,0.02119,0.184946,,trace,False,L,agentic_hil,4307363,342
agentic_hil_q22,indexed_topk3,102265,2351,0,0,7,False,end_turn,,43.872,2026-09-08T13:04:00Z,"I now have enough detail to answer thoroughly.

## Path a CAN frame takes from one process to another

The two processes never talk to each other directly. Each process is a **participant** attached to a single **`CanBroker`** process that owns the real (or fake) adapter for that bus. The broker is the sole reader/writer of the medium and fans frames out to every attached participant. Concretely:

1. **One broker per physical bus, many participant processes.** `CanBroker` (`src/agentic_hil/canbroker.py`) holds the machine-wide bus lock and the single `adapter_session` for the bus's whole life (""Owns the bus lock and the adapter for its whole life... the broker is the only writer""). It publishes a `multiprocessing.connection.Listener` (`CanBroker.publish`) at an endpoint recorded in a `BrokerDescriptor` file, along with a random per-broker `authkey`.

2. **Attach.** Each process that wants to use the bus connects to that broker as a client via `multiprocessing.connection.Client` using the shared authkey (`_attach_once` in `canbroker.py`), and sends an `""attach""` message identifying its participant name. The broker records it as an `_Attached` entry (name, permissions/share config, its `Connection`, and its own inbound `queue: list[JsonObject]`) in `self.participants`.

3. **Sending.** When process A calls `can_send` (`Session.send` invoked from `src/agentic_hil/can.py`'s `AgenticHILToolService.send`), the request travels over that process's `Connection` to the broker, which dispatches it to `CanBroker._handle_send` (`canbroker.py`). This method:
   - checks permissions/listen-only mode,
   - calls the broker's single `adapter_session.send(frame)` — the one place a frame actually reaches the physical/virtual wire,
   - increments `self.frame_seq` and appends a `""frame""`/`""tx""` event to the whole-bus JSONL log (`bus_frame_log`).

4. **Receiving.** The broker is also the only reader of the adapter. `CanBroker._draw_from_bus` calls `self.adapter_session.read(...)` once and then fans each received frame out to *every* attached participant whose permissions/filters accept it, appending the wire frame (tagged with `frame_seq`) to that participant's own in-memory `item.queue` (in `_Attached.queue`) and logging `delivered_to` in the bus log.
   - Because sends go through the same adapter as reads (real hardware/vcan loops the frame back, or the socketcan/virtual bus naturally delivers it to other listeners), a frame process A sent shows up in the adapter's next read and is then delivered into process B's queue by this fan-out step — this is how the second process actually gets it (unless `receive_own_messages` is off, in which case the *sending* participant's own queue is not one of the ones it's delivered to, per `test_receive_own_messages_reads_back_the_frame_the_same_session_sent`).

5. **Process B's `can_read`.** When process B calls `can_read`, its request goes to `CanBroker._handle_read`, which first checks its own `attached.queue`; if not enough frames are queued it triggers `_draw_from_bus` to pull more off the adapter, then pops frames off `attached.queue` and returns them over B's own `Connection`.

So the delivery path is:
**Process A → its Connection → `CanBroker._handle_send` → `adapter_session.send()` (real/virtual CAN medium) → (next) `CanBroker._draw_from_bus()` reading `adapter_session.read()` → fan-out into `_Attached.queue` for every permitted participant, including Process B → `CanBroker._handle_read` → Process B's Connection → Process B.**

Key files/classes: `src/agentic_hil/canbroker.py` (`CanBroker`, `_Attached`, `_handle_send`, `_draw_from_bus`, `_handle_read`, `_attach_once`, `Participant`), and `src/agentic_hil/can.py` (`AgenticHILToolService.send`, adapter session abstraction).",True,True,True,src/agentic_hil/can.py;src/agentic_hil/canbroker.py,True,"Names both expected files and the CanBroker fan-out mechanism as the primary delivery path, despite omitting frame_to_wire and slightly misnaming the can.py service class.",0.251525,0.22804,0.023485,0.22804,,multi_hop,True,L,agentic_hil,4307363,342
agentic_hil_q39,indexed_topk3,73182,4580,0,0,5,False,end_turn,,55.289,2026-09-08T13:04:53Z,"## The path from a plan step to a GDB breakpoint

**1. Plan parsing.** A test-plan step naming a symbol is read as a `TestStep`, e.g. `action: run_until_breakpoint` with `location: {symbol: ...}` (or a bare `debug_set_breakpoint` step with `location`). (`src/agentic_hil/test_reactor.py`, `docs/testing.md`)

**2. Reactor preflight (before anything talks to GDB).** For debug breakpoint-type steps, the reactor's `preflight` classmethod (`src/agentic_hil/test_reactor.py:2497‑2551`) runs several checks *before* any tool call is issued:
- If the action is `run_until_breakpoint`, it refuses immediately unless `debugger.permissions.allow_debug_execution` is true, since this step always resumes execution.
- It extracts the target symbol via `breakpoint_symbol(step.arguments.get(""location""))` (for `run_until_breakpoint`) or `step.arguments.get(""symbol"")`.
- If there's no symbol (a file/line breakpoint) and `config.debug.allow_all_symbols` is false, it refuses with a permission-denied error citing `ALLOW_ALL_SYMBOLS_PERMISSION`.
- If there is a symbol and `symbol_allowed(config, symbol)` is false (checked against the authoritative debug config), it refuses with `permission_denied`.

Only a step that survives preflight goes on to generate tool calls.

**3. Tool call construction.** `RunUntilBreakpointStep.tool_calls` (`test_reactor.py:2422‑2429`) turns the step into `(""debug_set_breakpoint"", {""location"": ...})` followed by `debug_continue` if a timeout was given. These calls are dispatched through the bound `AgenticHILToolService`.

**4. Service-level validation.** `AgenticHILToolService.debug_set_breakpoint` (`src/agentic_hil/tools.py:399‑406`) re-validates the payload shape: `location` must be a non-empty string or non-empty dict, else `invalid_argument`. It then forwards `{""location"": location}` to the debugger backend.

**5. Backend (`GdbDebug.set_breakpoint`, `src/agentic_hil/backends/gdbdebug.py:407‑439`):**
- `self._require_session(tool)` — refuses `session_not_active` if there's no live session/GDB process, or `resource_quarantined`/`cleanup_required` if the session needs cleanup first (`gdbdebug.py:875‑881`).
- `normalize_breakpoint_location(tool, location)` — canonicalizes a string or `{symbol|function}`/`{file,line}` dict into `{""symbol"": ...}` or `{""file"",""line""}`; refuses `invalid_argument` for anything else, and validates symbol names against `DEBUG_SYMBOL_PATTERN` (a strict C/C++ identifier regex) or file paths against `BREAKPOINT_FILE_PATTERN` with no `..` (`gdbdebug.py:1807‑1824`).
- If the location resolved to a symbol, `self._validate_symbol(tool, symbol)` re-checks the identifier pattern and enforces `config.debug.allow_all_symbols` / `config.debug.allowed_symbols`, refusing with `permission_denied` if the symbol isn't allowlisted (`gdbdebug.py:1082‑1087`).
- If the location is a file/line instead of a symbol, it requires `config.debug.allow_all_symbols`, else `permission_denied`.

**6. Only now is GDB touched:** `self._gdb_command(session, f""-break-insert {mi_string(normalized['gdb_location'])}"")` issues the actual GDB/MI insert. The response is parsed for a numeric `number` field; if `-break-insert` fails or times out, the breakpoint is not recorded as committed (seen in `tests/test_debug_sessions.py::test_breakpoint_insert_ack_loss_requires_backend_reconciliation`, which shows a timed-out insert reported as `side_effect_status: ""unknown""`, `cleanup_required: True`, with a `provisional_breakpoint` whose `backend_id` is `None`, and the coordinator becoming blocked pending reconciliation).

If the insert succeeds, the breakpoint is recorded in `session.breakpoints` and the session log is written; if writing the audit log then fails, `set_breakpoint` still reports failure (`audit_broken`, `quarantined`, `cleanup_required`) even though the breakpoint is physically set (`gdbdebug.py:432‑439`).

## What can refuse it, in order

1. **Reactor preflight** (`test_reactor.py`): `allow_debug_execution` missing (for `run_until_breakpoint`), `allow_all_symbols` missing for non-symbol locations, or `symbol_allowed()` failing the allowlist — all refused before any tool call.
2. **Service payload check** (`tools.py::debug_set_breakpoint`): malformed/empty `location` → `invalid_argument`.
3. **Backend session check** (`gdbdebug.py::_require_session`): no active session → `session_not_active`; session needing cleanup → `resource_quarantined`/`cleanup_required`.
4. **Location normalization** (`normalize_breakpoint_location`/`normalize_symbol_location`): non-identifier symbol or unsafe file/line spec → `invalid_argument`.
5. **Backend symbol/file authorization** (`_validate_symbol`, or the `allow_all_symbols` check for file/line): symbol not in `debug.allowed_symbols` and `allow_all_symbols` false → `permission_denied`.
6. **The actual GDB/MI exchange**: a failed or timed-out `-break-insert` leaves the operation unconfirmed (`side_effect_status: ""unknown""`), forcing cleanup/reconciliation rather than silently succeeding.
7. **Post-insert audit write**: even after GDB accepts the breakpoint, a failed audit-log write reports the call as failed (`audit_broken`, `quarantined`) despite the side effect already being committed.",True,True,True,src/agentic_hil/test_reactor.py;src/agentic_hil/backends/gdbdebug.py,True,"The answer traces the plan step through test_reactor.py preflight (breakpoint_symbol, symbol_allowed) into gdbdebug.py set_breakpoint and normalize_breakpoint_location, naming all expected files and symbols plus accurate refusal points.",0.208904,0.192164,0.01674,0.192164,,multi_hop,False,L,agentic_hil,4307363,342
agentic_hil_q04,indexed_topk3,13653,353,0,0,3,False,end_turn,,9.255,2026-09-08T13:06:06Z,"The dispatch logic lives in `src/agentic_hil/mcp.py`, specifically in `handle_mcp_message` (which fans out batched requests) and `handle_single_mcp_message`, which validates the JSON-RPC envelope and then calls `handle_method(request_id, method, params, tools)` to route the request (e.g. `tools/call`, `tools/list`, etc.) to the `AgenticHILToolService` instance passed in as `tools`.",True,True,True,src/agentic_hil/mcp.py,True,"The answer names the correct module (src/agentic_hil/mcp.py) and the key dispatch functions handle_mcp_message and handle_method routing to the tool service, matching expectations.",0.036761,0.030836,0.005925,0.030836,,locate,False,L,agentic_hil,4307363,342
agentic_hil_q23,indexed_topk3,29015,1871,0,0,4,False,end_turn,,31.54,2026-09-08T13:06:18Z,"Here's the chain from a plan run to reviewer-visible evidence, and the guards on it.

## Path: plan run → PR evidence

1. **A plan runs.** `agentic-hil test-reactor --test-config <plan> --json --junit-xml <path>` executes the plan's steps and writes a run report (JSON) — success or failure/refusal — naming the plan and its own JSONL event logs (`docs/ci-examples.md`).

2. **The report is turned into a bundle.** `agentic-hil run-evidence --report <report> --out <dir>` (implemented in `src/agentic_hil/runevidence.py`) reads only that report and the workspace (never touches hardware or config), and writes three things:
   - `run-summary.json` — the machine-readable outcome, plan/digest, firmware commit, tool versions, bench identity (by config digest), failing step/error type.
   - `job-summary.md` — the same run as prose/table for a human reviewer (appended to `$GITHUB_STEP_SUMMARY` on GitHub, printed/kept as an artifact on GitLab).
   - `logs/` — copies of the JSONL event logs.

3. **CI uploads it as artifacts** with `if: always()` / `when: always`, so both green and red runs produce evidence (`docs/ci-examples.md`, `docs/github-action-design.md`).

## What stops secrets leaking into that evidence

The two summaries (the parts meant to be read by anyone, including on a public repo/PR) go through layered redaction in `src/agentic_hil/runevidence.py` and `src/agentic_hil/redact.py`:

- **Key-name pass** (`redact_sensitive`): any field named like `token`, `password`, `api_key` is masked outright — the same function used everywhere else results are printed (`print_json`, rendered CLI results).
- **Content pass on prose** (`redact_stream_text`): unlike the ordinary key-name-only pass (which deliberately skips prose to avoid eating an operator's diagnosis), every string headed into `run-summary.json`/`job-summary.md` is content-scanned for credential shapes — URL userinfo, `Authorization: Bearer/Basic` headers, `token=`-style assignments — masking only the credential span so the surrounding diagnostic sentence stays readable.
- **Identity sweep**: run on top of both passes to strip things that are neither secret-named nor credential-shaped but still identify the bench — device paths, serials, lock keys — replacing them with logical device names / config digest instead.
- **Fail-closed on redaction failure**: if redaction can't vouch for the document (doesn't hand back a dict), the command doesn't print the raw result — it writes a `redaction_unavailable` refusal (`REDACTION_UNAVAILABLE_ERROR`, `src/agentic_hil/knowledge.py`) into `run-summary.json`/`job-summary.md` instead, collects no logs, and exits nonzero. The same fail-closed rule governs `emit_result`/`emit_protocol_error` in `src/agentic_hil/cli.py`.

**The one deliberate exception is `logs/`.** These are copied byte-for-byte, unredacted, because they must still verify against the hash-chained canonical copies kept under the bench's `state_root`; editing them would break that verification. So a backend that itself printed a secret into its own log leaves that secret in the mirror — that's treated as the backend's bug to fix, not the bundle's to paper over. This is why `logs/` is explicitly *not* uploaded onto the public job page/PR comment (only the two summaries are treated as world-readable); it goes into the artifact store, which is a private-by-default decision left to the repository owner.

This is documented in `docs/testing.md` (""The evidence bundle for CI"") and mirrored in the docstring of `src/agentic_hil/runevidence.py`.",True,True,True,src/agentic_hil/runevidence.py;src/agentic_hil/redact.py,True,"The answer identifies runevidence.py (write_run_evidence bundle producing job-summary.md) and redact.py's redact_sensitive as the secret guard, matching the expected files and symbols with accurate detail.",0.088765,0.07674,0.012025,0.07674,,multi_hop,False,L,agentic_hil,4307363,342
agentic_hil_q11,indexed_topk3,7056,628,0,0,2,False,end_turn,,9.063,2026-09-08T13:06:53Z,"## Answer

In `flash_firmware` (`src/agentic_hil/tools.py:274-310`), when the underlying `self.backend.flash_firmware(...)` call raises any exception, the tool **explicitly clears the remembered symbol-source ELF** by setting `self._symbol_elf = None` inside the `except BaseException:` block, and then re-raises the exception (`raise`).

The reasoning, per the inline comment, is:

- A backend that raises may have contacted or partly written the target, so the ELF the bench previously remembered can no longer be proven to describe the image actually on the board.
- `_remember_symbol_elf` (the helper that normally records a successfully-flashed image as the trusted symbol source) only runs on a *returned* result, never on a raised exception — so it's never reached in this failure path.
- Because the coordination/dispatch wrapper reports the physical side effect as `""unknown""` in this case, the code proactively drops the previously trusted ELF rather than leaving it in place, ensuring a later symbol-based operation (e.g., an ST-Link memory dump by symbol) can't resolve an address against a build that the failed flash may have overwritten.

This behavior is confirmed by the test `test_flash_that_raises_drops_the_previously_trusted_symbol_source` in `tests/test_debug_sessions.py:1939-1967`, which shows that after a successful flash sets `service._symbol_elf`, a subsequent raising flash results in `result[""side_effect_status""] == ""unknown""` and `service._symbol_elf is None`.",True,True,True,src/agentic_hil/tools.py,True,The answer names the right file and symbols and correctly describes clearing the remembered ELF (_symbol_elf = None) on backend exception before re-raising.,0.031477,0.020392,0.011085,0.020392,,trace,False,L,agentic_hil,4307363,342
agentic_hil_q37,indexed_topk3,21432,1255,0,0,4,False,end_turn,,19.949,2026-09-08T13:07:06Z,"## `decode_symbol_value`'s handling of unsupported widths

`decode_symbol_value` is defined in `src/agentic_hil/backends/gdbdebug.py` (lines ~1733–1756). It always returns `hex` (the raw bytes in memory order, unchanged regardless of length). For integer readings, it checks `len(data) in INTEGER_VALUE_WIDTHS` (i.e. 1, 2, 4, or 8 bytes). If the length is anything else, it does **not** attempt to interpret the bytes as a number; instead it sets:

```python
result[""value_not_decoded""] = ""size_bytes is not 1, 2, 4 or 8, so the bytes carry no single integer reading.""
```

No `value_unsigned`/`value_signed` keys are produced in that case — the function's docstring explains the rationale: a 3-byte or 408-byte object ""is not a number,"" so inventing an interpretation would be inventing an answer rather than returning one.

## Where the byte order comes from

The `order` argument passed to `decode_symbol_value` is a dict produced by `image_byte_order()` (also in `src/agentic_hil/backends/gdbdebug.py`), which returns `{""byte_order"": ..., ""byte_order_from"": ...}`. That function:

- Calls `read_elf_byte_order(elf_path)` to read the ELF's `EI_DATA` field.
- If the ELF declares an order, returns `{""byte_order"": declared, ""byte_order_from"": ""elf_header""}`.
- If it can't determine one (e.g., a stub/truncated file), falls back to `{""byte_order"": DEFAULT_SYMBOL_VALUE_BYTE_ORDER, ""byte_order_from"": ""default""}`.

The rationale (per the docstring) is that the target/GDB memory read (`-data-read-memory-bytes`) and STM32CubeProgrammer's `-r` both return bytes in raw memory order with no notion of byte order, so only the ELF image itself can state how its integers should be interpreted (via `EI_DATA`).

This `image_byte_order` result flows into `decode_symbol_value` via callers such as `pyocd.py`'s `debug_symbol_value` (`resolved[""image_byte_order""]`, set during `_prepare_symbol_read`), or directly in tests/doubles like `tests/test_test_reactor.py`'s `symbol_value_result`, which hardcodes `{""byte_order"": ""little"", ""byte_order_from"": ""default""}` to mimic an image that declares no order.",True,False,True,src/agentic_hil/backends/gdbdebug.py,True,"Correctly locates decode_symbol_value in gdbdebug.py, the INTEGER_VALUE_WIDTHS check leaving non-1/2/4/8 bytes undecoded, and byte order from image_byte_order/read_elf_byte_order's ELF EI_DATA with default fallback.",0.071384,0.055414,0.01597,0.055414,,trace,False,L,agentic_hil,4307363,342
agentic_hil_q20,indexed_topk3,100863,3310,0,0,7,False,end_turn,,45.911,2026-09-08T13:07:39Z,"Now I have the full path traced. Here's the answer:

## Path from `flash_firmware` MCP call to the ST-Link programmer

1. **Transport / RPC layer** — An agent's `tools/call` JSON-RPC request is received and validated (name lookup, schema validation against `TOOL_SCHEMAS` built from `MCP_TOOLS`) by `handle_mcp_message` (`src/agentic_hil/mcp.py`), which then invokes `AgenticHILToolService.call(""flash_firmware"", arguments)`.

2. **Service dispatch** — `AgenticHILToolService.call` acquires the bench lock/dispatch bookkeeping and invokes the bound `flash_firmware` method in `src/agentic_hil/tools.py`. That method:
   - re-enters through `self.call(...)` if not already inside a locked dispatch (`self._dispatch_depth == 0` guard),
   - checks `self.debugger_permissions.allow_flash`,
   - validates that exactly one of `image_path`/`artifact_id` is given, and that `reset_after_flash` is a bool (requiring `allow_reset` if true),
   - resolves/stages the artifact via `self.artifacts` (`validate_local_path`/`resolve_artifact_id`, `stage_for_backend`),
   - finally calls `self.backend.flash_firmware(staged_artifact, reset_after_flash)`.

3. **Backend layer (ST-Link)** — When the bound debugger is `stlink`, `self.backend` is a `STLinkBackend` (`src/agentic_hil/backends/stlink.py`). Its `flash_firmware` method:
   - re-checks `self.config.debugger.permissions.allow_flash` and the exclusive-permission gates (`allow_raw_debugger_commands`, `allow_mass_erase`),
   - builds the ST-Link CLI argument list (`-w <path>`, an optional flash address for `.bin` artifacts, `-v`, and `-rst` if resetting),
   - calls `self._run_stlink(""flash_firmware"", [...connection args..., ...write args...])`.

4. **Process execution** — `_run_stlink` (`src/agentic_hil/backends/stlink.py`) resolves the configured debugger executable, builds the full `invocation(...)` command line, and calls `spawn_command(...)` to actually run the ST-Link/STM32CubeProgrammer CLI subprocess with a timeout, capturing stdout/stderr into a log file (`self._write_log`) and turning the result into the tool's JSON report (`_write_action_report`, `_finish_log_audit`, etc.).

So the call chain is: **MCP `tools/call` → `handle_mcp_message` → `AgenticHILToolService.call` → `tools.py: flash_firmware` → `backends/stlink.py: STLinkBackend.flash_firmware` → `_run_stlink` → `spawn_command` (actual ST-Link CLI subprocess)**.

## What refuses it when flashing is disabled

The refusal happens at **two independent layers**, both reading the same authoritative field, `DebuggerConfig.permissions.allow_flash` (`src/agentic_hil/types.py`, `DebuggerPermissions`), loaded from the authoritative project config:

- **Service layer** — `AgenticHILToolService.flash_firmware` (`src/agentic_hil/tools.py`) checks `self.debugger_permissions.allow_flash` first thing and returns `tool_error(""flash_firmware"", ""permission_denied"", ""Flashing is disabled by the authoritative config."", ...)` before any artifact staging happens.
- **Backend layer** — `STLinkBackend.flash_firmware` (`src/agentic_hil/backends/stlink.py`) redundantly re-checks `self.config.debugger.permissions.allow_flash` (and also refuses if `allow_raw_debugger_commands` or `allow_mass_erase` is set, via `_exclusive_permission_denied`, per the mutual-exclusion policy documented in `docs/security-design.md` and enforced via `EXCLUSIVE_FLASH_PERMISSIONS` in `src/agentic_hil/knowledge.py`), so a direct backend call is refused even if it somehow bypassed the service-layer check.

A parallel refusal exists for the test-plan/reactor path: `TestReactor` (`src/agentic_hil/test_reactor.py`) performs the same `allow_flash`/`allow_reset`/exclusive-permission checks at ""flash"" step preflight, returning a `permission_preflight_error`/`exclusive_permission_preflight_error` before any tool call is dispatched.",True,True,True,src/agentic_hil/mcp.py;src/agentic_hil/tools.py;src/agentic_hil/backends/stlink.py,True,"It traces MCP dispatch in mcp.py 	o tools.flash_firmware 	o STLinkBackend and correctly identifies the debugger_permissions.allow_flash refusal, despite naming the mcp entry handler slightly differently.",0.259081,0.234826,0.024255,0.234826,,multi_hop,False,L,agentic_hil,4307363,342
agentic_hil_q35,indexed_topk3,28334,1301,0,0,5,False,end_turn,,30.016,2026-09-08T13:08:33Z,"I found the implementation in `src/agentic_hil/bench.py` (`BenchMutex.acquire`, lines ~371–396).

**Behavior when a device in the requested set is already held by another owner:**

`acquire` walks the requested resources (deduplicated/normalized via `physical_resources(resources)`) in sorted order under a single deadline, calling `self._take(resource, deadline, stop_requested)` for each one and appending it to a local `taken` list as it succeeds.

- When `_take` hits a resource already held by someone else, it raises `DeviceBusyError` (naming the current holder in its result payload).
- This exception propagates out of the `for` loop into the surrounding `try/except BaseException` block, which then walks `taken` **in reverse** and calls `self._drop(resource)` for every resource this call had already successfully acquired.
- After releasing everything it had taken, it re-raises the original exception.

So the semantics are strictly **all-or-nothing**: if any device in the set is busy, the call gives back every device it already grabbed in that same `acquire` call before raising `DeviceBusyError` — the caller never ends up holding a partial subset. (This same unwind-and-reraise pattern also covers a cooperative stop request, which raises `DeviceWaitStoppedError` instead.)

This is confirmed by the test `test_acquire_is_all_or_nothing_over_the_declared_set` in `tests/test_bench_mutex.py`, which acquires one device successfully elsewhere, then asks a second `BenchMutex` for `[BOARD, other]` where `other` is already held — the call raises `DeviceBusyError`, and afterward `second.held_resources()` is asserted to be empty, i.e., the `BOARD` it did briefly acquire is released, and the still-free `BOARD` can then be acquired cleanly by a third caller.

Relevant code/docs:
- `src/agentic_hil/bench.py`: `BenchMutex.acquire` (the try/except with reverse-order `_drop` unwind) and `BenchMutex._take`/`_drop`.
- `src/agentic_hil/devices.py:570-614`: `DeviceSet.acquire`, whose docstring explicitly states the whole set goes into one `BenchMutex.acquire` call precisely so it ""unwinds everything it already took when one of them is busy,"" since ""a partially acquired set is exactly what must never escape.""
- `tests/test_bench_mutex.py::test_acquire_is_all_or_nothing_over_the_declared_set`.",True,True,True,src/agentic_hil/bench.py,True,"Answer correctly names bench.py's BenchMutex.acquire/_take, DeviceBusyError, and the all-or-nothing reverse unwind with deadline, matching expected location and behaviour.",0.085128,0.069678,0.01545,0.069678,,trace,True,L,agentic_hil,4307363,342
agentic_hil_q12,indexed_topk3,40602,1491,0,0,5,False,end_turn,,23.863,2026-09-08T13:09:08Z,"## `listen_only_send_refusal`

**Location:** `src/agentic_hil/can.py` (around line 874), signature `listen_only_send_refusal(bus_id: str, bus_config: CanBusConfig, tool: str = ""can_send"") -> JsonObject | None`.

**Return value for a non‑`listen_only` bus:** `None`. The function checks `bus_config.listen_only` first, and if it's falsy it returns `None` immediately, leaving ""the caller's ordinary path... untouched"" (per the function's own docstring). Only when `bus_config.listen_only` is truthy does it build and return the refusal dict (`ok: False`, `error_type: LISTEN_ONLY_MODE_ERROR`, `side_effect_committed: False`, `retry_safe: False`, plus remediation/likely-cause fields).

**Why the gate lives at the tool layer, not per-adapter** (per the docstring in `src/agentic_hil/can.py`):

1. **`listen_only` is a property of the bus entry (`CanBusConfig`), not of any particular driver.** The tool layer is the only place that holds the `CanBusConfig` directly, so it's the only layer that can give one consistent answer regardless of which adapter (PEAK, SocketCAN, process bridge) is behind the bus. Pushing the check into each adapter risks the flag meaning three different things.

2. **It must refuse *before* a driver is ever called.** An adapter-level refusal would already have handed the frame to the driver — too late. The tool-layer gate runs prior to any adapter call, guaranteeing no frame is ever committed.

3. **The adapters cannot be trusted to refuse the send themselves.** The docstring cites a concrete example: python-can 4.6.1's `PcanBus.send()` never reads the controller's bus state — it just writes the message and lets `PCANBasic.Write()` succeed, so a PASSIVE (listen-only) channel will transmit and be reported as sent. Relying on the adapter to fail would silently violate the `listen_only` claim.

This same function is reused across all call routes — the direct `can_send` tool, the test-plan preflight (`src/agentic_hil/test_reactor.py`, which mirrors the same `LISTEN_ONLY_MODE_ERROR` for a plan step), and the broker participant path (`src/agentic_hil/canbroker.py`, which calls `listen_only_send_refusal` and restates fields like `listen_only_enforcement`) — so there is ""one gate"" and ""one catalogue entry"" for the refusal rather than a per-adapter or per-route reimplementation.",True,True,True,src/agentic_hil/can.py,True,"Identifies the right file and function, correctly states it returns None for non-listen_only buses, and gives accurate reasoning for the tool-layer gate across adapters.",0.110204,0.096114,0.01409,0.096114,,trace,False,L,agentic_hil,4307363,342
agentic_hil_q34,indexed_topk3,4725,583,0,0,2,False,end_turn,,7.937,2026-09-08T13:09:37Z,"## Three claims a `read_symbol` step can make

Defined by `SymbolComparator` in `src/agentic_hil/test_reactor.py`:

1. **`equals`** — the symbol holds exactly one specific value.
2. **`range`** — the value falls within inclusive `min`/`max` bounds.
3. **`mask`** (used together with `equals`) — a bitwise claim, `(value & mask) == equals`, letting a plan assert one flag of a status word without stating the rest of it.

## What `signed` selects

The `debug_symbol_value` tool decodes the same raw bytes into **two** integer readings — `value_signed` and `value_unsigned` — which can disagree above the top bit. The `signed` flag on the comparator picks **which of those two readings the claim is judged against**:
- `signed: false` (default) → compares against `value_unsigned`
- `signed: true` → compares against `value_signed`

This is exposed via the `reading` property, which returns `""value_signed""` or `""value_unsigned""` accordingly.

Because `mask` is a claim about *bits* rather than a reading of the whole width, `signed` is refused by the schema when `mask` is present (per the `SymbolComparator` docstring and `docs/testing.md`).

**Sources:** `src/agentic_hil/test_reactor.py` (`SymbolComparator` class), `docs/testing.md` (lines ~19–21), and confirmed by test behavior in `tests/test_test_reactor.py` (`test_signed_picks_the_reading_the_claim_is_about`).",True,True,True,src/agentic_hil/test_reactor.py,True,"Answer names SymbolComparator in test_reactor.py, the three claims (equals, range, mask/masked value), and correctly states signed selects value_signed vs value_unsigned reading.",0.026475,0.01528,0.011195,0.01528,,trace,True,L,agentic_hil,4307363,342
agentic_hil_q27,indexed_topk3,6543,831,0,0,2,False,end_turn,,14.136,2026-09-08T13:10:17Z,"## Answer

The machine-wide mutex is the **`BenchMutex`** class in **`src/agentic_hil/bench.py`**.

It implements the cross-process, machine-wide advisory locking that prevents two processes (or two runs within one process) from driving the same physical probe, debugger, or serial port simultaneously. Key details:

- Locks are held under `~/.agentic-hil/device-locks` — a single agreed location per machine, deliberately outside any per-config `state_root`, so it works across separate configurations too (`src/agentic_hil/knowledge.py` documents this).
- It locks by *physical resource identity* rather than config name, e.g. `probe:<serial>`, `com:serial:<serial_number>`, `com:<device>`, `physical:<resource_id>`, `can:<adapter>:<channel>`, `probe-exe:<executable>`, using `fold_resource_name`/`fold_hardware_id` to normalize case so the same hardware can't be split into two locks by spelling differences.
- Method `acquire()` takes a whole declared set of resource keys atomically (sorted order, single deadline), unwinding anything already taken if one resource is busy — this is used by `DeviceSet.acquire()` in `src/agentic_hil/devices.py`, which wraps `BenchMutex` for a run's declared devices.
- `acquire_named()` is used for the one non-device pseudo-resource (`debugger-discovery:all`) to serialize probe enumeration itself.
- If the resource is busy, it raises `DeviceBusyError` naming the current holder.
- If the owning process crashes, the OS releases the lock automatically (no manual ""recover"" step needed).

The higher-level `HardwareCoordinator` (also in `src/agentic_hil/devices.py`) sits on top of `BenchMutex`/`DeviceSet` to manage per-run device leases (`begin_run`/`acquire`/`end_run`), but the actual mutual-exclusion primitive across processes is `BenchMutex` in `bench.py`.",True,True,True,src/agentic_hil/bench.py,True,"The answer names BenchMutex in src/agentic_hil/bench.py, the device-lock root directory, and DeviceBusyError, matching the expected file and symbols with accurate supporting detail.",0.030101,0.021396,0.008705,0.021396,,locate,True,L,agentic_hil,4307363,342
agentic_hil_q13,indexed_topk3,7144,1114,0,0,2,False,end_turn,,13.334,2026-09-08T13:10:35Z,"## `spawn_command` behavior (`src/agentic_hil/backends/common.py`)

`spawn_command` returns a `CompletedCommand` dataclass, and the *reason* the process never ran is distinguished via two separate fields plus a related `not_executable_reason`/`spawn_error`:

**1. Executable not there at all** — `FileNotFoundError` (raised by the OS/`spawn_managed_process` when the path doesn't resolve to a file):
```python
except FileNotFoundError:
    return CompletedCommand(stdout="""", stderr="""", returncode=None, timed_out=False, not_found=True)
```
- `not_found=True`
- `returncode=None`
- `not_executable_reason` stays at its default `None` (so `.not_executable` property is `False`)

**2. Executable is there but cannot be run** — some other `OSError` whose `errno` is one of `EXEC_REFUSED_ERRNOS` (e.g. `ENOEXEC` — not an executable image, or a permission error):
```python
except OSError as error:
    if error.errno not in EXEC_REFUSED_ERRNOS:
        raise
    return CompletedCommand(
        stdout="""", stderr="""", returncode=None, timed_out=False,
        not_found=False,
        not_executable_reason=(NOT_AN_EXECUTABLE_IMAGE_REASON if error.errno == errno.ENOEXEC else PERMISSION_DENIED_REASON),
        spawn_error=str(error),
    )
```
- `not_found=False` explicitly
- `not_executable_reason` is set to a specific human-readable reason (`NOT_AN_EXECUTABLE_IMAGE_REASON` for `ENOEXEC`, otherwise `PERMISSION_DENIED_REASON`)
- `spawn_error` carries the string of the underlying `OSError`
- The `.not_executable` property (defined on `CompletedCommand`) becomes `True` since `not_executable_reason is not None`

Any `OSError` with an errno *not* in `EXEC_REFUSED_ERRNOS` is re-raised rather than turned into a `CompletedCommand`.

**Consuming code** (e.g. `src/agentic_hil/backends/pyocd.py`, `_enumerate_probes`) checks `completed.not_found` first and `completed.not_executable` second to produce distinct error responses (`not_found` → ""could not be found"" refusal; `not_executable` → `not_executable_refusal(...)` with the specific reason/spawn error).

Tests confirming this distinction live in `tests/test_executable_refusals.py` (e.g. `test_an_executable_that_disappears_before_the_spawn_keeps_its_refusal`, checking `error_type == ""debugger_not_found""` for the not-found case) versus other cases in that same file exercising the not-executable path.",True,True,True,src/agentic_hil/backends/common.py,True,"Answer names the correct file, spawn_command's CompletedCommand return, the not_found flag versus not_executable_reason/not_executable_refusal distinction, matching the expected symbols and behaviour.",0.035648,0.025428,0.01022,0.025428,,trace,False,L,agentic_hil,4307363,342
agentic_hil_q15,indexed_topk3,21431,1629,0,0,4,False,end_turn,,23.453,2026-09-08T13:10:52Z,"## `terminate_process_tree` on POSIX

Entry point: `terminate_process_tree` (src/agentic_hil/process.py:217) is a thin wrapper that calls `_terminate_process_tree` and, if it raises, records a `cleanup_pending` state on the process's tracking record before re-raising.

The actual POSIX logic lives in `_terminate_process_tree` (src/agentic_hil/process.py:228-262):

1. **Group lookup**: It calls `_child_process_group(child)` to get the backend's process group id. If there's no distinct group (the child already exited or shares this process's own group), it falls back to `_terminate_single_child` (plain `terminate()`/`wait()`, then `kill()`/`wait()` on timeout) and returns — no group signalling needed.

2. **Two-phase group kill**: Otherwise it loops over `(signal.SIGTERM, signal.SIGKILL)`. For each signal it:
   - Calls `_signal_process_group(child_pgid, sig)`, which does `os.killpg(pgid, sig)` and returns `True` if the signal was delivered *or* `ProcessLookupError` was raised (group already empty), and `False` only on other `OSError`s (e.g. `PermissionError`).
   - Then calls `_wait_for_process_group(child, child_pgid, timeout_s)` to poll (every 0.02s up to the timeout) whether both `child.poll() is not None` *and* the group is gone (`not _process_group_exists(pgid)`). If that's true, it forgets the process (`_forget_process`) and returns successfully.
   - If the signal wasn't delivered (`delivered is False`) and the wait also didn't confirm the group is gone, it raises a `RuntimeError` immediately rather than proceeding to SIGKILL blindly.

3. **Fallback after SIGKILL**: If the loop finishes without confirming the group is gone, it does one more `_terminate_single_child` pass on the leader, then checks `_process_group_exists(child_pgid)` one last time — raising `RuntimeError(""Process group remained active after SIGKILL."")` if members remain, otherwise forgetting the process and returning.

## How it decides the group is actually gone

The membership check is `_process_group_exists(pgid)` (src/agentic_hil/process.py:358-381), used both directly and inside `_wait_for_process_group`:

- It calls `os.killpg(pgid, 0)` (a signal-0 probe, no actual signal sent).
- `ProcessLookupError` → group is empty → **not** existing (gone).
- `PermissionError` → treated as ""still there"" (a member exists that this process isn't permitted to signal) — deliberately the *opposite* interpretation of the same errno used in `_signal_process_group`, since PermissionError there means ""couldn't reach anyone"" but here means ""kernel still knows a member.""
- If the kernel reports a member exists, it doesn't stop there: it calls `_running_process_group_members(pgid)`, which reads `/proc` (where available) to filter out members that are zombies (dead but unreaped, e.g. under a subreaper/PID-1 style process that adopts orphans and never waits on them). Only a non-zombie member counts as the group still being alive; a group containing only zombies reads as emptied (and `_running_process_group_members` also reaps zombies this process itself adopted). If `/proc` can't be read, it conservatively falls back to ""exists.""

So ""gone"" specifically means: `killpg(pgid,0)` raises `ProcessLookupError`, or the kernel-reported members are all reapable zombies with none actually running — this handles the Linux ""PID 1/subreaper adopts orphaned zombies"" problem and the macOS quirk where `EPERM` from `killpg` can mean ""nobody left to signal"" rather than ""permission denied for a live process"" (handled by prioritizing the membership check over the delivery-error check in `_terminate_process_tree`'s loop).",True,True,True,src/agentic_hil/process.py,True,"Answer identifies src/agentic_hil/process.py and the expected symbols (terminate_process_tree, _terminate_process_tree, _signal_process_group), describing SIGTERM/SIGKILL killpg escalation and killpg(pgid,0) group-existence checking.",0.073817,0.059152,0.014665,0.059152,,trace,False,L,agentic_hil,4307363,342
agentic_hil_q21,indexed_topk3,158663,3127,0,0,9,False,end_turn,,46.196,2026-09-08T13:11:19Z,"I now have a full picture of the mechanism. Here's how it works:

## Where the ELF comes from

The ELF that names the symbol is whatever `.elf` was most recently proven to have been flashed onto the board **through this service**.

- `AgenticHILToolService.flash_firmware` (`src/agentic_hil/tools.py`) validates/stages the requested image, calls `self.backend.flash_firmware(...)`, and then calls `self._remember_symbol_elf(validation[""artifact""], result)`.
- `_remember_symbol_elf` (tested in `tests/test_debug_sessions.py::test_remember_symbol_elf_keeps_only_the_source_still_proven_on_the_target`) sets `self._symbol_elf` to the flashed artifact **only** when the flash is a confirmed ELF flash. A confirmed non-ELF flash (`.hex`/`.bin`, which carries no symbols) clears it, an *unconfirmed* flash clears it (it may have partially overwritten the image), and only a flash that provably never started leaves the previous `_symbol_elf` untouched (the board still runs what it ran before). A backend that raises mid-flash also clears `self._symbol_elf` explicitly (`tools.py:274-310`).
- This remembered artifact (`self._symbol_elf`) is what gets passed as the `symbol_elf` argument into `debug_symbol_info` / `debug_symbol_value` / `debug_dump_symbol_ihex` (see `tools.py:454-476` for the `debug_dump_symbol_ihex` wiring, same pattern for the others via `debugger.py`'s abstract signatures).

So the ELF is never a caller-supplied path for the read tools themselves — it's the file the tool service itself flashed and proved reached the target, tracked as session/service state.

## How the value is read back — two different paths depending on backend

**1. OpenOCD/GDB session backend (`src/agentic_hil/backends/openocd.py` → `src/agentic_hil/backends/gdbdebug.py`)**

Here a live GDB session already has an image loaded, so the passed-in `symbol_elf` is deliberately *ignored* (`openocd.py:433-482`, comments say ""the session loaded an image, and that image is the one the target is running""). The flow in `gdbdebug.py`'s `symbol_value`:
1. `_require_session` gets the active session.
2. `_resolve_symbol` resolves the address/size — first by asking GDB's expression evaluator (`_evaluate_symbol_expression`, `-data-evaluate-expression (unsigned long)&symbol` and `sizeof(symbol)`), falling back to reading `st_value`/`st_size` directly out of the ELF's symbol table (`read_elf_symbol`, backed by `src/agentic_hil/elfsymbols.py`) when the symbol has no debug type info GDB can answer.
3. `_read_memory_bytes` reads the raw bytes from target memory at that address over the session.
4. `decode_symbol_value` turns the bytes into `hex`, `value_unsigned`, `value_signed`, using the byte order taken from the session's own loaded ELF (`image_byte_order(...)`), because that's the file actually driving the target.

**2. ST-Link backend (`src/agentic_hil/backends/stlink.py`)**

This backend has no persistent debug session, so it uses the digest-verified `symbol_elf` passed in from the service (the ELF a prior `flash_firmware` proved reached the board). The flow:
1. Resolve the symbol's address/size against that ELF's symbol table (going through the digest re-check in `gdbdebug.py:1595-1621` / the shared symbol-resolution helper, which refuses to answer if the on-disk file no longer matches the digest recorded at flash time — `error_type: symbol_source_changed`).
2. Run STM32CubeProgrammer with `-r <address> <size> <tmp-file>.hex` into a private temp directory (`stlink.py:466-496`), confirmed by the `""Data read successfully""` marker (`STLINK_MEMORY_READ_CONFIRMATION`).
3. Parse the resulting Intel HEX with `read_intel_hex_file` to extract exactly the requested window of bytes.
4. Decode via `decode_symbol_value`, again using the byte order read from the flashed ELF's header (`image_byte_order`) rather than any assumption, since STM32CubeProgrammer's upload format says nothing about it.
5. The private temp file is deleted before the result is returned; only the log records its path.

Both paths ultimately return `ok`, `address`, `size_bytes`, `resolved_from` (`debug_info` vs the ELF symbol-table fallback), `hex`, `value_unsigned`, `value_signed`, and `byte_order`/`byte_order_from`.",True,True,True,src/agentic_hil/tools.py;src/agentic_hil/backends/stlink.py;src/agentic_hil/elfsymbols.py,True,"It correctly names _remember_symbol_elf in tools.py as the ELF source, and the stlink backend's symbol value read using read_elf_symbol from elfsymbols.py.",0.364816,0.348596,0.01622,0.348596,,multi_hop,True,L,agentic_hil,4307363,342
agentic_hil_q38,indexed_topk3,28070,1865,0,0,4,False,end_turn,,26.118,2026-09-08T13:12:09Z,"## How a `uart_expect` step decides the plan's claim was met

The matching logic lives in `src/agentic_hil/test_reactor.py`, in the shared `_read_until` loop (used by both the v2 `uart_expect` action via `_expect` and the v3 `uart_read`/comparator path via `_compare`):

- **What counts as a match** is produced by `_matcher(field_name, expected)` (`test_reactor.py`): for `text` it's a plain substring test (`expected in decoded`); for `pattern` it's `re.compile(expected).search(decoded) is not None`, i.e. unanchored `re.search` semantics — a plan wanting ""starts with"" has to write `^` itself. (For v3, the equivalent decision comes from the comparator object's own `.matches` callable.)
- **The read loop** (`_read_until`) repeatedly calls the `com_read` tool (the same one an agent could call by hand), decodes the running byte buffer with `decode_bytes(raw, encoding)`, and calls the matcher against **the whole decoded window accumulated so far**, not just the newest chunk. This is deliberate: a banner or pattern match that straddles two separate reads (a character split across a read boundary, or a value that only becomes recognizable once two chunks are joined) still counts as satisfied, because matching happens against everything read so far rather than per-chunk.
- The buffer is capped to a `window` sized `max(UART_EXPECT_TAIL_BYTES, 4*len(written)+16)` — generous enough (4 bytes/char, UTF-8 worst case) that it can never cut into a match no matter how long the expected text/pattern is.
- The loop terminates when either `matches(...)` returns true (claim met) or the deadline passes and one final check is made on the last chunk (`expired` flag lets ""nothing more is coming"" settle a claim on the last pass); if neither, the step returns a `uart_expect_timeout`/`comparator_unmet` failure carrying the last `UART_EXPECT_TAIL_BYTES` of what was actually received.

## How the raw wire bytes that satisfied it are recovered

Once `matches` succeeds, the report must show the actual bytes that satisfied the claim — not a re-encoding of the decoded string, since decoding used `errors=""replace""` (irreversible: e.g. an invalid `ff` becomes `�`, and stateful codecs can add things like a BOM). Re-encoding would risk attesting to bytes the port never sent.

Instead:
- The comparator/matcher records *where* in the decoded string the match occurred (its span), exposed via `matched_span` on the matching callable.
- `matched_span_bytes(raw, encoding, span)` (`src/agentic_hil/comports.py`) maps that character span back to a byte range by feeding `raw` through an **incremental decoder one byte at a time**, tracking which byte run produced each decoded character. It cross-checks this against the plain `decode_bytes` result to make sure indices line up, and returns `None` (rather than a fabricated or misaligned slice) when:
  - the incremental and one-shot decodes disagree, or
  - the span begins/ends on a character produced by a stateful, multi-byte-emitting codec run (e.g., UTF-7's buffered runs) where the interior byte boundary isn't recoverable, or
  - the candidate slice, decoded on its own, doesn't equal the matched substring (a stateful codec like ISO-2022-JP can decode the same bytes differently depending on prior shift-state).
- When it succeeds, this yields `matched_raw`, the exact wire bytes sliced straight out of the receive buffer, which is what ends up in the report's `matched_text.hex` (via `UartReadOutcome.matched_result`) alongside the decoded text and encoding — in the same `{hex, text, encoding}` shape as an unmet claim's `received_tail`. If the byte span can't be established, the text is still reported but the `hex` field is simply omitted rather than invented.",True,True,True,src/agentic_hil/test_reactor.py;src/agentic_hil/comports.py,True,"It identifies both files, the comparator-based matching in test_reactor.py, and comports.decode_bytes/matched_span_bytes for recovering exact wire bytes, matching expected locations and behavior.",0.092555,0.07479,0.017765,0.07479,,multi_hop,False,L,agentic_hil,4307363,342
agentic_hil_q32,indexed_topk3,11649,787,0,0,3,False,end_turn,,18.637,2026-09-08T13:12:41Z,"Based on `read_elf_symbol`'s behavior (defined and tested in `tests/test_debug_sessions.py`, backing `src/agentic_hil/backends/stlink.py`):

- **A name present in the symbol table with size 0** (a bare assembler label with no `.size` directive behind it) → `{""ok"": False, ""reason"": ""no_size""}`. The symbol is found, but a zero-length read isn't treated as an answer, so it's refused specifically as `no_size`.
- **A name not carried in the symbol table at all** → `{""ok"": False, ""reason"": ""not_found""}`. This same `not_found` reason is also used for an *undefined* symbol (one with a name but no section/definition), since answering from it would give an address that isn't actually on the target.

So both cases refuse to return an address/size, but they're distinguished by `reason`: `""no_size""` when the symbol exists but its size is zero, versus `""not_found""` when the name simply isn't a defined entry in the table.

This is shown directly in the parametrized test `test_elf_symbol_table_refuses_what_it_cannot_answer` (tests/test_debug_sessions.py:2554-2576), which enumerates:
- `(""main"", ...)` looked up as `""g_pfnVectors""` → `""not_found""` (absent name)
- `(""g_pfnVectors"", 0x08000000, 0)` → `""no_size""` (present, zero size)
- `(""g_pfnVectors"", 0x08000000, 428, 0)` (undefined, `st_shndx=0`) → `""not_found""`

For contrast, a successful lookup (`test_elf_symbol_table_answers_address_and_size`, same file) returns `{""ok"": True, ""address"": ..., ""size_bytes"": ...}`.",False,False,True,,False,"Behavior (no_size vs not_found) is described accurately, but the answer misplaces read_elf_symbol in tests/test_debug_sessions.py and stlink.py, never identifying src/agentic_hil/elfsymbols.py.",0.060378,0.031168,0.02921,0.031168,,trace,True,L,agentic_hil,4307363,342
agentic_hil_q17,indexed_topk3,53259,1416,0,0,7,False,end_turn,,25.047,2026-09-08T13:13:12Z,"I now have the full picture across `src/agentic_hil/tools.py` and `src/agentic_hil/artifacts.py`.

**Before handing to the backend** (`FlashFirmware` handler in `src/agentic_hil/tools.py`, method `flash_firmware`):

1. It validates the source (`validate_local_path` or `resolve_artifact_id`).
2. It calls `self.artifacts.stage_for_backend(validation[""artifact""], ""flash_firmware"")` (`ArtifactManager.stage_for_backend` in `src/agentic_hil/artifacts.py`), which:
   - Opens the original file with `safe_open_binary` and checks (via `fstat`) that it is still a regular, single-hard-link file and within the size limit.
   - Creates a fresh temp directory inside the manager's private staging area (`tempfile.mkdtemp(dir=self._staging.name, prefix=""stage-"")`) and streams the file's bytes into a `NamedTemporaryFile` there, computing a SHA-256 digest as it copies.
   - Verifies the freshly computed hash matches the hash recorded at validation time (`integrity_sha256`/`sha256`) — refusing with `artifact_changed` if the file was swapped in between.
   - `os.replace`s the temp file to its final name inside the staging directory, and returns a new artifact dict (a copy of the original) with `resolved_path` pointed at this staged copy and `staged: True`.
3. Only this staged copy (`staged[""artifact""]`) — not the original validated path — is passed to `self.backend.flash_firmware(staged[""artifact""], reset_after_flash)`.

**Afterwards**, in a `finally` block, `flash_firmware` calls `self.artifacts.release_stage(staged[""artifact""])` regardless of success or failure of the backend call. `ArtifactManager.release_stage` (`src/agentic_hil/artifacts.py`):
- No-ops if `artifact[""staged""]` isn't `True`.
- Otherwise confirms the resolved path is still within the staging root (`is_path_within_frozen`), then `unlink()`s the staged file and `rmdir()`s its parent staging directory, suppressing any `OSError`.

So the staged copy is a one-time-use, hash-verified duplicate written into a private per-flash temp directory, and it is deleted (file + directory) immediately after the backend call returns or raises, whether or not the flash succeeded (also noted in the surrounding comment about `_symbol_elf` being cleared on backend exceptions since the flash's effect becomes unknown).",True,True,True,src/agentic_hil/tools.py;src/agentic_hil/artifacts.py,True,"The answer identifies flash_firmware in tools.py staging a hash-verified copy via stage_for_backend, and its deletion via release_stage in a finally block, matching expected files and symbols.",0.130363,0.120678,0.009685,0.120678,,trace,False,L,agentic_hil,4307363,342
agentic_hil_q16,indexed_topk3,157817,2889,0,0,10,False,end_turn,,42.325,2026-09-08T13:13:41Z,"Now I have full picture. Let me answer.

## `HardwareLease.quarantine`

Defined in `src/agentic_hil/coordination.py` (`HardwareLease.quarantine`, ~line 485):

```python
def quarantine(self, reason: str, error: object | None = None, *, audit_broken: bool = False) -> None:
    self.coordinator.quarantine_lease(self, reason, error, audit_broken=audit_broken)
```

It delegates to `HardwareCoordinator.quarantine_lease`, which (under the coordinator's `_guard` lock) validates the lease and then calls the internal `_quarantine_registered_lease`. That routine:

- assigns (or reuses) a `quarantine_id` for the coordinator's open incident,
- adds the lease's resources to `incident_resources`,
- forces `lease.state = ""cleanup_required""`, stamps `lease.quarantine_id`, and folds `audit_broken` into `lease.audit_ok`,
- appends a structured error entry (`reason`, timestamp, `quarantine_id`, and optional `error_type`/`summary`) to `lease.errors`,
- sets `self.blocked = True` on the coordinator,
- persists the lease record and, if the incident's resource set grew, re-persists every other still-quarantined/cleanup-required lease so all on-disk markers agree,
- persists the project record with `state = ""cleanup_required""`.

Crucially, `quarantine()` **does not release the lease's locks** — it keeps the lease registered, `valid`, and blocking. It's how code declares ""the physical state here is unknown and must be treated as an incident until an operator confirms safe state and calls `recover`.""

## `HardwareLease.release`

```python
def release(self, *, safe_state_confirmed: bool = True, processes_reaped: bool = True, audit_ok: bool = True) -> bool:
    return self.coordinator.release_lease(self, safe_state_confirmed=safe_state_confirmed, processes_reaped=processes_reaped, audit_ok=audit_ok)
```

`HardwareCoordinator.release_lease` (coordination.py, ~line 990) is the normal ""give the bench back"" path:

- If `safe_state_confirmed`, `processes_reaped`, and `audit_ok` are all true, it transitions the lease through `""releasing""` → persists it as `""released""`, releases its locks, and unblocks the project (unless a residual/sibling incident still exists) — returning `True`.
- If **any** of those three conditions is false, `release_lease` itself calls `self._quarantine_registered_lease(...)` (the same internal routine `quarantine()` uses) with a reason derived from which condition failed (`safe_state_unconfirmed`, `process_reap_unconfirmed`, or `audit_broken`), and returns `False`.

## The difference

- `release()` is the caller's attempt to hand the resource back cleanly; it only quarantines as a *fallback* when the caller cannot honestly confirm safe state, reaped processes, or an intact audit trail — and it reports that failure back via a boolean return value.
- `quarantine()` is an explicit, direct declaration that an incident exists (called from many places in the codebase — e.g. `comports.py`, `can.py`, `tools.py` — when something mid-operation proves the hardware's state can no longer be trusted). It always fails the lease into `""cleanup_required""` and never tries to release the resource.

Both ultimately route through the same core state-mutation code (`_quarantine_registered_lease`) so a quarantined lease looks identical on disk regardless of which path triggered it, but `release()` is the ""success path with a safety fallback"" while `quarantine()` is a direct, unconditional incident declaration. Contrast this with the separate `record_cleanup_event()` method (also in `coordination.py`), which writes the same kind of error entry but deliberately opens **no** incident and does not block the project — used when the missing proof is expected to resolve itself on the next open (e.g., a stuck COM port or CAN adapter handle).",True,True,True,src/agentic_hil/coordination.py,True,The answer correctly locates HardwareLease.quarantine and release in src/agentic_hil/coordination.py and accurately describes quarantine's incident/cleanup_required blocking behavior versus release's clean handback with quarantine fallback.,0.356969,0.344524,0.012445,0.344524,,trace,False,L,agentic_hil,4307363,342
agentic_hil_q33,indexed_topk3,4353,364,0,0,2,False,end_turn,,10.101,2026-09-08T13:14:26Z,"`read_intel_hex_file` (in `src/agentic_hil/gdbmi.py`) returns `None` in both cases:

- **Incomplete coverage** (a hole — some byte(s) in `[start_address, start_address + size_bytes)` were never written by any data record): after processing all records, the function checks the `covered` bytearray for any byte not marked covered, and returns `None` rather than a partial result.
- **Conflicting writes** (the same address is written twice with different values): while applying a data record, if `covered[position]` is already set and `window[position] != value`, the function immediately returns `None`.

As the docstring states, the function is designed to return ""Never a partial answer"" — it returns the exact `size_bytes` window only if every byte was written consistently exactly once (or more, but consistently); any malformed record, failed checksum, unrecognized record type, duplicate-address conflict, or gap causes it to return `None` instead of bytes.",True,True,True,src/agentic_hil/gdbmi.py,True,"The answer correctly names src/agentic_hil/gdbmi.py's read_intel_hex_file and states it returns None for both incomplete coverage and conflicting duplicate writes, with accurate supporting detail.",0.019386,0.012346,0.00704,0.012346,,trace,True,L,agentic_hil,4307363,342
agentic_hil_q36,indexed_topk3,4269,749,0,0,2,False,end_turn,,9.797,2026-09-08T13:14:39Z,"## Behavior when configured `probe_id` differs from the attached probe

The adoption plan **refuses the entire plan outright** rather than partially applying it. This logic lives in `plan_adoption` in `src/agentic_hil/adopt.py`, which compares the entry's `configured_probe_id(debugger)` against `discovery.get(""probe_id"")` (after normalizing both with `fold_hardware_id`). If they don't match, it short-circuits to `_different_board(debugger_name, configured, discovered)` instead of proceeding to build any `carried`/`kept`/`already` proposals.

`_different_board` (also in `src/agentic_hil/adopt.py`) returns a result with:
- `""ok"": False`
- `""error_type"": ""hardware_mismatch""`
- `""field"": ""probe_id""`
- A `summary` explaining that the configured probe and the attached probe are different boards, so nothing was planned and nothing was written
- `""retry_safe"": False`
- A `next_step` telling the operator to either attach the board that entry is configured for, or use `--probe-id`/`debugger_id` to name the correct entry — noting that repointing a configured entry to a different probe is ""an operator's edit, not this path's""

### Why: it's not a per-key decision
The code comment explains the rationale: identity keys aren't independent. `probe_id` names a specific board, while `target.controller`, the COM device, and the backend executable all describe *that same board*. If the plan carried the currently-unset fields while leaving a `probe_id` that names a different probe, the resulting config would have a debugger pointing at one board and a UART/controller pointing at another — a config that ""loads, passes `doctor`, and is wrong in the one way nobody would look for."" So this case is not treated as a per-key `kept` (like an ordinary already-set-value disagreement); the whole plan is refused and nothing is written.

This is also documented in `docs/configuration.md`: ""an entry that already names a probe with a *different* probe attached is refused whole rather than partly carried, because the identity keys describe one board between them.""",True,True,True,src/agentic_hil/adopt.py,True,"The answer correctly identifies plan_adoption, _different_board, and configured_probe_id in src/agentic_hil/adopt.py, and accurately describes the whole-plan refusal with hardware_mismatch error.",0.024923,0.016028,0.008895,0.016028,,trace,False,L,agentic_hil,4307363,342
agentic_hil_q29,indexed_topk3,6356,334,0,0,2,False,end_turn,,7.019,2026-09-08T13:14:53Z,"The closed JSON Schema is at `src/agentic_hil/schemas/testconfig.schema.json`.

It is closed with `additionalProperties: false` set at the root and on every step definition, so any key/action not explicitly named in the schema is rejected rather than silently ignored. This is described in `docs/test-plan-contract.md`, which notes the schema governs the three root keys (`version`, `name`, `steps`) and, for each step, the allowed action and its permitted arguments/keys (with `$defs` entries per action, e.g., referenced via helpers like `_plan_step_entries` in `src/agentic_hil/knowledge.py`).",True,True,False,src/agentic_hil/schemas/testconfig.schema.json,True,The answer names the expected file src/agentic_hil/schemas/testconfig.schema.json and correctly describes its closed additionalProperties:false behavior governing allowed actions and keys.,0.022362,0.016052,0.00631,0.016052,,locate,False,L,agentic_hil,4307363,342
agentic_hil_q40,indexed_topk3,247795,3783,0,0,12,False,end_turn,,65.24,2026-09-08T13:15:04Z,"I now have a complete trace of the path. Here's the answer:

## Path: `agentic-hil init` → probe serial in the config

**1. CLI entry point.** `agentic-hil init` is parsed by `build_parser` and dispatched in `dispatch()` (`src/agentic_hil/cli.py`) to `init_project(args.config, args.agent, args.force)`.

**2. Project setup.** `init_project` (`src/agentic_hil/cli.py`) does the actual bench read/write via `init_config()` (also in `cli.py`), which resolves where the config should live and then generates it from the attached hardware, using `DEFAULT_CONFIG_TEMPLATE` and `bootstrap_probe_listing`.

**3. Hardware discovery.** `init_config` calls `discover_attached_hardware()` in `src/agentic_hil/bootstrap.py`. This is where the ST-Link's serial is actually obtained, and it picks one of two routes depending on what's installed on the host:

- **STM32CubeProgrammer present** (`find_stm32_programmer_cli`): it runs `STM32_Programmer_CLI -q -l st-link-only` to enumerate probes, connects `port=SWD mode=HOTPLUG sn=<serial>`, and parses the `ST-LINK SN : ...` line with `stlink_target_info` (`src/agentic_hil/backends/stlink.py`). The result carries `discovered_by: DISCOVERED_BY_STLINK_CLI` and an authoritative `probe_id`.
- **OpenOCD-only fallback**: it enumerates the host's own USB serial inventory (`list_available_com_ports`, then `usb_stlink_ports`/`usb_stlink_probe_ids` in `src/agentic_hil/comports.py`), matching vendor id `0x0483` and an ST-Link product id to read the serial a V2‑1/V3 publishes in its USB descriptor (the same string OpenOCD's `adapter serial` takes). This path is tagged `discovered_by: DISCOVERED_BY_USB_INVENTORY` and is explicitly documented as *not* an authoritative probe count (`docs/configuration.md`), so `init` only binds it automatically when discovery/selection resolves a single unambiguous probe (`select_probe_id` in `bootstrap.py`); otherwise it leaves an unbound placeholder that a later `agentic-hil adopt-hardware --probe-id <serial>` must confirm.

**4. Writing it into the config.** The discovery result (a dict with `probe_id`, `target`, `com_port`, etc.) is merged into the YAML skeleton by `apply_discovery_to_template(template, profile, discovery)` (`src/agentic_hil/bootstrap.py`), which fills `debuggers.dut.type`/`probe_id`/`executable` and the matching `com_ports` entry (correlated via `correlate_com_port`). `init_config` then writes this document out at the resolved authoritative config path.

So the chain is: `cli.dispatch` → `cli.init_project` → `cli.init_config` → `bootstrap.discover_attached_hardware` (STM32CubeProgrammer HOTPLUG read, or USB-inventory fallback via `comports.usb_stlink_probe_ids`) → `bootstrap.apply_discovery_to_template` → config file written with `debuggers.<name>.probe_id` set to that ST-Link's serial (authoritatively on the STM32CubeProgrammer path, or as a fill only when uniquely resolvable on the OpenOCD/USB-inventory path).",True,False,True,src/agentic_hil/cli.py;src/agentic_hil/bootstrap.py;src/agentic_hil/backends/stlink.py,True,"It correctly traces cli init → bootstrap.discover_attached_hardware → apply_discovery_to_template writing probe_id, naming the primary files/symbols despite extra unverified fallback detail.",0.56114,0.53342,0.02772,0.53342,,multi_hop,False,L,agentic_hil,4307363,342
agentic_hil_q10,indexed_topk3,10999,775,0,0,3,False,end_turn,,12.283,2026-09-08T13:16:19Z,"Found it in `src/agentic_hil/tools.py`, in `AgenticHILToolService.flash_firmware` (lines 274-310).

When the payload contains **both** `image_path` and `artifact_id` (i.e. both are truthy), the method does not attempt to prefer one over the other or process the flash at all. Instead it hits this check:

```python
image_path = payload.get(""image_path"")
artifact_id = payload.get(""artifact_id"")
if bool(image_path) == bool(artifact_id):
    return tool_error(""flash_firmware"", ""invalid_argument"", ""Provide exactly one of image_path or artifact_id."")
```

Since `bool(image_path) == bool(artifact_id)` is `True` when both are set (both `True`), it immediately returns a `tool_error` with:
- tool name: `""flash_firmware""`
- error type: `""invalid_argument""`
- message: `""Provide exactly one of image_path or artifact_id.""`

No staging, backend flashing, or permission checks happen beyond the earlier `allow_flash` permission check — the request is rejected outright as invalid before validating/resolving either artifact source. (This same guard also rejects the case where neither field is provided, since `bool(None) == bool(None)` is also `True`.)

This behavior is also reflected in the tool's schema declaration in `src/agentic_hil/contracts.py` (`MCP_TOOLS` entry for `""flash_firmware""`), which documents `one_of=[{""required"": [""image_path""]}, {""required"": [""artifact_id""]}]` — i.e., exactly one of the two fields is expected.",True,True,True,src/agentic_hil/tools.py,True,"The answer names the correct file and symbols (flash_firmware, tool_error) and accurately describes the mutual-exclusivity guard returning an invalid_argument tool_error when both fields are supplied.",0.037733,0.029748,0.007985,0.029748,,trace,False,L,agentic_hil,4307363,342
agentic_hil_q19,indexed_topk3,23885,1908,0,0,4,False,end_turn,,26.031,2026-09-08T13:16:34Z,"An MCP `tools/call` result is passed through a dedicated redaction pass before it is ever serialized into the response.

**Where it happens:** `call_tool()` in `src/agentic_hil/mcp.py` (lines ~245-268) calls the tool implementation (`tools.call(name, arguments)`) to get the raw result, but instead of returning that raw result, it does:

```python
result = tools.call(name, arguments)
safe_result = redact_sensitive(result)
return {""content"": [{""type"": ""text"", ""text"": tool_result_text(safe_result)}],
        ""structuredContent"": safe_result,
        ""isError"": not overall_success(result)}
```

The comment in the code calls this ""defense-in-depth"": every field that could hold a secret is stripped before the result is serialized into *both* the MCP `content` text and `structuredContent`. Note `isError` is computed from the *raw* (unredacted) result, since redaction never touches success-indicating fields.

**How `redact_sensitive` works:** implemented in `src/agentic_hil/redact.py`, via `_redact_member()`:
- The function walks the result recursively (dicts/lists).
- For each mapping key, if the key name itself matches `_SENSITIVE_KEY_PATTERN` (things like `*token*`, `*secret*`, `*password*`, `*credential*`, etc.), the entire value is replaced with the placeholder `[redacted]` — regardless of the value's contents.
- If the key is a known ""stream"" key (e.g. `stdout`, `stderr`, `backend_warnings`), the value isn't blanked wholesale; instead `_redact_stream_member` scans the string for credential-shaped substrings (e.g. Basic-auth URLs, `token=`, `PASSWORD=`, `--client-secret=` assignments) and masks just those spans, leaving the rest of the diagnostic output intact.
- Non-sensitive keys (e.g. `quarantine_id`, `owner_marker`, `lease_state`) pass through unchanged.

This is verified in `tests/test_coordination.py::test_mcp_and_cli_redact_secret_named_fields_at_the_sink`, which shows a tool result containing `device_secret`/`session_token` coming back through `call_tool` with those fields turned into `[redacted]` in both `structuredContent` and the serialized `content[0].text`, while non-secret fields like `quarantine_id` are preserved.

There's a related but separate mechanism, `SecretRedactor`/`redact()` in `evals/install/redaction.py`, used for streaming output where the actual secret *value* (not just the key name) is known ahead of time and needs to be masked across chunk boundaries — that's used in the install-eval harness rather than the live MCP `tools/call` path, but demonstrates the same masking philosophy (JSON-escaped, slash-escaped, and URL-encoded variants of a secret are all matched and replaced with the same `REDACTION_MARKER`).",True,True,True,src/agentic_hil/mcp.py;src/agentic_hil/redact.py,True,"Answer identifies call_tool in src/agentic_hil/mcp.py applying redact_sensitive (redact.py) and tool_result_text before returning, matching expected files and symbols with accurate detail.",0.077215,0.06685,0.010365,0.06685,,multi_hop,False,L,agentic_hil,4307363,342
agentic_hil_q25,indexed_topk3,53268,1602,0,0,5,False,end_turn,,27.126,2026-09-08T13:17:04Z,"## How the report proves the audit log wasn't edited underneath it

Every hardware-effect log has two copies (`src/agentic_hil/report.py`):

1. **The workspace copy** – an ordinary file the agent (and anything else with filesystem access) can freely edit, delete, or overwrite. It is untrusted by definition.
2. **The canonical copy** – written under the operator-pinned `state_root`, outside the workspace tree (`canonical_audit_log_path` in `audit_logs_directory`, which lives under `project_state_directory`), so the agent cannot reach it. Each append is protected by `append_canonical_audit_log`, which:
   - checks the on-disk canonical file's byte length against a sidecar record before appending (failing closed with `ConfigError(""coordination_state_invalid"", ...)` if they disagree, so an append can never silently extend a chain that no longer matches its own log),
   - appends the new line,
   - extends a SHA-256 hash chain: `chain = sha256(prev_chain_sha256 + new_text)`, and
   - atomically writes a sidecar (`<log>.digest`) recording `sequence`, `chain_sha256`, and `bytes`.

This gives the canonical ledger a monotonic sequence number and a tamper-evident hash chain — any edit, reordering, or truncation of a past line changes every subsequent `chain_sha256`.

When a tool result/report is produced, `attach_canonical_audit_evidence` calls `canonical_audit_evidence(config, log_path)` (both in `src/agentic_hil/report.py`) and attaches a `canonical_audit` object to the result containing:
- `canonical_log_present`
- `canonical_log_name` (basename only — the absolute state-root path is deliberately withheld from the agent/MCP sink)
- `log_sequence` and `log_chain_sha256` from the trusted sidecar
- `workspace_log_verified` — the result of checking that every line in the canonical (trusted) log still appears, in order, as a subsequence of the current workspace log (`_is_ordered_subsequence`). Extra passive lines (e.g., serial RX feedback) in the workspace copy are tolerated, but any deletion or alteration of a canonical effect line flips `workspace_log_verified` to `False`.

So the report the agent reads back doesn't just show the workspace log's contents — it carries the canonical log's sequence number and hash-chain digest plus an explicit boolean stating whether the workspace mirror still matches that trusted chain. If the agent rewrites or deletes the workspace log, `workspace_log_verified` becomes `False` while the canonical evidence (sequence/chain) stays intact and untouched, proving tampering rather than hiding it (verified by `tests/test_hardening.py::test_workspace_audit_log_tampering_is_detected` and `test_report_api_surfaces_canonical_audit_evidence`).",True,False,True,src/agentic_hil/report.py,True,"It names all three key symbols and accurately describes the canonical hash-chained log, sidecar digest, and evidence attached to reports, despite minor file attribution imprecision.",0.139426,0.122556,0.01687,0.122556,,multi_hop,False,L,agentic_hil,4307363,342
agentic_hil_q03,indexed_topk3,6766,768,0,0,2,False,end_turn,,10.225,2026-09-08T13:17:37Z,"The broker is implemented in **`src/agentic_hil/canbroker.py`**, specifically the `CanBroker` class (defined around line 519):

```python
class CanBroker:
    """"""One process, one physical bus, many named participants.

    Owns the bus lock and the adapter for its whole life. Everything a
    participant does to the medium passes through here, which is what makes the
    whole-bus frame log complete: the broker is the only writer, so a frame in a
    participant's own log is a frame in this one, under the same sequence
    number.""""""
```

This class:
- Owns a single physical CAN bus, holding the machine-wide exclusive lock for its entire lifetime (`take_bus`), and opens the adapter once (`open_bus`).
- Exposes an IPC endpoint (via `multiprocessing.connection.Listener`) so multiple separate processes/runs can attach as **named participants** rather than each trying to open the physical device themselves.
- Serves those participants (`serve` method) until shutdown.

The module also provides:
- `main()` — the CLI entry point (`agentic-hil-can-broker`) that starts a `CanBroker` for a given `bus_id`.
- `attach_participant` — the client-side function participants use to connect to a running broker (referenced in `tests/test_can_broker.py`).

The design rationale is documented in `docs/can-service-design.md` (""CAN as a Service: One Bus Owner, Named Participants""), which states: ""One broker process owns one physical bus... Participants are named connections to the broker... Runs in different projects share the bus by each holding a participant connection, not by racing for the device lock.""

Related config types live in `src/agentic_hil/types.py` (`CanShareConfig`), describing the per-participant ""share"" view (filters, permissions, frame budget) of a shared bus.",True,True,True,src/agentic_hil/canbroker.py,True,"The answer names the correct file (src/agentic_hil/canbroker.py) and the primary CanBroker class with accurate behavioral detail, despite not mentioning BrokerDescriptor.",0.029422,0.021212,0.00821,0.021212,,locate,True,L,agentic_hil,4307363,342
agentic_hil_q07,indexed_topk3,33250,826,0,0,5,False,end_turn,,18.628,2026-09-08T13:17:50Z,"Found it: the pytest plugin lives at `src/agentic_hil/pytest_plugin.py`. It registers itself via the package's `pytest11` entry point (declared in `pyproject.toml`), defines `pytest_addoption` for the (deprecated) `--agentic-hil-config`/`agentic_hil_config` options, config-discovery helpers like `configured_legacy_selector` and `rootdir_anchored`, and the `agentic_hil` fixture itself (which skips tests when no config is discovered, verifies `workspace_root` matches the pytest rootdir, and tears down COM/CAN sessions after each test), as documented in `docs/testing.md` and exercised by `tests/test_pytest_plugin.py`.",True,True,True,src/agentic_hil/pytest_plugin.py,True,"The answer names the correct file src/agentic_hil/pytest_plugin.py and identifies the agentic_hil fixture, pytest_addoption, and agentic_hil_config option, matching expected symbols.",0.081385,0.07476,0.006625,0.07476,,locate,False,L,agentic_hil,4307363,342
agentic_hil_q26,indexed_topk3,36271,1052,0,0,5,False,end_turn,,20.139,2026-09-08T13:18:12Z,"Both functions live in **`src/agentic_hil/gdbmi.py`**:

- **`write_intel_hex_file(file_path, start_address, data, *, workspace)`** (`src/agentic_hil/gdbmi.py:325-341`) — turns a symbol's dumped memory bytes into Intel HEX records (using the `intel_hex_record` helper for extended-linear-address and data records, plus the `INTEL_HEX_EOF_RECORD`), and writes them atomically inside the given `workspace` via `atomic_write_text`.

- **`read_intel_hex_file(file_path, start_address, size_bytes)`** (`src/agentic_hil/gdbmi.py:350-401`+) — reads an Intel HEX file back off disk, parsing each record (`parse_intel_hex_record`) and reconstructing exactly the `[start_address, start_address+size_bytes)` byte window, returning `None` on any malformed record, checksum failure, conflicting overlap, or uncovered hole rather than a partial answer.

These are used by the backends that have no other way to read target memory, e.g. `debug_dump_symbol_ihex` and the STM32CubeProgrammer read path in `src/agentic_hil/backends/stlink.py` (which writes via `write_intel_hex_file`/the CLI's `-r` output and reads back via `read_intel_hex_file` at lines ~482 and ~560), as well as `src/agentic_hil/backends/pyocd.py`'s symbol-dump path.",True,True,True,src/agentic_hil/gdbmi.py,True,"The answer names the correct file (src/agentic_hil/gdbmi.py) and both expected functions plus the intel_hex_record helper, with accurate behavioral description.",0.090747,0.083062,0.007685,0.083062,,locate,True,L,agentic_hil,4307363,342
agentic_hil_q24,indexed_topk3,48755,1874,0,0,5,False,end_turn,,30.131,2026-09-08T13:18:34Z,"## How a config-file edit reaches a running server

The reload is **explicit and pull-based**, not automatic. The server never watches the filesystem; a client must invoke the MCP tool `project_config_reload_description`, which is served by `AgenticHILTools.reload_description()` (`src/agentic_hil/tools.py`, ~line 894). That method:

1. Calls the pure-decision function `configreload.reload_description(self.config, open_holds=self.open_hardware_holds(), quarantine=self._unresolved_incident())` (`src/agentic_hil/configreload.py`).
2. That function re-runs the full startup load via `load_authoritative_config(existing.workspace_root)` — the same authoritative-path resolution, digesting, and validation the process used at boot — and then composes a `merged_description(existing, disk)` that takes **only** the four device-description sections (`target`, `debuggers`, `com_ports`, `can_buses`) from the freshly read disk file, while keeping every permission and everything else from the config already loaded in memory. This is what makes an on-disk edit ""picked up"": a new/renamed board, port, or bus.
3. If the merge/check succeeds, `AgenticHILTools.reload_description()` calls `self._swap_config(reloaded)`, replacing the whole `self.config` object in one atomic step, and the method runs inside `_lifecycle_lock`, so no other dispatched call can be mid-read of `self.config` while the swap happens.

The CLI counterpart `agentic-hil config-reload` (`config_reload()` in `src/agentic_hil/cli.py`) does the identical merge as a **preview only** — a fresh CLI process has no live server config to swap into, so it just reports what a real server's reload would take/leave.

## What refuses the reload during an open run

Before doing any of the above, `configreload.reload_description` checks two guards and short-circuits with `None` (nothing re-read, nothing swapped) if either is true:

- **`open_holds`** — supplied by `AgenticHILTools.open_hardware_holds()` (`src/agentic_hil/tools.py`, ~line 1133), which reports non-`None` if `self.coordinator.run_status()` shows an active declared run (`bench_run_start`/`bench_run_stop`) **or** there are any open leases (e.g., a COM/CAN/debug session that outlives a run). If present, `_open_run_refusal()` returns `error_type = config_reload_in_open_run` (constant `RELOAD_IN_OPEN_RUN_ERROR`).
- **`quarantine`** — supplied by `AgenticHILTools._unresolved_incident()`, true when `self.coordinator.incident_stands`. If present, `_quarantine_refusal()` returns `error_type = ""resource_quarantined""`.

The rationale (documented in `configreload.py` and `knowledge.py`'s `config_reload_in_open_run` remedy entry): a hold like a declared run or an open lease names a device by its configuration entry, and the on-disk description decides which physical board that name refers to. Re-reading it mid-run could silently repoint a live name at a different board, so the refusal leaves the file unread and the run untouched (`retry_safe: True`, `side_effect_committed: False`). Once the run/session is closed (`bench_run_stop`, `com_session_stop`/`can_session_stop`, `debug_stop_session`) or the incident is cleared, the identical reload call goes through — demonstrated in `tests/test_config_reload.py::test_refused_while_a_run_holds_the_bench` and `tests/test_config_reloaded_unreachable.py::test_a_reload_while_a_can_session_is_open_is_refused_and_swaps_nothing`.",True,False,True,src/agentic_hil/configreload.py,True,"Answer identifies configreload.py's reload_description and _open_run_refusal (config_reload_in_open_run) as the refusal for open runs, correctly describing the pull-based reload and merge behavior.",0.127925,0.11625,0.011675,0.11625,,multi_hop,False,L,agentic_hil,4307363,342
agentic_hil_q14,indexed_topk3,40493,1355,0,0,5,False,end_turn,,20.009,2026-09-08T13:19:35Z,"## What `verify_port_identity` compares

`verify_port_identity` (in `src/agentic_hil/comports.py`) checks a configured `com_ports.<name>` entry against the host's live serial-port inventory (from `list_available_com_ports`) *before* opening the port:

1. **Serial number** — if the entry names `serial_number`, it compares the folded serial of the enumerated host port to `expectation.expected`.
2. **USB VID/PID** — if the entry names `vid` and/or `pid`, it separately compares the host-reported `found_vid`/`found_pid` against `expectation.vid`/`expectation.pid`. This runs *after* the serial check, ""never instead of it,"" because a matching serial only proves it's the right unit once the vendor also agrees — a USB serial number is unique within a vendor, not globally.

The comparison logic for VID/PID lives at `src/agentic_hil/comports.py:578-617`.

## When VID/PID don't match

If either declared id (`vid` or `pid`) differs from what the host reports for that port, `verify_port_identity` calls `_identity_mismatch` (`src/agentic_hil/comports.py:424-463`), and:

- The port is **not opened**.
- It returns `ok: False`, `error_type: COM_PORT_IDENTITY_MISMATCH`, with `identity[""status""] = ""mismatch""`.
- The result includes both sides of the comparison: `expected_vid`/`expected_pid` (from config) and `found_vid`/`found_pid` (from the host), alongside any serial fields.
- The summary explicitly states it's ""a different kind of device under the name this entry used to have,"" and — if a serial number was also configured and happened to match — adds that the serial match ""proves nothing, because a USB serial is unique only within a vendor.""
- It lists `likely_causes` (e.g., a different USB-serial adapter now holds this device name, the entry is stale, or the matching serial is a coincidental vendor-scoped duplicate).
- It marks the refusal as safe/non-destructive: `side_effect_committed: False`, `side_effect_status: ""not_started""`, `hardware_state: ""unchanged""`, `retry_safe: True`.

If instead the host simply doesn't report VID/PID at all for that port, it's treated as unverifiable rather than mismatched: `identity[""status""] = ""usb_ids_unknown""` and `error_type: COM_PORT_IDENTITY_UNVERIFIED` (also via `_identity_unverified`), again without opening the port.",True,True,True,src/agentic_hil/comports.py,True,"Answer names comports.py and verify_port_identity, correctly describing serial/VID-PID comparison against enumerated host ports and refusal to open with a mismatch error result.",0.108116,0.094536,0.01358,0.094536,,trace,False,L,agentic_hil,4307363,342
agentic_hil_q28,indexed_topk3,3943,364,0,0,2,False,end_turn,,7.713,2026-09-08T13:20:00Z,"The reactor is the `TestReactor` class in `src/agentic_hil/test_reactor.py`, specifically its `execute_step` and `execute_steps` methods.

- `execute_step(self, step: TestStep)` resolves which configured device a given step names (via `self.step_device(step)`) and dispatches execution to that device's own `execute(step)` method.
- `execute_steps(self, steps, records, *, top_level=False)` walks a list of `TestStep`s in order, recording each result, and stops at the first failure or stop request — this is the loop that drives the whole plan step-by-step.

This is documented as the ""Test Reactor"" in `docs/testing.md`, which describes it as executing a strict, sequential YAML/JSON test plan against the named devices in the authoritative config, where each step names its target device via a `device:` key (or legacy aliases `debugger:`, `port_id:`, `bus_id:`).",True,True,True,src/agentic_hil/test_reactor.py,True,"Answer names src/agentic_hil/test_reactor.py and TestReactor, describes step-walking execution and device resolution via step_device/TestStep, matching the expected location and symbols.",0.019251,0.011526,0.007725,0.011526,,locate,False,L,agentic_hil,4307363,342
agentic_hil_q05,indexed_topk3,7231,494,0,0,2,False,end_turn,,9.115,2026-09-08T13:20:11Z,"The JUnit XML for a plan run is produced in `src/agentic_hil/junit.py`.

- The document itself is built by the pure function `junit_xml_document(result, *, plan_steps=())`, which constructs a `<testsuite>`/`<testcase>` `ElementTree` structure from a run's JSON result (and optionally the loaded plan steps, so it can honestly report steps skipped after an abort/refusal).
- The XML is actually written to disk by the function shown just above it in that file (the one that ends `return {**result, ""junit_xml"": written}` and sets `JUNIT_WRITE_ERROR` on failure) — this is triggered via the CLI's `--junit-xml PATH` option (see `agentic_hil.reactorrun.run_registered_plan` / the `test-reactor` entrypoint), which calls into `agentic_hil/junit.py` after the run completes.

This behavior is documented in `docs/testing.md` under ""A JUnit report for CI"", and exercised by tests in `tests/test_junit_report.py`.",True,True,True,src/agentic_hil/junit.py,True,"It names src/agentic_hil/junit.py and junit_xml_document, and accurately describes the writing function (write_junit_xml) by its behavior, identifying the correct location.",0.028732,0.019402,0.00933,0.019402,,locate,False,L,agentic_hil,4307363,342
agentic_hil_q06,indexed_topk3,32203,1215,0,0,5,False,end_turn,,19.701,2026-09-08T13:20:40Z,"Secrets are masked out of captured process output (`stdout`/`stderr` fields, at any nesting depth, including split-line lists and carried fields like `backend_warnings`) by the `redact_sensitive` function defined in `src/agentic_hil/redact.py`. This function is applied at the points where a result document is about to leave the process:

- **CLI machine/human sinks** — `emit_result` and `emit_protocol_error` in `src/agentic_hil/cli.py` both call `redact_sensitive(result)` right before printing/dumping the result (comment: *""redaction is the last step before a result leaves this process by either of them""*). If redaction can't vouch for the shape of the result, it fails closed via `redaction_unavailable`.
- **COM stdio bridge sink** — `write_error` in `src/agentic_hil/comstdio.py` calls `redact_sensitive(result)` before writing the JSON line to its output stream.

`redact_sensitive` does two passes: it replaces the value of any secret-named field (`*_token`, `*secret`, `password`, `api_key`, `authkey`, matched with the underscore/hyphen separator rule), and, specifically for values under a captured stream key (`stdout`, `stderr`, at any depth), it also does a content-level pass masking URL userinfo, `Authorization: Bearer`/`Basic` header values, and secret-named assignments/query parameters (e.g. `?token=`, `--client-secret=`, `PIP_INDEX_PASSWORD=`). This behavior and its rationale are documented in `CHANGELOG.md` (issue #317) and exercised extensively in `tests/test_redact.py` and `tests/test_coordination.py::test_redact_sensitive_strips_secret_named_keys`.

There is also a separate, lower-level streaming redactor, `SecretRedactor`/`redact`/`redact_value` in `evals/install/redaction.py`, used in the install-eval harness to strip literal known secret values (in raw, JSON-escaped, and URL-encoded forms) from captured text/output — but the main server-side masking path for outgoing results is `redact_sensitive` in `src/agentic_hil/redact.py`.",True,True,True,src/agentic_hil/redact.py,True,"The answer names src/agentic_hil/redact.py and redact_sensitive, and describes the stream-text content masking (redact_stream_text's behavior) plus call sites, matching the expected location.",0.087781,0.076556,0.011225,0.076556,,locate,False,L,agentic_hil,4307363,342
agentic_hil_q08,indexed_topk3,124003,2626,0,0,9,False,end_turn,,50.07,2026-09-08T13:21:03Z,"Based on this evidence, the answer is clear.

**Module:** `src/agentic_hil/bench.py`, via its `BenchMutex` class.

`BenchMutex` is the machine-wide arbiter of exclusive access to a bench (a physical device/board). It keeps its lock files under `~/.agentic-hil/device-locks` (deliberately *not* under a per-configuration `state_root`, since ""a lock kept per configuration is not a bench lock"" — `tests/test_bench_mutex.py`). Any caller can construct one (`BenchMutex(frontend=...)`) and call `acquire(resources, wait_s=...)`.

**What it hands back on success:** `BenchMutex.acquire()` returns a plain `list[str]` — the resource keys this particular call newly took (an already-held device by the same mutex contributes nothing to the list). There is no separate lease/handle object returned; the mutex instance itself is the caller's ongoing handle on the hold, and the caller later calls `release()`/`release_all()` on that same `BenchMutex` to give the devices back. If a resource is already held by someone else, `acquire` instead raises `DeviceBusyError`, whose `.result` names the current holder (see `_take` in `src/agentic_hil/bench.py`, lines ~371–423 for `acquire` and ~509+ for `_take`).

This is distinct from `HardwareCoordinator` in `src/agentic_hil/coordination.py`, which layers per-run *leases* (`HardwareLease` objects, with `.release()`, `.quarantine()`, etc.) on top of these same machine-wide `BenchMutex`/device locks for the duration of a declared run.",True,True,True,src/agentic_hil/coordination.py,False,"The answer commits to bench.py's BenchMutex returning a list of resource keys, explicitly rejecting the expected coordination.py HardwareCoordinator/HardwareLease answer.",0.286166,0.274266,0.0119,0.274266,,locate,False,L,agentic_hil,4307363,342
