qid,n_sents,all_exactly_one_strict,all_exactly_one_quoted,all_token_unique,any_zero_quoted,n_short,n_missing_context
5ab381b155429969a97a816b,2,False,False,False,True,0,0
5ae6038155429929b0807a55,2,False,False,True,True,0,0
5ab292e4554299545a2cf993,3,False,False,False,True,0,0
5ab3dad4554299753aec59cb,4,True,True,True,False,0,0
5ae4ba9255429913cc2044e6,3,False,False,True,True,0,0
5ae753b75542997b22f6a6db,3,False,False,False,True,0,0
5ac0551b5542997d64295a07,4,False,False,False,True,0,0
5a81fab9554299676cceb1b1,2,False,False,True,True,0,0
5ab6ef2f554299710c8d1fc5,2,False,False,False,True,0,0
5a78d1bd55429974737f78bd,2,False,False,True,True,0,0
5abd40585542993062266c3e,3,False,False,True,True,0,0
5ab2b89d554299166977406e,4,False,False,False,True,0,0
5a903a4855429933b8a204a9,2,False,False,False,True,0,0
5a7fb04d55429969796c1b24,2,False,False,True,True,0,0
5ae3e9995542995dadf24247,2,False,False,False,True,0,0
5aba7995554299232ef4a2e2,2,False,False,False,True,0,0
5ae33c6b5542992f92d82263,2,False,False,True,True,0,0
5ac3231a5542995ef918c11a,2,False,False,True,True,0,0
5a8d6edd554299441c6b9fdd,3,False,False,True,True,0,0
5a80b5ba554299260e20a138,3,False,False,True,True,0,0
5adf54605542993a75d264c6,2,False,False,False,True,0,0
5a764341554299109176e6e9,2,False,False,False,True,0,0
5ab82bb955429916710eb00a,2,True,True,True,False,0,0
5ac1353255429964131be192,2,False,False,False,True,0,0
5a877a9e5542993e715abf62,2,False,False,False,True,0,0
5a80a3205542992bc0c4a792,4,False,False,False,True,0,0
5ac1cfe05542994d76dcceea,2,False,False,False,True,0,0
5ac5093055429924173fb574,4,False,False,True,True,0,0
5a74742655429979e2882958,3,False,False,True,True,0,0
5ab8873155429934fafe6e10,4,False,False,True,True,0,0
5add16f45542990d50227dd4,2,False,False,False,True,0,0
5ae78e11554299540e5a55ff,2,False,True,True,False,0,0
5abc095b55429965836003f8,2,False,False,False,True,0,0
5a72b5dd5542991f9a20c57b,2,False,False,False,True,0,0
5a7e0ddf5542995f4f4023ca,2,False,False,True,True,0,0
5ac3540b554299741d48a24e,3,False,False,True,True,1,0
5a7c2ce05542990527d5546f,2,False,False,True,True,0,0
5ac4114e554299204fd21eef,2,False,False,True,True,0,0
5adccbae5542990d50227d26,4,False,False,True,True,0,0
5a8460435542992ef85e23d1,2,False,False,True,True,0,0
5ae78b555542994a481bbd8c,2,False,False,True,True,0,0
5a8aff4f55429971feec45e0,2,False,False,True,True,0,0
5aba0b025542994dbf01989b,2,False,False,False,True,0,0
5a7281c45542997f827839ef,2,False,False,False,True,0,0
5ae2aba15542996483e64a32,2,False,False,False,True,0,0
5adee51f5542995ec70e8f3e,4,False,False,True,True,0,0
5ab321f9554299194fa9356e,3,False,False,False,True,0,0
5abb99c85542992ccd8e7f5b,2,False,False,True,True,0,0
5a8e43e05542995a26add4ad,3,False,False,True,True,0,0
5ae4a1a85542995ad6573dd3,2,False,False,True,True,0,0
5ae00b1955429942ec259c06,3,False,False,False,True,0,0
5a775b8b5542994aec3b72a7,4,False,False,True,True,0,0
5a8f0e065542997ba9cb319c,2,False,False,True,True,0,0
5ab9253c554299131ca4227f,2,False,False,False,True,0,0
5ac2b2ae554299657fa29017,2,False,False,True,True,0,0
5a8ad8e455429950cd6afbac,2,False,False,True,True,0,0
5abdf4d855429976d4830a34,2,False,False,False,True,0,0
5ab2cb52554299545a2cfa84,2,False,False,True,True,0,0
5a78e169554299148911f98a,3,False,False,True,True,0,0
5adfd8cc55429906c02daa6c,2,False,False,False,True,0,0
5ab72b1f5542993667793f61,2,False,False,True,True,0,0
5a8f0841554299458435d52e,2,False,False,True,True,0,0
5ae0ce6f55429945ae95945c,2,True,True,True,False,0,0
5a85a01d5542997175ce1fda,2,False,False,True,True,0,0
5ae113fc55429920d52342c2,3,False,False,True,True,0,0
5ae4edd15542990ba0bbb19e,2,False,False,False,True,0,0
5a84bd575542997b5ce3ff4a,2,False,False,False,True,0,0
5ac307dd5542990b17b154f3,2,False,False,False,True,0,0
5a8f842b5542995b4424205a,2,False,False,True,True,0,0
5ab9856c554299131ca4235c,2,False,False,True,True,0,0
5adff31055429925eb1afb75,4,False,False,False,True,0,0
5a8624c8554299211dda2a86,2,False,False,False,True,0,0
5a74d0d85542996c70cfadff,2,False,False,True,True,0,0
5ae7ac7155429952e35ea9b7,2,False,False,False,True,0,0
5ab706575542992aa3b8c776,2,False,False,True,True,0,0
5ae773565542997b22f6a774,3,False,False,False,True,0,0
5a85f35a5542991dd0999ed4,2,False,False,False,True,0,0
5a7f32a15542993067513697,2,False,False,False,True,0,0
5abd7cb855429924427fd00a,2,False,False,False,True,0,0
5ae664955542992ae0d1631b,3,False,False,False,True,0,0
5a7c6cdb5542990527d554a1,3,False,False,True,True,1,0
5a77c3f15542995d831812b2,3,False,False,True,True,0,0
5ae1f61a5542994d89d5b2e1,3,False,False,False,True,0,0
5ab3c881554299233954ffa4,3,False,False,True,True,0,0
5ab76a835542993667793fd7,3,False,False,True,True,0,0
5a7d20ef55429909bec76975,2,False,False,False,True,0,0
5ab57677554299488d4d9994,2,False,False,False,True,0,0
5ae3ff9b5542996836b02c0b,2,False,False,True,True,0,0
5a83d9525542992ef85e237c,4,False,False,True,True,0,0
5ab65c2355429954757d3259,2,False,False,True,True,0,0
5a74811155429979e2882968,3,False,False,False,True,0,0
5ab99e1b55429970cfb8eb59,3,False,False,False,True,0,0
5a7295d05542991f9a20c511,4,False,False,False,True,0,0
5a714a725542994082a3e77f,2,False,False,False,True,0,0
5ac3c656554299204fd21e4f,2,False,False,False,True,0,0
5ae147005542990adbacf736,3,False,False,True,True,0,0
5ae5dab455429929b08079d2,2,False,False,True,True,0,0
5add530f5542990dbb2f7e2c,4,False,False,True,True,0,0
5ae4843f5542996836b02cc1,4,False,False,False,True,0,0
5a773ed055429972597f14ce,2,False,False,False,True,0,0
5a9041065542990a984935c8,2,False,False,False,True,0,0
5ac2e04655429921a00ab09e,3,False,False,True,True,0,0
5ae1d33e5542997283cd227b,2,False,False,True,True,0,0
5a79ee8f5542996c55b2dca4,2,False,False,True,True,0,0
5ac50c085542994611c8b33b,2,False,True,True,False,0,0
5adf37725542995ec70e8f96,2,False,False,False,True,0,0
5ab747b9554299110f219af2,2,True,True,True,False,0,0
5ae7415a5542997b22f6a643,2,False,False,True,True,0,0
5ae50b395542993aec5ec11d,2,False,False,False,True,0,0
5ac1978855429964131be243,3,False,False,True,True,0,0
5ae526b15542993aec5ec164,2,False,False,False,True,0,0
5a772ec65542993569682d22,3,False,False,False,True,0,0
5a77062b5542994aec3b71c2,4,False,False,True,True,0,0
5ae1090c55429920d523429a,2,False,False,True,True,0,0
5ae7f8205542994a481bbe53,2,False,False,False,True,0,0
5a7b25b4554299042af8f70e,3,True,True,True,False,1,0
5ae09b7a5542993d6555ebb6,5,False,False,False,True,0,0
5ab9728c55429970cfb8eafd,2,True,True,True,False,0,0
5ae64f7b55429929b0807b2b,3,False,False,False,True,0,0
5a81eedd5542995ce29dcc8b,2,False,False,True,True,0,0
5a7c536355429935c91b515b,2,False,False,False,True,0,0
5ae781a755429952e35ea953,2,False,False,True,True,0,0
5ac2795455429963665199d1,2,False,False,False,True,0,0
5a8328895542993344745fd0,2,False,False,True,True,0,0
5ae0dd875542993d6555ec70,2,False,False,False,True,0,0
5a7c8a1b55429935c91b5203,2,True,True,True,False,0,0
5ade48b9554299728e26c6b1,2,False,False,True,True,0,0
5a7370745542991f29ee2e1d,2,False,False,True,True,0,0
5a7bb412554299042af8f7a0,3,False,False,False,True,0,0
5ac3091c554299657fa290de,2,True,True,True,False,0,0
5a7d65c85542991319bc93c1,2,False,False,False,True,0,0
5a734f095542994cef4bc52c,3,False,False,True,True,0,0
5ade1fa85542997c77aded5a,3,False,False,True,True,0,0
5a8b457d5542995d1e6f1334,2,False,False,True,True,0,0
5adc8ba75542994d58a2f64a,2,False,False,True,True,0,0
5ae40c6955429970de88d8b9,3,False,False,False,True,0,0
5a7de5865542995f4f4022f3,3,False,False,True,True,0,0
5ae8139d5542994a481bbead,4,False,False,False,True,0,0
5a774a065542994aec3b7271,2,False,False,True,True,0,0
5a8f05d9554299458435d519,2,False,False,True,True,0,0
5a79e4fc5542994bb9457137,2,False,False,True,True,0,0
5a811f0c55429903bc27b933,2,False,False,True,True,0,0
5ae5128e55429913cc20457c,2,False,False,False,True,0,0
5abac4ae55429939ce03dd54,2,False,False,False,True,0,0
5ac26f0d5542992f1f2b38c5,2,False,False,False,True,0,0
5ac0effd5542996f0d89cc3a,2,False,False,False,True,0,0
5ae808595542994a481bbe94,2,False,False,False,True,0,0
5a7cc87755429907fabef033,2,False,False,True,True,0,0
5ab2cb0f55429916697740dd,2,False,False,False,True,0,0
5a762abb5542992d0ec0603f,3,False,False,False,True,0,0
5a733afb5542994cef4bc4e4,2,False,False,True,True,0,0
5aba9a6755429901930fa854,2,False,False,True,True,0,0
5a77178f55429937353601cd,2,False,False,False,True,0,0
5ab304495542991669774180,3,False,False,False,True,0,0
5a7b7da655429931da12cacb,2,False,False,False,True,0,0
5a81253b55429926c1cdacf5,4,False,False,False,True,0,0
5a77bf7b55429967ab105260,2,False,False,False,True,0,0
5a74de4b55429916b0164230,4,False,False,False,True,0,0
5ab9cc6f55429955dce3ed85,2,False,False,False,True,0,0
5ae262ac5542994d89d5b403,2,False,False,True,True,0,0
5ae1cfbf554299234fd04308,2,False,False,False,True,0,0
5ade26a35542997c77aded75,3,False,False,False,True,0,0
5ae668d45542991bbc9760d0,2,False,False,True,True,0,0
5a77f8f15542995d8318133d,2,False,True,True,False,0,0
5ab5a5945542997d4ad1f1a0,2,False,False,False,True,0,0
5a710fea5542994082a3e546,2,False,False,False,True,0,0
5ab5a0cd554299488d4d9a03,2,False,False,False,True,0,0
5ab95d35554299753720f80b,3,False,True,False,False,1,0
5add07675542992c1e3a2518,2,False,False,False,True,0,0
5a866cfd55429960ec39b69d,2,False,False,False,True,0,0
5a74883755429979e288297c,3,False,False,True,True,0,0
5ac385e8554299741d48a278,3,False,False,False,True,0,0
5ab88b2755429919ba4e2319,2,True,True,True,False,0,0
5add0f765542990d50227dae,3,False,False,True,True,0,0
5ae0f4bc5542997b2ef7d0ab,2,False,False,True,True,0,0
5ae321e05542994393b9e61b,3,False,False,False,True,0,0
5a7f70355542992097ad2f6a,2,False,False,True,True,0,0
5ab6bbc45542995eadef008a,3,False,False,False,True,0,0
5a865a9f554299211dda2b07,2,False,False,False,True,0,0
5ab5fabb554299488d4d9a71,3,False,False,True,True,0,0
5a8666cc554299211dda2b1e,4,False,False,False,True,0,0
5a83c272554299123d8c21aa,2,False,False,True,True,0,0
5adfdc7855429925eb1afacc,2,False,False,False,True,0,0
5ae6096555429929b0807a98,2,False,False,False,True,0,0
5ae233da5542992decbdcc55,3,False,False,False,True,0,0
5a85f1f55542994775f606bc,2,False,True,True,False,0,0
5a7246645542990c210a4098,2,False,False,False,True,0,0
5ac0e734554299294b219051,2,False,False,False,True,0,0
5ab3ff85554299753aec5a1a,3,False,False,False,True,0,0
5a890d4d554299515336127f,3,False,False,True,True,0,0
5a7c06ca5542997c3ec972c5,2,False,False,True,True,0,0
5ab30d0f554299233954fee8,2,False,False,False,True,0,0
5a887a76554299206df2b2b1,2,False,False,True,True,0,0
5ae7802c5542997ec272766f,2,False,True,True,False,0,0
5a8cd68955429941ae14df06,3,False,False,False,True,0,0
5a8e2c6b5542995085b373bc,4,False,False,False,True,0,0
5a77e67255429949eeb29f92,4,True,True,True,False,0,0
5a8cd97e554299585d9e3742,3,False,False,True,True,0,0
5ae06d3d55429945ae959350,2,False,False,True,True,0,0
5abdaa8f55429965af743dae,2,False,False,True,True,0,0
5ae76aee5542997b22f6a745,4,False,False,False,True,0,0
5add39295542990dbb2f7dd5,4,False,False,True,True,0,0
5a85ae735542997b5ce40025,4,False,False,False,True,0,0
5a8d9be7554299441c6ba00e,3,False,False,True,True,0,0
5ae3b3a95542992f92d82347,4,False,False,False,True,0,0
5a8e25615542990e94052a75,2,False,False,True,True,1,0
5a7cafff55429907fabef000,2,False,False,False,True,0,0
5ae0643c5542993d6555eb42,2,False,False,True,True,0,0
5ae018f7554299025d62a3f2,3,False,False,False,True,0,0
5a7380f25542992d56e7e33e,2,False,False,False,True,0,0
5ab877c95542990e739ec90f,2,False,False,True,True,0,0
5ae12e3355429920d52342ef,2,False,False,False,True,0,0
5ab60cd7554299110f2199cb,3,False,False,True,True,0,0
5ae7e56255429952e35ea9d3,4,False,False,True,True,0,0
5a8503445542994c784ddad1,3,False,False,True,True,0,0
5a8ac2a35542992d82986f70,3,False,False,True,True,0,0
5a75d91e5542992db94736f2,3,False,False,True,True,0,0
5ae22af5554299495565da22,2,False,False,True,True,0,0
5a7a5ed75542996c55b2dd84,2,False,False,False,True,0,0
5ac39f89554299657fa29102,2,False,False,False,True,0,0
5a8370125542992ef85e22c4,2,False,False,True,True,0,0
5adf827d5542993344016ca3,2,True,True,True,False,0,0
5abfe3425542997d64295921,4,False,False,True,True,0,0
5a8db641554299441c6ba046,3,False,False,True,True,0,0
5ae5fb82554299546bf82ff7,2,False,False,True,True,0,0
5a8af4455542996c9b8d5f7d,2,False,False,True,True,0,0
5ac219575542992f1f2b37fb,3,False,False,True,True,0,0
5ae5d02855429929b08079b2,2,False,False,True,True,0,0
5ac2e08555429921a00ab0a0,2,False,False,True,True,0,0
5a8604cd554299211dda2a38,2,False,False,False,True,0,0
5ae538ac5542990ba0bbb237,3,False,False,False,True,0,0
5a75e577554299109176e5bd,2,False,False,True,True,0,0
5ab9415a554299743d22ea83,2,False,False,True,True,0,0
5a8b300d55429949d91db4d8,2,False,False,True,True,0,0
5ae81e3c55429952e35eaa2d,2,False,False,True,True,0,0
5a8ba5c9554299240d9c2059,3,False,False,False,True,0,0
5a73b6735542992d56e7e38f,2,False,False,True,True,0,0
5a804109554299485f5985a2,2,False,False,True,True,0,0
5ac201a455429964131be2b7,2,False,False,True,True,0,0
5a8d9aa0554299068b959d5a,2,False,False,True,True,0,0
5a775bdb5542994aec3b72aa,4,False,False,False,True,0,0
5ae5408055429908b63265b0,2,False,True,True,False,0,0
5add142c5542994ed6169c67,2,False,False,False,True,0,0
5abee4da5542997719eab5ef,3,False,False,False,True,0,0
5ab5f3d5554299488d4d9a61,2,False,False,True,True,0,0
5ae0c04455429906c02dab27,3,False,False,False,True,0,0
5ae44d475542995dadf24307,2,False,False,False,True,0,0
5a856deb5542992a431d1b1b,2,False,False,False,True,0,0
5a88c039554299206df2b35e,2,False,False,True,True,0,0
5ae7814055429952e35ea950,2,False,False,True,True,0,0
5a7a47df5542994f819ef1b3,2,False,False,False,True,0,0
5ab88e2655429919ba4e231f,2,False,True,True,False,0,0
5ab2b63a5542992953946841,3,True,True,True,False,0,0
5ae1830b55429901ffe4aee2,2,False,False,True,True,0,0
5abf0f695542997719eab64b,4,False,False,False,True,0,0
5a7f965b55429969796c1aca,2,False,False,False,False,1,0
5ae6922e5542996d980e7c0b,5,False,False,False,True,0,0
5ade6cb55542992fa25da77c,2,False,False,True,True,0,0
5ae4a8f455429970de88d9f9,2,False,False,True,True,0,0
5a8e25055542990e94052a72,3,False,False,True,True,0,0
5a7dd8ff5542991319bc93fa,2,False,False,True,True,0,0
5a7a9cea5542990198eaf162,2,False,True,True,False,0,0
5ae7cb555542993210983f4e,3,False,False,True,True,0,0
5a76f9045542994aec3b71a7,2,False,False,True,True,0,0
5abd004d5542992ac4f38194,2,False,False,True,True,0,0
5abd8be95542993062266cc3,4,False,False,True,True,0,0
5a71398b5542994082a3e69e,2,False,False,False,True,0,0
5ac561f35542993e66e823b9,4,False,False,False,True,0,0
5ac1c3745542994ab5c67e09,4,False,False,False,True,0,0
5abb90b95542993f40c73b33,3,False,False,False,True,0,0
5ae8038d5542993210984037,2,False,False,True,True,0,0
5ab914fd55429919ba4e2396,2,False,False,True,True,0,0
5a85f8a85542997b5ce4003d,2,False,False,True,True,0,0
5a7eb5025542994959419a5e,2,False,False,True,True,0,0
5ae1e10c554299422ee996b8,2,False,False,True,True,0,0
5adcf3b25542992c1e3a24d0,2,False,False,False,True,0,0
5ab487465542991751b4d7a6,2,False,False,True,True,0,0
5a7f639d5542992097ad2f4b,4,False,False,False,True,0,0
5a8721155542991e771816da,2,True,True,True,False,0,0
5a7702425542993569682c9c,3,False,False,False,True,0,0
5a855afc5542991dd0999e54,5,False,False,False,True,0,0
5ab60a5b554299110f2199c1,2,False,False,False,True,0,0
5abedc615542993fe9a41d61,3,False,False,True,True,0,0
5a81b96f5542990a1d231e81,2,False,False,False,True,0,0
5ab5ed575542997d4ad1f256,2,False,False,False,True,0,0
5ab67cd555429954757d3300,2,False,False,True,True,0,0
5a90ca225542995651fb51f9,2,False,False,False,True,0,0
5ae3f4105542995ad6573cde,2,True,True,True,False,0,0
5ae664a65542996d980e7b48,2,False,False,True,True,0,0
5ac1aea755429963665198e8,2,False,False,True,True,0,0
5a8e93235542990e94052b5e,2,False,False,True,True,0,0
5a8a52e85542996c9b8d5eb5,2,False,False,True,True,0,0
5ae773305542997b22f6a772,2,False,False,False,True,0,0
5a77b8f35542992a6e59df9c,3,False,False,True,True,0,0
5ae690c15542996d980e7c03,3,True,True,True,False,0,0
5abbe85d554299642a094bc5,3,False,False,False,True,0,0
5aba71e75542994dbf01990d,2,False,False,True,True,0,0
5a8d5288554299585d9e37bb,3,False,False,False,True,0,0
5ae1ea045542997283cd22d9,2,False,False,True,True,0,0
5a90bdcf55429916514e754a,2,False,False,True,True,0,0
5a807f7a554299485f59862b,2,False,False,True,True,0,0
5ae637355542992ae0d16288,2,False,False,True,True,0,0
5a753e9b5542996c70cfaec2,2,False,False,True,True,0,0
5a8733305542991e77181715,3,False,False,False,True,0,0
5ac08b65554299012d1db5fe,2,False,False,True,True,0,0
5adf9f115542995534e8c81b,2,False,False,True,True,0,0
5ae450865542995dadf24318,2,False,False,False,True,0,0
5a70f01a5542994082a3e3fc,2,False,False,False,True,0,0
5a7a8a7255429941d65f2696,4,False,False,False,True,0,0
5ae763ac5542997b22f6a71b,3,False,False,False,True,0,0
5a74587155429979e2882915,2,False,False,True,True,0,0
5ae7ecb2554299540e5a569f,2,False,False,False,True,0,0
5ab92783554299131ca42289,2,False,False,False,True,0,0
5adccc0c55429947343537a6,2,False,False,False,True,0,0
5a764d6b5542992d0ec06096,2,False,False,False,True,0,0
5a83a7265542990548d0b20f,2,True,True,True,False,0,0
5add0ae05542992c1e3a2521,3,False,False,True,True,0,0
5a7cc02c554299452d57ba00,2,False,False,True,True,0,0
5a77323655429972597f1496,2,False,False,False,True,0,0
5a7a2a735542996c55b2dd2c,3,False,False,True,True,0,0
5ab29392554299545a2cf99a,2,False,False,True,True,0,0
5a7e8ae95542997cc2c47561,2,False,False,True,True,0,0
5a78e1a4554299029c4b5ec3,2,False,False,True,True,0,0
5ab3eec6554299753aec59f7,2,False,False,True,True,0,0
5ac4d46a554299076e296e08,2,False,False,False,True,0,0
5abb6c38554299642a094a90,2,False,False,True,True,0,0
5a83404a55429966c78a6b5c,2,True,True,True,False,0,0
5adfb553554299603e418383,2,False,False,True,True,0,0
5a7cd5f155429909bec76832,2,False,False,True,True,0,0
5a7907b055429974737f7949,2,False,False,True,True,0,0
5abd8cca5542996e802b47be,2,False,False,True,True,0,0
5a85ffdf5542994775f606ec,2,False,False,True,True,0,0
5a7fa7f25542994857a767a2,2,False,False,True,True,0,0
5abdad555542992ac4f382e8,2,False,False,True,True,0,0
5a87bc035542996e4f3088fc,2,True,True,True,False,0,0
5a884dd75542997e5c09a5c2,4,False,False,False,True,0,0
5a8088bd5542996402f6a545,2,False,False,True,True,0,0
5ae6b06455429908198fa67f,2,False,False,True,True,0,0
5ac2df1a55429921a00ab094,2,False,False,False,True,0,0
5ab51ba45542990594ba9d06,2,False,False,False,True,0,0
5a7b3ccf55429927d897bf5f,2,False,False,True,True,0,0
5adf85145542993344016cb6,3,False,False,True,True,0,0
5a8b67115542997f31a41d10,2,False,False,True,True,0,0
5a7567915542996c70cfaef3,3,False,False,False,True,0,0
5a75643a55429916b01642f8,2,True,True,True,False,0,0
5a7d1b445542995ed0d165ee,2,False,False,True,True,0,0
5ac38de0554299657fa290f0,2,False,False,True,True,0,0
5abd0ca95542996e802b46c1,2,False,False,True,True,0,0
5a7e1a6c5542995ed0d16695,2,False,False,False,True,1,0
5a77a0ee5542992a6e59df37,3,True,True,True,False,0,0
5abbcdc955429931dba1455a,2,False,False,False,True,0,0
5a7b9325554299294a54a9fe,2,False,False,True,True,0,0
5a89f25b55429970aeb701a1,2,False,False,False,True,0,0
5adf1f035542995ec70e8f7f,2,False,False,True,True,0,0
5adefcbb5542992d7e9f9266,2,False,False,True,True,0,0
5ae04d8155429924de1b709a,2,False,False,False,True,0,0
5ade9ec45542992fa25da7df,3,False,False,False,True,0,0
5a744fe555429979e28828e9,2,False,False,False,True,0,0
5ae383475542994393b9e6eb,3,False,False,True,True,0,0
5adc32465542994650320cac,2,False,False,True,True,1,0
5ae01e5a554299025d62a408,2,False,False,True,True,0,0
5a8b3bc055429971feec4680,2,False,False,True,True,0,0
5abcfff5554299114383a1c5,4,False,False,True,True,0,0
5ab2c51d55429916697740b2,2,False,False,True,True,0,0
5a7c947455429935c91b523c,2,False,False,False,True,0,0
5a7ccd9e554299452d57ba6e,3,False,False,True,True,0,0
5a7327f35542992359bc3250,2,True,True,True,False,0,0
5adcf4395542992c1e3a24d3,3,False,False,True,True,0,0
5adf34565542993344016c29,2,False,False,False,True,0,0
5ae72a705542991e8301cb73,2,False,False,True,True,0,0
5ab3fa995542992ade7c6f10,2,False,False,False,True,0,0
5a81d82e55429903bc27b9e9,2,False,False,True,True,0,0
5ac1dffa5542996366519929,2,False,False,True,True,0,0
5adc00e155429947ff1738ae,4,False,False,False,True,0,0
5a77f5ad55429949eeb29fc2,2,False,False,True,True,0,0
5ac16b145542994ab5c67d22,2,False,False,False,True,0,0
5ab47bc75542991751b4d78b,2,False,False,False,True,0,0
5a7b4d6b554299042af8f744,2,True,True,True,False,0,0
5abc3ecd55429959677d6a60,4,False,False,False,True,0,0
5adf52a75542995ec70e8fc4,2,False,False,True,True,0,0
5adfb6fd554299603e418387,2,False,False,True,True,0,0
5a8a0c095542992d82986e77,2,False,False,False,True,0,0
5a8f09945542995085b374e1,2,False,True,True,False,0,0
5ade05965542995b365fabc7,2,False,False,False,True,0,0
5ab986fc5542996be2020541,2,False,False,False,True,0,0
5ac4f57655429924173fb517,2,False,False,True,True,0,0
5a88711b554299206df2b26c,2,False,False,True,True,0,0
5a81a29d5542990a1d231e31,3,False,False,False,True,0,0
5a81183a55429903bc27b923,5,False,False,False,True,0,0
5a7c264e5542996dd594b89e,2,False,False,False,True,0,0
5a7af7e955429931da12c9b8,2,False,False,True,True,0,0
5adde2f85542997dc790708a,3,False,False,True,True,0,0
5a84f9655542997175ce1f3c,4,False,False,False,True,1,0
5a77435c5542994aec3b7257,2,False,False,True,True,0,0
5add08675542992c1e3a251b,3,False,False,False,True,0,0
5ac439fd554299204fd21f13,2,True,True,True,False,0,0
5a82f46255429966c78a6ab2,9,False,False,False,True,0,0
5ae528045542990ba0bbb1d8,4,False,False,False,True,0,0
5a84994e5542992a431d1a6e,3,False,False,False,True,0,0
5a83a6c55542990548d0b20d,3,False,False,True,True,0,0
5ac12e5d5542994d76dccda4,2,False,False,True,True,0,0
5adeb8295542992fa25da81e,3,False,True,False,False,1,0
5ae0e1075542990adbacf6a3,2,False,False,True,True,0,0
5a81ee725542995ce29dcc8a,2,False,False,True,True,0,0
5ab8859b55429916710eb07f,2,False,False,True,True,0,0
5a8c759f554299653c1aa078,2,False,False,True,True,0,0
5abb067255429966062416c7,3,True,True,True,False,0,0
5abc0dc855429959677d6a04,2,False,False,False,True,0,0
5ade9dbf55429939a52fe905,2,False,False,True,True,0,0
5a83d854554299123d8c21c5,2,False,False,True,True,0,0
5ae773c4554299540e5a5599,2,False,False,False,True,0,0
5a8aff7655429950cd6afc3c,2,False,False,False,True,0,0
5ade956d5542997c77adee69,2,True,True,True,False,0,0
5add1f505542990d50227df0,3,False,False,False,True,0,0
5ae6526355429929b0807b31,3,False,False,True,True,0,0
5a89010355429938390d4027,2,False,False,True,True,0,0
5aba5b8655429939ce03dc9d,2,False,False,False,True,0,0
5a8531385542997b5ce3ffbb,2,False,False,False,True,0,0
5a79dd1d5542996c55b2dc89,2,False,False,False,True,0,0
5a78a4315542990784727704,3,False,False,False,True,0,0
5ac26ce255429921a00aaf67,3,False,False,True,True,0,0
5ac3a5fe554299391541387f,2,False,False,True,True,0,0
5a7345155542994cef4bc4fb,3,False,False,False,True,0,0
5ae69ab15542996d980e7c4b,2,False,False,True,True,0,0
5a732a5c55429901807daf9e,2,False,False,True,True,0,0
5a7cd205554299452d57ba7d,2,False,False,False,True,0,0
5ab818fc5542990e739ec81e,2,False,False,False,True,0,0
5a87ddea5542997e5c09a580,2,False,True,True,False,0,0
5a799952554299029c4b5f5a,2,False,False,False,True,0,0
5ae501a955429913cc204570,2,False,False,True,True,0,0
5adcc2da5542994ed6169bf2,2,False,False,False,True,0,0
5adc229755429944faac2438,2,False,False,True,True,0,0
5a7c8d815542990527d554cd,2,False,False,False,True,0,0
5a8c5511554299585d9e366e,2,False,False,False,True,0,0
5a7e052b5542995f4f40238d,4,False,False,True,True,0,0
5a74bb6a55429929fddd84dc,2,False,False,True,True,0,0
5add6bb65542992200553b0e,2,False,False,True,True,0,0
5ac3b99555429939154138ea,3,False,False,True,True,0,0
5a7f85e055429969796c1a8e,3,False,False,True,True,0,0
5ac32109554299218029dbd2,2,False,False,True,True,0,0
5ae65ab25542996d980e7b05,2,False,False,True,True,0,0
5a74cf3455429974ef308c6e,2,False,False,False,True,0,0
5a7b1b0b554299042af8f6d1,2,False,False,False,True,0,0
5ae53ae655429960a22e027f,2,False,False,False,True,0,0
5ac121e3554299294b2190b2,3,True,True,True,False,0,0
5ade57d95542992fa25da75a,2,False,False,False,True,0,0
5a8001fe5542995d8a8ddf3f,2,False,False,True,True,0,0
5a7ff4a25542995d8a8ddf3d,2,False,False,False,True,0,0
5a88a8d55542994846c1ceab,2,False,False,False,True,0,0
5a737f5d55429908901be2d1,3,False,False,True,True,0,0
5ae18c84554299234fd0428c,2,False,False,False,True,0,0
5ab422745542996a3a969f56,3,False,False,True,True,0,0
5a7e498b5542994959419985,4,True,True,True,False,0,0
5ac0ccfa5542997d64295a51,2,False,False,False,True,0,0
5ae1ff535542997283cd2320,2,False,True,True,False,0,0
5ab9fdca55429901930fa765,2,False,False,False,True,0,0
5adeac5455429939a52fe944,2,False,False,True,True,0,0
5add5c9c5542992ae4cec523,2,True,True,True,False,0,0
5abfb62b5542997ec76fd43b,2,False,False,False,True,0,0
5abf99d05542997ec76fd3ff,2,False,False,False,True,0,0
5ae440615542995dadf24300,2,False,False,False,True,0,0
5a736a5b5542991f29ee2df7,2,False,False,True,True,0,0
5ae0577155429945ae959320,2,False,False,True,True,0,0
5ac320f35542995ef918c10d,3,False,False,True,True,0,0
5ac2d0a2554299218029db76,3,False,False,True,True,0,0
5adf2e8c5542993a75d26418,2,False,False,True,True,1,0
5a72689c5542997f827839b3,2,False,False,True,True,0,0
5ac293335542996366519a1b,2,False,False,True,True,0,0
5a7151845542994082a3e7c3,2,False,False,False,True,0,0
5a8673e7554299211dda2b3e,2,False,False,True,True,0,0
5ab3033455429976abd1bc20,2,False,False,False,True,0,0
5a77547a55429966f1a36d0f,2,False,False,False,True,0,0
5ae0178d554299025d62a3ed,2,False,False,True,True,0,0
5adc09a855429947ff1738c2,2,False,False,True,True,0,0
5abeb55c5542990832d3a0bb,2,False,False,True,True,0,0
5a8ce4a1554299441c6b9f5e,3,False,False,False,True,0,0
5a7a8338554299042af8f64e,2,False,False,True,True,0,0
5ab624be55429953192ad26e,2,True,True,True,False,0,0
5ac437cf554299204fd21f0e,2,False,False,True,True,0,0
5ab426ea5542991751b4d6a4,2,False,False,False,True,0,0
5ae1363255429920d5234321,2,False,False,True,True,0,0
5abc4a025542993a06baf8cd,3,False,False,True,True,0,0
5a7b69a055429931da12ca9a,2,False,False,True,True,0,0
5a83a051554299123d8c2170,2,False,False,True,True,0,0
5ab8595a55429934fafe6d7a,3,False,False,False,True,0,0
5a775736554299373536023b,4,False,False,False,True,0,0
5a8637725542991e771815c3,3,False,False,True,True,0,0
5adfbf6055429942ec259b36,2,False,False,True,True,0,0
5ac2edb8554299218029db98,2,True,True,True,False,1,0
5ac020275542996f0d89cb2a,4,False,False,False,True,0,0
5ac11faa5542997d64295a83,3,False,False,True,True,0,0
5a7723205542993569682cf0,4,False,False,False,True,0,0
5a73ffcf5542993a88ae2ee5,2,False,False,False,True,0,0
5ae6f683554299572ea5464d,3,False,False,False,True,0,0
5a8fa5cf5542992414482b1b,2,True,True,True,False,0,0
5a737d2455429908901be2c7,2,False,False,True,True,0,0
5a7ea08a5542994959419a37,2,False,False,True,True,0,0
5ab3af26554299753aec5999,2,False,False,True,True,0,0
5a89e580554299669944a5fc,3,False,False,False,True,0,0
5ae79f2e5542993210983eb8,2,False,False,False,True,0,0
5a8c5164554299653c1aa03b,3,False,False,False,True,0,0
5ac3c0435542993915413941,2,True,True,True,False,0,0
5a76b9cd554299373536018d,2,False,False,True,True,0,0
5ae1b877554299234fd042d5,2,False,False,True,True,0,0
5abe875f5542993f32c2a154,3,False,False,True,True,1,0
5adbf5e35542996e68525286,2,False,False,True,True,0,0
5ab877e255429916710eb069,2,True,True,True,False,0,0
5a736ee255429901807db059,3,False,False,False,True,0,0
5ae6fa04554299572ea54657,3,False,False,False,True,0,0
5aba493f5542994dbf0198c7,2,False,False,False,True,0,0
5abe37c055429976d4830a8c,2,False,False,True,True,0,0
5a8bbaf55542995e66a474e7,4,False,False,False,True,0,0
5adfc84c5542992d7e9f93cf,2,True,True,True,False,0,0
5a75cdac5542992db94736ca,3,False,False,True,True,0,0
5ab96bd455429970cfb8ead4,2,False,False,True,True,0,0
5a757cbf5542992d0ec05faa,3,False,False,False,True,0,0
5ac2e07f5542996773102642,2,False,False,False,True,1,0
5a7e1b585542995ed0d16699,2,False,False,True,True,0,0
5ab5961f554299488d4d99ef,3,False,False,True,True,0,0
5a863c0755429960ec39b655,3,False,False,False,True,0,0
5a7cc52d554299452d57ba41,2,False,False,True,True,0,0
5ae408e55542996836b02c1f,2,False,False,False,True,0,0
5ab8516755429916710eb037,3,False,False,True,True,1,0
5a7274805542991f9a20c47e,3,False,False,False,True,0,0
5ae771315542997ec2727656,2,False,False,True,True,0,0
5adce83255429947343537c7,2,False,False,False,True,0,0
5ab69d4a55429953192ad32d,2,False,False,True,True,0,0
5ab95f04554299131ca4230f,2,False,False,True,True,0,0
5a8863c555429938390d3f3c,2,False,False,False,True,0,0
5ac39894554299218029dbe3,2,False,False,True,True,0,0
5ade8a6c55429939a52fe8ea,2,False,False,True,True,0,0
5ab3f36b5542992ade7c6ef2,3,False,False,True,True,0,0
5aba782255429955dce3ee48,2,False,False,False,True,0,0
5ae6944d55429908198fa638,2,False,False,False,True,0,0
5ae0250f55429942ec259c2d,4,False,False,False,True,0,0
5a75dbe455429976ec32bc40,2,False,False,False,True,0,0
5a864ef85542994775f60745,2,False,False,True,True,0,0
5a903c3155429933b8a204b3,2,False,False,False,True,0,0
5a8a376455429930ff3c0d08,3,False,False,False,True,0,0
5ab404785542996a3a969ee8,4,False,False,False,True,1,0
5a805306554299485f5985c2,2,True,True,True,False,0,0
5a85d0f95542997175ce2041,2,False,False,True,True,0,0
5adcdf5c5542992c1e3a2445,2,False,False,True,True,0,0
5ab3afb25542992ade7c6e2f,2,False,False,True,True,0,0
5a89bf5f55429946c8d6e9b6,2,False,False,False,True,0,0
5ae0067d55429925eb1afbe8,3,False,False,True,True,0,0
5a7f921e55429969796c1ab8,3,False,False,True,True,0,0
5a7a51085542990783324f0d,3,False,False,True,True,0,0
5a74d87755429916b0164228,2,False,False,True,True,0,0
5a72fab15542991f9a20c5e2,2,False,False,True,True,0,0
5ab504115542996a3a969ff9,3,False,False,False,True,1,0
5ab9cb62554299131ca42408,2,False,False,False,True,0,0
5a8ca49e5542996e8ac88afc,2,False,False,False,True,0,0
5a77201155429937353601df,2,False,False,True,True,0,0
5a89d7d05542992e4fca83df,2,False,False,True,True,0,0
5ab6f13a5542991d322236db,4,False,False,False,True,0,0
5a8b28d05542997f31a41c87,2,False,False,True,True,0,0
5ab9cf7355429955dce3ed8e,2,False,False,False,True,0,0
5ab50ecb5542996a3a96a009,3,False,False,False,True,0,0
5ae78b025542994a481bbd88,2,False,False,False,True,0,0
5ac112b6554299012d1db68e,2,False,False,True,True,0,0
5ac4129f5542997ea680c9df,2,False,False,True,True,0,0
5ac023cc5542996f0d89cb35,3,False,False,False,True,0,0
5a7fcad855429969796c1b6d,4,False,False,False,True,0,0
5a7e20d15542995ed0d166a1,2,True,True,True,False,0,0
5a777bf655429967ab1051c1,3,False,False,True,True,0,0
5ae20aa85542997283cd2350,2,True,True,True,False,0,0
5a7fc7c95542992e7d278d7a,3,False,False,False,True,0,0
5ae5b8cf55429960a22e031d,2,False,False,False,True,0,0
5a8b64085542997f31a41d01,3,False,False,True,True,0,0
5abd08835542992ac4f381b1,2,False,False,False,True,0,0
5ac5126355429924173fb594,2,False,False,False,True,0,0
5a8a145d5542992e4fca84fb,2,False,False,False,True,0,0
5add55045542992ae4cec50e,2,False,False,True,True,0,0
5ae335885542991a06ce9956,2,False,False,True,True,0,0
5abffa615542994516f45567,2,False,False,True,True,0,0
5a81e439554299676cceb13c,2,False,False,True,True,0,0
5add15e75542990d50227dc8,2,False,False,True,True,0,0
5abeaf1c5542990832d3a0ad,2,False,False,True,True,0,0
5a8f25d45542997ba9cb31ef,3,False,False,True,True,0,0
5a8879a6554299206df2b2ac,2,False,False,True,True,0,0
5a8e47765542995a26add4bf,2,False,True,True,False,0,0
5a8003465542992e7d278dd8,2,False,False,False,True,0,0
5a82529855429940e5e1a84a,3,False,False,True,True,0,0
5a82824955429966c78a6a37,3,False,False,True,True,1,0
5a7bb0ce5542995eb53be999,2,False,False,True,True,0,0
5a8c6851554299653c1aa056,2,False,False,False,True,0,0
5ae712d0554299572ea546b7,2,False,False,True,True,0,0
5ae76a425542997b22f6a741,2,False,False,False,True,0,0
5a792c1655429970f5fffe63,2,False,False,True,True,0,0
5add68c55542992200553b00,3,False,False,False,True,0,0
5ab3f0c955429976abd1bcfb,3,False,False,False,True,0,0
5adf96b55542992d7e9f93aa,2,False,False,False,True,0,0
5ab46a255542996a3a969f80,3,False,False,False,True,0,0
5a7b4e5a5542995eb53be904,3,False,False,True,True,0,0
5a8432dd5542996488c2e511,2,False,False,False,True,0,0
5ac4bc9a554299076e296dec,2,False,False,False,True,0,0
5add1cdb5542994734353854,3,False,False,False,True,0,0
5ae0d70c554299603e41846d,3,False,False,True,True,0,0
5ac504545542996feb3fe9cd,3,False,False,True,True,1,0
5ac1bd825542994ab5c67df1,3,False,False,False,True,0,0
5ac560365542993e66e82397,3,False,False,False,True,0,0
5a8113ac55429926c1cdace9,2,False,False,False,True,0,0
5a83496b5542996488c2e3f9,2,False,False,True,True,0,0
5a8613ba5542996432c571a3,3,False,False,True,True,0,0
5abd51a85542992ac4f3825e,2,False,False,True,True,0,0
5ac07ae05542996f0d89cbf1,2,False,False,False,True,1,0
5ae0f90355429920d5234256,2,True,True,True,False,0,0
5ae7a4c55542993210983ec8,2,False,False,False,True,0,0
5adffbc9554299025d62a39d,4,False,False,False,True,0,0
5a8b56415542997f31a41cdf,2,False,False,True,True,0,0
5a7b73225542997c3ec97189,4,False,False,False,True,0,0
5a7fb4005542992097ad2fb5,2,False,False,True,True,0,0
5a7dbd2f5542990b8f503a58,2,False,False,True,True,0,0
5a79c7a3554299148911fa49,2,False,False,True,True,0,0
5a9079d655429916514e74d6,2,False,True,True,False,0,0
5adfc7795542992d7e9f93ce,2,False,False,False,True,0,0
5a80aaac554299485f598697,2,False,False,True,True,0,0
5ab4ca565542991779162d08,2,False,True,True,False,0,0
5a7e301a5542995ed0d166c5,2,False,False,False,True,0,0
5a90959d5542995651fb519f,2,False,False,False,True,0,0
5ab993825542996be202055e,3,False,False,True,True,0,0
5aba7a8555429955dce3ee54,2,False,False,False,True,0,0
5a7121c15542994082a3e5bb,2,False,False,True,True,0,0
5a8c5675554299240d9c212a,2,False,False,False,True,0,0
5ae788845542994a481bbd6f,2,False,False,False,True,0,0
5a7395bf554299623ed4ac06,2,False,False,True,True,0,0
5ae7d8035542993210983f86,4,False,False,True,True,0,0
5a78f75055429974737f792a,2,False,False,False,True,0,0
5a8ad99a55429950cd6afbaf,2,False,False,False,True,0,0
5a7759085542993569682d5f,2,False,False,True,True,0,0
5ab515b75542991779162d74,3,False,False,False,True,0,0
5ae71083554299572ea546ac,2,False,False,False,True,0,0
5ac432a35542995c82c4ace8,4,False,False,True,True,0,0
5a7cb3d25542996dd594b999,2,True,True,True,False,0,0
5ae73caf5542991e8301cc22,2,False,False,False,True,0,0
5a8482c95542997175ce1eda,2,False,False,False,True,0,0
5a7153515542994082a3e7d8,2,True,True,True,False,0,0
5abcf92c55429959677d6b8c,2,False,False,False,True,0,0
5ae49f9855429970de88d9e1,2,False,False,True,True,0,0
5a89a5ed5542993b751ca969,4,False,False,True,True,0,0
5ab86c9355429916710eb049,3,False,False,False,True,0,0
5abe9be95542991f661061ae,3,False,False,False,True,0,0
5ae127dd5542997b2ef7d10e,2,True,True,True,False,0,0
5ab372a1554299233954ff51,3,False,False,True,True,0,0
5ab3067455429976abd1bc2b,3,False,False,True,True,0,0
5a732e415542992359bc3267,2,False,False,True,True,0,0
5ab9b3d4554299131ca423d6,2,False,False,False,True,0,0
5a8874fc554299206df2b279,2,False,False,False,True,0,0
5a749aec55429979e28829b6,2,False,False,True,True,0,0
5a7c4c4c554299683c1c62e6,2,False,False,True,True,0,0
5ab98602554299131ca42361,2,False,False,True,True,0,0
5a80efdd554299260e20a1cf,2,False,False,True,True,0,0
5a823bef554299676cceb22d,2,False,False,True,True,0,0
5ae2294e554299234fd04409,2,False,False,True,True,0,0
5ae68f3e55429908198fa614,2,False,False,True,True,0,0
5ab61615554299710c8d1e62,2,False,False,True,True,0,0
5a7f5ca15542994857a76701,3,False,False,True,True,0,0
5a73342e5542991f9a20c682,3,False,False,True,True,0,0
5a8373f2554299123d8c2131,2,False,False,True,True,0,0
5a7c77be5542990527d554b7,3,False,False,True,True,0,0
5ae22c71554299492dc91bcd,3,False,False,False,True,1,0
5a76218c5542994ccc9186ee,2,False,False,True,True,0,0
5a904a3b55429916514e7466,4,False,False,False,True,0,0
5ae697095542996d980e7c27,3,False,False,True,True,0,0
5a8d10a05542994ba4e3dbd8,2,False,False,False,True,0,0
5ac144615542994ab5c67ccf,2,False,False,False,True,0,0
5a887d075542993e715ac03e,2,False,False,True,True,0,0
5a78c66255429974737f787a,4,False,False,False,True,0,0
5a8ef9c45542995a26add59d,2,False,False,False,True,0,0
5a8a307055429930ff3c0cea,4,True,True,True,False,0,0
5ac1a24d55429963665198c7,2,False,False,True,True,1,0
5ae15ae05542997b2ef7d1a2,2,False,False,True,True,0,0
5ae71feb5542996d980e7cae,2,False,False,False,True,0,0
5a87ee1e5542994846c1cdfd,2,False,False,True,True,0,0
5adfae0a554299025d62a33b,2,False,True,True,False,0,0
5add8da65542992200553b53,2,False,False,True,True,0,0
5ae0f2945542997b2ef7d09c,3,False,False,True,True,0,0
5a89dc4d554299669944a5da,2,False,False,True,True,0,0
5ae4cf125542990ba0bbb150,3,False,False,True,True,0,0
5a821e21554299676cceb21e,2,True,True,True,False,0,0
5a80bd7655429938b61421b0,3,False,False,False,True,0,0
5ae28f97554299495565dabf,2,False,False,False,True,0,0
5a7e529655429934daa2fc05,2,True,True,True,False,0,0
5a84cabc5542994c784dda52,3,False,False,False,True,0,0
5ac1b8605542994d76dcced8,2,False,False,True,True,0,0
5ac2d278554299657fa29086,2,False,False,False,True,0,0
5ae808fd5542994a481bbe97,3,False,False,False,True,1,0
5ab60f1d554299110f2199d2,2,False,False,False,True,0,0
5a79e1115542994bb945711b,2,False,False,True,True,0,0
5a78df4755429974737f78e8,3,False,False,False,True,0,0
5adbd0a055429947ff173837,2,False,False,True,True,0,0
5a878a805542996e4f30883b,2,False,False,True,True,0,0
5ac194dc5542994ab5c67d85,2,True,True,True,False,0,0
5ab73d795542992aa3b8c7e5,2,False,False,False,True,0,0
5a77a17e5542995d83181228,2,False,False,True,True,0,0
5ae159e05542990adbacf764,2,True,True,True,False,0,0
5ae355355542992f92d82288,3,False,False,True,True,0,0
5abbc98f5542992ccd8e7fa1,2,False,False,True,True,0,0
5ab8ff8a55429934fafe6e2e,2,False,False,False,True,0,0
5ae400495542995dadf242b7,2,False,False,True,True,0,0
5abbcc7a55429931dba1454f,3,False,False,True,True,0,0
5ab1c29d554299722f9b4c54,2,False,False,True,True,0,0
5ae532b25542990ba0bbb207,3,False,False,False,True,0,0
5ade94035542997c77adee61,2,False,False,True,True,0,0
5ab91f8355429919ba4e23b9,2,False,False,True,True,0,0
5ae05b06554299603e418403,2,False,False,False,True,0,0
5a80ba605542992bc0c4a7f2,3,False,False,False,True,0,0
5ab40c9655429976abd1bd44,2,False,False,False,True,0,0
5ab774335542995dae37e925,2,False,False,False,True,0,0
5a8a56fa5542996c9b8d5ebc,3,False,False,True,True,0,0
5ab501975542996a3a969ff5,2,False,False,True,True,0,0
5abe3aed5542993f32c2a0ad,2,False,False,True,True,0,0
5ae72793554299572ea5473c,2,False,False,True,True,0,0
5ae0c5b85542993d6555ec58,2,False,False,True,True,0,0
5aba9c425542994dbf019978,2,False,False,True,True,0,0
5adfc464554299603e4183a6,3,False,False,True,True,0,0
5ab594345542992aa134a367,3,False,False,False,True,0,0
5ab8601f5542992aa3b8c8cc,3,False,False,False,True,0,0
5a84f70c5542994c784ddaa3,3,False,False,True,True,0,0
5ae3e5905542996836b02be9,3,False,False,True,True,0,0
5ab772345542995dae37e920,2,False,False,False,True,0,0
5a85cef85542991dd0999eab,2,False,False,False,True,0,0
5a7b51ef5542992d025e67fa,2,False,False,True,True,0,0
5ab3101055429976abd1bc48,2,False,False,False,True,0,0
5ae53d3f5542992663a4f190,2,False,False,False,True,0,0
5abb241b5542996cc5e49fc0,3,False,False,True,True,0,0
5ab6ff8e5542991d3222372c,2,False,False,True,True,0,0
5a8da437554299441c6ba027,2,False,False,False,True,0,0
5abffd43554299012d1db558,2,False,False,True,True,0,0
5ab59555554299488d4d99ec,2,False,False,True,True,0,0
5ae56cd95542990ba0bbb2a3,2,False,False,False,True,0,0
5a7d7fad5542995f4f402286,2,False,False,True,True,0,0
5a8059bd5542996402f6a4f0,3,False,False,True,True,0,0
5a89fc7955429946c8d6ea2f,2,False,False,False,True,0,0
5adf339f5542993344016c21,3,False,False,True,True,0,0
5a77ab555542997042120ad2,2,False,False,True,True,0,0
5ae395965542990afbd1e18e,2,False,False,False,True,0,0
5ac37efe554299218029dbde,2,False,False,True,True,0,0
5a7ef9e15542994959419a98,3,False,False,False,True,0,0
5ae459ef55429970de88d93a,2,False,False,True,True,0,0
5a87db695542997e5c09a579,3,False,False,True,True,0,0
5a80a681554299485f59867a,3,False,False,False,True,0,0
5adc6d7c55429947ff17395c,3,False,False,True,True,0,0
5abba098554299642a094ad7,3,False,False,True,True,0,0
5ab7edb555429928e1fe393c,5,False,False,True,True,1,0
5a85c9b35542992a431d1ba8,3,False,False,False,True,0,0
5adc02f25542994650320c52,2,False,False,True,True,0,0
5a90c45855429916514e7565,2,False,False,False,True,0,0
5a8d0215554299441c6b9fb2,2,True,True,True,False,1,0
5ac3d703554299204fd21e9a,3,False,False,True,True,0,0
5ae2c093554299492dc91c5b,2,False,False,True,True,0,0
5a7da82a5542997cc2c4746d,2,False,False,True,True,0,0
5a7c135f5542997c3ec972dc,2,False,False,False,True,0,0
5ac196315542994d76dcce8a,2,True,True,True,False,0,0
5ab3dfad55429969a97a81e3,3,False,False,True,True,0,0
5a7cbcfb554299452d57b9df,2,False,False,True,True,0,0
5ae81c4055429952e35eaa23,2,False,False,True,True,0,0
5a8c3d135542995e66a47572,3,False,False,False,True,0,0
5abee26b5542994516f45467,3,False,True,True,False,0,0
5adc4085554299438c868d96,2,False,False,True,True,0,0
5a7505da5542993748c8979c,2,False,False,True,True,0,0
5a892e7b55429951533612d4,2,False,False,False,True,0,0
5ac310045542990b17b1550a,2,False,False,False,True,0,0
5a71468b5542994082a3e745,2,False,False,True,True,0,0
5abc74a15542993a06baf8eb,3,False,False,False,True,0,0
5ab3dace554299233954ffd3,2,False,False,False,True,0,0
5a8eeeaa5542995a26add567,3,False,False,True,True,0,0
5a7fc4525542992e7d278d5e,3,False,False,True,True,0,0
5adddc4d5542997dc7907064,5,False,False,False,True,0,0
5adfbaca55429942ec259b1f,2,False,False,False,True,0,0
5add5b4c5542997545bbbd39,2,True,True,True,False,0,0
5a7339da5542994cef4bc4de,2,False,False,True,True,0,0
5ae359765542990afbd1e111,2,False,False,False,True,0,0
5a7db6c55542997cc2c4747e,2,False,False,False,True,0,0
5ac422f0554299194317392d,2,False,False,False,True,0,0
5a75df7b55429976ec32bc57,2,False,False,False,True,0,0
5ab617b1554299110f2199dc,2,False,False,False,True,0,0
5a8e2f6b5542995085b373cd,3,False,False,False,True,0,0
5a904f425542995651fb5122,3,False,False,False,True,0,0
5a800e4f5542992bc0c4a694,3,False,False,True,True,0,0
5ae1b968554299234fd042d7,2,False,False,False,True,0,0
5abfa4815542993fe9a41e28,2,False,False,True,True,0,0
5adf31d55542993344016c14,2,False,False,True,True,0,0
5a889f5b5542997e5c09a63b,3,False,False,True,True,1,0
5ab276a5554299449642c8b2,2,False,False,True,True,0,0
5adfee8f55429925eb1afb40,2,False,False,False,True,0,0
5a8a325555429930ff3c0cf2,3,False,False,True,True,0,0
5a7adfb255429931da12c974,3,False,False,False,True,0,0
5ae1f59d5542997f29b3c1b4,3,False,False,False,True,0,0
5a80859f5542992097ad2ff4,5,False,False,False,True,0,0
5aba56e955429939ce03dc98,2,False,False,True,True,0,0
5ab51f555542996a3a96a027,3,False,False,False,True,0,0
5ab7e1f15542992aa3b8c870,4,False,False,True,True,0,0
5ab2574d55429970612095e4,3,False,False,True,True,0,0
5ae0264f55429942ec259c2f,3,False,False,False,True,0,0
5a81f8a8554299676cceb1a6,2,False,False,True,True,0,0
5ae31f8655429928c423961c,3,True,True,True,False,0,0
5a8b46025542997f31a41ccd,2,False,False,False,True,0,0
5a7c0cb255429907fabeef44,2,False,False,False,True,0,0
5a770b485542994aec3b71cd,2,False,False,False,True,0,0
5ab93034554299753720f782,2,False,False,True,True,0,0
5ab32ee955429969a97a80f6,2,True,True,True,False,0,0
5adfadf0554299603e418360,2,False,False,True,True,0,0
5a7b2c405542992d025e678f,3,False,False,True,True,1,0
5ade2d5955429939a52fe851,2,False,False,True,True,0,0
5ae7c3015542993210983f3a,2,False,False,True,True,0,0
5abaca89554299660624160f,4,False,False,True,True,0,0
5a74b7f455429929fddd84cf,2,False,False,False,True,0,0
5ae1d610554299234fd0431e,2,True,True,True,False,0,0
5a7cec1a554299683c1c63df,2,False,False,False,True,0,0
5adf02ca5542995534e8c729,2,False,False,False,True,0,0
5a90cc7255429916514e757f,2,False,False,True,True,0,0
5a892c34554299669944a4e3,2,False,False,True,True,0,0
5a7590795542992db9473684,2,False,False,False,True,0,0
5ac2ffd8554299677310267c,2,False,False,True,True,0,0
5ab7e245554299366779402e,2,False,False,True,True,0,0
5a729ecb5542991f9a20c537,2,False,False,False,True,0,0
5ae4f3c25542990ba0bbb1ac,3,False,False,True,True,0,0
5ae2a9e75542996483e64a22,2,False,False,True,True,0,0
5a7fa1535542994857a7678d,2,False,False,False,True,0,0
5a75ee6955429976ec32bcac,2,False,False,False,True,0,0
5a8eff4d5542997ba9cb317b,3,False,False,False,True,0,0
5a8775575542993e715abf4f,2,False,False,True,True,0,0
5ae4a67b5542995ad6573df8,2,False,False,False,True,0,0
5ac486785542997ea680ca78,3,False,False,False,True,0,0
5ae38a655542994393b9e6f1,2,False,False,False,True,0,0
5abb9c7d5542993f40c73b5b,2,False,False,False,True,0,0
5ac0776d5542996f0d89cbe5,3,False,False,False,True,0,0
5add39fe5542992c1e3a2575,2,False,False,False,True,0,0
5ae3cf4c5542991a06ce9a28,3,False,False,False,True,0,0
5ac41fd95542991943173927,2,False,False,False,True,0,0
5a7f27b05542993067513668,2,False,False,True,True,0,0
5ab730405542993667793f7a,2,False,False,True,True,0,0
5ac09b54554299012d1db601,3,False,False,True,True,0,0
5abcd6f355429965836004cc,4,False,False,False,True,0,0
5ac2b2f255429921a00ab03b,2,False,False,True,True,0,0
5ac14bfd55429964131be1a5,3,False,True,True,False,1,0
5a881a8f55429938390d3edc,2,False,False,False,True,0,0
5a81fe78554299676cceb1bf,2,False,False,True,True,0,0
5a7a99cc554299042af8f677,2,False,False,False,True,0,0
5ae33baa5542992f92d8225d,2,False,False,True,True,0,0
5a73ea7c5542993a88ae2e93,2,False,False,False,True,0,0
5adf191b5542993344016bce,2,False,True,True,False,0,0
5a82782f55429940e5e1a8c2,2,False,False,True,True,0,0
5a77822f55429949eeb29eaa,2,False,False,True,True,0,0
5ae5520b5542990ba0bbb27d,2,False,False,True,True,0,0
5a7f9df65542995d8a8ddec7,2,False,False,True,True,0,0
5abaad51554299232ef4a369,2,False,False,False,True,0,0
5abd8fe55542996e802b47d4,2,False,False,True,True,0,0
5a804d955542992bc0c4a6e3,2,False,False,True,True,0,0
5a73063b5542994cef4bc426,2,False,False,False,True,0,0
5a7547885542996c70cfaed5,3,False,False,True,True,1,0
5a82573555429940e5e1a85f,2,False,False,True,True,0,0
5a734b4d5542992359bc32e7,2,False,False,True,True,0,0
5ae5362c55429960a22e0261,4,False,False,False,True,0,0
5a7f3f3e55429934daa2fd43,2,False,False,False,True,0,0
5ac50e5255429924173fb58d,3,False,False,False,True,0,0
5ab7c4b95542991d322237b8,2,False,False,True,True,0,0
5ae3328455429928c4239675,2,False,False,False,True,0,0
5a7640c05542992d0ec0606b,2,False,False,True,True,0,0
5ac2b40b554299677310261d,3,False,False,True,True,0,0
5ab4b98f5542990594ba9ca3,2,False,False,False,True,0,0
5abd207955429924427fcf03,3,False,False,False,True,0,0
5ac26f775542990b17b1538f,2,False,False,True,True,0,0
5a74847555429979e288296f,2,False,False,False,True,0,0
5adc84b25542994650320d2e,2,False,False,False,True,0,0
5a81f2935542995ce29dcc96,3,False,False,False,True,0,0
5a8b93f855429950cd6afd1c,2,False,False,True,True,0,0
5ab6f213554299710c8d1fcc,2,False,True,True,False,0,0
5a7926f755429974737f79ac,2,True,True,True,False,0,0
5a84d3445542992a431d1aaa,2,False,False,True,True,0,0
5ac3f46f55429919431738df,2,False,False,False,True,0,0
5ae104a955429920d5234280,2,False,False,True,True,0,0
5ae68e305542991bbc976126,2,False,False,True,True,0,0
5a87e88f5542993e715ac004,2,False,False,True,True,0,0
5a8eb40355429917b4a5bdb2,5,False,False,True,True,0,0
5ab2a83155429929539467a6,2,False,False,False,True,0,0
5ab273da554299340b5254d2,3,False,False,False,True,0,0
5ae495635542995dadf24354,2,False,False,False,True,0,0
5ab604cc554299710c8d1e52,2,False,False,True,True,0,0
5ae3f2bc5542995ad6573ccb,2,False,False,False,True,0,0
5a7c6e905542990527d554a5,2,False,False,False,True,0,0
5ab425db5542991751b4d699,2,False,False,True,True,0,0
5ae253d25542994d89d5b3db,3,False,False,False,True,0,0
5a8f06805542995085b374d4,2,False,False,False,True,0,0
5abd023c554299114383a1ce,2,False,False,True,True,0,0
5ab2ddc6554299194fa93554,2,False,False,False,True,0,0
5a80924a554299485f59865b,3,False,False,True,True,0,0
5a7b6a5055429927d897bfbe,4,False,False,False,True,0,0
5a8307f855429903bc27ba75,2,False,False,True,True,0,0
5ae7cd4c5542997ec27276f0,2,False,False,False,True,0,0
5a7ca40355429935c91b527a,2,False,False,False,True,0,0
5ae3411d5542991a06ce997b,2,False,False,True,True,0,0
5ae4bcb95542995ad6573e35,3,False,False,False,True,0,0
5ab72ed655429928e1fe3836,2,False,False,True,True,0,0
5ac237e35542992f1f2b3824,2,True,True,True,False,0,0
5a8f36b65542997ba9cb31fc,3,False,False,True,True,0,0
5ab57f7e554299488d4d99bf,2,False,False,True,True,0,0
5abe3c645542991f66106108,2,False,False,True,True,0,0
5a7f20e9554299306751364f,3,False,False,False,True,0,0
5ae667ce5542991bbc9760cd,2,False,False,True,True,0,0
5ab9536d55429970cfb8ea65,3,False,False,True,True,0,0
5a7daddc5542995ed0d1665c,2,False,False,False,True,0,0
5ae43aff55429970de88d925,2,False,True,True,False,1,0
5ac147a85542994d76dccdcb,2,False,False,True,True,0,0
5a7c732355429935c91b51bc,3,False,False,True,True,0,0
5a8d4c745542994ba4e3dc5e,3,False,False,False,True,0,0
5a7eea7755429934daa2fc78,2,False,False,True,True,0,0
5ab9bccf554299743d22ebd6,2,False,False,True,True,0,0
5a7719605542994aec3b71ea,2,False,False,True,True,0,0
5a71205b5542994082a3e5b5,2,False,False,True,True,0,0
5a7f186b55429934daa2fcd4,2,False,False,False,True,0,0
5add3c6e5542997545bbbcdf,2,False,False,False,True,0,0
5ae15cee5542990adbacf76d,2,False,False,True,True,0,0
5a7363545542991f29ee2dd6,2,False,False,False,True,0,0
5a72ad525542994cef4bc3d0,2,False,False,True,True,0,0
5a7dbb115542997cc2c47485,2,False,False,False,True,0,0
5a7f7d9155429969796c1a74,2,False,False,True,True,0,0
5a8ba3445542997f31a41d93,2,True,True,True,False,0,0
5a8c6f775542996e8ac88aab,2,False,False,True,True,0,0
5a72a23f5542991f9a20c545,2,False,False,True,True,0,0
5a7950685542994bb9456ffa,2,False,False,False,True,0,0
5adcf8e855429947343537e7,2,False,False,True,True,0,0
5a901cd85542995651fb50ba,3,False,False,True,True,0,0
5adfdadc55429925eb1afac3,2,False,False,True,True,0,0
5ab7ae295542995dae37e98c,2,False,False,False,True,0,0
5ae5ce2c554299546bf82f77,3,False,False,True,True,0,0
5adc677755429947ff17394b,2,False,False,False,True,0,0
5ab74fbd5542993667793fbb,2,True,True,True,False,0,0
5ae7533f5542997b22f6a6d6,2,False,False,True,True,0,0
5ab2d129554299545a2cfaa4,4,False,False,True,True,0,0
5a86172a554299211dda2a6a,2,False,False,False,True,0,0
5a79cfbc554299148911fa63,2,False,False,False,True,0,0
5abc71b655429959677d6abd,3,False,False,False,True,0,0
5ae528be5542990ba0bbb1da,2,True,True,True,False,0,0
5ae2e101554299492dc91c76,2,False,False,True,True,0,0
5a7276f45542991f9a20c484,2,False,False,True,True,0,0
5a8c72715542996e8ac88ab0,2,False,False,True,True,0,0
5ab9247c554299131ca4227d,2,False,False,True,True,0,0
5ae1071b554299422ee995d3,3,False,False,False,True,0,0
5ab5efae5542997d4ad1f25f,2,False,False,False,True,0,0
5a89087c554299515336126e,2,False,False,True,True,0,0
5ac1015a5542996f0d89cc52,2,False,False,True,True,0,0
5a836fb9554299123d8c2123,2,False,False,True,True,0,0
5a879d945542994846c1cdb5,3,False,False,False,True,0,0
5a85e00f5542994c784ddba1,3,False,False,False,True,0,0
5ab82e5c5542990e739ec85c,2,False,False,False,True,0,0
5ac2d1b7554299657fa29082,2,True,True,True,False,0,0
5a7af64f55429931da12c9b0,2,False,True,True,False,0,0
5a744ba955429979e28828d5,3,False,False,True,True,0,0
5ae6542f55429908198fa590,4,False,False,False,True,0,0
5ae52d0a5542992663a4f135,2,False,False,True,True,0,0
5ac14b8b5542994ab5c67cd8,2,True,True,True,False,0,0
5a82eece55429954d2e2ebc5,3,False,False,True,True,0,0
5ade87ac55429939a52fe8e4,2,False,False,True,True,0,0
5ae2e3a955429928c4239534,2,False,False,False,True,0,0
5abff1475542997d6429595a,3,False,False,False,True,0,0
5add850f5542992ae4cec599,2,False,False,False,True,0,0
5a7ca3a155429935c91b5278,2,False,False,True,True,0,0
5ade691d55429939a52fe8af,3,False,False,False,True,0,0
5a81de8d55429926c1cdada9,2,False,False,True,True,0,0
5abc1db8554299700f9d77e3,2,False,False,True,True,0,0
5a8bb2425542996e8ac889e1,2,False,False,False,True,0,0
5a8f60785542997ba9cb3239,2,False,False,True,True,0,0
5ae0f704554299422ee99585,3,False,False,False,True,0,0
5add9e345542990dbb2f7e88,2,False,False,True,True,0,0
5ab29ef7554299194fa93476,2,True,True,True,False,0,0
5ac4dcfc5542996feb3fe952,3,False,False,True,True,0,0
5ab7b27a5542992aa3b8c84e,2,False,False,False,True,0,0
5ab2a18a554299194fa9348d,2,False,False,False,True,0,0
5ac537f95542996feb3fea40,2,False,False,True,True,0,0
5a81df94554299676cceb123,2,False,False,False,True,0,0
5ae533425542990ba0bbb20c,2,False,False,True,True,0,0
5a7350855542994cef4bc532,2,False,False,False,True,0,0
5ae1d3ba5542997f29b3c13f,2,False,False,True,True,0,0
5a86fb1e554299211dda2b79,2,False,False,True,True,0,0
5a8a046e55429970aeb70208,3,False,False,False,True,0,0
5a8c61fc5542996e8ac88a96,2,True,True,True,False,0,0
5a7d9cb75542995f4f40228c,2,False,False,True,True,0,0
5ae65b125542992ae0d162ee,3,False,False,True,True,0,0
5a7d77fb5542990b8f50399d,2,False,False,False,True,0,0
5ae66c3555429908198fa5cd,2,False,False,True,True,0,0
5a84c0575542997b5ce3ff54,3,False,False,False,True,0,0
5ab8686755429934fafe6da9,3,False,False,False,True,0,0
5a86f9e9554299211dda2b76,3,False,False,True,True,0,0
5ae77ac055429952e35ea936,3,False,False,False,True,0,0
5a7b6d0255429931da12caa9,3,False,False,False,True,0,0
5ae188eb5542990adbacf7b3,2,False,False,True,True,0,0
5ac43f3a5542997ea680ca46,2,False,False,False,True,0,0
5a7530c05542996c70cfaea9,2,False,True,True,False,0,0
5ae61a175542995703ce8aff,2,False,False,True,True,0,0
5a8edd7255429917b4a5bdf7,3,False,False,False,True,0,0
5ac4f74955429924173fb520,2,False,False,True,True,0,0
5adf3a0b5542995ec70e8f9d,2,False,False,True,True,0,0
5a8ce524554299585d9e375a,2,False,False,True,True,0,0
5ab818885542990e739ec81b,2,False,False,True,True,0,0
5ac5043a5542994611c8b314,3,False,False,True,True,0,0
5a73509e5542994cef4bc533,2,False,False,True,True,0,0
5adf03cf5542995534e8c72d,3,False,False,False,True,0,0
5ae0950f5542993d6555ebae,2,False,False,True,True,0,0
5ae5317a5542992663a4f14c,3,False,False,False,True,0,0
5a83b6f45542996488c2e49c,2,False,False,True,True,0,0
5ae7bae35542993210983f16,2,False,False,True,True,0,0
5ab814725542992aa3b8c899,2,False,False,True,True,0,0
5ae4b2d75542995dadf243bf,2,False,False,False,True,0,0
5a8a53e455429970aeb7028f,2,True,True,True,False,0,0
5ac1708d55429964131be1fc,2,False,False,True,True,0,0
5a733c4a55429901807dafb3,4,False,False,False,True,0,0
5a75b8615542992db94736af,2,False,False,True,True,0,0
5a81347c55429938b61422f5,2,False,False,False,True,0,0
5a77b2bb5542992a6e59df8f,3,False,False,True,True,0,0
5ab873ed55429934fafe6dc9,4,False,False,False,True,0,0
5a8f8228554299458435d662,3,False,False,False,True,0,0
5a7a4dc05542990198eaf119,2,False,False,False,True,0,0
5abfa93b5542997ec76fd424,3,True,True,True,False,0,0
5ae32a0055429928c423963f,2,False,False,True,True,0,0
5a88090f55429938390d3ed4,4,False,False,False,True,0,0
5ae752d65542997b22f6a6d3,2,False,False,False,True,0,0
5adcb5d55542994ed6169bc9,2,False,False,True,True,0,0
5add0d325542992c1e3a2529,3,False,False,True,True,0,0
5a777a925542997042120a84,2,False,False,False,True,0,0
5ac263215542992f1f2b38a0,2,False,False,True,True,0,0
5ae32ec255429928c4239654,2,False,False,True,True,0,0
5a844c8d55429933447460c6,2,False,False,True,True,0,0
5ac4f2f055429924173fb504,3,False,False,False,True,0,0
5ab60131554299110f2199b9,2,False,False,False,True,0,0
5abbe3f2554299642a094bba,3,False,False,True,True,0,0
5a78f18c55429974737f7916,2,False,False,True,True,0,0
5abf858b5542997719eab697,2,False,False,True,True,0,0
5a7bf2ec5542996dd594b864,2,False,False,False,True,0,0
5a7fe2b85542994857a76822,2,False,False,False,True,0,0
5a7db6905542990b8f503a38,2,False,False,False,True,0,0
5ab2dde05542991669774113,3,False,False,False,True,2,0
5a83aeb95542996488c2e486,3,False,False,True,True,0,0
5addd6b55542990dbb2f7ea9,2,False,False,True,True,0,0
5ade00cf5542997545bbbdf7,2,False,False,False,True,0,0
5ac3d6495542995c82c4ac3f,2,False,False,False,True,0,0
5a87aa5d5542996e4f3088bb,2,False,False,False,True,0,0
5a73ff915542993a88ae2ee4,3,False,False,True,True,0,0
5adf1a1f5542995ec70e8f70,2,False,False,False,True,0,0
5ae27bac554299492dc91c2a,2,False,False,True,True,0,0
5ae608c155429929b0807a8d,2,False,False,False,True,0,0
5ab2d062554299545a2cfaa0,2,True,True,True,False,0,0
5a735e7e55429901807db00c,4,False,False,True,True,0,0
5a7ddefc5542995f4f4022e6,2,True,True,True,False,0,0
5a8a61c955429930ff3c0dbb,3,False,False,True,True,0,0
5a81c1a05542990a1d231e94,2,False,False,False,True,0,0
5ac533635542994611c8b428,2,False,False,True,True,0,0
5ae0180e55429942ec259c1a,2,False,False,True,True,0,0
5ae630925542992ae0d1626e,2,False,False,True,True,0,0
5ae7c76d5542993210983f48,2,False,False,False,True,0,0
5ac050025542997d642959fe,3,False,False,False,True,0,0
5a903b9c5542995651fb50fb,2,False,False,True,True,0,0
5ae69b9b5542996d980e7c53,3,False,False,True,True,0,0
5a8ca7fe554299240d9c21ba,2,False,False,True,True,0,0
5a7721ae55429966f1a36c94,2,False,False,True,True,0,0
5a7cf729554299683c1c63f5,2,False,True,True,False,0,0
5adf1e365542993344016be3,2,False,False,True,True,0,0
5ae623b35542995703ce8b23,2,False,False,True,True,0,0
5ab4bbbc5542990594ba9ca8,2,False,False,True,True,0,0
5add45475542997545bbbd0e,4,False,False,False,True,0,0
5a7da8e65542990b8f503a10,2,False,False,True,True,0,0
5a76fbe055429937353601b0,2,False,False,True,True,0,0
5aba96065542994dbf01995b,3,False,False,True,True,0,0
5ac3c56a554299204fd21e4c,2,False,False,True,True,0,0
5ae3cca05542990afbd1e1dc,2,False,False,True,True,0,0
5a73fe9b5542993a88ae2ee2,2,False,False,False,True,0,0
5a7df5a75542995f4f402350,2,False,False,True,True,0,0
5ab2e6ad554299295394689b,3,False,False,False,True,0,0
5a75147455429916b016424b,2,False,False,False,True,0,0
5a908f0955429933b8a2055a,4,False,False,False,True,0,0
5ade992a554299728e26c75a,4,False,False,False,True,0,0
5abd00825542992ac4f38197,2,True,True,True,False,0,0
5a89156c554299669944a4a3,2,False,False,True,True,0,0
5a7bc0345542997c3ec97276,2,False,False,True,True,0,0
5a88a8e75542997e5c09a697,2,False,False,False,True,0,0
5a75b7695542992db94736ad,2,False,False,False,True,0,0
5ade3c745542997c77adedb9,2,False,False,True,True,0,0
5ab698d3554299110f219a29,2,False,False,True,True,0,0
5adfbccc55429942ec259b2d,2,False,False,True,True,0,0
5a7b27c9554299042af8f71a,2,False,False,False,True,0,0
5ab671935542995eadeeffdc,2,False,False,True,True,0,0
5abab1cf554299232ef4a379,3,False,False,True,True,0,0
5adfb89555429942ec259b11,2,False,False,True,True,0,0
5a7327175542992359bc324f,3,False,False,False,True,0,0
5add62245542992ae4cec53b,2,False,False,True,True,0,0
5a862bd15542991e771815a6,2,False,False,True,True,0,0
5ab546e4554299494045ef5f,2,False,False,True,True,0,0
5adbd8615542994650320c02,2,True,True,False,False,0,0
5a714a9e5542994082a3e780,3,False,False,False,True,0,0
5a7ae4165542995eb53be8b8,3,False,False,True,True,0,0
5a7cdb8a554299683c1c63a3,2,False,False,True,True,0,0
5ab702065542993667793f12,2,False,False,True,True,0,0
5ac3751f554299218029dbd6,3,False,False,False,True,0,0
5a7e9ad8554299306751359c,2,False,True,True,False,0,0
5ae827ff55429952e35eaa66,2,False,False,True,True,1,0
5ac4ff1655429924173fb544,3,False,False,True,True,1,0
5ae71164554299572ea546b1,2,False,False,True,True,0,0
5ab95f2e55429970cfb8ea96,2,False,False,True,True,0,0
5a74e88155429916b0164239,3,False,False,False,True,0,0
5a8130ca55429926c1cdad07,3,False,False,False,True,0,0
5a7a41475542996a35c17167,2,False,False,True,True,0,0
5ae4cacc5542990ba0bbb138,2,False,False,False,True,0,0
5ae0adbd5542993d6555ec0f,2,False,False,True,True,0,0
5ac039bc554299294b218f59,2,False,False,True,True,0,0
5a899c4c55429946c8d6e95c,2,False,False,True,True,0,0
5a7382ea554299623ed4abc6,2,False,False,False,True,0,0
5ac2896d554299677310256a,2,False,False,False,True,0,0
5ae699265542991bbc97614d,2,False,False,True,True,0,0
5a7cb78e5542996dd594b9b5,3,False,False,True,True,0,0
5a7cfcf655429907fabef090,2,False,False,False,True,0,0
5a8f0dee5542997ba9cb319b,4,False,False,False,True,0,0
5abe47cb55429976d4830ad9,4,False,False,False,True,0,0
5a87dcb95542997e5c09a57e,3,False,False,False,True,0,0
5ab2d47a554299545a2cfab5,2,False,False,False,True,0,0
5adc09745542996e685252b4,2,False,False,True,True,0,0
5ab9234355429934fafe6e69,2,False,False,True,True,0,0
5a7a2c195542990198eaf0ab,2,False,False,True,True,0,0
5a76303e5542992d0ec0605b,2,False,False,False,True,0,0
5ae2046e5542997283cd232a,2,False,False,True,True,0,0
5add59e85542992ae4cec51b,2,False,False,False,True,0,0
5adcc10e5542994ed6169bee,2,False,False,False,True,0,0
5ac00371554299012d1db56e,2,False,False,True,True,0,0
5ade163855429939a52fe806,3,False,False,True,True,0,0
5a8d0f3d5542994ba4e3dbc9,3,False,False,False,True,0,0
5adf0a325542992d7e9f9283,2,False,False,True,True,0,0
5a7def3f5542995f4f402326,2,False,False,True,True,0,0
5a8334bc5542996488c2e3ee,4,False,False,True,True,0,0
5ae0ea205542993d6555ec98,2,False,False,True,True,0,0
5ac5506d5542993e66e822fc,2,False,False,False,True,0,0
5a7a7bf055429941d65f2675,2,False,False,True,True,0,0
5abef06f5542993fe9a41dac,4,False,False,False,True,0,0
5ae115a655429901ffe4ad67,2,False,False,True,True,0,0
5a7cbbb7554299452d57b9d6,2,True,True,True,False,0,0
5ac309a4554299657fa290df,3,False,False,True,True,0,0
5a74547855429974ef308bd8,2,False,False,False,True,0,0
5a8ec9a35542995a26add522,3,False,False,False,True,0,0
5a8b47dc5542995d1e6f1344,2,False,False,False,True,1,0
5a733ce75542994cef4bc4ef,4,False,False,True,True,0,0
5a87ea425542993e715ac00b,3,False,False,True,True,0,0
5ac197765542991316484b42,3,False,False,False,True,0,0
5a7b93c5554299294a54aa01,3,False,False,True,True,0,0
5aba994b5542994dbf019969,2,False,False,True,True,0,0
5ae78ec455429952e35ea96f,4,False,False,False,True,1,0
5a71750e5542994082a3e83f,2,False,False,True,True,0,0
5a74fa805542993748c89771,2,False,False,True,True,0,0
5ae4d08b5542990ba0bbb157,2,False,False,False,True,0,0
5ae429a85542996836b02c46,2,False,False,True,True,0,0
5a83863b554299123d8c2146,3,False,False,False,True,0,0
5ae0acae55429945ae959412,4,False,False,False,True,0,0
5a7908a8554299148911f9cc,4,False,False,True,True,0,0
5a873f9d5542996432c57245,2,False,False,True,True,0,0
5abaea225542992ccd8e7e58,2,True,True,True,False,0,0
5a79b3015542996c55b2dc39,3,False,False,False,True,0,0
5ae3d5a85542992f92d8238b,2,False,False,False,True,0,0
5ab1c64b5542997061209567,3,False,False,True,True,0,0
5add261f5542992ae4cec4ad,3,False,False,True,True,0,0
5a824fba554299676cceb256,3,False,False,False,True,0,0
5ae7f0e3554299540e5a56c6,2,True,True,True,False,0,0
5ae7bfb75542997ec27276df,4,False,False,False,True,0,0
5a7f8e3e55429969796c1aad,2,False,False,True,True,0,0
5a8e1239554299068b959e4c,2,False,False,False,True,0,0
5a79220455429974737f79a2,2,False,False,True,True,0,0
5abb0369554299232ef4a3a2,2,False,False,False,True,1,0
5ae24f515542994d89d5b3ce,2,False,False,True,True,0,0
5ae5fac75542996de7b71aa2,3,False,False,False,True,0,0
5a7e805e5542991319bc94c4,2,False,False,False,True,0,0
5abe327c5542991f661060fc,2,False,False,False,True,0,0
5ade46ef5542997c77adedc9,2,False,False,True,True,0,0
5a777c1c55429949eeb29e65,2,False,False,True,True,0,0
5a7dd93e5542990b8f503aec,2,False,False,False,True,0,0
5a78b198554299148911f938,2,False,False,False,True,0,0
5ae160505542997b2ef7d1b5,2,False,False,True,True,0,0
5a7baf595542995eb53be997,2,False,False,False,True,0,0
5ae745585542991bbc9761cd,2,False,False,False,True,0,0
5ae20ce55542997283cd2378,2,False,False,True,True,0,0
5a845c405542996488c2e527,2,False,False,True,True,0,0
5adcd5ae5542990d50227d41,3,False,False,False,True,0,0
5a7da8ea5542995f4f4022ac,3,False,False,False,True,0,0
5abc6f63554299700f9d78c6,2,False,False,True,True,0,0
5adc71175542994650320d07,2,False,True,True,False,0,0
5a7ce5d355429907fabef053,2,False,False,True,True,0,0
5adf292d5542993a75d263f8,2,False,False,False,True,0,0
5a7c3df85542996dd594b8e0,2,False,False,False,True,0,0
5ab32d4d55429969a97a80f2,2,False,False,False,True,0,0
5a81011c55429938b6142286,3,False,False,False,True,0,0
5a76b0035542993569682c85,3,False,False,True,True,0,0
5a8e879c5542995085b37441,2,False,False,False,True,0,0
5a7a238c5542990783324e83,2,False,False,False,True,0,0
5a8f5abb5542992414482a74,2,False,False,True,True,0,0
5abfd1e75542994516f45504,3,False,False,True,True,0,0
5a83672f5542992ef85e22ac,2,False,False,True,True,0,0
5adc1002554299438c868d1f,3,False,False,True,True,1,0
5ae386995542994393b9e6ef,2,False,False,False,True,0,0
5ae7422f5542997b22f6a64e,2,False,False,True,True,0,0
5ab2a6955542992953946797,2,False,False,True,True,0,0
5ac2e18955429921a00ab0a8,2,False,False,True,True,0,0
5a83a39e5542993344746068,3,False,False,True,True,0,0
5a75e89a554299109176e5c9,2,False,False,True,True,0,0
5a8ae3e455429970aeb70321,4,False,False,False,True,0,0
5adf9bc9554299025d62a2dc,2,False,False,False,True,0,0
5ac2abf255429921a00ab029,2,False,False,False,True,0,0
5a8eb60a5542995a26add4f2,3,False,False,True,True,0,0
5a77222d5542993569682ceb,2,False,False,False,True,0,0
5a8c41235542995e66a4757e,3,False,False,False,True,0,0
5a8125c355429926c1cdacf6,3,False,False,True,True,0,0
5ac4d718554299076e296e0f,2,False,False,True,True,0,0
5ae142f655429920d5234357,3,False,False,True,True,0,0
5ab5d0865542997d4ad1f1ea,3,False,False,False,True,0,0
5ab660fe5542995eadeeffae,2,False,False,True,True,0,0
5a89dead5542992e4fca8409,2,False,False,True,True,0,0
5ae2d86e55429928c42394f7,2,False,False,False,True,0,0
5a740fda55429979e288289d,2,True,True,True,False,0,0
5a89e05b5542992e4fca841e,2,False,False,False,True,1,0
5abcc28255429959677d6ad3,3,False,False,False,True,1,0
5adfde6a55429906c02daa77,2,False,False,False,True,1,0
5ae6129255429929b0807ac0,2,False,False,True,True,0,0
5ae0f1ff5542997b2ef7d096,2,False,False,False,True,0,0
5ae333cc5542991a06ce9950,2,False,False,True,True,0,0
5ac180cc55429964131be206,2,False,False,True,True,0,0
5ac4d5de55429919431739e8,4,False,False,False,True,0,0
5a876d415542993e715abf39,2,False,False,True,True,0,0
5ac34c465542995ef918c17d,2,False,False,False,True,0,0
5ab5508c554299494045ef79,2,False,False,False,True,0,0
5a7703f155429972597f1413,2,False,False,False,True,0,0
5a7e5d605542991319bc9477,2,False,False,True,True,0,0
5ae808245542993210984047,4,False,False,True,True,0,0
5ae62ffe5542992ae0d1626c,2,False,False,True,True,0,0
5a778fc85542992a6e59def3,2,False,False,True,True,0,0
5a8c44cb554299240d9c20fd,3,False,False,False,True,0,0
5ab27255554299722f9b4d2b,2,False,False,True,True,0,0
5a8626f85542994775f60711,4,False,False,False,True,0,0
5ae0c9aa554299603e418459,3,False,True,True,False,0,0
5ac4d114554299076e296dff,2,False,False,False,True,0,0
5a7138705542994082a3e692,2,False,False,False,True,0,0
5adc8d8b554299473435373f,2,False,False,True,True,0,0
5add0f1c5542990d50227dad,4,False,False,True,True,0,0
5abdb3155542996e802b4816,3,False,False,True,True,0,0
5abed6c45542990832d3a0ee,2,False,False,True,True,0,0
5abfcc715542997719eab6d1,2,False,False,False,True,0,0
5a7dbcbd5542995ed0d1666c,2,False,False,True,True,0,0
5ae663635542992ae0d16315,3,False,False,False,True,0,0
5ab9065c5542991b5579f0d1,2,False,False,True,True,0,0
5ae3f3395542995ad6573cd1,2,False,False,True,True,0,0
5ae1c02e554299492dc91b85,2,False,False,True,True,0,0
5ae1812255429901ffe4aed0,2,False,False,False,True,0,0
5a905a5055429916514e7481,3,False,False,True,True,0,0
5a8f07df5542995085b374db,3,False,False,True,True,0,0
5a85fb9d5542994775f606e0,4,True,True,True,False,0,0
5ae6c1e655429908198fa6b0,2,False,False,False,True,0,0
5a726d175542997f827839c4,2,False,False,True,True,0,0
5a7c63e055429907fabeef7b,2,False,False,False,True,0,0
5ae6965355429908198fa640,2,False,False,True,True,0,0
5a8ae81e55429950cd6afbd1,2,False,False,True,True,0,0
5a75af065542992d0ec05fdf,3,False,False,False,True,0,0
5a866881554299211dda2b21,3,False,False,False,True,0,0
5abce75b55429959677d6b36,3,False,False,False,True,1,0
5a8c2da1554299240d9c20bc,3,False,False,False,True,0,0
5ac177b25542994d76dcce4d,2,False,False,False,True,0,0
5abfda165542997ec76fd45f,4,False,False,False,True,0,0
5a80aa4a554299485f598695,2,False,False,True,True,0,0
5a791e8855429907847277c1,4,False,False,False,True,0,0
5ac3d4ae554299741d48a337,2,False,False,True,True,0,0
5ac077845542996f0d89cbe6,2,False,False,False,True,0,0
5a7ca551554299683c1c6323,2,False,False,True,True,0,0
5adf330e5542993344016c1a,2,False,False,False,True,0,0
5ac1334455429964131be183,2,False,False,False,True,0,0
5ae671195542991bbc9760d6,2,False,False,False,True,0,0
5adf082b5542993a75d263db,2,True,True,True,False,0,0
5ae801f1554299321098402d,2,False,False,False,True,0,0
5ab7d01e5542992aa3b8c856,3,False,False,False,True,0,0
5ab3ca5d55429969a97a81c2,2,False,False,True,True,0,0
5ae667625542996d980e7b57,3,False,False,True,True,0,0
5ae0c6805542993d6555ec5d,3,False,False,False,True,0,0
5a7260815542990c210a4113,3,False,False,True,True,0,0
5a746d7855429929fddd8421,4,False,False,False,True,0,0
5a881e1855429938390d3ef0,2,True,True,True,False,1,0
5a88eddf554299206df2b3b6,2,False,False,True,True,0,0
5a7925be554299029c4b5f0b,2,False,False,False,True,0,0
5ae2a1365542992decbdcd62,2,False,False,True,True,0,0
5ac141e55542991316484a9c,2,False,False,True,True,0,0
5ae668bd55429908198fa5c3,2,False,False,True,True,0,0
5ae699145542996d980e7c38,2,False,False,True,True,0,0
5a8b663555429950cd6afcdd,2,False,False,True,True,0,0
5a78e88d55429970f5fffdc7,5,False,False,True,True,0,0
5a76498a5542992d0ec0608c,2,False,False,False,True,0,0
5a77acc05542992a6e59df77,2,False,False,False,True,0,0
5adbd7e15542994650320c01,2,False,False,False,True,0,0
5ab6ca405542995eadef0099,2,False,False,True,True,0,0
5adbfca855429947ff173898,2,False,False,True,True,0,0
5a8b075555429950cd6afc4d,2,False,False,True,True,0,0
5ae1518555429901ffe4ae57,2,False,False,True,True,0,0
5abe2e7a55429976d4830a88,2,True,True,True,False,0,0
5a7761025542993735360253,3,False,False,True,True,0,0
5ac454c05542995c82c4ad33,2,False,False,True,True,1,0
5ac321fe554299657fa290e6,2,False,False,False,True,0,0
5aba64af55429955dce3ee05,2,False,False,True,True,0,0
5abd82115542993062266cb4,2,False,False,False,True,0,0
5ac39367554299657fa290f2,4,False,False,False,True,0,0
5a81f55d5542990a1d231ef5,3,False,False,True,True,0,0
5ae68f3c5542991bbc976129,2,False,False,True,True,0,0
5ade0cc95542995b365fabeb,2,False,False,True,True,0,0
5ab5757b554299637185c59f,4,False,False,False,True,0,0
5a77912c5542995d831811d9,4,False,False,True,True,0,0
5ae2b5345542994d89d5b439,3,False,False,False,True,0,0
5ae7efde554299540e5a56bf,2,False,False,True,True,0,0
5a7f7d505542992097ad2f87,3,False,False,True,True,0,0
5ab5efcf554299488d4d9a5a,2,False,False,True,True,0,0
5a734a575542991f9a20c6e8,3,False,False,True,True,0,0
5ab57990554299494045efed,2,False,False,False,True,0,0
5a81f1d2554299676cceb18d,2,False,False,True,True,0,0
5a7bb697554299042af8f7af,3,False,False,False,True,0,0
5a87bf925542996e4f308907,2,False,False,False,True,0,0
5ab1e192554299340b525417,2,False,False,True,True,0,0
5a8368895542992ef85e22b0,3,False,False,True,True,0,0
5a81381355429938b61422fe,4,False,False,False,True,0,0
5a78b9e2554299029c4b5e5d,2,False,False,False,True,0,0
5adf5d0f5542993344016c5f,2,False,False,True,True,0,0
5ab7f6845542992aa3b8c893,3,False,False,True,True,0,0
5ae772625542997ec272765c,3,False,False,False,True,0,0
5ab7faa65542990e739ec7ac,2,False,False,False,True,0,0
5a8c52e25542995e66a475bc,2,False,False,False,True,0,0
5ac48d5c5542997ea680ca82,4,False,False,False,True,0,0
5ae4a00b5542995dadf2437e,2,False,False,False,True,0,0
5a7d53a05542991319bc93ac,2,False,False,True,True,0,0
5a733cc95542991f9a20c6ba,2,False,False,False,True,0,0
5ab8c6d355429916710eb0ba,3,False,False,True,True,0,0
5a803dbf554299485f598598,2,False,False,False,True,0,0
5adce9935542992c1e3a24a5,2,False,False,False,True,0,0
5a79acd25542996c55b2dc31,3,False,False,False,True,1,0
5abe4a005542991f66106121,2,False,False,False,True,0,0
5ac173b35542994ab5c67d47,2,False,False,False,True,0,0
5a85ab725542997175ce1fed,2,False,False,True,True,0,0
5add94925542990dbb2f7e75,2,False,False,True,True,0,0
5ab328a6554299753aec5951,2,False,False,False,True,0,0
5abfa7b95542997ec76fd41f,2,False,False,True,True,0,0
5ae754155542997b22f6a6de,2,False,False,True,True,0,0
5adee9a95542995ec70e8f42,4,False,False,False,True,0,0
5adfe080554299025d62a371,4,False,False,False,True,0,0
5a7d085355429909bec76909,3,False,False,True,True,0,0
5ae49f725542995ad6573dc3,2,False,False,False,True,0,0
5abd91f055429924427fd05c,2,True,True,True,False,1,0
5a721a2455429971e9dc926f,2,False,False,True,True,0,0
5ab7295255429928e1fe3821,4,False,False,False,True,1,0
5ae13a2b55429920d5234330,2,False,False,True,True,0,0
5ab3e8f755429976abd1bce9,2,True,True,True,False,0,0
5a85012b5542994c784ddac8,2,False,False,False,True,0,0
5a800d055542992bc0c4a693,3,False,False,False,True,0,0
5a8cff2c554299441c6b9fa5,2,False,False,True,True,0,0
5a7225a955429971e9dc92eb,2,False,False,False,True,0,0
5ae29e2e5542992decbdcd59,2,False,False,True,True,0,0
5a7a54255542996c55b2dd56,3,False,False,False,True,0,0
5ae1e089554299422ee996b7,2,False,False,True,True,0,0
5a88ec4e554299206df2b3ae,2,False,False,False,True,0,0
5a8b539a55429971feec46c8,3,False,False,False,True,0,0
5ab1e3c6554299722f9b4c97,2,False,False,False,True,0,0
5ac29a16554299218029dab7,3,False,False,True,True,0,0
5a7d65d75542995f4f402269,3,True,True,True,False,0,0
5a83a4885542992ef85e233b,2,False,False,False,True,0,0
5a8b551f55429971feec46d6,2,False,False,False,True,0,0
5ab644dd5542995eadeeff93,4,False,False,False,True,0,0
5ae38dfc5542994393b9e6f9,2,False,False,True,True,0,0
5a81d98b554299676cceb0fd,2,False,False,True,True,0,0
5ac3bfd0554299204fd21e2e,2,False,False,False,True,0,0
5a82544b55429940e5e1a84f,3,False,False,True,True,0,0
5abed5425542990832d3a0e3,2,False,False,False,True,0,0
5a846842554299123d8c223f,3,False,False,True,True,1,0
5ab28f27554299449642c8f5,3,False,False,True,True,1,0
5ae200895542994d89d5b2f5,3,False,False,False,True,0,0
5ab5a1175542997d4ad1f195,3,False,False,False,True,0,0
5a7711e65542994aec3b71d9,2,False,False,True,True,0,0
5ae71acf554299572ea546e0,2,False,False,True,True,0,0
5a8f260355429918e830d1a9,3,False,False,True,True,0,0
5adf3e0d5542993a75d2643f,2,False,False,False,True,0,0
5ae4972855429913cc2044ac,2,False,False,True,True,0,0
5ae01a6a554299025d62a3f9,2,False,False,True,True,0,0
5a8c4ae95542996e8ac88a51,3,False,False,True,True,0,0
5ac0482f554299294b218f72,2,False,False,False,True,0,0
5a89077b554299515336126c,2,False,False,False,True,0,0
5ade0e195542995b365fabf4,2,False,False,True,True,0,0
5add28b35542994ed6169ca0,2,False,False,True,True,0,0
5adf362c5542992d7e9f92d1,3,False,False,False,True,0,0
5ae35c4c5542992e3233c3bb,2,False,False,False,True,0,0
5ade58d0554299728e26c6da,4,False,False,False,True,0,0
5a7cccf7554299683c1c6384,2,False,False,True,True,0,0
5a88d0595542993b751ca85f,5,False,False,True,True,0,0
5adc8ce3554299438c868df1,2,False,False,True,True,0,0
5ac512e45542994611c8b366,2,False,False,True,True,0,0
5ab8174055429916710eafe6,2,False,False,True,True,0,0
5a905f3855429933b8a204fc,4,True,True,True,False,0,0
5a8b6ff455429950cd6afd02,2,False,False,True,True,0,0
5a81ea8755429926c1cdadc0,2,False,False,False,True,0,0
5a7e7cb555429949594199d9,4,False,False,False,True,0,0
5a7789565542997042120a9a,2,False,False,False,True,0,0
5adcb89a554299438c868e12,2,False,False,True,True,0,0
5a828b2b55429940e5e1a8ee,5,False,False,False,True,0,0
5a8c7130554299585d9e36a3,2,False,False,True,True,0,0
5a792ab1554299148911fa15,2,False,False,True,True,0,0
5abdb70155429933744ab816,2,False,False,False,True,0,0
5a7275285542994cef4bc2ae,3,False,False,False,True,0,0
5a8d5ca1554299585d9e37c3,6,False,False,False,True,0,0
5a7a37195542996a35c17135,4,True,True,True,False,0,0
5a8cdced554299441c6b9f35,3,False,False,False,True,0,0
5a8b37be5542995d1e6f1310,2,False,False,True,True,0,0
5ab7e3115542995dae37e9d9,2,False,True,True,False,0,0
5a7b3dd355429927d897bf60,3,False,False,True,True,0,0
5a8fb16655429918e830d2b0,2,False,False,True,True,0,0
5a76fe955542993569682c95,2,False,False,True,True,0,0
5a79ca785542994bb94570aa,2,False,False,True,True,0,0
5a77db9855429967ab1052d5,2,False,False,False,True,0,0
5a7fd5c155429969796c1b85,2,False,False,True,True,0,0
5ac26a2c55429921a00aaf62,2,False,False,True,True,0,0
5ab8a3cc55429919ba4e233f,2,False,False,True,True,0,0
5ac2add9554299657fa2900e,2,False,True,True,False,0,0
5a8dac0b554299068b959d8c,2,False,False,False,True,0,0
5a7f740055429969796c1a5c,2,False,False,True,True,0,0
5a8394235542996488c2e464,2,False,False,True,True,0,0
5ac433215542991943173942,2,False,False,True,True,0,0
5ae0ac0f55429945ae95940f,2,True,True,True,False,0,0
5ae4ccbe55429960a22e01ec,2,False,False,True,True,0,0
5a7fbcb75542995d8a8ddf09,2,False,False,True,True,0,0
5abafab65542992ccd8e7e8f,2,False,False,False,True,0,0
5ae059ff554299603e418401,3,False,False,True,True,0,0
5a77a5b95542992a6e59df51,2,False,False,False,True,0,0
5a7bbe62554299294a54aaad,3,False,False,False,True,1,0
5abcfef455429965836004e8,2,False,False,True,True,0,0
5adfe70b55429906c02daa86,2,False,False,True,True,0,0
5abb11ae554299232ef4a3c5,3,False,False,True,True,0,0
5a8089ad5542992bc0c4a764,2,False,False,False,True,0,0
5a749ea755429979e28829c7,2,False,False,False,True,0,0
5ab681f65542995eadef0018,2,False,False,False,True,0,0
5abbd42055429931dba1458f,2,False,False,False,True,1,0
5a8a28415542992d82986ed0,2,False,False,True,True,0,0
5ae64eb55542992ae0d162c8,2,False,False,False,True,0,0
5a7602eb554299109176e5fc,2,False,False,True,True,0,0
5adf678e5542992d7e9f9338,2,False,False,False,True,0,0
5ae653035542992ae0d162d8,3,False,False,False,True,0,0
5abf9bb05542997ec76fd401,2,False,False,True,True,0,0
5a7f4ef85542992e7d278ceb,2,False,False,False,True,0,0
5ac09405554299294b219011,2,True,True,True,False,0,0
5adccb8655429947343537a4,5,False,False,True,True,0,0
5ae1e9c75542997283cd22d6,3,False,False,False,True,0,0
5a83c9385542990548d0b233,2,False,False,True,True,0,0
5ac30176554299218029dbba,2,False,False,True,True,0,0
5ae541665542990ba0bbb241,3,False,False,False,True,0,0
5a8b41cf5542997f31a41cc8,2,False,False,True,True,0,0
5ae010a0554299025d62a3dd,2,False,False,True,True,0,0
5ae682355542996d980e7bb6,2,False,False,True,True,0,0
5ae8193755429952e35eaa14,2,True,True,True,False,0,0
5abe9dc75542991f661061b2,2,False,False,False,True,0,0
5a811b1955429938b61422c8,2,False,False,True,True,0,0
5ab4f52b5542991779162d31,2,False,False,True,True,0,0
5a72118255429971e9dc923b,3,False,False,False,True,0,0
5a8b99035542997f31a41d7d,2,False,False,True,True,0,0
5ade08575542990dbb2f7f32,2,False,False,True,True,0,0
5ab731cf5542993667793f7f,2,False,False,False,True,0,0
5a8b41b655429949d91db511,2,False,False,False,True,0,0
5a7586145542992db9473673,2,False,False,True,True,0,0
5a80b65c5542992bc0c4a7c6,3,False,False,False,True,0,0
5a8087d55542992bc0c4a757,2,False,False,False,True,0,0
5a82636b55429954d2e2eb25,2,False,False,False,True,0,0
5a7fe6e35542994857a7683b,2,False,False,False,True,0,0
5ac5050a5542994611c8b31b,2,False,True,True,False,0,0
5a8bac875542996e8ac889a6,2,False,False,True,True,0,0
5a77092f5542994aec3b71c9,2,False,False,False,True,0,0
5ac1d7045542991316484bc4,2,False,False,False,True,0,0
5ac2b165554299218029daf7,2,False,False,True,True,0,0
5a77722255429966f1a36d50,2,False,False,True,True,1,0
5a882fd85542994846c1ce0c,2,False,False,True,True,0,0
5a889253554299206df2b2fd,2,False,False,True,True,0,0
5ae72484554299572ea54729,2,False,False,True,True,0,0
5ab402a6554299753aec5a1d,2,False,False,True,True,0,0
5a770add55429972597f141a,5,False,False,True,True,0,0
5ab950f5554299753720f7f2,3,False,False,True,True,0,0
5a81489355429938b6142323,3,False,False,False,True,0,0
5ac255bc55429951e9e68552,2,False,False,True,True,0,0
5ac48640554299204fd21f7a,2,False,False,False,True,0,0
5a8cdad5554299441c6b9f29,3,False,False,True,True,0,0
5a81378355429926c1cdad18,2,True,True,True,False,0,0
5a84d57a5542992a431d1aaf,2,False,False,True,True,0,0
5ae7abcc55429952e35ea9b4,2,False,False,True,True,0,0
5ae235b85542994d89d5b396,2,False,False,True,True,0,0
5ab214d2554299722f9b4ca8,2,True,True,True,False,0,0
5ae18e755542997283cd222b,2,False,False,False,True,0,0
5a8cfba5554299441c6b9f9a,2,True,True,True,False,1,0
5a845a5e554299123d8c221b,4,False,False,True,True,0,0
5ae32a5b5542994393b9e63b,3,False,False,True,True,0,0
5a81d968554299676cceb0fb,2,False,False,True,True,0,0
5a84656d5542990548d0b2ae,4,False,False,False,True,0,0
5abc52255542996583600440,2,False,False,False,True,0,0
5a73e2a755429905862fe0f0,3,False,False,False,True,0,0
5adead9955429975fa854f69,4,False,False,False,True,0,0
5ac240c255429951e9e684ed,2,False,False,True,True,0,0
5ac1e76d5542991316484bc7,2,False,False,True,True,0,0
5a884af955429938390d3f24,2,False,False,False,True,0,0
5a845f30554299123d8c2225,3,False,False,True,True,0,0
5ae1438b55429920d523435c,3,False,False,False,True,0,0
5a7bb6cc5542997c3ec97260,4,False,False,True,True,0,0
5a80c0705542992bc0c4a813,3,False,False,False,True,0,0
5a903f8e5542990a984935ba,2,False,False,True,True,0,0
5ae273dc5542992decbdcd08,2,False,False,True,True,0,0
5a8e3c7f5542995085b373ff,4,False,False,True,True,0,0
5a8675575542994775f60770,3,False,False,False,True,0,0
5a79e5b85542994f819ef0f9,2,False,False,False,True,0,0
5a8ffe625542995651fb5099,2,False,False,True,True,0,0
5a763b3e554299109176e6c6,3,False,False,True,True,0,0
5ab9229555429934fafe6e67,3,False,False,True,True,0,0
5ae747f95542997b22f6a672,2,False,False,True,True,0,0
5adc31bd5542994650320caa,2,False,False,False,True,0,0
5ae379205542992f92d822ca,2,False,False,True,True,0,0
5a8f5d2a5542992414482a7c,3,False,False,True,True,0,0
5a7faba65542995d8a8ddeeb,2,False,False,False,True,0,0
5a7a00475542996c55b2dccc,2,False,False,True,True,0,0
5a907e245542995651fb516d,2,False,False,True,True,0,0
5ab918f25542991b5579f0f6,3,False,False,True,True,0,0
5ab852db55429934fafe6d5e,2,False,False,False,True,0,0
5ae7e9be5542993210983fb9,2,False,False,False,True,0,0
5a7cbc3a55429909bec767e9,2,False,False,True,True,0,0
5a8303d855429966c78a6ae6,2,False,False,False,True,0,0
5ac560505542993e66e82399,2,False,False,True,True,0,0
5ae36f0f5542990afbd1e144,6,False,False,False,True,0,0
5adc1ca6554299438c868d61,4,False,False,False,True,0,0
5a7df4795542990b8f503b08,2,False,False,False,True,0,0
5ae29ff65542992decbdcd5f,2,False,False,False,True,0,0
5add17465542990d50227dd7,2,False,False,False,True,0,0
5ab3b4fb554299753aec59be,2,False,False,True,True,0,0
5a85c6c65542992a431d1b9d,3,False,False,False,True,0,0
5a80ce0155429938b61421f2,4,False,False,False,True,0,0
5a71181e5542994082a3e580,2,False,False,True,True,0,0
5a73ad0155429978a71e9079,3,False,False,False,True,0,0
5ab1f65e554299706120959d,3,False,False,False,True,0,0
5abc46e8554299114383a109,2,False,False,False,True,0,0
5abc7b8f5542993a06baf8ee,2,False,False,True,True,0,0
5ae181de55429901ffe4aeda,2,False,False,False,True,0,0
5ab3e9e1554299233954ffea,7,False,False,False,True,0,0
5ae43f875542995dadf242fd,2,False,False,False,True,0,0
5ae012a0554299025d62a3e1,2,False,False,True,True,0,0
5a771e145542993569682cca,4,False,False,False,True,0,0
5a8a371555429930ff3c0d06,3,False,False,True,True,0,0
5adff57c554299603e4183d3,3,False,False,False,True,0,0
5a7222ad55429971e9dc92c3,2,True,True,True,False,0,0
5a7c616d55429935c91b5182,3,False,False,True,True,0,0
5ac199f255429964131be251,2,False,False,False,True,0,0
5ac0636b5542992a796ded13,4,False,False,False,True,0,0
5a79ce74554299148911fa5d,2,False,False,True,True,0,0
5a8259d055429940e5e1a86c,2,False,False,True,True,0,0
5ac39de3554299741d48a2b5,2,True,True,True,False,0,0
5a7a33bc5542996c55b2dd3c,2,False,True,True,False,0,0
5ab7483a554299110f219af3,2,False,False,False,True,0,0
5adc30445542994650320ca6,2,False,False,False,True,0,0
5a8a9d595542996c9b8d5f39,2,False,False,True,True,0,0
5ac3ca63554299657fa29127,2,False,False,False,True,0,0
5a7d075855429907fabef0ac,2,False,False,True,True,0,0
5a827a0955429940e5e1a8ca,3,False,False,False,True,0,0
5a710dae5542994082a3e529,2,False,False,False,True,0,0
5abea53a5542993f32c2a18c,2,False,False,True,True,0,0
5ae540e65542992663a4f1a4,3,False,False,True,True,0,0
5ae1e5ba5542997f29b3c17e,2,False,False,True,True,0,0
5abd654255429933744ab7af,4,False,False,False,True,0,0
5adff1c155429925eb1afb60,2,False,False,False,True,0,0
5ac2dce855429921a00ab089,2,False,False,True,True,0,0
5a7d50665542997cc2c47453,4,False,False,False,True,0,0
5a8b9c675542997f31a41d89,2,False,False,True,True,0,0
5abcd39355429965836004bc,3,True,True,True,False,0,0
5ac3271a5542995ef918c13e,2,False,False,True,True,0,0
5a8a037855429970aeb70202,2,False,False,True,True,0,0
5a85d3bc5542997175ce2048,3,False,False,True,True,0,0
5a7bd0685542990527d55421,2,False,False,True,True,0,0
5a798770554299148911fa34,2,False,False,True,True,0,0
5ae536065542990ba0bbb227,3,False,False,False,True,0,0
5ae8155b55429952e35eaa01,2,False,False,False,True,0,0
5abdb21255429965af743dd5,2,False,False,True,True,0,0
5a7aa7d75542995eb53be88a,2,False,False,True,True,0,0
5abb0b385542996cc5e49f78,2,False,False,True,True,0,0
5a7430c355429929fddd83ed,2,False,False,True,True,0,0
5a779cac5542992a6e59df25,3,False,False,False,True,0,0
5a8d12765542994ba4e3dbe1,2,False,False,False,True,0,0
5ab32b1c55429976abd1bc73,2,False,False,True,True,0,0
5adf841c5542995ec70e9027,2,False,False,True,True,0,0
5ac3c2d95542995ef918c22c,2,False,False,False,True,0,0
5a8c075d5542995e66a47531,3,False,False,True,True,0,0
5a76126155429976ec32bcfd,4,False,False,True,True,1,0
5ae4eba85542990ba0bbb19a,2,False,False,False,True,0,0
5a7348825542991f9a20c6df,3,False,False,True,True,0,0
5ae059f655429945ae95933a,2,False,False,True,True,0,0
5ac54dd45542993e66e822e5,2,False,False,True,True,0,0
5ac3a9b855429939154138a0,3,False,False,False,True,0,0
5aba642755429955dce3ee01,3,False,False,True,True,0,0
5a8348905542996488c2e3f8,4,False,False,False,True,0,0
5a7af35155429927d897bf1a,2,False,False,True,True,0,0
5a79628555429907847277fa,2,False,False,False,True,0,0
5ae165fb5542997b2ef7d1d3,2,False,False,False,True,0,0
5a7b0dfa554299042af8f6c1,4,False,False,True,True,0,0
5a84bf615542994c784dda22,2,False,True,False,False,0,0
5a75f7eb5542992db947370f,3,False,False,False,True,0,0
5a82c0ae55429954d2e2ebb7,3,False,False,True,True,0,0
5a88443a55429938390d3f0f,2,False,False,False,True,0,0
5ae0be2955429906c02dab1a,2,False,False,True,True,0,0
5a712d465542994082a3e62b,2,False,False,True,True,0,0
5ab9b91f55429970cfb8eb7f,2,False,False,True,True,0,0
5a8dc05e55429941ae14e04e,3,False,False,True,True,0,0
5ade0a7b5542997545bbbe2e,2,False,False,False,True,0,0
5ae7fe475542994a481bbe67,2,False,False,True,True,0,0
5abbc67055429931dba1450c,2,False,False,True,True,0,0
5ae3a4845542992f92d82320,3,False,False,False,True,0,0
5ac2d4c0554299218029db80,2,False,False,True,True,0,0
5adc1252554299438c868d35,2,False,False,False,True,0,0
5ac164415542991316484b07,2,False,False,True,True,0,0
5a8dbfb455429941ae14e049,2,False,False,False,True,0,0
5ab2bd915542991669774085,3,False,False,True,True,0,0
5ae7aaf15542997ec27276cd,2,False,False,False,True,0,0
5abb06745542996cc5e49f4f,2,False,False,False,True,0,0
5a7338d05542991f29ee2d66,3,False,False,True,True,0,0
5a89f4b35542993b751ca9c4,3,False,False,True,True,0,0
5adf4f315542995534e8c783,2,False,False,True,True,0,0
5a7fbde75542994857a767f4,2,False,False,False,True,0,0
5adeeb015542993344016bbb,2,False,False,False,True,0,0
5adfdc77554299025d62a365,4,False,False,True,True,0,0
5adf91125542993344016d15,3,True,True,True,False,0,0
5adbd52f55429947ff17383e,2,False,True,True,False,0,0
5a7f358b5542992e7d278c8d,2,False,False,True,True,0,0
5ae0c0b755429906c02dab29,4,True,True,True,False,0,0
5abba2c1554299642a094ae7,3,True,True,True,False,0,0
5ac1a9385542994ab5c67dbf,2,False,False,False,True,0,0
5add6a115542992200553b06,2,False,False,True,True,0,0
5a8599935542992a431d1b64,3,False,False,True,True,0,0
5ae7c4375542993210983f3e,2,False,False,False,True,0,0
5a74c12f5542996c70cfadd6,2,False,False,True,True,0,0
5a87ba9b5542996e4f3088f5,2,True,True,True,False,0,0
5adc2ab45542994650320c99,2,False,False,True,True,0,0
5ac164195542994d76dcce07,5,False,False,True,True,0,0
5abb14185542996cc5e49f8d,2,True,True,True,False,0,0
5ae3e6235542994393b9e7a2,3,False,False,True,True,0,0
5a7e1afc5542991319bc942f,2,False,False,True,True,0,0
5a7b7b5d5542997c3ec971ba,3,False,False,False,True,0,0
5a75df0b554299109176e5af,2,False,False,True,True,0,0
5ab806315542991d32223809,2,False,False,False,True,0,0
5a89cd2455429946c8d6e9c2,2,False,False,False,True,0,0
5a71232a5542994082a3e5c6,3,False,False,False,True,0,0
5a7fe3025542992097ad2fc6,2,False,True,True,False,0,0
5ab85af955429919ba4e22c0,2,False,False,False,True,0,0
5ae340c85542992e3233c33c,3,False,False,False,True,0,0
5a71652a5542994082a3e810,2,False,True,True,False,0,0
5ac4f8f655429924173fb52c,3,False,False,True,True,0,0
5abf19735542993fe9a41dd6,4,False,False,False,True,0,0
5ae348905542994393b9e66c,4,False,False,True,True,0,0
5ac27a9855429921a00aafa9,2,False,False,False,True,0,0
5a7dd6b45542995f4f4022cc,2,False,False,False,True,0,0
5a8f472d55429918e830d1e8,2,False,False,True,True,0,0
5a7d5d4a5542991319bc93b3,3,False,False,False,True,0,0
5ae3d4755542992f92d82388,2,False,False,True,True,2,0
5adf5a2a5542995ec70e8fcd,2,False,False,True,True,0,0
5ab2dc9d554299194fa9354e,2,False,False,True,True,0,0
5a7f10ea55429934daa2fcbc,3,False,False,False,True,0,0
5a820542554299676cceb1e8,2,False,False,False,True,0,0
5a8c6e9f554299585d9e369c,3,False,False,True,True,0,0
5ae7fbef5542993210983ffb,2,False,False,True,True,0,0
5ae2e3065542991a06ce98ed,2,False,False,True,True,0,0
5aba722f55429955dce3ee2b,2,False,False,False,True,0,0
5a845167554299123d8c2200,3,False,False,False,True,0,0
5a78d4b6554299148911f980,2,False,False,True,True,0,0
5a8b11d555429949d91db4a2,2,False,False,True,True,0,0
5a7158095542994082a3e7ef,2,False,False,True,True,0,0
5a78c210554299078472775c,3,False,False,True,True,0,0
5adcd8115542994d58a2f6fb,2,False,False,True,True,0,0
5a7e06ed5542995f4f40239e,2,False,False,True,True,0,0
5adbf4905542996e68525281,2,False,False,False,True,0,0
5abae1ed554299660624165a,2,False,False,True,True,1,0
5a8d0540554299441c6b9fbf,2,False,False,True,True,0,0
5abcccb055429959677d6ae8,2,False,False,True,True,0,0
5a810f6d55429926c1cdacde,3,False,False,True,True,1,0
5a7b3e075542992d025e67b8,2,False,False,True,True,0,0
5a7277cf5542991f9a20c487,2,False,False,True,True,0,0
5ae281c45542996483e649d1,2,False,False,False,True,0,0
5ab497a85542996a3a969f9c,3,False,False,False,True,0,0
5a763b1055429976ec32bd81,3,False,False,True,True,0,0
5ae15d4a5542997b2ef7d1a8,2,False,False,False,True,0,0
5a7e7e0555429949594199df,2,False,False,False,True,0,0
5abfa4275542990832d3a17d,2,False,False,True,True,0,0
5ae1611d55429901ffe4ae8e,3,False,False,False,True,0,0
5adf2b225542993a75d2640a,2,False,False,False,True,0,0
5ae606f855429929b0807a6c,2,False,False,False,True,0,0
5ac312cb5542995ef918c0ea,2,False,False,True,True,0,0
5ae644da55429908198fa569,3,False,False,False,True,0,0
5a7fb11555429969796c1b27,3,False,False,True,True,0,0
5a7753c25542994aec3b7290,2,False,False,True,True,0,0
5a867a7755429960ec39b6b3,2,True,True,True,False,0,0
5a79f7c95542996a35c17058,3,True,True,True,False,0,0
5ae670505542992ae0d1634b,4,False,False,False,True,0,0
5ae60c2a554299546bf83033,2,False,False,True,True,0,0
5ab444d35542991751b4d718,3,False,False,False,True,0,0
5a76052c554299109176e60b,2,False,False,True,True,0,0
5a730a2155429901807daf71,2,False,False,False,True,0,0
5ae7369d5542991e8301cbe2,2,False,False,True,True,0,0
5ae4abfc5542995ad6573e15,2,False,False,True,True,0,0
5ae48f6e5542995ad6573d8d,2,False,False,True,True,0,0
5a714c575542994082a3e798,3,False,False,False,True,0,0
5a86eb4e5542991e7718168f,3,False,False,False,True,0,0
5a7a5f9a55429941d65f25eb,4,False,False,False,True,0,0
5a77316f5542993735360211,4,False,False,True,True,0,0
5a7758b955429972597f1504,4,False,False,False,True,0,0
5abf647a5542997ec76fd3ec,2,False,False,False,True,0,0
5ac488e55542997ea680ca7b,3,False,False,False,True,0,0
5a72c82b5542991f29ee2cd6,2,False,False,True,True,0,0
5a74dd1755429974ef308c81,2,False,False,True,True,0,0
5a810b64554299260e20a21e,5,False,False,True,True,0,0
5a8b4c7655429949d91db538,2,False,False,False,True,0,0
5a8a504955429970aeb70288,2,False,False,False,True,0,0
5ae16f2a5542990adbacf793,3,False,False,True,True,0,0
5a7b74b25542997c3ec97192,3,False,False,True,True,0,0
5a8f70dc55429918e830d228,2,False,False,True,True,0,0
5ab53cdf554299637185c52b,2,False,False,False,True,0,0
5a8ca3a25542996e8ac88afa,2,False,False,True,True,0,0
5ae100a9554299422ee995b8,2,False,False,False,True,0,0
5ae8381e5542997ec2727779,3,False,False,False,True,0,0
5ae515d055429913cc204586,2,False,False,True,True,0,0
5adcccb55542990d50227d28,2,False,False,True,True,0,0
5ae2f2175542991a06ce990f,2,False,False,True,True,0,0
5ae2188d5542994d89d5b347,3,False,False,False,True,0,0
5a71281b5542994082a3e5eb,3,False,True,True,False,0,0
5a8b3ae055429950cd6afc87,3,False,False,False,True,0,0
5a8128995542995ce29dcbd3,2,False,False,False,True,0,0
5a80dcad55429938b6142220,3,False,False,True,True,0,0
5a84a5335542991dd0999d58,3,False,False,True,True,0,0
5a8a5f9955429930ff3c0db8,2,False,False,False,True,0,0
5ae3e5395542994393b9e79a,2,False,False,True,True,0,0
5a883ef35542994846c1ce5e,3,False,False,False,True,0,0
5ac51be85542994611c8b3a1,2,False,False,False,True,0,0
5a723b3655429971e9dc9367,2,False,False,True,True,0,0
5a8a44ee55429970aeb70281,3,False,False,True,True,0,0
5ac3bcdc5542993915413923,2,False,False,True,True,0,0
5ab702ee5542991d32223745,2,False,False,True,True,0,0
5a769c425542993569682c58,3,False,False,False,True,0,0
5ac3c3c9554299204fd21e40,2,False,True,True,False,0,0
5ab70e38554299110f219aa6,4,False,False,False,True,0,0
5a82fc2355429954d2e2ebe6,3,False,False,False,True,0,0
5ae53a8a55429960a22e027d,2,False,False,True,True,0,0
5ae64aa755429908198fa577,4,False,False,True,True,0,0
5adcfd7d5542990d50227d8f,3,False,False,False,True,0,0
5a83136555429954d2e2ec05,3,False,False,False,True,1,0
5ae0574255429945ae95931e,2,False,False,True,True,0,0
5ac1c5dd5542994ab5c67e10,2,False,False,False,True,0,0
5abdbc025542993062266cdb,2,False,False,False,True,0,0
5ae60c22554299546bf83032,3,False,False,True,True,0,0
5a8e207955429917b4a5bd3b,2,False,False,False,True,0,0
5abe81d75542993f32c2a136,3,False,False,False,True,0,0
5ae1397e5542997b2ef7d13e,2,False,False,True,True,0,0
5ab5928b554299488d4d99e4,3,False,False,False,True,0,0
5ac43bea5542995c82c4ad03,2,False,False,False,True,0,0
5a7b8b23554299042af8f77e,3,False,False,True,True,0,0
5ae6ace355429908198fa678,2,True,True,True,False,0,0
5a88f1605542997e5c09a6d4,3,False,False,True,True,0,0
5ade154f55429939a52fe800,2,False,False,True,True,0,0
5a72279755429971e9dc92ff,3,False,False,True,True,0,0
5a7797cb5542997042120aaf,2,False,False,False,True,0,0
5ae2c5105542996483e64a4e,2,False,False,True,True,0,0
5ab93ddb554299131ca422dc,2,False,False,True,True,0,0
5ab4799a5542991751b4d787,2,False,False,False,True,0,0
5a72b4fe5542991f9a20c578,2,False,False,False,True,0,0
5a839afe5542992ef85e2329,2,False,False,False,True,0,0
5a82117f554299676cceb202,2,False,False,False,True,0,0
5abf819d5542994516f454ba,2,False,False,False,True,0,0
5ae5eb2f554299546bf82fd4,2,False,False,False,True,0,0
5aba042555429939ce03dc51,3,False,False,False,True,0,0
5ae6105b5542996de7b71b19,4,False,False,True,True,0,0
5a85ccb75542991dd0999e9f,2,False,False,False,True,0,0
5a84717c554299123d8c2254,2,False,False,False,True,0,0
5ae164c35542997b2ef7d1cc,4,False,False,False,True,0,0
5a80d76d55429938b6142208,3,False,False,False,True,0,0
5adf92e2554299025d62a2c8,3,False,False,True,True,0,0
5a73e35d5542993a88ae2e89,2,False,False,True,True,0,0
5adf8b385542993344016ceb,2,False,False,False,True,0,0
5ac412815542997ea680c9de,3,False,False,True,True,0,0
5ae2154c5542994d89d5b336,2,False,False,True,True,0,0
5a8e45575542995a26add4b4,3,False,False,True,True,0,0
5adc039c5542996e685252a9,2,False,False,False,True,0,0
5a8aed0055429950cd6afbf0,4,False,False,True,True,0,0
5ab5eb655542997d4ad1f24d,2,False,False,True,True,0,0
5ae0c6815542993d6555ec5e,2,False,False,True,True,0,0
5a8c9c9c5542996e8ac88aed,2,False,False,True,True,0,0
5a73326b5542992359bc3282,2,False,False,True,True,0,0
5a7732f355429966f1a36cae,2,False,False,False,True,0,0
5adc8ad35542994d58a2f643,2,True,True,True,False,0,0
5abd432e55429924427fcf56,2,False,False,False,True,0,0
5ab6397f55429953192ad2a9,2,False,False,False,True,0,0
5add5fa55542997545bbbd49,2,False,False,True,True,0,0
5ae373215542994393b9e6c0,2,False,False,True,True,0,0
5a84d65e5542992a431d1ab1,3,False,False,True,True,0,0
5a8499ba5542992a431d1a6f,4,False,False,False,True,0,0
5abd149e55429933744ab713,3,False,False,False,True,0,0
5adfc154554299025d62a349,2,False,False,True,True,0,0
5a845fc65542990548d0b28e,4,False,False,True,True,1,0
5ae704255542995703ce8bb8,2,False,False,True,True,0,0
5adc19db55429947ff1738f9,3,False,False,False,True,0,0
5a89ec4755429946c8d6ea10,2,False,False,False,True,0,0
5ae732ea5542991e8301cbc8,2,True,True,True,False,0,0
5a7c5c6955429935c91b5174,3,False,False,False,True,0,0
5a79f8e35542996a35c17061,2,False,False,False,True,0,0
5ac02c34554299294b218f37,2,False,False,False,True,0,0
5ae63d4455429908198fa535,2,False,False,False,True,0,0
5a8f99a7554299458435d68d,2,False,False,False,True,0,0
5a7d170c554299452d57badd,4,False,False,True,True,0,0
5ab3470255429969a97a8126,2,False,False,True,True,0,0
5a762270554299109176e651,3,False,False,False,True,0,0
5ae7bbac5542993210983f1b,3,False,False,False,True,0,0
5ae0b9d355429924de1b7153,2,False,False,True,True,0,0
5a8590c25542994c784ddb26,2,False,False,True,True,0,0
5a89f5265542992e4fca84ae,2,False,False,False,True,0,0
5ab495a95542991779162cf5,2,False,False,True,True,0,0
5ac386b0554299741d48a27d,2,False,False,False,True,0,0
5ae1368e55429901ffe4adf4,2,False,True,True,False,0,0
5a7e979a5542994959419a1b,2,False,False,True,True,0,0
5a861a305542994775f606f3,2,False,False,True,True,0,0
5ab29626554299545a2cf9b6,2,False,False,False,True,0,0
5a795f985542994bb9457008,2,False,False,True,True,0,0
5adbe1e1554299438c868cc5,3,False,False,False,True,0,0
5a8a4a2955429930ff3c0d76,2,False,False,False,True,0,0
5a81bdf65542990a1d231e88,2,False,False,True,True,0,0
5a75df605542994ccc918645,3,False,False,False,True,1,0
5ae56c915542992663a4f1f5,2,False,False,True,True,0,0
5ae5255e5542990ba0bbb1cb,2,False,False,True,True,0,0
5ade996f554299728e26c75b,3,False,False,True,True,0,0
5ade15c555429939a52fe803,2,False,False,False,True,0,0
5a8970be55429951533612fa,2,False,False,True,True,0,0
5ab9403d554299131ca422e2,4,False,False,False,True,0,0
5a8a067a55429970aeb70216,2,False,False,True,True,0,0
5a82f8d155429954d2e2ebdd,2,False,False,True,True,1,0
5adc91555542994ed6169b91,3,False,False,True,True,1,0
5ac42895554299076e296d76,2,False,False,False,True,0,0
5a85d36b5542994c784ddb84,2,False,False,True,True,0,0
5a88e7295542997e5c09a6c5,3,False,False,True,True,0,0
5aba9df05542994dbf019983,2,False,False,False,True,0,0
5ac31c2e554299741d48a1fe,2,False,False,True,True,0,0
5ac438555542995c82c4acf6,2,False,False,True,True,0,0
5adfcbed554299025d62a35a,2,False,False,True,True,0,0
5ae4ac7455429913cc2044c9,3,False,False,False,True,0,0
5a8d8115554299068b959d12,2,False,False,True,True,1,0
5a7a8faf55429927d897becb,3,False,False,False,True,0,0
5a7402ad55429979e2882891,2,False,False,False,True,0,0
5a775a965542993569682d63,2,False,False,True,True,0,0
5a732e405542991f29ee2d3c,2,False,False,True,True,0,0
5ae37cba5542991a06ce99d1,2,False,False,True,True,0,0
5a8e911c5542990e94052b59,2,False,False,False,True,1,0
5a891cca554299669944a4b9,4,False,False,True,True,0,0
5adc3a6e55429944faac247e,2,False,False,True,True,0,0
5abdbf885542993f32c2a04a,3,False,False,True,True,0,0
5ac2dd69554299218029db88,2,False,False,True,True,0,0
5a86ff0a554299211dda2b85,2,True,True,True,False,0,0
5a7bd8025542997c3ec9728e,2,False,False,True,True,0,0
5ae6288c5542992663a4f270,2,False,False,False,True,0,0
5a8aee8555429950cd6afc05,2,False,False,True,True,0,0
5ac0e647554299294b21904a,2,False,False,True,True,0,0
5ab2d591554299545a2cfaba,2,True,True,True,False,0,0
5ae210c95542997283cd23a3,2,False,False,False,True,0,0
5ae4f6885542993aec5ec105,4,False,False,False,True,0,0
5a7e71355542991319bc94b7,2,False,False,True,True,0,0
5a8baa705542996e8ac88998,2,False,False,False,True,0,0
5ade106955429939a52fe7e2,2,False,False,False,True,0,0
5a8b70225542997f31a41d2e,2,False,False,False,True,0,0
5ae786a855429952e35ea961,2,False,False,True,True,0,0
5a7a5f1955429941d65f25e7,2,False,False,True,True,0,0
5a8d371f5542994ba4e3dc1f,3,False,False,False,True,0,0
5a79436e554299029c4b5f41,2,False,False,True,True,0,0
5ae66aaf5542992ae0d1633d,2,False,False,False,True,0,0
5a79c19f5542994bb9457069,2,False,True,True,False,0,0
5a74694b55429974ef308bf4,2,False,False,False,True,0,0
5abf57a75542997719eab684,2,True,True,True,False,0,0
5a80968d5542996402f6a57d,2,False,False,False,True,0,0
5ac16d5055429964131be1ec,2,False,False,True,True,0,0
5a8b59eb55429949d91db565,2,False,False,True,True,0,0
5abe4ca65542991f66106130,2,False,False,True,True,0,0
5ab5bf015542997d4ad1f1d4,2,False,False,True,True,0,0
5a7a7b0155429941d65f266f,2,False,False,True,True,0,0
5add7e335542992ae4cec588,2,False,False,True,True,0,0
5ab3126355429976abd1bc4f,3,False,False,False,True,0,0
5a73ea225542993a88ae2e91,2,False,False,True,True,0,0
5a833ec955429954d2e2ec66,2,False,False,True,True,0,0
5ae61107554299546bf83060,2,False,False,False,True,0,0
5ae4992355429970de88d9c5,2,False,False,False,True,0,0
5abd095e55429965836004fc,2,False,False,False,True,0,0
5a8d8493554299068b959d23,3,False,False,False,True,1,0
5a8f4fb95542997ba9cb3231,2,False,False,True,True,0,0
5a8f43035542997ba9cb3203,2,False,False,False,True,0,0
5ae53f7a55429908b63265a7,2,False,False,False,True,0,0
5a80a1575542995d8a8ddfb6,2,False,False,False,True,0,0
5a8cb0d1554299240d9c21df,2,False,False,True,True,0,0
5a7a16ee5542996a35c170c8,2,False,False,False,True,1,0
5a77f5db55429949eeb29fc3,4,False,False,False,True,0,0
5ae29055554299495565dac3,4,False,False,False,True,0,0
5ab35ae655429976abd1bc98,2,False,False,True,True,0,0
5abd5fd155429933744ab79d,2,False,False,False,True,0,0
5a7c6c0655429907fabeef7f,3,False,False,True,True,0,0
5ab28c34554299449642c8f0,2,False,False,False,True,0,0
5a762f975542992d0ec06058,2,False,False,False,True,0,0
5ae4db4855429908b6326491,2,False,False,True,True,0,0
5ab934975542996be202043f,3,False,False,False,True,0,0
5abc105b5542993a06baf841,2,False,False,True,True,0,0
5adf32f75542993a75d2641c,2,False,False,False,True,0,0
5ab738875542993667793f96,2,False,False,False,True,0,0
5a8139f155429926c1cdad1d,4,False,False,False,True,0,0
5a750b595542993748c897a6,2,False,False,True,True,0,0
5adfbbdb55429942ec259b26,3,False,False,True,True,0,0
5ac50a745542996feb3fe9df,2,False,False,True,True,0,0
5a855bdd5542991dd0999e55,2,True,True,True,False,0,0
5a8b48be55429949d91db52a,2,False,False,True,True,0,0
5a7ebac955429934daa2fc55,3,False,False,False,True,0,0
5a8b02a955429971feec45f9,2,False,False,True,True,0,0
5a78cac955429974737f7893,2,False,False,True,True,0,0
5ae847e85542997ec2727791,3,False,False,False,True,0,0
5ac45ca4554299076e296db3,2,False,False,True,True,0,0
5ab5b5b95542992aa134a398,3,False,False,False,True,0,0
5ae235ef5542992decbdcc66,2,False,False,True,True,0,0
5a7b3a615542995eb53be8d0,3,False,False,True,True,0,0
5abebb385542997719eab599,2,False,False,True,True,0,0
5ab29d5b554299545a2cf9d7,2,False,False,True,True,0,0
5a78ea47554299148911f997,2,True,True,True,False,0,0
5add26b55542992ae4cec4b1,2,False,False,False,True,0,0
5ae171095542990adbacf796,3,False,False,False,True,0,0
5a80a1815542996402f6a5c1,2,False,False,True,True,0,0
5ae7921855429952e35ea97a,2,False,False,True,True,0,0
5ab3cf9f5542992ade7c6eb2,2,False,False,True,True,0,0
5ae16d9c55429920d52343cf,2,True,True,True,False,0,0
5ae361965542991a06ce99ac,2,False,False,False,True,0,0
5a8efadb5542997ba9cb315f,2,False,False,True,True,0,0
5a8898c9554299206df2b308,2,False,False,True,True,1,0
5aded2cd5542993344016ba5,3,False,False,False,True,0,0
5a7cfe89554299683c1c6403,2,False,True,False,False,0,0
5a7c479c55429935c91b514d,2,False,False,True,True,0,0
5a79c5945542994bb9457086,2,False,False,True,True,0,0
5aba953d5542994dbf019956,2,False,True,True,False,0,0
5ab5cd105542997d4ad1f1df,4,False,False,False,True,0,0
5ac263a25542992f1f2b38a3,2,False,False,True,True,0,0
5add5ff45542992ae4cec532,2,False,False,True,True,0,0
5ade518d55429975fa854ea5,2,False,False,True,True,0,0
5a77538955429966f1a36d06,3,False,False,True,True,0,0
5a73fe635542993a88ae2ee1,2,False,False,False,True,0,0
5abb04d3554299232ef4a3b0,2,False,False,False,True,0,0
5a7922b655429974737f79a3,2,False,False,False,True,0,0
5ab2dd03554299194fa93551,2,False,False,True,True,0,0
5ab29fb5554299545a2cf9e5,3,False,False,True,True,0,0
5a7796005542995d831811fe,2,False,False,True,True,0,0
5ab40eae55429976abd1bd4a,2,True,True,True,False,0,0
5ae6621b55429908198fa5b7,5,False,False,False,True,1,0
5abd38355542993062266c1b,2,False,False,False,True,0,0
5a8cda5455429941ae14df15,2,False,False,True,True,0,0
5ae5337e55429908b6326574,4,False,False,False,True,0,0
5ae5e38c55429929b08079ee,2,False,False,False,True,0,0
5a7cf94655429907fabef079,3,False,False,True,True,0,0
5a85c5f05542992a431d1b9b,4,False,False,True,True,0,0
5a8215245542990a1d231f43,2,False,False,False,True,0,0
5a7f41655542992e7d278ccb,2,False,False,True,True,0,0
5ae6237c5542992ae0d1623f,2,False,False,False,True,0,0
5ae04a7455429924de1b7092,2,False,False,False,True,0,0
5a76ae325542993735360154,3,True,True,True,False,0,0
5a806c485542996402f6a507,4,False,False,False,True,0,0
5ab7276b55429928e1fe3816,3,False,False,False,True,0,0
5ab2a056554299194fa93481,2,False,False,True,True,0,0
5adf307b5542995ec70e8f8a,2,False,False,False,True,0,0
5ab26db9554299722f9b4d22,3,False,False,False,True,0,0
5abbe1d8554299642a094ba6,2,False,False,False,True,0,0
5a732a005542994cef4bc48a,3,False,False,True,True,0,0
5ae70e0d5542991bbc9761ac,2,False,False,False,True,0,0
5a745f3f55429979e288292a,2,False,False,True,True,0,0
5ade992d5542997c77adee80,2,True,True,True,False,0,0
5ae238cc554299495565da43,2,False,False,False,True,0,0
5a7da4e45542995f4f40229c,2,False,False,False,True,0,0
5a84df715542997175ce1f24,2,True,True,True,False,0,0
5a72b1c05542991f9a20c56c,3,False,False,True,True,0,0
5a909d5c5542995651fb51ba,2,False,False,True,True,0,0
5a7cbe845542990527d5551d,2,False,False,False,True,0,0
5ab32a48554299233954ff3b,5,False,False,False,True,1,0
5ae2133d5542997283cd23b5,2,False,False,True,True,0,0
5abbedff5542993f40c73c1c,2,False,False,True,True,0,0
5a8913f455429951533612b4,2,False,True,True,False,0,0
5abfde715542997719eab6f3,2,False,False,True,True,0,0
5a88b15b5542994846c1ceba,2,False,False,True,True,0,0
5ae7693a5542991e8301cc90,5,False,False,False,True,0,0
5a8eda3155429917b4a5bddf,2,False,False,True,True,0,0
5a7a373a5542994f819ef15d,2,False,False,True,True,0,0
5ab21874554299722f9b4cac,2,False,False,True,True,0,0
5adbf4f35542996e68525282,2,False,False,True,True,0,0
5aba8e6855429901930fa82f,2,False,False,False,True,0,0
5a79156955429974737f7975,3,False,False,True,True,0,0
5ab9162f5542991b5579f0ee,2,False,False,False,True,0,0
5add033f5542992c1e3a250e,2,False,False,False,True,0,0
5ae5c18a5542990ba0bbb2d0,3,False,False,True,True,1,0
5adbe220554299438c868cc7,2,False,False,False,True,0,0
5a89dcdf5542992e4fca83f9,2,False,False,True,True,0,0
5a8a06c155429970aeb70219,2,False,False,False,True,0,0
5a77d5d555429949eeb29f78,2,False,False,False,True,0,0
5ae65d8d5542996d980e7b16,2,False,False,False,True,0,0
5a8b316d5542995d1e6f1308,2,True,True,True,False,0,0
5add8cbb5542992200553b51,2,False,False,True,True,0,0
5ab9c096554299131ca423ef,2,False,False,True,True,0,0
5a793f37554299029c4b5f39,4,False,False,True,True,0,0
5a8323b95542990548d0b181,2,False,False,False,True,0,0
5ab4189555429969a97a8240,2,False,False,False,True,0,0
5a8b879355429949d91db5cd,2,False,False,True,True,0,0
5ab69fae55429953192ad33c,3,False,False,False,True,0,0
5a81b5685542995ce29dcc41,2,False,False,False,True,0,0
5ab6a536554299710c8d1f1b,4,False,False,False,True,0,0
5adc7d2b5542994d58a2f616,2,False,False,True,True,0,0
5a7fb0ed5542994857a767ba,4,False,False,False,True,0,0
5abeca1b5542997ec76fd367,4,False,False,True,True,0,0
5a7b550e5542992d025e6808,2,False,False,True,True,0,0
5a8ce8e4554299585d9e3762,2,False,False,False,True,0,0
5ae6608a5542992ae0d16308,2,False,False,False,True,0,0
5a749d1d55429929fddd847f,3,False,False,False,True,0,0
5ac1f7395542991316484bd6,2,False,False,False,True,0,0
5ae682345542996d980e7bb5,2,False,False,False,True,1,0
5ac325b85542995ef918c131,2,False,False,True,True,0,0
5a78bf965542990784727750,2,False,False,False,True,0,0
5ade177e55429975fa854e33,2,False,True,True,False,0,0
5a8366445542992ef85e22aa,2,False,False,False,True,0,0
5ae63ef35542992ae0d1629e,2,False,False,False,True,0,0
5ae31d315542990afbd1e0b0,2,False,False,False,True,0,0
5ae235ef5542992decbdcc67,2,False,False,False,True,0,0
5ae5fcd85542996de7b71ab0,2,False,False,True,True,0,0
5ae266fc5542994d89d5b412,2,False,False,False,True,0,0
5ade8be555429939a52fe8ef,2,False,False,False,True,0,0
5a7726f25542993569682d05,6,False,False,True,True,0,0
5ae22f1a554299234fd0441c,2,False,False,True,True,0,0
5a80a5f7554299485f598677,2,False,False,False,True,0,0
5a86ee6b5542991e77181695,4,False,False,False,True,0,0
5a728d215542992359bc30eb,2,False,False,False,True,0,0
5ae4845e55429913cc204487,2,False,False,False,True,0,0
5a772f0055429972597f1475,3,False,False,True,True,0,0
5ae7df4b5542997ec27276f9,3,False,False,True,True,0,0
5a7a1b095542990198eaf082,2,False,False,False,True,0,0
5abe21145542991f661060e6,2,False,False,True,True,0,0
5ae0914255429945ae9593c6,2,False,False,False,True,0,0
5a87099455429960ec39b704,2,False,False,True,True,0,0
5ab97ed9554299131ca42345,2,False,False,True,True,0,0
5adcd1b25542994d58a2f6e7,2,False,False,False,True,0,0
5add44c55542997545bbbd0b,2,False,False,False,True,0,0
5ac4f78455429924173fb521,3,False,False,True,True,0,0
5a7bbd6455429927d897c023,2,False,False,False,True,0,0
5ab425e55542991751b4d69a,4,False,False,False,True,0,0
5abcfbc65542993a06baf9d2,3,False,False,True,True,0,0
5a733c8e5542994cef4bc4ed,4,False,False,False,True,0,0
5ab92929554299753720f761,4,False,False,True,True,0,0
5a7953fc5542994bb9457004,2,False,False,True,True,0,0
5a7e04465542995f4f402386,2,False,False,True,True,0,0
5a7c5d1e55429935c91b5176,2,False,False,True,True,0,0
5a8e0a935542995085b373a7,2,True,True,True,False,1,0
5a74b58c55429929fddd84c6,2,False,False,False,True,0,0
5a884c985542997e5c09a5bb,3,False,False,False,True,0,0
5a74b8a05542996c70cfadbc,2,False,False,True,True,0,0
5ae5ac1e554299546bf82f1a,4,False,False,True,True,0,0
5a7e9062554299306751357e,2,False,False,True,True,0,0
5ab457445542991751b4d748,3,False,False,False,True,0,0
5ae8380d5542997ec2727778,6,False,False,False,True,0,0
5abdea0455429976d4830a21,3,False,False,True,True,0,0
5a7fc76655429969796c1b5a,2,False,False,True,True,0,0
5a85cead5542997175ce2030,4,False,False,True,True,0,0
5a8ca73c5542996e8ac88b05,3,False,False,True,True,0,0
5a906b0f5542990a98493634,2,False,False,True,True,0,0
5ae397f05542992f92d82314,4,False,False,True,True,1,0
5ab88b7155429916710eb08a,2,False,True,False,False,0,0
5ae848c15542997ec2727793,2,False,False,False,True,0,0
5adc20425542994650320c84,3,False,False,False,True,0,0
5aba789355429955dce3ee4a,2,False,False,False,True,0,0
5ae60d0055429929b0807ab5,2,False,False,True,True,0,0
5ab81a0a5542990e739ec822,3,False,False,True,True,0,0
5ab577465542997d4ad1f13f,4,False,False,False,True,0,0
5a7f6ba75542994857a76738,3,False,False,True,True,0,0
5ade53ae5542992fa25da74c,2,False,False,False,True,0,0
5ac3bdd5554299204fd21e24,2,False,False,True,True,0,0
5ae6968a5542992ae0d16367,2,False,False,True,True,0,0
5a7357b655429901807dafcc,6,False,False,False,True,0,0
5a8326ed5542990548d0b199,2,False,False,True,True,0,0
5a865a03554299211dda2b06,3,False,False,True,True,0,0
5ab974485542996be20204fe,3,False,False,False,True,0,0
5ab7ffd8554299366779409a,2,False,False,True,True,0,0
5a76ce645542994aec3b717e,2,False,False,False,True,0,0
5a7dae265542991319bc93e7,6,False,False,False,True,0,0
5ae35bb55542992e3233c3b4,2,False,False,True,True,0,0
5ae3ea065542995ad6573c96,3,False,False,False,True,0,0
5ac3be8e554299204fd21e29,2,False,False,True,True,0,0
5a7b638855429931da12ca7b,2,False,False,False,True,0,0
5a7e467d554299495941996d,2,False,False,False,True,0,0
5ab79bfa5542995dae37e972,3,False,False,True,True,0,0
5a88854e554299206df2b2de,6,False,False,False,True,0,0
5a7fc9885542992e7d278d8b,4,False,False,True,True,0,0
5adc155e554299438c868d48,4,False,False,False,True,0,0
5a8cde71554299441c6b9f3e,3,False,False,False,True,0,0
5ac42b02554299076e296d7c,3,False,False,True,True,0,0
5a74cac055429974ef308c67,2,False,False,False,True,0,0
5a75e87c55429976ec32bc99,3,False,False,True,True,0,0
5ae49ad455429970de88d9d1,2,False,False,True,True,0,0
5ac273d055429921a00aaf75,2,False,False,True,True,0,0
5a7e1a7c55429965cec5ea62,2,False,False,False,True,0,0
5ab679c655429954757d32db,2,False,False,False,True,0,0
5a89d85655429946c8d6e9de,2,False,False,True,True,0,0
5a850df85542994c784ddaea,2,False,False,False,True,0,0
5abdc9b155429965af743e44,2,False,False,True,True,0,0
5ac06d475542996f0d89cbc6,2,False,False,False,True,0,0
5ab6166e554299110f2199d9,3,False,False,True,True,0,0
5ae22ae4554299234fd0440c,2,False,False,False,True,0,0
5a7e4854554299495941997b,2,False,False,True,True,0,0
5abbf3655542993f40c73c2d,2,False,False,False,True,0,0
5a8a17995542992d82986ea9,2,False,True,True,False,0,0
5a88d91d5542993b751ca87e,2,False,False,True,True,0,0
5a74aa3055429979e28829ea,2,False,False,False,True,0,0
5a81b1855542995ce29dcc30,2,False,False,False,True,0,0
5ac3abc45542995ef918c1d8,2,False,False,False,True,0,0
5ab3425f554299753aec5964,3,False,False,True,True,0,0
5ab22f28554299722f9b4cc5,2,False,False,True,True,0,0
5abe9c505542997ec76fd320,2,False,False,True,True,0,0
5a79211155429907847277c8,2,True,True,True,False,0,0
5ac14beb5542994ab5c67cda,3,False,False,False,True,0,0
5a8f86065542992414482af4,2,False,False,False,True,0,0
5ae4c2985542995dadf243ee,2,False,False,False,True,0,0
5adfba39554299603e418393,2,False,False,True,True,0,0
5ab3b2705542992ade7c6e49,2,False,False,True,True,0,0
5a7a97fc55429927d897bee1,3,False,False,True,True,0,0
5a78fe295542990784727779,2,False,False,True,True,0,0
5a760fbc5542992db9473722,2,False,False,False,True,0,0
5abade48554299660624164d,2,False,False,True,True,0,0
5a7c4bf555429907fabeef55,2,False,False,True,True,0,0
5a88f92d5542993b751ca8dc,2,False,False,False,True,0,0
5a737e8655429905862fe03d,2,False,False,False,True,0,0
5a7a9cff55429941d65f26f4,2,False,False,True,True,0,0
5ae6fbfa554299572ea54660,3,False,False,True,True,0,0
5adbf9f755429944faac23e2,2,False,False,True,True,0,0
5a87c2ad5542997e5c09a569,4,False,False,False,True,0,0
5a7d653f5542991319bc93c0,2,False,False,True,True,0,0
5adf427a5542993a75d2645a,2,False,False,True,True,0,0
5ab2c23f554299545a2cfa5d,2,False,False,False,True,0,0
5a7f7d755542994857a76749,2,False,False,False,True,0,0
5ae01fcf554299025d62a412,3,False,False,False,True,0,0
5ab3554a55429969a97a8138,2,False,False,True,True,0,0
5a809ab05542996402f6a596,2,True,True,True,False,0,0
5a8863ff55429938390d3f3d,2,False,False,True,True,0,0
5ae4afbe5542995dadf243b0,2,True,True,False,False,0,0
5a88b9f7554299206df2b349,3,False,False,False,True,0,0
5addee6e5542997dc79070c0,2,False,False,True,True,0,0
5ab9659e554299743d22eb55,2,False,False,True,True,0,0
5a7c4bd55542990527d55486,2,False,True,False,False,0,0
5adf0a1e5542995ec70e8f5c,2,False,False,True,True,0,0
5ae10f6455429920d52342b1,2,False,False,False,True,0,0
5a83bbb75542990548d0b22b,2,False,False,False,True,0,0
5ae1484855429920d5234384,2,False,False,True,True,0,0
5ab592e1554299488d4d99e5,2,False,False,True,True,0,0
5a809d845542992bc0c4a77e,2,False,False,True,True,0,0
5ac46d115542991943173988,2,False,False,True,True,0,0
5a86e7945542994775f6077d,2,False,False,False,True,0,0
5a7efd8255429934daa2fc88,2,False,False,True,True,0,0
5a8a204a5542996c9b8d5e02,2,False,False,True,True,0,0
5a80fcd4554299260e20a1ef,3,True,True,True,False,0,0
5addea145542997dc79070a7,2,False,False,False,True,0,0
5ae14a8155429920d523439f,2,False,False,False,True,0,0
5a89fac35542993b751ca9d2,3,False,False,True,True,0,0
5ac2420c55429951e9e684fe,2,False,False,True,True,0,0
5ab5d007554299488d4d9a39,3,False,False,True,True,0,0
5aba9ead5542994dbf019988,6,False,False,False,True,0,0
5a7e77c955429949594199ca,4,False,False,True,True,1,0
5ab2a47c554299545a2cf9ec,2,False,False,False,True,0,0
5ab4f4595542991779162d2c,2,False,False,True,True,0,0
5ae4ad6a5542995ad6573e1a,3,False,False,True,True,0,0
5a8dc90a5542994ba4e3dd1e,2,False,False,True,True,0,0
5a7d20a0554299452d57bb0b,3,False,False,False,True,0,0
5add201a5542992ae4cec48f,2,False,False,True,True,0,0
5a8308df55429966c78a6aff,3,False,False,False,True,0,0
5ae26e435542992decbdcd00,2,False,False,False,True,0,0
5a8026cd5542992e7d278df9,2,True,True,True,False,0,0
5abe7ae05542993f32c2a127,2,True,True,True,False,0,0
5a78f317554299078472776c,2,False,False,True,True,0,0
5a72256d55429971e9dc92e7,2,True,True,True,False,0,0
5adce2d15542990d50227d53,3,False,False,True,True,1,0
5a8b2e515542997f31a41ca7,2,False,False,True,True,0,0
5ae370225542992e3233c401,2,False,False,False,True,0,0
5a8ee6c555429917b4a5be11,3,False,False,True,True,0,0
5a835dad554299123d8c2108,2,False,False,True,True,0,0
5a78eb5055429970f5fffdd1,2,False,True,True,False,0,0
5a8a427455429930ff3c0d32,2,False,False,False,True,0,0
5a7d1b55554299452d57baf2,4,False,False,True,True,0,0
5ae52c9855429908b632653f,2,False,False,True,True,0,0
5ac49adf5542997ea680ca97,2,False,False,True,True,0,0
5ae808b3554299540e5a56f4,2,False,False,True,True,0,0
5a7a33175542990198eaf0d9,2,False,False,False,True,0,0
5ac15fab5542994d76dccdf5,2,False,False,True,True,0,0
5ae608c05542992663a4f245,3,False,False,False,True,0,0
5ac562545542993e66e823c3,3,False,False,False,True,0,0
5a8275fc55429954d2e2eb4f,2,False,False,True,True,0,0
5a7ce495554299683c1c63c3,2,False,False,False,True,1,0
5add76415542992200553b2a,2,False,False,True,True,0,0
5a7917a555429974737f7981,2,False,True,True,False,0,0
5a8477df5542992ef85e240b,3,False,False,True,True,0,0
5ab40d7b55429976abd1bd46,2,False,False,True,True,0,0
5a80901e5542995d8a8ddf98,3,False,False,True,True,0,0
5adea70d55429939a52fe925,2,False,False,True,True,0,0
5a88e1275542993b751ca8a4,3,False,False,True,True,0,0
5a78fd02554299029c4b5edf,2,False,False,True,True,0,0
5ab839e255429934fafe6d1f,3,False,False,False,True,0,0
5ae25cc55542994d89d5b3f7,2,True,True,True,False,0,0
5a7a2d0a5542990198eaf0b1,2,False,False,True,True,0,0
5a860f125542996432c5717f,2,False,False,True,True,0,0
5ae22f51554299234fd0441f,2,False,False,True,True,0,0
5a857cc05542991dd0999e59,2,False,False,True,True,0,0
5ac05c435542992a796dece6,3,False,False,True,True,0,0
5a7765ff55429972597f1520,2,False,False,True,True,0,0
5abb96c85542993f40c73b4d,2,False,False,True,True,0,0
5a7dbe215542997cc2c47490,2,False,False,False,True,0,0
5abbc8c855429931dba14525,3,False,False,True,True,0,0
5ac2361d55429951e9e684a3,2,False,False,True,True,1,0
5abcf46f5542993a06baf9bc,2,False,False,True,True,0,0
5a89eac0554299669944a613,2,False,False,True,True,0,0
5ac086ca5542992a796ded36,2,False,False,False,True,0,0
5a72aefd5542991f9a20c569,4,False,False,False,True,0,0
5ae143c35542997b2ef7d198,3,False,False,False,True,0,0
5ac283b25542996773102549,2,False,False,False,True,0,0
5a8c72f8554299585d9e36a8,2,False,False,True,True,0,0
5ae2dc615542991a06ce98e4,3,False,False,False,True,0,0
5ade7cbd554299728e26c726,3,False,False,True,True,0,0
5abec2085542997ec76fd35a,3,False,False,False,True,0,0
5a8c4662554299240d9c2103,2,False,False,True,True,0,0
5ae02101554299025d62a41c,2,True,True,True,False,0,0
5ac2846d55429963665199f4,2,False,False,True,True,0,0
5abfe1d85542997d64295913,2,False,False,False,True,0,0
5add13f55542990d50227db6,2,False,False,False,True,0,0
5ab295cf554299545a2cf9b2,4,False,False,True,True,0,0
5a8b389055429971feec4672,3,False,False,False,True,0,0
5a729f615542991f9a20c539,2,False,False,False,True,0,0
5a770e1455429972597f141f,2,False,False,False,True,0,0
5ab639c055429953192ad2aa,2,False,False,True,True,0,0
5ab97fd9554299131ca42349,2,True,True,True,False,0,0
5ab267df554299722f9b4d0c,3,False,False,False,True,0,0
5ababe7a554299232ef4a38d,2,False,False,False,True,0,0
5a89a73755429946c8d6e97f,3,False,False,True,True,0,0
5a7a986055429941d65f26e1,2,False,False,False,True,0,0
5a7cd9a255429909bec76849,2,False,False,False,True,0,0
5a891a05554299669944a4ae,3,False,False,False,True,0,0
5a8119e455429938b61422c4,2,False,False,True,True,0,0
5a8911b55542993b751ca900,3,False,False,True,True,0,0
5a86f45555429960ec39b6f1,4,False,False,False,True,0,0
5adcf6ff5542992c1e3a24dc,3,False,False,False,True,0,0
5a8f905f55429918e830d267,4,False,False,True,True,1,0
5a8119e2554299260e20a240,3,True,True,True,False,0,0
5ac3f89455429919431738e5,2,False,False,True,True,0,0
5abbaffc5542992ccd8e7f71,2,False,False,True,True,0,0
5ab3ccae5542992ade7c6ea1,2,False,False,True,True,0,0
5abdbb1f5542993f32c2a02b,2,False,False,True,True,0,0
5ae144b355429920d5234367,2,False,False,True,True,0,0
5a8dbe61554299653c1aa14d,4,False,False,True,True,0,0
5a7ca0c055429935c91b526c,3,False,False,True,True,0,0
5a8681705542991e77181666,2,False,False,False,True,0,0
5ae69f495542992ae0d1637f,2,False,False,False,True,0,0
5a90b0555542990a984936a2,2,False,False,False,True,0,0
5ab847f055429919ba4e229e,3,False,False,False,True,0,0
5ac4ea5c55429924173fb4d5,2,True,True,True,False,0,0
5adbe26755429944faac23a2,2,False,False,False,True,0,0
5ae14813554299422ee9965c,2,False,False,False,True,0,0
5ac299aa554299657fa28fcc,2,False,False,False,True,0,0
5a83999f5542992ef85e2325,4,False,True,True,False,0,0
5a90b8ba55429933b8a205ba,2,False,False,False,True,0,0
5abd13d655429933744ab70b,2,False,False,False,True,0,0
5ab85d0955429934fafe6d85,2,False,False,True,True,0,0
5a79c02b554299148911fa46,2,False,False,False,True,0,0
5ab2d208554299194fa93528,3,False,False,False,True,0,0
5a820fe055429926c1cdae1c,3,False,False,True,True,0,0
5a7c59d155429907fabeef66,2,False,False,False,True,0,0
5a77cab355429967ab1052a4,2,False,False,False,True,0,0
5ac1c4ac55429964131be281,3,False,False,True,True,0,0
5ae008ee55429925eb1afbef,2,False,False,False,True,0,0
5ae5f18755429929b0807a2d,2,False,False,False,True,0,0
5a8a80325542996c9b8d5f0d,2,False,False,True,True,0,0
5ae81f4e55429952e35eaa34,2,False,False,False,True,0,0
5ac5384a5542994611c8b432,2,False,False,False,True,0,0
5a8a8da05542996c9b8d5f28,2,False,False,False,True,0,0
5ae5df775542996de7b71a3d,2,False,False,False,True,0,0
5adcfe385542992c1e3a24ee,2,False,False,False,True,0,0
5a83a64c5542992ef85e2340,3,False,False,True,True,0,0
5adc26285542994650320c91,2,False,False,True,True,0,0
5adcff8b5542992c1e3a24fc,2,False,False,False,True,0,0
5ab3b1ce5542992ade7c6e44,2,False,False,False,True,0,0
5a87786c5542993e715abf56,3,False,False,False,True,0,0
5ae238fc5542992decbdcc81,2,False,False,False,True,0,0
5ae21393554299234fd043d0,2,True,True,True,False,0,0
5a8bd007554299240d9c209d,2,True,True,True,False,0,0
5a7c25735542990527d55461,2,False,False,True,True,0,0
5add2a1e5542994ed6169ca4,2,False,False,True,True,0,0
5a80c99155429938b61421e1,2,False,False,True,True,0,0
5ab31cca554299233954ff0d,4,False,False,False,True,0,0
5ab5eb145542997d4ad1f24c,2,False,False,True,True,0,0
5ae0074755429942ec259bf5,3,False,False,False,True,0,0
5a7e1df155429965cec5ea7b,3,False,False,False,True,0,0
5ab3bbe655429969a97a819a,2,False,False,False,True,0,0
5ae67f185542996d980e7b95,2,False,False,False,True,0,0
5a7578f95542992d0ec05fa3,4,False,False,True,True,0,0
5abc8328554299700f9d78dc,2,False,False,True,True,0,0
5a7dec265542995f4f40230c,2,False,False,True,True,0,0
5ab6aeec554299110f219a4a,2,False,False,True,True,0,0
5adbcdc555429944faac2366,2,False,False,True,True,0,0
5abb3fe9554299642a094a79,2,False,False,True,True,0,0
5a8aec515542992d82986fcc,2,False,False,False,True,0,0
5a77d6025542995d83181301,2,False,False,False,True,0,0
5a7df7bb5542997cc2c474d7,3,False,False,False,True,0,0
5adfc45e55429942ec259b41,2,False,False,False,True,0,0
5a8397ca5542992ef85e2320,2,False,False,True,True,0,0
5a8ba490554299240d9c2052,2,False,False,True,True,0,0
5ae05d535542993d6555eb0b,3,False,False,True,True,0,0
5ae67aa15542991bbc9760e6,2,False,False,False,True,0,0
5a886dd85542993e715ac034,2,False,False,True,True,0,0
5abd5a1255429933744ab786,2,False,False,True,True,0,0
5adeeabe5542992d7e9f9265,2,False,False,False,True,0,0
5ab9703c55429970cfb8eaee,2,False,False,True,True,0,0
5ae75fa25542995703ce8bfc,2,False,False,True,True,0,0
5ab5f156554299637185c62c,2,False,False,True,True,0,0
5ac1c00a5542994ab5c67dfd,2,False,False,False,True,0,0
5a8db24b554299068b959db9,3,False,False,False,True,0,0
5a762d405542992d0ec0604d,3,False,False,False,True,0,0
5ae7db3a5542993210983f99,2,False,False,False,True,0,0
5a79963f554299029c4b5f58,3,False,False,True,True,1,0
5a837078554299123d8c2126,2,False,False,True,True,0,0
5ae33af85542992f92d82255,2,False,False,False,True,0,0
5ab27c3f554299706120962a,2,False,False,False,True,0,0
5ae1005e554299422ee995b7,2,False,False,True,True,0,0
5a7cdfdb55429909bec7685f,2,False,False,True,True,0,0
5a7fca705542992e7d278d94,2,False,False,True,True,0,0
5ae490df55429913cc2044a3,2,False,False,False,True,0,0
5adde0155542997dc790707c,5,False,False,False,True,1,0
5ab9721155429970cfb8eaf9,2,False,False,False,True,0,0
5a88db9d5542993b751ca88d,5,False,False,False,True,0,0
5ac315b95542995ef918c108,4,False,False,True,True,0,0
5a8b66e155429949d91db598,2,False,False,True,True,0,0
5a90da8355429916514e759a,4,False,False,False,True,0,0
5ab9015e55429934fafe6e3e,2,False,False,True,True,0,0
5a8099bb5542992097ad3003,2,False,False,False,True,0,0
5ae1b48d554299492dc91b76,2,False,False,True,True,0,0
5ae4b24655429913cc2044d3,2,False,False,True,True,0,0
5ae00e1555429942ec259c0c,2,False,False,True,True,0,0
5a86642355429960ec39b68a,2,False,False,False,True,0,0
5ae0d5f5554299603e41846b,2,False,False,True,True,0,0
5ab3dbb9554299753aec59ce,3,False,False,True,True,0,0
5a86428a554299211dda2ad2,2,False,False,True,True,0,0
5add0e545542992c1e3a252d,3,False,False,True,True,0,0
5ae820eb55429952e35eaa40,2,False,False,True,True,0,0
5adfaaf5554299025d62a32e,2,False,False,True,True,0,0
5ae4cafa5542996836b02d28,2,False,True,True,False,0,0
5a89307e554299669944a4f2,2,True,True,True,False,0,0
5a7cd6ee55429909bec7683a,2,False,False,False,True,0,0
5a8e2e8b5542995085b373c8,4,False,False,False,True,0,0
5ae0f34e554299422ee99574,2,False,False,True,True,0,0
5a7aa3b855429941d65f2714,2,False,False,False,True,0,0
5a87015d554299211dda2b98,3,False,False,True,True,0,0
5a81a5075542990a1d231e3e,5,False,False,False,True,0,0
5aba9a8655429955dce3eea0,3,False,False,True,True,0,0
5ab3fa995542992ade7c6f0f,2,True,True,True,False,0,0
5a8908e7554299515336126f,2,False,False,False,True,0,0
5a7591875542992d0ec05fba,3,False,False,True,True,0,0
5a8900145542993b751ca8e7,2,False,False,False,True,0,0
5a89e8db5542992e4fca8472,2,False,False,False,True,0,0
5a80ccf455429938b61421ef,3,False,False,False,True,0,0
5ae32a975542992f92d82234,2,False,False,True,True,0,0
5ac4facd5542996feb3fe9b6,2,False,False,True,True,0,0
5ac437bc5542995c82c4acf3,3,False,False,False,True,0,0
5a7f675f55429969796c1a36,4,False,False,True,True,0,0
5ae50f4d55429908b6326501,4,False,False,False,True,0,0
5adf18d25542995ec70e8f6f,3,False,False,True,True,0,0
5add51215542997545bbbd33,3,False,False,True,True,0,0
5ab7b12e5542992aa3b8c844,2,False,False,False,True,0,0
5abc046855429965836003e9,2,False,False,True,True,0,0
5adbff2f55429944faac23eb,2,False,False,True,True,0,0
5a7e06a45542995f4f40239a,2,False,False,True,True,0,0
5ae84ac25542997ec272779c,4,False,False,False,True,0,0
5ab7d6955542995dae37e9b2,2,False,False,True,True,0,0
5ae52ce655429908b6326541,3,False,False,False,True,0,0
5ab95bb5554299131ca422ff,2,False,False,True,True,0,0
5ab8908c55429919ba4e2322,2,False,False,False,True,0,0
5a84ecbc5542994c784dda89,2,False,False,True,True,0,0
5a7339ba5542992359bc329a,2,False,False,False,True,0,0
5ae239d35542992decbdcc86,2,True,True,True,False,0,0
5ae13ed45542997b2ef7d163,3,False,False,True,True,0,0
5a8b8bd755429971feec4736,3,False,False,False,True,0,0
5a7b7d7c5542997c3ec971c3,4,False,False,True,True,0,0
5ade2f1f5542997c77adeda3,2,False,False,False,True,0,0
5ae6414255429908198fa54f,2,False,False,True,True,0,0
5adeb0ec55429939a52fe95d,2,False,False,True,True,0,0
5a83c0985542996488c2e4af,4,False,False,False,True,0,0
5a7b6abe5542997c3ec9715b,2,False,False,False,True,0,0
5ab2b2f3554299194fa934c2,3,False,False,False,True,0,0
5ab312f65542991669774193,3,False,False,True,True,0,0
5a79f63c5542996a35c17052,2,False,False,True,True,0,0
5ae60a7b5542996de7b71b0c,2,False,False,True,True,0,0
5a74b41255429929fddd84be,3,False,False,True,True,1,0
5ae6940455429908198fa637,2,False,False,True,True,0,0
5ae1089d55429920d5234298,3,False,False,False,True,0,0
5adc58ea5542996e68525321,3,False,False,True,True,0,0
5a8afc7055429949d91db460,3,False,False,False,True,0,0
5a8a311655429930ff3c0cec,3,False,False,False,True,0,0
5abd00975542993a06baf9f7,3,False,False,False,True,0,0
5a7d19b455429909bec76950,3,False,False,False,True,0,0
5ab40e2f5542996a3a969f01,2,False,False,False,True,0,0
5a82186455429926c1cdae3f,2,False,False,True,True,0,0
5ae61e935542995703ce8b0f,2,False,False,True,True,0,0
5a883aba5542994846c1ce46,2,False,False,False,True,0,0
5ade6af5554299728e26c71b,2,False,False,False,True,0,0
5a77046e55429937353601b2,2,False,False,False,True,0,0
5a792059554299148911fa02,2,False,False,True,True,0,0
5abe403d5542993f32c2a0cf,2,False,False,True,True,0,0
5a8cfe32554299585d9e3790,3,False,False,False,True,0,0
5abc09db5542993f40c73c60,2,True,True,True,False,0,0
5ae4d4995542990ba0bbb167,4,False,False,False,True,0,0
5ae7eed85542993210983fc4,2,False,False,True,True,0,0
5a81d1cf55429926c1cdad91,3,False,False,False,True,0,0
5a7d00b055429907fabef0a5,2,False,False,True,True,0,0
5a78ed9a55429970f5fffdda,3,False,False,False,True,0,0
5a8278d855429940e5e1a8c6,3,False,False,False,True,0,0
5a8c5187554299585d9e3667,2,False,False,False,True,0,0
5a8cec5255429941ae14df48,3,False,False,False,True,0,0
5a791fe355429974737f799b,2,False,False,False,True,0,0
5a881cfe55429938390d3ee9,2,False,False,True,True,0,0
5ae6d4515542996d980e7c86,2,True,True,True,False,0,0
5ab7fc675542990e739ec7b3,3,False,False,True,True,0,0
5abaed3c55429939ce03dd69,4,False,False,False,True,1,0
5ae346eb5542992e3233c35d,4,False,False,False,True,0,0
5a8e82925542995a26add4e1,2,False,False,True,True,0,0
5a78ad46554299148911f915,2,False,False,True,True,0,0
5ae7f9c65542993210983feb,2,False,False,True,True,0,0
5abccf405542993a06baf96e,2,False,False,True,True,0,0
5a7345375542991f9a20c6cf,2,False,False,True,True,0,0
5ab6766c5542995eadeefffa,2,False,False,False,True,0,0
5a88e3ea5542993b751ca8b3,2,False,False,True,True,0,0
5ab9adc5554299131ca423c8,2,False,False,False,True,0,0
5adfef8455429906c02daa8e,2,False,False,False,True,0,0
5a714fed5542994082a3e7b6,2,False,False,True,True,0,0
5a775add5542993569682d65,3,False,False,False,True,0,0
5ab2ec1b55429929539468bf,3,False,False,True,True,0,0
5a8d8db2554299441c6b9ffc,2,False,False,False,True,0,0
5ab95fef55429970cfb8ea99,2,False,False,True,True,0,0
5a738e8f5542992d56e7e367,2,False,False,False,True,0,0
5a72bc725542992359bc318e,2,False,False,True,True,0,0
5a7a8b5c554299042af8f667,2,False,False,True,True,0,0
5add738e5542992ae4cec56d,5,False,False,True,True,0,0
5a8e28f15542995a26add46d,2,False,False,False,True,0,0
5a7a315f5542990783324eb3,3,False,False,True,True,0,0
5ae01c59554299025d62a3ff,2,False,False,False,True,0,0
5a7ca9ec554299683c1c632e,2,False,False,True,True,0,0
5ab4048e55429976abd1bd32,2,False,False,False,True,0,0
5a7e34e15542995ed0d166d0,2,True,True,True,False,0,0
5a73da7f554299623ed4ac79,2,False,False,False,True,0,0
5ac3df7e554299204fd21ea9,4,False,False,False,True,0,0
5ae1c554554299234fd042f1,2,False,False,False,True,0,0
5abf19a85542997ec76fd3bf,2,False,False,True,True,0,0
5a84ae895542991dd0999d79,4,False,False,True,True,0,0
5a8913df55429951533612b3,2,False,False,False,True,0,0
5abb042155429939ce03dd8d,2,False,False,False,True,0,0
5ac0774c554299294b218ff0,3,True,True,True,False,0,0
5a8897d15542994846c1ce90,2,False,False,True,True,0,0
5a778c565542997042120aa0,2,False,False,False,True,0,0
5ab975e05542996be2020505,2,False,False,True,True,0,0
5a8f8aad5542997ba9cb32a9,4,False,False,True,True,0,0
5a8f8b8c5542997ba9cb32ac,2,False,False,True,True,0,0
5a8b5de755429950cd6afcd5,2,False,False,False,True,0,0
5ae688135542996d980e7bed,4,False,False,True,True,1,0
5a7d07e455429909bec76906,2,True,True,True,False,0,0
5ac3a467554299391541386b,2,False,False,True,True,0,0
5ac042605542997d642959e9,2,False,False,True,True,0,0
5adf718e5542993a75d264e6,2,False,False,False,True,0,0
5ac2dfec554299657fa290b4,3,False,True,True,False,0,0
5abba1a15542996cc5e4a02d,3,False,False,False,True,0,0
5ab55d875542997d4ad1f10d,2,False,False,True,True,0,0
5a72971e5542991f29ee2cc7,2,False,False,False,True,0,0
5ae0feba554299422ee995ad,2,False,False,False,True,0,0
5adc6af9554299438c868db5,2,False,False,True,True,0,0
5ae0fcfb55429920d5234262,2,False,True,True,False,0,0
5ab3f9665542992ade7c6f07,2,False,False,True,True,0,0
5ab8b22b55429916710eb0af,2,False,False,False,True,0,0
5a81f0aa5542995ce29dcc91,2,False,False,True,True,0,0
5adbdefa5542996e6852526a,2,False,False,False,True,0,0
5a7210fe55429971e9dc9238,2,True,True,True,False,0,0
5a7f8a0a55429969796c1a9e,2,False,False,False,True,0,0
5ae76c0755429952e35ea90f,3,False,False,False,True,0,0
5ae6915e55429908198fa628,2,False,False,True,True,0,0
5ae53c825542992663a4f18d,2,False,False,False,True,0,0
5a87a3bd5542996e4f308898,2,False,False,True,True,0,0
5a72a0775542992359bc3142,3,False,False,True,True,0,0
5a832fca5542990548d0b1c2,4,False,False,False,True,0,0
5add17535542994734353840,2,False,False,False,True,0,0
5ae74be15542997b22f6a691,2,False,False,False,True,0,0
5a757b695542992d0ec05fa7,3,False,False,True,True,0,0
5a794d085542994bb9456ff0,3,False,False,False,True,0,0
5a8eadaa5542995085b37475,2,False,False,True,True,0,0
5abc2e0b554299114383a0f5,2,False,False,True,True,0,0
5adffd4d55429942ec259bbf,2,False,False,True,True,0,0
5abd02e7554299700f9d795a,2,False,False,False,True,0,0
5adce7295542994ed6169c1a,2,False,False,True,True,0,0
5a8fb5f85542995b44242091,2,False,False,True,True,0,0
5a8752395542996432c57267,2,False,False,False,True,0,0
5adf34385542993344016c28,2,False,False,True,True,0,0
5ac1a0e15542994ab5c67dab,4,False,False,True,True,0,0
5abc24b15542993a06baf898,2,False,False,True,True,0,0
5ab8f5415542991b5579f095,4,False,False,True,True,0,0
5a7119ed5542994082a3e58d,2,False,False,True,True,0,0
5ac27aba55429963665199d5,2,False,False,True,True,0,0
5a9085785542995651fb5182,3,False,False,False,True,0,0
5abd26ef55429924427fcf20,2,False,False,True,True,0,0
5a79549d5542994bb9457005,2,False,False,True,True,0,0
5abdabb955429965af743db5,4,False,False,True,True,0,0
5aba8e5255429901930fa82d,2,False,False,False,True,0,0
5ac2c8fe554299657fa29056,2,False,False,True,True,0,0
5ae7aa045542993210983ee0,2,False,False,True,True,0,0
5a8350f55542993344745ff8,2,False,False,False,True,0,0
5adde51e5542997dc7907093,2,False,False,False,True,0,0
5adc672d5542994650320cdb,2,False,False,False,True,0,0
5abadc7755429901930fa8c6,4,False,False,True,True,0,0
5ab2cc37554299340b525552,3,False,False,False,True,0,0
5ab8734455429934fafe6dc4,2,False,False,False,True,0,0
5ac1679f5542994d76dcce13,4,False,False,True,True,0,0
5a7d5ac05542995f4f402266,2,False,True,True,False,0,0
5abbd557554299642a094b54,3,False,False,False,True,1,0
5ac0c738554299012d1db631,2,False,False,True,True,0,0
5ae361425542994393b9e699,2,True,True,True,False,0,0
5a7cbb3e554299683c1c6359,2,False,False,False,True,0,0
5ae7fa9c5542994a481bbe5c,2,False,False,False,True,0,0
5a820f3955429926c1cdae18,3,False,False,False,True,0,0
5ae6b0f855429908198fa681,2,False,False,False,True,0,0
5a7dd8625542990b8f503ae8,4,False,False,False,True,0,0
5adc65665542994650320cd8,2,False,False,False,True,0,0
5a85e23e5542994775f6067e,2,False,False,True,True,0,0
5ae14b2255429920d52343a8,2,False,False,True,True,1,0
5ae0d5c8554299603e41846a,2,False,False,False,True,0,0
5a84c7fa5542997b5ce3ff63,4,False,False,False,True,0,0
5ae10cb9554299422ee995e4,2,False,False,True,True,0,0
5a73d1af55429978a71e90a0,2,False,False,False,True,0,0
5a7f66765542994857a76728,2,False,False,True,True,0,0
5ab27507554299706120960a,2,False,False,True,True,0,0
5ab71b265542993667793f39,2,False,False,True,True,0,0
5abbfe3a55429931dba1460a,2,False,False,True,True,0,0
5a8d44665542994ba4e3dc48,2,True,True,True,False,0,0
5abed46d5542994516f45445,2,False,False,False,True,0,0
5a7a47695542990783324ee8,2,False,False,True,True,1,0
5a81ccfa5542990a1d231ecd,3,False,False,True,True,0,0
5ab3a4c2554299233954ff70,4,False,False,True,True,0,0
5add47ac5542997545bbbd16,2,False,False,True,True,0,0
5a79de285542994bb9457108,2,False,False,True,True,0,0
5abc5762554299114383a111,2,False,False,False,True,0,0
5ab80bd455429916710eafd5,2,False,False,False,True,1,0
5ae34faa5542994393b9e674,2,False,False,True,True,0,0
5a74781355429929fddd843c,4,False,False,False,True,0,0
5adf23c85542993344016bf8,2,False,False,True,True,0,0
5a8353285542996488c2e40d,2,False,False,False,True,0,0
5a88ed4d554299206df2b3b2,5,False,False,False,True,2,0
5ae3d23e5542994393b9e779,2,False,False,True,True,0,0
5ac4c593554299076e296df6,2,False,False,False,True,0,0
5ae1fdac5542997f29b3c1eb,2,True,True,True,False,0,0
5ab63c725542995eadeeff8d,3,False,False,True,True,0,0
5ac31953554299741d48a1da,2,False,False,False,True,0,0
5ac18e5a55429964131be226,2,False,False,False,True,0,0
5ac3983c55429939154137fd,3,False,False,False,True,1,0
5ab9293355429934fafe6e6f,2,False,False,False,True,0,0
5ae000e355429942ec259bd1,2,False,False,False,True,0,0
5ab56d19554299637185c58e,2,False,False,True,True,0,0
5a7da89a5542990b8f503a0b,2,False,False,True,True,0,0
5a8b54e655429971feec46d4,2,False,False,False,True,0,0
5a8b692655429950cd6afce1,2,False,False,True,True,0,0
5a810876554299260e20a211,3,False,False,False,True,0,0
5a8db3c7554299441c6ba03e,3,False,False,False,True,0,0
5a7d72a25542995f4f40227a,2,False,False,True,True,0,0
5a7779315542997042120a7d,3,False,False,False,True,0,0
5a7ca9b95542996dd594b96c,3,False,False,False,True,0,0
5a81e075554299676cceb128,3,False,False,False,True,0,0
5a79e3445542996c55b2dc8d,3,False,False,True,True,0,0
5ae7fc215542993210983ffd,2,False,False,True,True,0,0
5ade5c0b5542997c77adee12,2,False,False,True,True,0,0
5adcd1a55542990d50227d3b,2,False,False,False,True,0,0
5ab55158554299488d4d9928,2,False,False,True,True,0,0
5ade07e85542997dc790712f,2,False,False,False,True,0,0
5ae3f0585542995ad6573cad,2,False,False,True,True,0,0
5a810ff7554299260e20a229,2,False,False,False,True,0,0
5add3ca55542997545bbbce4,2,False,False,True,True,1,0
5a7650a55542992db9473759,3,False,False,False,True,0,0
5a85f3865542996432c57142,2,False,False,False,True,0,0
5addffc05542995b365fabb2,4,False,False,False,True,0,0
5ae217a7554299495565d9fd,2,False,False,False,True,0,0
5a7be2e9554299294a54ab47,2,False,False,False,True,0,0
5adea7b455429975fa854f4d,2,False,False,True,True,0,0
5add8ed25542997dc7907000,2,False,False,True,True,0,0
5a83fd2a5542990548d0b24b,2,False,False,True,True,0,0
5a8a07895542992d82986e5c,2,False,False,True,True,0,0
5ab54075554299637185c53e,2,False,False,True,True,0,0
5a729b765542992359bc3136,2,False,False,False,True,0,0
5ae122c95542997b2ef7d0f5,3,False,False,False,True,0,0
5ac3a3e4554299657fa29106,2,False,False,False,True,0,0
5a85d4d95542997175ce2052,2,False,False,True,True,0,0
5ae6dace5542996d980e7c99,2,False,False,False,True,0,0
5adf9b3e554299025d62a2d9,2,False,False,True,True,0,0
5ac0a2c05542992a796ded43,2,False,False,False,True,0,0
5a8322fc55429940e5e1a97b,2,False,False,True,True,0,0
5a7da4bc5542990b8f5039ef,4,False,False,False,True,0,0
5ab3c38155429969a97a81b5,2,False,False,True,True,0,0
5ac4b636554299076e296dd8,2,False,False,True,True,0,0
5ae48b095542995ad6573d6a,2,True,True,True,False,0,0
5a72ce735542991f9a20c5a1,3,False,False,False,True,0,0
5ac48bb05542995c82c4ad60,2,False,False,True,True,0,0
5a8cd99c554299441c6b9f24,4,False,False,False,True,0,0
5ab37a7255429969a97a8158,3,False,False,False,True,0,0
5ae0075a55429925eb1afbea,3,False,False,False,True,0,0
5a7520015542996c70cfae8c,2,False,True,True,False,1,0
5a7612f35542994ccc9186b9,3,False,False,False,True,0,0
5ab7cc5e55429928e1fe3909,4,False,False,False,True,0,0
5ab9757855429970cfb8eb0e,2,False,False,True,True,0,0
5ab4310355429942dd415ecb,2,False,False,True,True,0,0
5ac3e8d5554299076e296cce,2,False,False,False,True,0,0
5a8b298d5542997f31a41c8b,2,False,False,False,True,1,0
5a8a73725542996c9b8d5eed,2,False,False,True,True,0,0
5a7ce79e554299683c1c63d1,2,False,False,False,True,0,0
5ae768b75542997b22f6a738,2,False,False,False,True,0,0
5ae46f6855429970de88d95a,2,False,False,False,True,0,0
5a7b70225542997c3ec9717a,2,False,False,True,True,0,0
5adf3b915542992d7e9f92fc,2,False,False,False,True,0,0
5a7985a2554299148911fa33,2,False,False,True,True,0,0
5a80939b5542996402f6a56e,3,False,False,False,True,0,0
5a8b589a5542995d1e6f1375,3,False,False,False,True,0,0
5ae78d09554299540e5a55f4,2,False,False,True,True,0,0
5a7b5e215542992d025e6828,2,False,False,True,True,0,0
5a7deb6d5542995f4f402307,2,False,False,False,True,0,0
5adde48c5542990dbb2f7ee9,2,False,False,True,True,0,0
5a88ce28554299206df2b36f,2,False,False,True,True,0,0
5adbf2dd55429944faac23c9,3,False,False,True,True,0,0
5a73b34955429978a71e9080,2,False,False,False,True,0,0
5abb094f5542992ccd8e7ec9,3,False,False,False,True,0,0
5a90628a5542995b442420a8,2,False,False,True,True,0,0
5ae1eceb5542997283cd22f8,2,False,False,False,True,0,0
5a7b189855429927d897bf38,2,True,True,True,False,0,0
5a73fa6b5542993a88ae2ed3,4,False,False,True,True,0,0
5aba56ba5542994dbf0198e3,2,False,False,False,True,0,0
5a7db7bc5542990b8f503a3b,2,False,False,False,True,0,0
5ab7b85d55429928e1fe38a1,2,False,False,True,True,0,0
5a7e976d5542994959419a1a,2,False,False,False,True,0,0
5abbd1115542993f40c73bb2,2,False,False,False,True,0,0
5ac3ae9d5542995ef918c1e8,3,False,False,False,True,0,0
5a8b1dfd5542996c9b8d5fa7,3,False,False,True,True,0,0
5abb08795542996cc5e49f5d,2,False,False,False,True,0,0
5a78e60755429974737f78f7,4,False,False,False,True,0,0
5a85b4455542994c784ddb52,3,False,False,True,True,0,0
5ae69ba35542996d980e7c55,2,False,False,True,True,0,0
5adcc408554299473435378f,2,False,False,True,True,0,0
5a7d263b554299452d57bb26,3,False,False,False,True,0,0
5ab3b6125542992ade7c6e53,2,False,False,True,True,0,0
5ae777425542997b22f6a786,2,False,False,True,True,0,0
5adf4d975542993a75d264b1,2,False,False,True,True,0,0
5ae39ec85542991a06ce9a00,2,False,False,True,True,0,0
5ab30da5554299233954feea,3,False,False,True,True,0,0
5a76bf0c554299373536019a,4,False,False,True,True,0,0
5a844dd1554299123d8c21f2,3,False,False,False,True,0,0
5adc94695542990d50227cab,2,False,False,False,True,0,0
5adc389d554299438c868d7b,2,False,False,True,True,0,0
5ab56f9a554299637185c59b,2,False,False,True,True,0,0
5ac154af5542994d76dccdd7,2,False,False,False,True,0,0
5a78c18555429974737f7870,3,False,False,True,True,0,0
5abf7f6a5542994516f454b7,2,False,False,True,True,0,0
5a90b75c5542990a984936c4,2,False,False,False,True,0,0
5a7527a855429916b0164278,2,True,True,True,False,0,0
5ac12776554299294b2190bd,3,False,False,False,True,0,0
5ae191cf5542997b2ef7d201,4,False,False,True,True,0,0
5ab69d9f554299710c8d1eec,2,False,False,False,True,0,0
5a8108995542995ce29dcba1,2,False,False,False,True,0,0
5ab24e56554299449642c86a,2,False,False,False,True,0,0
5a8db568554299653c1aa143,4,False,False,False,True,0,0
5ac3ff9f5542997ea680c9ab,3,False,False,True,True,0,0
5ae663815542996d980e7b41,3,False,False,False,True,0,0
5a75d1f75542992d0ec05ffb,2,False,False,False,True,0,0
5a88f239554299206df2b3ce,3,False,False,True,True,0,0
5a732e4c5542992359bc3268,2,False,False,False,True,0,0
5ac2a872554299657fa29006,2,False,False,True,True,0,0
5adbeafb55429944faac23bd,3,False,False,False,True,0,0
5a8afdce55429971feec45d2,2,False,False,True,True,0,0
5a79e5765542994bb9457139,2,False,False,True,True,0,0
5a77c60f5542995d831812c1,2,False,False,False,True,0,0
5a78add2554299078472772d,2,False,False,True,True,0,0
5a8a64a95542996c9b8d5eca,2,False,False,True,True,0,0
5a88a0915542997e5c09a641,2,False,False,True,True,0,0
5ac44dc55542995c82c4ad23,3,False,True,True,False,0,0
5addf19f5542995b365fab95,2,False,False,True,True,0,0
5ae3b5d75542992f92d8234c,2,False,False,False,True,0,0
5a90224855429933b8a20483,3,False,False,False,True,0,0
5ab8af3c55429916710eb0ac,2,False,False,True,True,0,0
5a85dc3c5542994c784ddb98,3,False,False,False,True,0,0
5ae71ca4554299572ea546f2,2,False,False,False,True,0,0
5ac3e0305542991943173885,2,False,False,True,True,0,0
5ac132d35542994d76dccdbc,3,False,False,False,True,1,0
5ae5e2535542996de7b71a5d,2,False,False,True,True,0,0
5ac23d7e55429951e9e684c0,2,False,False,True,True,0,0
5ae188e65542997b2ef7d1f2,2,False,False,True,True,0,0
5a7a1d395542990198eaf08a,2,False,False,False,True,0,0
5a74610355429979e2882930,3,False,False,False,True,0,0
5ae0f681554299422ee9957f,2,False,False,True,True,0,0
5ab4ed105542991779162d25,4,False,False,False,True,0,0
5a8f741a5542997ba9cb326d,3,False,False,True,True,0,0
5a813fb855429903bc27b95c,2,True,True,True,False,0,0
5aba8b0955429955dce3ee7c,3,False,False,False,True,0,0
5ae3ff1b5542996836b02c0a,2,True,True,True,False,0,0
5ae1fb955542997283cd2305,2,False,False,False,True,0,0
5ab6a93c554299710c8d1f32,2,False,False,False,True,0,0
5abb0ad45542992ccd8e7ed3,2,False,False,False,True,0,0
5a7da0165542990b8f5039d2,2,False,False,True,True,0,0
5ab2fb7d55429976abd1bbec,2,False,False,True,True,0,0
5ae00768554299025d62a3ac,2,False,False,False,True,0,0
5a87782e5542993e715abf54,2,False,False,False,True,0,0
5ab2b1f5554299545a2cfa07,2,False,False,False,True,0,0
5adfbcb8554299603e41839a,2,False,False,True,True,1,0
5a7170575542994082a3e832,2,False,False,True,True,0,0
5a7c42965542996dd594b8f6,2,False,False,False,True,0,0
5ae4c5e255429913cc204501,2,False,False,False,True,0,0
5aba642e55429939ce03dcc1,2,False,False,True,True,0,0
5a84089c5542992ef85e2395,3,True,True,True,False,0,0
5ab58bfb5542997d4ad1f177,2,False,False,False,True,0,0
5a77f1cc55429949eeb29fbb,2,False,False,True,True,0,0
5aba061655429939ce03dc57,3,False,False,False,True,0,0
5abcb387554299700f9d792e,2,False,False,False,True,0,0
5a81ff8d554299676cceb1c5,2,False,False,False,True,0,0
5ae4ee495542993aec5ec0f3,3,False,False,True,True,0,0
5a7437f955429929fddd83f1,2,False,False,False,True,0,0
5ae664dc5542996d980e7b49,2,False,False,True,True,0,0
5a885a98554299206df2b234,2,False,False,False,True,0,0
5a7f88815542994857a7676c,4,False,False,True,True,0,0
5a8257cf55429966c78a6a00,2,False,False,True,True,0,0
5ab78a9a5542995dae37e950,2,False,False,True,True,0,0
5ab64f3855429953192ad2bd,2,False,False,False,True,0,0
5ab579bb5542992aa134a329,3,False,False,False,True,1,0
5ab346a455429976abd1bc81,3,True,True,True,False,0,0
5a90aeda5542990a98493699,2,False,False,False,True,0,0
5a762c36554299109176e6a0,2,False,False,True,True,0,0
5ade15705542997545bbbe45,2,False,False,True,True,1,0
5ab2a0ef554299295394677a,2,False,False,False,True,0,0
5abed9785542994516f45458,4,False,False,True,True,0,0
5adc0c1155429947ff1738d9,2,False,False,True,True,0,0
5a8088b95542995d8a8ddf8f,2,False,False,True,True,0,0
5ac443eb554299194317394d,2,False,False,False,True,0,0
5a8114a95542995ce29dcbb6,2,False,False,True,True,0,0
5add20185542990d50227df4,3,False,False,True,True,0,0
5abc4d1e55429959677d6a7e,3,True,True,True,False,1,0
5a76394255429976ec32bd7f,3,False,False,False,True,0,0
5a8f211f55429924144829de,2,True,True,True,False,0,0
5ae4f20e5542990ba0bbb1a7,2,False,False,False,True,0,0
5a8ccade554299653c1aa126,2,False,False,False,True,0,0
5ae332725542990afbd1e0d7,3,False,False,False,True,0,0
5a77a5c55542992a6e59df52,4,False,False,False,True,1,0
5adbe017554299438c868cbe,2,False,False,False,True,0,0
5add24d15542992ae4cec4a4,3,False,False,False,True,1,0
5a7eb22b5542994959419a58,3,False,False,False,True,1,0
5abbfb43554299114383a0cf,3,False,False,False,True,0,0
5a85d8a85542997b5ce4002d,2,False,False,False,True,0,0
5ac04b795542997d642959f4,3,False,False,True,True,0,0
5add37145542992ae4cec4f3,2,False,False,True,True,0,0
5a7ca4cb55429935c91b527e,3,True,True,True,False,0,0
5a8b5e705542997f31a41cf0,2,False,False,True,True,0,0
5ae5e8985542996de7b71a66,2,False,False,True,True,0,0
5ae033c955429924de1b705e,5,False,False,False,True,0,0
5ab74a4d554299110f219afb,2,False,False,True,True,0,0
5ae0bb9555429906c02dab0e,2,False,False,True,True,0,0
5ade466a55429939a52fe875,2,False,False,False,True,0,0
5ab2798c554299449642c8b7,2,False,False,False,True,0,0
5ae5f81b5542996de7b71a8f,4,False,False,False,True,0,0
5abf23a65542997ec76fd3d7,3,False,False,False,True,0,0
5a8f4b23554299458435d59e,2,False,False,False,True,0,0
5ac2eaf65542990b17b154a5,4,False,False,False,True,0,0
5abca2655542993a06baf939,2,False,False,False,True,0,0
5a83d369554299123d8c21c1,2,False,False,True,True,0,0
5ab8011c5542990e739ec7c0,3,False,False,True,True,0,0
5a88f70655429946c8d6e8e4,2,False,False,True,True,0,0
5a8c6deb554299240d9c2163,2,False,False,True,True,0,0
5ae20c12554299234fd043c5,2,False,False,False,True,0,0
5ae609de55429929b0807a9f,2,False,False,False,True,0,0
5ab1f87e55429970612095a1,3,False,False,True,True,0,0
5ac2ac2755429967731025f3,2,False,False,False,True,0,0
5a7eb29f5542994959419a5a,2,False,False,True,True,0,0
5ac2c7de554299218029db4a,2,False,False,False,True,0,0
5a8a061655429970aeb70213,2,False,False,False,True,0,0
5ab58849554299637185c5c1,2,False,False,True,True,0,0
5ab860c255429934fafe6d91,2,False,False,True,True,0,0
5ab6e0fd554299710c8d1f92,2,False,False,False,True,0,0
5a8a208f55429970aeb7026f,2,False,False,True,True,0,0
5addd5c55542990dbb2f7ea0,2,False,False,False,True,0,0
5a7ef7085542994959419a95,3,False,False,True,True,0,0
5ac39e465542993915413824,2,False,False,True,True,0,0
5a76172055429976ec32bd04,3,False,False,False,True,0,0
5a77c62b5542995d831812c3,3,False,False,True,True,0,0
5a889f545542994846c1ce98,3,False,False,True,True,0,0
5a89b51b5542992e4fca8391,2,False,False,True,True,0,0
5a7cf4d3554299683c1c63f1,2,True,True,True,False,0,0
5ae57c165542992663a4f1f8,2,False,False,False,True,0,0
5abf1f625542993fe9a41dde,3,False,False,False,True,0,0
5a83556e5542990548d0b1d6,2,False,True,True,False,0,0
5a7cbb97554299683c1c635a,2,False,False,True,True,0,0
5a88ecd85542997e5c09a6ce,2,False,False,False,True,0,0
5ac494875542996feb3fe8e7,3,False,False,False,True,0,0
5ae3696b5542990afbd1e134,2,False,False,True,True,0,0
5a7b60425542992d025e6834,2,False,False,False,True,0,0
5a79132a55429970f5fffe4e,3,False,False,True,True,0,0
5adfa130554299025d62a302,2,False,False,True,True,0,0
5a8db833554299441c6ba050,2,False,False,True,True,0,0
5ae22c875542996483e64922,2,False,False,True,True,0,0
5a83812b5542996488c2e44b,2,False,False,True,True,0,0
5a908bb45542995651fb5186,3,False,False,True,True,0,0
5ae07ee155429945ae959384,2,True,True,True,False,0,0
5ae45b9455429970de88d944,2,True,True,True,False,0,0
5a83b6175542990548d0b224,2,False,False,False,True,0,0
5ae5397b5542992663a4f183,3,True,True,True,False,0,0
5a7126575542994082a3e5da,2,False,False,True,True,0,0
5a86f6fb554299211dda2b6e,4,False,False,True,True,0,0
5a778a2555429949eeb29edf,3,False,False,False,True,0,0
5a8b464955429949d91db521,3,False,False,False,True,0,0
5ae3b1b95542992e3233c44b,2,False,False,False,True,0,0
5ae265045542992decbdcce8,3,False,False,False,True,0,0
5a89f9e255429970aeb701d0,2,True,True,True,False,0,0
5a7fcd4755429969796c1b77,2,False,False,False,True,0,0
5adf67375542993a75d264de,4,False,False,True,True,1,0
5ae158fd5542990adbacf760,2,False,False,True,True,0,0
5abbd2ac5542993f40c73bc0,3,False,False,False,True,0,0
5ac558535542993e66e82323,2,False,False,True,True,0,0
5adc2c9355429947ff173904,2,False,False,True,True,0,0
5ab61e92554299710c8d1e69,2,False,False,False,True,0,0
5ab60e06554299110f2199d0,2,False,False,False,True,0,0
5a8b77cc5542995d1e6f13ab,4,False,False,True,True,0,0
5a7309cc5542992359bc320d,3,False,False,False,True,0,0
5adebdf4554299728e26c7af,2,False,False,False,True,0,0
5abb24ae5542996cc5e49fc1,3,False,False,False,True,0,0
5a8a4af855429930ff3c0d80,2,False,False,True,True,0,0
5ac23fe855429951e9e684e2,2,False,False,True,True,0,0
5abede845542993fe9a41d68,2,False,False,True,True,0,0
5a77854b55429949eeb29ebe,2,False,False,False,True,0,0
5ab823da55429934fafe6cee,2,False,False,True,True,0,0
5ab7630c5542993667793fc8,3,False,False,False,True,0,0
5adf42315542993344016c49,2,False,False,False,False,0,0
5ac417f15542997ea680ca05,3,False,False,False,True,0,0
5a7cd0a355429907fabef043,2,True,True,True,False,0,0
5a790b4055429970f5fffe30,3,False,False,False,True,0,0
5a75f27c55429976ec32bcb3,2,False,False,True,True,0,0
5ae246b95542994d89d5b3b8,2,False,False,True,True,0,0
5a78bbce554299029c4b5e6c,2,False,False,True,True,0,0
5a7b696255429927d897bfba,2,False,False,True,True,0,0
5a8119df55429938b61422c3,3,False,False,False,True,0,0
5a7babd2554299294a54aa88,2,False,False,True,True,0,0
5ae68acc55429908198fa5f8,2,False,False,True,True,0,0
5ade16e755429975fa854e30,2,False,False,True,True,0,0
5adf2af35542993a75d26408,2,False,False,False,True,0,0
5a7c46fe55429935c91b514c,3,False,False,True,True,0,0
5ab3ee9255429969a97a8204,2,False,False,False,True,0,0
5ae3aa485542994393b9e73b,2,False,False,False,True,0,0
5ac0139d5542997d642959ba,2,False,False,False,True,0,0
5a777e3855429949eeb29e7e,2,False,False,False,True,0,0
5a88b35a554299206df2b335,2,False,False,True,True,0,0
5ade51dd554299728e26c6c6,2,False,False,True,True,0,0
5add997e5542997545bbbd84,2,False,False,False,True,0,0
5adf3c5d5542992d7e9f9307,2,False,False,True,True,0,0
5ac12846554299294b2190c2,3,False,False,True,True,0,0
5ae72bdc5542991e8301cb87,2,False,False,True,True,0,0
5abc5783554299700f9d787f,3,False,False,True,True,0,0
5abeb8c15542993fe9a41d28,2,False,False,True,True,0,0
5ab9115655429919ba4e2388,2,False,False,False,True,0,0
5a8f8c075542997ba9cb32b0,2,False,False,True,True,0,0
5a77460955429966f1a36cdc,3,False,False,False,True,0,0
5ab6a2f4554299710c8d1f0a,3,False,False,False,True,0,0
5add13575542992ae4cec451,2,False,False,True,True,0,0
5a7660ce5542992d0ec060c7,2,False,False,False,True,0,0
5abfed195542997d64295948,3,False,False,True,True,0,0
5ade883355429939a52fe8e6,2,True,True,True,False,0,0
5a90335b5542995651fb50f1,2,False,False,True,True,0,0
5a7f994355429969796c1adb,2,False,False,True,True,0,0
5a81307c55429903bc27b93b,3,False,False,True,True,0,0
5abffcab5542990832d3a1e4,2,False,False,True,True,0,0
5a7dfff45542995f4f40237c,2,False,False,False,True,0,0
5a7da5e85542990b8f5039f8,2,False,False,True,True,0,0
5ac3dd335542995c82c4ac60,2,False,False,False,True,0,0
5a8394955542990548d0b1ed,3,False,False,True,True,0,0
5adc68b9554299438c868da6,2,False,False,False,True,0,0
5ab4402d5542991779162c35,4,False,False,False,True,0,0
5ab6d81c554299710c8d1f81,2,False,False,True,True,0,0
5ab990925542996be2020553,3,False,False,True,True,0,0
5ae74456554299572ea547a3,2,False,False,True,True,0,0
5ab29492554299706120965e,2,False,False,False,True,0,0
5a87990d5542994846c1cdac,2,False,False,False,True,0,0
5a7103795542994082a3e4be,2,True,True,True,False,0,0
5a860c0a55429960ec39b613,3,False,False,False,True,0,0
5a7fca2055429969796c1b68,3,False,False,False,True,0,0
5ac3006555429921a00ab0cd,3,False,False,True,True,0,0
5a8b7eeb5542995d1e6f13c2,2,False,False,False,True,0,0
5abe446e5542993f32c2a0d4,3,False,False,False,True,0,0
5ac1c0345542994ab5c67dfe,2,False,False,True,True,0,0
5abd3b9855429924427fcf50,3,False,False,False,True,0,0
5a71838f5542994082a3e860,2,False,False,False,True,0,0
5a7efb175542994959419a99,2,False,False,True,True,0,0
5ab9651255429970cfb8eab4,2,False,False,False,True,0,0
5a77c8df5542995d831812d0,3,True,True,True,False,0,0
5a8db0d4554299068b959dab,2,False,False,True,True,0,0
5a7e0c4e5542997cc2c4750d,2,False,False,True,True,0,0
5ae0211b554299025d62a41d,3,False,False,False,True,0,0
5ade5ad65542997c77adee0e,2,False,False,False,True,0,0
5abf15195542997ec76fd3b0,3,False,False,False,True,0,0
5a8e6e115542990e94052b08,4,False,False,True,True,0,0
5abcd0585542993a06baf96f,2,False,False,True,True,0,0
5adc61f055429947ff173940,2,False,False,False,True,0,0
5ab746b65542992aa3b8c80a,2,False,False,False,True,0,0
5a80e45155429938b6142237,5,False,False,True,True,0,0
5ae72c63554299572ea54756,2,True,True,False,False,0,0
5ade8d4955429939a52fe8f2,2,False,False,True,True,0,0
5ae336ec5542991a06ce995c,2,False,False,True,True,0,0
5add00965542992c1e3a2505,2,False,False,False,True,0,0
5ae389c55542991a06ce99e2,3,False,False,False,True,0,0
5ab78a8555429928e1fe3876,2,False,False,True,True,0,0
5a7bd1a4554299294a54ab11,3,False,False,False,True,0,0
5a74f7db5542996c70cfae5b,2,False,False,True,True,0,0
5a8f90de55429918e830d269,2,False,False,True,True,0,0
5a77d5ae5542995d831812ff,2,False,False,True,True,0,0
5adda9b95542997545bbbd9d,2,False,False,False,True,0,0
5abbef6055429931dba145da,2,False,False,False,True,0,0
5ab7f2fe55429928e1fe3955,4,False,False,False,True,0,0
5a81cf575542990a1d231ed2,2,False,False,False,True,0,0
5a8c467c554299653c1aa013,2,False,False,True,True,0,0
5a736a3c55429901807db039,2,False,False,True,True,0,0
5ae005ae55429925eb1afbe6,3,False,False,True,True,0,0
5ae2ddad55429928c4239510,2,False,False,False,True,0,0
5a83909b5542992ef85e2308,2,False,False,True,True,0,0
5ab58ade5542997d4ad1f175,3,False,False,True,True,0,0
5ae517a755429913cc20458e,4,False,False,True,True,0,0
5a8bb11a5542996e8ac889d9,2,False,False,True,True,0,0
5ae3d0805542992f92d8237c,3,False,False,False,True,0,0
5a7a45405542994f819ef1a6,2,False,False,True,True,0,0
5ab458bc5542990594ba9c03,2,False,False,False,True,0,0
5ae0ca2455429945ae959453,2,False,False,True,True,0,0
5ae5e4d555429929b08079fb,2,False,False,True,True,0,0
5a7100a95542994082a3e4a6,2,False,False,True,True,0,0
5a8efc295542997ba9cb3165,2,True,True,True,False,0,0
5a826bd85542995ce29dcd02,2,False,False,True,True,0,0
5a7654765542992db9473767,2,False,False,False,True,0,0
5ab4975f5542991779162cfd,2,False,False,False,True,0,0
5a906dc65542990a9849364d,2,False,False,False,True,0,0
5ac2c26d554299218029db1e,2,False,False,False,True,0,0
5a8dcc11554299068b959df5,5,False,False,False,True,0,0
5a8ddcf1554299068b959e09,2,False,False,True,True,0,0
5ae2491b554299492dc91c11,2,False,False,True,True,0,0
5a8f50645542992414482a35,2,False,False,False,True,0,0
5ac2aa8c554299657fa29008,2,False,False,False,True,0,0
5a72aee25542994cef4bc3d8,2,False,False,True,True,0,0
5a778fc155429967ab1051fe,2,False,False,False,True,0,0
5ac38ea9554299741d48a293,2,False,False,True,True,0,0
5a7d311e554299452d57bb4e,2,False,False,False,True,0,0
5a8b581c55429949d91db55f,2,True,True,True,False,0,0
5ae72d3c5542991e8301cb9a,2,False,False,False,True,0,0
5ab8f1f45542991b5579f076,2,False,False,False,True,0,0
5ae49c6d55429970de88d9dc,3,False,False,True,True,0,0
5ac0b64a5542992a796ded6b,3,False,False,True,True,1,0
5ac0c2fe554299012d1db62d,3,False,False,False,True,0,0
5a887b63554299206df2b2b3,2,False,False,True,True,0,0
5a7cec1d55429909bec7688c,2,False,False,False,True,0,0
5abaf3245542996cc5e49f2e,4,False,False,False,True,0,0
5ae40d6355429970de88d8c0,2,False,False,False,True,0,0
5a9090c755429933b8a2055c,2,False,False,True,True,0,0
5ade29535542997c77aded88,2,False,False,True,True,0,0
5a8adc8655429950cd6afbbd,2,False,False,True,True,0,0
5ab921dd55429919ba4e23c9,2,False,False,True,True,0,0
5ae532f855429908b6326570,4,False,False,True,True,0,0
5ab6e63d554299110f219a75,2,False,False,True,True,0,0
5ae78dcb554299540e5a55fd,2,False,False,False,True,0,0
5ae75c8f5542997b22f6a6fa,3,False,False,True,True,0,0
5ae70ce1554299572ea54695,2,False,False,True,True,0,0
5abd599f55429924427fcfbc,2,False,False,True,True,0,0
5abe69d055429965af743ef6,2,False,False,True,True,0,0
5a8783865542996e4f30881a,2,False,False,True,True,0,0
5ae22a915542996483e6491a,2,False,False,False,True,0,0
5ac51e4f5542994611c8b3b7,2,True,True,True,False,0,0
5a87edfc55429938390d3eb4,3,False,False,True,True,1,0
5a8f5f4b5542997ba9cb3238,2,False,False,False,True,0,0
5ac2c60f554299657fa29043,2,False,False,True,True,0,0
5ab6a0e355429953192ad340,4,False,False,False,True,0,0
5ab4d3ba5542996a3a969fd2,2,True,True,True,False,0,0
5ac3f8cb5542997ea680c9a1,3,False,False,True,True,0,0
5ac5023c55429924173fb54e,3,False,False,False,True,0,0
5ae0432b55429942ec259c65,2,False,False,True,True,0,0
5ab70000554299110f219a8e,2,True,True,True,False,0,0
5a74620855429979e2882932,2,False,False,False,True,0,0
5ab6f038554299710c8d1fc8,3,True,True,True,False,0,0
5ac135cb5542991316484a81,2,False,False,True,True,0,0
5a836f375542992ef85e22c2,2,False,False,True,True,0,0
5ae66d1b5542992ae0d16345,2,False,False,False,True,0,0
5ae64ea05542992ae0d162c7,2,True,True,True,False,0,0
5add525d5542992200553aa2,2,False,False,True,True,0,0
5a7bcb8e55429927d897c048,4,False,False,False,True,0,0
5ae7e7e85542994a481bbdfb,2,False,False,True,True,0,0
5a90c8c85542995651fb51ef,3,False,False,False,True,0,0
5ab5eab35542992aa134a3dd,2,False,False,True,True,0,0
5a8836c45542994846c1ce30,3,False,False,True,True,1,0
5a8077605542996402f6a53c,2,False,False,True,True,0,0
5abebab95542993fe9a41d37,2,False,False,False,True,0,0
5ade6087554299728e26c6f9,2,True,True,True,False,0,0
5a7aa6d35542995eb53be888,2,False,False,True,True,0,0
5ae25e255542994d89d5b3f9,3,False,False,False,True,0,0
5a72988f5542991f9a20c51f,4,False,False,True,True,0,0
5a735b845542991f29ee2dae,2,False,False,True,True,0,0
5ae339eb5542990afbd1e0e8,2,False,False,False,True,0,0
5a74b56255429974ef308c3a,3,False,False,False,True,0,0
5ab98b2a554299743d22eb66,3,False,False,False,True,0,0
5ae1290b5542997b2ef7d111,2,False,False,False,True,0,0
5ade901655429939a52fe8f7,2,False,False,True,True,0,0
5a7ceb3c5542990527d55542,3,False,False,True,True,0,0
5a8ce6b0554299585d9e375e,2,False,False,True,True,0,0
5adfa443554299025d62a318,2,False,False,False,True,0,0
5a8dcd515542994ba4e3dd20,2,True,True,True,False,0,0
5a77bf1455429967ab10525f,3,False,False,False,True,0,0
5ac26b4c5542992f1f2b38bd,2,False,False,True,True,0,0
5ac1cb7b55429964131be294,2,False,False,True,True,0,0
5a7c3f4355429935c91b5140,2,False,False,False,True,0,0
5a7da50f5542990b8f5039f0,2,False,False,True,True,0,0
5a80e9a455429938b614224d,4,False,False,True,True,0,0
5ac1694155429964131be1da,4,False,False,True,True,1,0
5abd4e8c5542993062266c49,2,False,False,True,True,0,0
5a8a07cc5542992d82986e5d,3,False,False,False,True,0,0
5ae52a0855429908b632652f,2,False,False,True,True,0,0
5a8e0fd855429917b4a5bcff,2,True,True,True,False,0,0
5abeaac85542990832d3a08c,2,False,False,True,True,0,0
5adca7925542990d50227cd2,3,False,False,False,True,0,0
5a88dd8a55429946c8d6e8c4,3,False,False,False,True,0,0
5a84539355429933447460dc,4,False,False,True,True,0,0
5a8eef7c5542990e94052bc7,3,False,False,True,True,0,0
5a811ebf554299260e20a24a,2,False,False,True,True,0,0
5a8353a1554299123d8c20ea,3,False,False,False,True,0,0
5ac3b99f554299657fa2911a,2,False,False,False,True,0,0
5abffc8f554299012d1db554,3,False,False,True,True,0,0
5ae372f25542990afbd1e155,2,False,False,True,True,0,0
5ac3276c5542995ef918c141,2,False,False,True,True,0,0
5ae5023955429960a22e0236,2,False,False,True,True,0,0
5a80f10455429938b6142264,3,False,False,False,True,0,0
5a85267c5542994c784ddb0f,2,False,False,False,True,0,0
5a75f1ef55429976ec32bcb2,3,False,False,True,True,0,0
5ae615cf554299546bf8306c,2,False,False,True,True,0,0
5ab442335542991779162c3d,2,False,False,True,True,0,0
5ae75df15542995703ce8bf7,2,False,False,False,True,0,0
5ae628945542992ae0d16254,4,False,False,False,True,0,0
5a86fad45542991e771816a5,6,False,False,False,True,2,0
5add546c5542992200553ab4,3,False,False,True,True,0,0
5a7ca64355429907fabeefe6,2,False,False,True,True,0,0
5a7ceb7355429909bec76887,2,False,False,False,True,0,0
5ab55e07554299637185c57d,2,False,False,True,True,0,0
5a8d7a5f55429941ae14dfc0,3,False,False,True,True,0,0
5a79125c554299148911f9e2,3,False,False,False,True,0,0
5abe37995542993f32c2a091,2,False,False,False,True,0,0
5abf9aa15542994516f454d3,2,False,False,False,True,0,0
5ac3133f554299741d48a1ad,2,False,False,False,True,0,0
5ae4bfa555429913cc2044f2,2,False,False,False,True,0,0
5a73226655429901807daf87,2,False,False,False,True,0,0
5a794a8e5542994bb9456fe0,3,False,False,False,True,0,0
5ae2796e554299492dc91c26,2,True,True,True,False,0,0
5ae6436b55429908198fa55e,2,False,False,False,True,1,0
5ae77450554299540e5a559c,2,False,False,True,True,0,0
5a8f950a55429918e830d27e,2,False,False,False,True,0,0
5ae3e3385542996836b02be5,2,False,False,True,True,0,0
5a74b6ba55429916b01641ea,3,False,False,False,True,0,0
5adede1a554299728e26c7df,4,False,False,False,True,1,0
5a7727b25542993569682d07,2,False,False,False,True,0,0
5ae4ad685542995dadf243a6,2,False,False,True,True,0,0
5a7b46fc55429927d897bf6e,2,False,False,False,True,0,0
5a7d78915542990b8f50399f,2,False,False,True,True,0,0
5ade2c1155429939a52fe84e,2,False,False,True,True,0,0
5ab5d3cd554299494045f075,2,False,False,False,True,0,0
5a7a16185542994f819ef132,3,False,False,False,True,0,0
5ac2e312554299657fa290b8,3,False,False,True,True,0,0
5ade5f62554299728e26c6f2,5,False,False,True,True,0,0
5a77e2915542995d8318131e,2,True,True,True,False,0,0
5a852b235542997175ce1f96,2,False,False,False,True,0,0
5a8337915542993344745ff2,2,False,False,True,True,0,0
5abd161d55429924427fceef,3,False,False,True,True,1,0
5a8b8d3355429949d91db5dd,2,False,False,False,True,0,0
5ab96ffe5542996be20204ed,2,False,False,True,True,0,0
5adc6d4d55429947ff17395b,2,False,False,True,True,0,0
5ac1124d554299294b219090,2,False,False,True,True,0,0
5a8dcbab554299441c6ba08c,2,False,False,False,True,0,0
5a84ab245542997b5ce3ff03,3,False,False,False,True,0,0
5adfd3bb55429925eb1afaa6,3,False,False,True,True,0,0
5a7fa2f255429969796c1b03,2,False,False,False,True,0,0
5a7e767655429949594199c6,3,False,False,True,True,0,0
5abd5d0a55429924427fcfc2,2,False,False,True,True,0,0
5a76258b5542992d0ec0602b,2,False,False,False,True,0,0
5adead9055429975fa854f68,3,False,False,False,True,0,0
5a7140785542994082a3e6fd,2,False,False,True,True,0,0
5a72b21f5542991f9a20c56e,2,False,False,True,True,0,0
5a89bf8e5542992e4fca83b5,4,False,False,False,True,0,0
5abff9b35542994516f45563,2,False,False,True,True,0,0
5abeb6565542993fe9a41d10,4,False,False,True,True,0,0
5ac29f7e55429967731025c2,2,False,False,False,True,0,0
5a7789615542997042120a9b,2,False,False,True,True,0,0
5a713c305542994082a3e6c1,2,False,False,False,True,0,0
5ab1edbf554299449642c80d,2,False,False,True,True,0,0
5a80504b5542996402f6a4b3,4,False,False,False,True,0,0
5ab8030e55429936677940a2,2,False,False,False,True,0,0
5a83c9335542996488c2e4cc,3,False,False,True,True,0,0
5adbdeed554299438c868cbb,3,False,False,False,True,0,0
5a7b8c2c55429927d897bfe9,2,False,False,True,True,0,0
5ae61472554299546bf83069,2,False,False,True,True,0,0
5a88616b55429938390d3f2f,2,False,False,True,True,0,0
5abef9d75542994516f4548b,2,False,False,True,True,0,0
5ab29500554299194fa93410,2,False,False,True,True,0,0
5a90677455429933b8a2051d,2,False,False,False,True,0,0
5abd0bfa5542996e802b46b9,2,False,False,False,True,0,0
5ab5f68c554299110f21999a,2,False,False,False,True,0,0
5ae342935542992e3233c345,3,False,False,True,True,0,0
5ae7ca245542994a481bbdde,2,False,False,False,True,0,0
5ae358865542991a06ce999b,2,False,False,True,True,0,0
5ab1deef554299449642c7ee,3,False,False,True,True,0,0
5a7a213c5542990783324e76,2,True,True,True,False,0,0
5ae0243b55429925eb1afc21,2,False,False,False,True,0,0
5aba984c55429955dce3ee98,2,False,False,False,True,0,0
5a79541255429970f5fffe9f,4,False,False,False,True,0,0
5a8e365f5542995085b373e1,2,False,False,True,True,0,0
5ae20f8f5542997283cd239b,2,False,False,True,True,0,0
5abbb2b45542996606241721,2,False,False,False,True,0,0
5ab727c25542993667793f56,2,False,False,True,True,0,0
5ae56b3155429960a22e02f7,3,False,False,False,True,0,0
5ab6e12d5542995eadef00d9,2,False,False,True,True,0,0
5ab6edb1554299710c8d1fbf,3,False,False,True,True,0,0
5a7b16585542992d025e6756,2,False,False,True,True,0,0
5ac2e424554299218029db8f,2,False,False,False,True,0,0
5ac17ca05542994d76dcce74,2,False,False,True,True,0,0
5ae234bb5542992decbdcc5c,3,False,False,False,True,0,0
5add42445542995b365faade,2,False,False,True,True,0,0
5a7f427c5542992e7d278ccf,4,False,False,False,True,0,0
5ac21b235542991316484bef,2,True,True,True,False,0,0
5ae2c1be554299492dc91c5f,2,False,True,True,False,0,0
5abd9a625542992ac4f382db,2,False,False,True,True,0,0
5a80029c5542995d8a8ddf40,2,False,False,False,True,0,0
5adf4d1d5542995534e8c77f,2,False,False,False,True,0,0
5ab30a72554299166977418d,4,False,False,False,True,0,0
5ae7ee9c5542994a481bbe3b,3,False,False,False,True,0,0
5ac2b3f155429921a00ab03d,2,False,False,True,True,0,0
5ae081ec55429924de1b70ed,2,False,False,True,True,0,0
5add55f45542990dbb2f7e37,2,False,True,True,False,0,0
5adbc6c55542996e68525229,3,False,False,True,True,0,0
5adf884a554299025d62a2a9,3,False,False,False,True,0,0
5ae1d1515542997f29b3c137,2,False,False,True,True,0,0
5abaf86c55429939ce03dd7d,4,False,False,True,True,0,0
5add02155542994d58a2f736,2,False,False,False,True,0,0
5ac50f2a55429924173fb58f,2,False,False,False,True,0,0
5ab5fbec554299110f2199ac,2,False,False,True,True,0,0
5ab93352554299131ca422b9,2,False,False,True,True,0,0
5a88da0c5542993b751ca883,3,False,False,True,True,1,0
5a7cbc955542990527d5551c,2,False,False,True,True,0,0
5ae46bb45542996836b02c9c,5,False,False,True,True,0,0
5a74d39855429974ef308c77,2,False,False,True,True,0,0
5ac2a36d554299657fa28ffb,2,False,False,False,True,0,0
5a88d5c35542993b751ca86f,2,False,False,False,True,0,0
5ac29841554299657fa28fc6,2,False,False,False,True,0,0
5a8790825542996e4f308843,2,False,False,True,True,0,0
5ab588445542992aa134a34e,2,False,False,True,True,0,0
5a7b620955429927d897bfa2,2,False,False,True,True,0,0
5a851b635542997175ce1f80,4,False,False,False,True,0,0
5ae36cf75542992f92d822bf,2,False,False,True,True,0,0
5a8b3fac5542995d1e6f1321,2,False,False,False,True,0,0
5abf08195542993fe9a41dc5,2,False,False,True,True,0,0
5a800c9a5542992bc0c4a691,3,False,False,True,True,0,0
5a8e4d025542990e94052abb,2,False,False,False,True,0,0
5a79cc8a5542994bb94570b9,2,False,False,True,True,0,0
5abdc88e5542993f32c2a054,3,False,False,False,True,0,0
5a84b6df5542991dd0999da9,2,True,True,True,False,0,0
5a831ada55429954d2e2ec1d,2,False,False,True,True,0,0
5ae1f43f554299234fd04368,2,False,False,True,True,0,0
5ab72ba05542993667793f64,2,False,False,False,True,0,0
5ac3ae6c5542995ef918c1e6,3,False,False,False,True,0,0
5ae10f5f55429901ffe4ad39,2,True,True,True,False,0,0
5a75fc8a55429976ec32bce0,2,False,False,False,True,0,0
5adff1c555429925eb1afb61,2,False,False,False,True,0,0
5adf59a55542993344016c5a,4,False,False,False,True,0,0
5abb09055542996cc5e49f64,2,False,False,True,True,0,0
5ae440b35542995dadf24301,2,False,False,False,True,0,0
5a8b1dd65542996c9b8d5fa6,2,False,False,False,True,0,0
5ae0a4fd5542993d6555ebda,2,False,False,False,True,0,0
5ae2a2bb554299495565daf7,2,False,False,True,True,1,0
5ab8bc055542991b5579efed,3,False,False,True,True,0,0
5ae145f8554299422ee99657,3,False,False,False,True,0,0
5ab5d58b554299488d4d9a43,3,False,False,True,True,0,0
5ade84af55429975fa854ee7,2,False,False,False,True,0,0
5a8a2e5255429930ff3c0cdf,4,False,False,True,True,0,0
5a7cad4a55429935c91b5296,3,False,False,False,True,0,0
5abfc0855542994516f454ee,2,False,False,True,True,0,0
5ae4a1305542995dadf24381,2,False,False,True,True,1,0
5adc8e4f554299438c868df6,2,False,False,True,True,0,0
5a80b1eb5542992bc0c4a7b1,3,False,False,False,True,0,0
5ae698985542996d980e7c33,2,False,False,True,True,0,0
5ab8024f5542990e739ec7ce,2,False,False,True,True,0,0
5a790b30554299148911f9cf,2,False,False,True,True,0,0
5ae6ac715542995703ce8b8c,2,False,False,True,True,0,0
5ae3500f5542992f92d82279,2,False,False,False,True,0,0
5ae476e555429970de88d974,3,False,False,False,True,0,0
5a8e77f55542995085b37433,3,False,False,True,True,0,0
5a77afb655429967ab10522e,3,False,False,True,True,0,0
5ae4789455429913cc204478,3,False,False,False,True,1,0
5a82a0fc55429954d2e2eb87,4,False,False,False,True,0,0
5a8a078d554299515336134e,2,False,False,False,True,0,0
5a7bee3e5542990527d5542b,4,False,False,True,True,0,0
5a71751d5542994082a3e841,2,False,False,True,True,0,0
5ab29b28554299194fa93442,3,False,False,False,True,0,0
5ae52ea65542992663a4f13e,3,False,False,False,True,0,0
5ae088d25542993d6555eba4,2,False,False,True,True,0,0
5ab8f17f55429934fafe6e1e,2,False,False,True,True,0,0
5a8e03ab5542995a26add45a,3,False,False,True,True,0,0
5abf18545542997ec76fd3bb,2,False,False,True,True,0,0
5ab260e25542993be8fa98f3,2,False,False,False,True,0,0
5a7cab2b554299683c1c6331,2,False,False,False,True,0,0
5adde36d5542997dc790708e,3,False,False,False,True,0,0
5ae0000455429942ec259bcc,2,False,False,True,True,0,0
5ab881c155429934fafe6e05,4,False,False,True,True,0,0
5ae771cb5542997b22f6a76d,3,False,False,True,True,0,0
5ae5545555429908b63265df,3,False,False,True,True,0,0
5aba5c5f554299232ef4a2b6,2,False,False,True,True,0,0
5a886d53554299206df2b264,2,False,False,True,True,0,0
5adf83985542993344016cad,3,False,False,False,True,0,0
5abda6625542993062266cda,3,False,True,True,False,0,0
5ac2736b55429963665199bd,3,False,False,True,True,0,0
5abaf72855429939ce03dd7b,3,False,False,True,True,0,0
5ae77703554299540e5a55b0,2,False,True,True,False,1,0
5add83115542997545bbbd58,2,False,False,False,True,0,0
5a75027b5542993748c89796,2,False,False,True,True,0,0
5ab4f5a15542991779162d33,2,False,False,False,True,0,0
5ae207945542994d89d5b316,2,False,False,True,True,0,0
5a8119b655429903bc27b927,4,False,False,True,True,0,0
5a7a858d55429941d65f2685,2,False,False,False,True,0,0
5a80bff65542992bc0c4a812,2,True,True,True,False,0,0
5ac12da65542994d76dccd9f,2,True,True,True,False,0,0
5a813d5355429903bc27b955,2,False,False,True,True,0,0
5ae50f5355429908b6326502,2,False,False,False,True,0,0
5ab3f1575542992339550000,2,True,True,True,False,0,0
5a844f5755429933447460cf,3,False,False,True,True,0,0
5adbfe855542996e6852529f,2,False,False,True,True,0,0
5ae342525542990afbd1e0fb,2,False,False,True,True,0,0
5a78f0f4554299148911f9b5,3,False,False,True,True,0,0
5ae81a0855429952e35eaa18,2,False,False,True,True,0,0
5ae510e655429908b6326509,2,False,False,True,True,0,0
5ae740675542997b22f6a634,2,False,False,True,True,0,0
5a847e4e5542990548d0b2c4,3,False,False,False,True,0,0
5abbc7c6554299642a094b49,2,False,False,True,True,0,0
5ac036935542997d642959e5,2,False,False,False,True,0,0
5a7f6acc55429969796c1a43,2,False,False,False,True,0,0
5a86ee14554299211dda2b55,2,False,False,False,True,0,0
5ac1bbca5542991316484bb2,3,False,False,True,True,0,0
5adfe72a554299025d62a37b,3,False,False,False,True,0,0
5ab556275542992aa134a2b1,2,False,False,True,True,0,0
5ab866da55429919ba4e22dd,2,False,False,False,True,1,0
5a84e7ff5542991dd0999e1d,2,False,False,False,True,0,0
5ae7cd805542994a481bbde8,2,False,False,False,True,0,0
5a8b57db55429949d91db55d,2,False,False,True,True,0,0
5ae0d7b2554299603e41846f,2,False,False,False,True,0,0
5a83cd6a554299123d8c21bd,2,False,False,False,True,0,0
5ac1edc35542991316484bcb,2,True,True,False,False,0,0
5a80868a5542992bc0c4a74f,2,False,False,False,True,0,0
5ab660eb55429954757d326f,3,False,False,False,True,0,0
5a73c3b555429905862fe0b6,2,False,False,True,True,0,0
5ab966a55542996be20204c6,2,False,False,False,True,0,0
5adf26475542993344016bfd,3,False,False,True,True,0,0
5a8fb38755429918e830d2b3,2,False,False,True,True,0,0
5a7f5dde5542994857a76706,2,False,False,False,True,0,0
5a78ebfd55429974737f7901,2,False,False,False,True,0,0
5a825072554299676cceb258,2,False,False,True,True,0,0
5a7c972255429935c91b5248,3,False,False,True,True,0,0
5a79b381554299148911fa39,2,False,False,True,True,0,0
5ae05c8455429924de1b70b3,2,False,False,False,True,0,0
5a8b7a885542995d1e6f13b3,2,False,False,True,True,0,0
5a7d01ff55429909bec768ed,2,False,False,True,True,0,0
5ae525dd5542990ba0bbb1cf,4,False,False,False,True,0,0
5ae54a0555429908b63265c9,3,False,False,False,True,0,0
5abba5dc554299642a094afd,2,False,False,False,True,0,0
5a8d54b85542994ba4e3dc74,3,False,True,True,False,0,0
5abd717d55429933744ab7dc,4,False,False,False,True,0,0
5add0f6d5542992c1e3a252e,3,False,False,True,True,0,0
5ab9a052554299131ca423ac,2,False,False,True,True,0,0
5a8b28fa55429949d91db4d3,2,False,False,True,True,0,0
5a79289c554299029c4b5f0f,2,True,True,True,False,0,0
5a773acf55429966f1a36cb4,3,False,False,False,True,0,0
5a7590075542992d0ec05fb8,2,True,True,True,False,0,0
5ae4740d55429913cc20446e,4,False,False,False,True,0,0
5a777d8055429949eeb29e76,2,False,False,True,True,0,0
5ab53ead554299494045ef55,2,False,False,True,True,0,0
5a7eaa6e55429930675135c2,2,False,False,False,True,0,0
5a89da5c5542992e4fca83ee,2,False,False,True,True,0,0
5ae00c7755429942ec259c09,4,True,True,True,False,0,0
5ac539415542994611c8b43b,2,False,False,False,True,0,0
5ab1e19a5542993be8fa986b,2,False,False,True,True,0,0
5a777b6f55429967ab1051be,2,False,False,False,True,0,0
5ac1a97b55429963665198d7,2,False,False,True,True,0,0
5a7bf35d5542996dd594b866,2,False,False,False,True,0,0
5a7a5c7f5542996c55b2dd7b,3,False,False,False,True,0,0
5a7e6f025542991319bc94b0,2,False,False,False,True,0,0
5ab7bb6455429928e1fe38bc,2,False,False,False,True,0,0
5abbd98655429931dba145a4,2,False,False,True,True,0,0
5abb00c45542992ccd8e7eaa,2,False,False,True,True,0,0
5ab3a13f5542992ade7c6df8,2,False,False,True,True,0,0
5a8bb88f5542996e8ac88a00,2,False,False,False,True,0,0
5a75cb5b5542992db94736bf,3,False,False,True,True,1,0
5ab26471554299340b5254b0,2,False,False,True,True,0,0
5a83057755429966c78a6aed,3,False,False,False,True,0,0
5ae7f9105542993210983fe7,2,False,False,True,True,0,0
5a7361bf55429901807db01c,2,False,False,False,True,0,0
5a7d204c55429909bec7696f,2,False,False,True,True,0,0
5ae14f595542990adbacf746,2,True,True,True,False,0,0
5a8db7f9554299068b959dd9,3,False,False,True,True,0,0
5adcfff15542994d58a2f72d,2,True,True,True,False,0,0
5ae63ada5542992ae0d16292,2,False,False,False,True,0,0
5ab3091b55429976abd1bc31,2,False,False,False,True,0,0
5abed46e5542990832d3a0dc,2,False,False,True,True,0,0
5adf9b675542995534e8c80e,2,False,False,False,True,0,0
5abd2aa35542992ac4f381fb,4,False,False,True,True,0,0
5ae7fd6f554299321098400b,2,True,True,True,False,0,0
5a7a07215542996c55b2dcdf,2,False,False,False,True,0,0
5a77362e5542994aec3b7228,2,False,False,True,True,0,0
5a770cdb55429937353601b7,2,False,False,True,True,0,0
5abbfbeb55429965836003d0,4,False,False,True,True,0,0
5a7c1e815542996dd594b890,2,False,False,False,True,0,0
5abde54e5542991f66106098,2,True,True,True,False,0,0
5ab600d35542992aa134a3fd,2,False,False,True,True,0,0
5ac16eb355429964131be1f5,2,False,False,False,True,0,0
5a7b8caa554299042af8f781,3,False,False,False,True,0,0
5a7fa60d5542995d8a8ddede,2,False,False,True,True,0,0
5adcb9fb5542994734353781,2,False,False,False,True,0,0
5aba75f65542994dbf01992a,2,False,False,False,True,0,0
5a764f165542992d0ec0609b,2,False,False,False,True,0,0
5ac118d35542992a796dede1,2,False,False,False,True,0,0
5ac4f2b75542996feb3fe999,2,False,False,False,True,0,0
5a8fc37c5542990a98493563,2,False,True,True,False,0,0
5ac4f0195542991943173a05,3,False,False,False,True,0,0
5a879f5d5542993e715abfc6,3,False,False,True,True,0,0
5ae20741554299234fd043b5,2,False,False,True,True,1,0
5a770c7555429937353601b6,3,False,False,False,True,0,0
5a8664f955429960ec39b68c,2,True,True,True,False,0,0
5a7f53325542992097ad2f14,2,False,False,False,True,0,0
5ac198dc55429964131be24b,3,False,False,True,True,0,0
5abebea45542997719eab5b1,4,False,False,False,True,0,0
5a7638cd554299109176e6bb,4,False,False,False,True,0,0
5a89e81655429946c8d6ea07,2,False,False,True,True,0,0
5abeddf35542990832d3a107,3,False,False,False,True,0,0
5a802d3a5542992bc0c4a6c1,2,False,False,False,True,0,0
5a79de325542994bb945710a,2,False,False,True,True,0,0
5a8cd9cc55429941ae14df13,3,False,False,True,True,0,0
5ae15dba5542990adbacf772,2,False,False,True,True,0,0
5a72d4b65542991f9a20c5b3,2,False,False,False,True,0,0
5ac2c14e5542990b17b1547f,2,True,True,True,False,0,0
5a84ebc05542994c784dda86,3,False,False,True,True,0,0
5ae490525542995ad6573d98,2,False,False,False,True,0,0
5ac3ad915542995ef918c1df,2,False,False,True,True,0,0
5ae4778255429913cc204474,2,False,False,False,True,0,0
5a807f6c554299485f59862a,3,False,False,False,True,0,0
5ae05f4f55429924de1b70c7,2,False,False,False,True,0,0
5a8da5c355429941ae14dffe,3,False,False,True,True,0,0
5a8a33695542992d82986ef6,2,False,False,False,True,0,0
5a77516855429966f1a36cf5,3,False,False,True,True,0,0
5aba5f9f55429901930fa79d,2,False,False,False,True,0,0
5a90493255429916514e7462,4,False,False,False,True,0,0
5ab9836d554299131ca42355,2,False,False,True,True,0,0
5abfb1885542990832d3a1ac,2,False,False,True,True,0,0
5adef1ae5542993a75d263ae,2,True,True,True,False,0,0
5a73851255429908901be2e0,2,False,False,False,True,0,0
5ac311e05542995ef918c0e1,4,False,False,False,True,0,0
5ae6d5bc5542991bbc976182,3,False,False,True,True,0,0
5ab93ada554299131ca422d4,3,False,False,False,True,0,0
5a7aa0c555429941d65f2704,2,False,False,True,True,0,0
5a7333ee5542994cef4bc4b9,3,False,False,True,True,0,0
5ae21c5c554299495565da08,2,False,False,True,True,0,0
5ab96fcd55429970cfb8eaeb,3,False,False,True,True,0,0
5a7f705a5542995d8a8dde6f,2,False,False,False,True,0,0
5ac5190d5542996feb3fe9f8,2,False,False,True,True,1,0
5adf2d715542993344016c0e,2,False,False,False,True,0,0
5adfb96555429942ec259b17,2,False,False,True,True,0,0
5abc2e77554299114383a0f7,2,False,False,False,True,0,0
5a8845a055429938390d3f14,2,False,False,True,True,0,0
5ae69e1c55429908198fa665,4,False,False,False,True,0,0
5a7a5c9f5542990783324f2a,2,False,False,True,True,0,0
5a821ea25542995ce29dccb5,3,False,False,True,True,0,0
5adc7c205542994d58a2f612,2,False,False,True,True,0,0
5adcc9fb55429947343537a1,4,False,False,True,True,0,0
5a84c6b15542991dd0999df5,3,False,False,False,True,0,0
5ac3037855429921a00ab0d8,4,False,False,True,True,0,0
5a8e4be055429917b4a5bd84,3,False,False,True,True,0,0
5ac26d565542992f1f2b38c2,2,False,False,True,True,0,0
5a8a5dc355429970aeb702c6,2,True,True,True,False,0,0
5ae7048e554299572ea54685,3,False,False,True,True,0,0
5ac2e338554299657fa290b9,2,False,False,True,True,0,0
5ab31f5e554299753aec5947,2,False,False,False,True,0,0
5a79f3755542996c55b2dcaf,3,False,False,True,True,0,0
5adbffcf5542994650320c38,2,False,False,True,True,0,0
5a7d4ab75542997cc2c4744c,2,False,False,True,True,0,0
5a78dd77554299029c4b5ebb,2,False,False,True,True,0,0
5abee2c85542993fe9a41d76,3,False,False,True,True,0,0
5ab40ea6554299753aec5a29,2,False,False,True,True,0,0
5adc0dfb554299438c868d15,3,False,False,True,True,0,0
5a89f85c55429946c8d6ea29,2,False,False,False,True,0,0
5ae6a06f5542995703ce8b7b,2,False,False,True,True,0,0
5ae05cef55429945ae95934a,2,False,False,False,True,0,0
5ade580f5542992fa25da75b,2,False,False,True,True,0,0
5ac1338d55429964131be187,2,False,False,True,True,0,0
5ab2812d5542993be8fa9935,3,False,False,False,True,0,0
5a8ee0655542995a26add544,2,False,False,False,True,0,0
5ac52fe85542994611c8b404,2,False,False,True,True,0,0
5a7a638455429941d65f260c,3,False,False,True,True,0,0
5a85c7775542997175ce2017,2,False,False,False,True,0,0
5ac2c0d0554299657fa2902e,2,False,False,True,True,0,0
5ae664e855429908198fa5bc,3,False,False,False,True,0,0
5ab601ff554299710c8d1e50,2,True,True,True,False,0,0
5a89d5ea554299669944a5be,2,False,False,False,True,0,0
5a8d7ad355429941ae14dfc4,2,False,False,True,True,0,0
5a801cde554299485f59856d,4,False,False,True,True,0,0
5a81fba555429926c1cdadcf,2,False,False,True,True,0,0
5a7ff71955429969796c1b8c,3,False,False,False,True,0,0
5a7628fa55429976ec32bd2f,2,True,True,False,False,0,0
5ac4fd3755429924173fb53f,4,False,False,False,True,1,0
5adcf5d855429947343537d9,3,True,True,True,False,0,0
5a8c6bac554299653c1aa05f,2,False,False,False,True,0,0
5ac540a95542993e66e82267,2,False,False,True,True,0,0
5adfe594554299025d62a378,3,False,False,False,True,0,0
5ab400df55429976abd1bd25,2,False,False,True,True,0,0
5a7caf1455429935c91b529d,3,False,False,True,True,0,0
5ade4eee5542997c77adede9,2,False,False,True,True,0,0
5ae1ab8e554299492dc91b5e,2,False,False,False,True,0,0
5a7ff5135542994857a7686f,2,False,False,False,True,0,0
5a8ee2ad55429917b4a5bdfe,2,False,False,True,True,0,0
5a8c94d1554299585d9e36f1,3,False,False,True,True,0,0
5ae1591b554299422ee99666,2,False,False,True,True,0,0
5abb97a5554299642a094ab2,2,False,False,False,True,1,0
5a80d24e554299260e20a17a,2,False,False,False,True,0,0
5a837f425542993344746022,2,False,False,False,True,0,0
5ae5d5df554299546bf82f94,2,False,False,True,True,0,0
5ade48705542997c77adedcd,3,False,False,False,True,1,0
