qid,title,sent_chars,n_chunks_strict,n_chunks_quoted,best_token_containment,token_margin,token_unique,short,adjacent_chunks,n_title_chunks
5ab381b155429969a97a816b,Zilpo Road,94,0,0,0.6111,0.3333,False,False,False,2
5ab381b155429969a97a816b,"Morehead, Kentucky",150,1,1,1.0,0.625,True,False,False,21
5ae6038155429929b0807a55,Funnybot,164,0,0,0.9615,0.5769,True,False,False,15
5ae6038155429929b0807a55,South Park (season 10),143,0,1,1.0,0.7083,True,False,False,3
5ab292e4554299545a2cf993,Royal Spa Centre,61,1,1,1.0,0.6,True,False,False,4
5ab292e4554299545a2cf993,Royal Spa Centre,134,0,0,0.9565,0.7391,True,False,False,4
5ab292e4554299545a2cf993,Anthony Eden,247,0,0,0.7692,0.359,False,False,False,137
5ab3dad4554299753aec59cb,"Hot Coffee, Mississippi",94,1,1,1.0,0.5833,True,False,False,4
5ab3dad4554299753aec59cb,"Hot Coffee, Mississippi",60,1,1,1.0,0.8,True,False,False,4
5ab3dad4554299753aec59cb,"Collins, Mississippi",66,1,1,1.0,0.4,True,False,False,23
5ab3dad4554299753aec59cb,"Collins, Mississippi",44,1,1,1.0,0.5,True,False,False,23
5ae4ba9255429913cc2044e6,Bunkhouse Stampede (1988),267,0,0,0.9355,0.5806,True,False,False,15
5ae4ba9255429913cc2044e6,Bunkhouse Stampede (1988),107,0,0,1.0,0.7059,True,False,False,15
5ae4ba9255429913cc2044e6,"Uniondale, New York",161,0,0,0.9231,0.5,True,False,False,15
5ae753b75542997b22f6a6db,Jayantabhai Ki Luv Story,63,1,1,1.0,0.7273,True,False,False,6
5ae753b75542997b22f6a6db,Neha Sharma,76,0,0,0.6923,0.3846,False,False,False,5
5ae753b75542997b22f6a6db,Neha Sharma,181,1,1,1.0,0.7917,True,False,False,5
5ac0551b5542997d64295a07,"St James Street, Monmouth",90,1,1,1.0,0.2143,True,False,False,10
5ac0551b5542997d64295a07,"St James Street, Monmouth",138,1,1,1.0,0.1818,True,False,False,10
5ac0551b5542997d64295a07,John Speed,83,0,0,1.0,0.4286,True,False,False,60
5ac0551b5542997d64295a07,John Speed,59,0,0,0.5,0.0,False,False,False,60
5a81fab9554299676cceb1b1,Nathaniel Fillmore,157,0,0,1.0,0.5455,True,False,False,10
5a81fab9554299676cceb1b1,Millard Fillmore,173,0,0,0.8519,0.2593,True,False,False,86
5ab6ef2f554299710c8d1fc5,"Lindenhurst, New York",129,1,1,1.0,0.55,True,False,False,24
5ab6ef2f554299710c8d1fc5,"Suffolk County, New York",108,0,0,0.8333,0.0,False,False,False,63
5a78d1bd55429974737f78bd,Kerrygold Irish Cream Liqueur,137,1,1,1.0,0.4091,True,False,False,7
5a78d1bd55429974737f78bd,Ornua,235,0,0,0.9032,0.6452,True,False,False,7
5abd40585542993062266c3e,"West Ridge, Accra",79,0,0,0.9091,0.4545,True,False,False,3
5abd40585542993062266c3e,"North Ridge, Accra",133,0,0,1.0,0.7333,True,False,False,2
5abd40585542993062266c3e,"North Ridge, Accra",84,1,1,1.0,0.3636,True,False,False,2
5ab2b89d554299166977406e,Cardwellia,168,0,0,0.619,0.2381,False,False,False,13
5ab2b89d554299166977406e,Ochagavia,83,0,0,0.9091,1.0,True,False,False,1
5ab2b89d554299166977406e,Ochagavia,75,1,1,1.0,1.0,True,False,False,1
5ab2b89d554299166977406e,Ochagavia,129,1,1,1.0,1.0,True,False,False,1
5a903a4855429933b8a204a9,Fanny Talbot,147,1,1,1.0,0.5714,True,False,False,8
5a903a4855429933b8a204a9,John Ruskin,206,0,0,0.6552,0.2069,False,False,False,210
5a7fb04d55429969796c1b24,Let's Cheers to This,100,0,0,0.8889,0.3333,True,False,False,6
5a7fb04d55429969796c1b24,Sleeping with Sirens,113,0,0,1.0,0.7059,True,False,False,18
5ae3e9995542995dadf24247,New Democratic Party,120,0,0,0.5,0.0455,False,False,False,46
5ae3e9995542995dadf24247,Jagmeet Singh,196,0,0,0.8,0.32,True,False,False,62
5aba7995554299232ef4a2e2,Nakayama Miho no Tokimeki High School,71,1,1,1.0,0.5,True,False,False,5
5aba7995554299232ef4a2e2,Nobuo Uematsu,182,0,0,0.6296,0.0741,False,False,False,16
5ae33c6b5542992f92d82263,Wayne's World (film),143,0,0,1.0,0.84,True,False,False,43
5ae33c6b5542992f92d82263,Chris Farley,204,0,0,0.9677,0.4516,True,False,False,31
5ac3231a5542995ef918c11a,Eme 15,176,0,0,1.0,0.4444,True,False,False,14
5ac3231a5542995ef918c11a,Miss XV,140,0,0,0.9091,0.2727,True,False,False,20
5a8d6edd554299441c6b9fdd,Wichita City Carnegie Library Building,169,1,1,1.0,0.7273,True,False,False,4
5a8d6edd554299441c6b9fdd,Wichita City Carnegie Library Building,66,1,1,1.0,0.4167,True,False,False,4
5a8d6edd554299441c6b9fdd,"Sedgwick County, Kansas",64,0,0,1.0,0.4,True,False,False,19
5a80b5ba554299260e20a138,The Individualism of Gil Evans,145,1,1,1.0,0.6667,True,False,False,6
5a80b5ba554299260e20a138,The Individualism of Gil Evans,177,1,1,1.0,0.84,True,False,False,6
5a80b5ba554299260e20a138,Kurt Weill,159,0,0,1.0,0.6,True,False,False,53
5adf54605542993a75d264c6,Miloš Forman,196,0,0,0.7037,0.3333,False,False,False,33
5adf54605542993a75d264c6,Alex Cox,221,0,0,0.6,0.2667,False,False,False,26
5a764341554299109176e6e9,"Girard, Kansas",82,1,1,1.0,0.2857,True,False,False,29
5a764341554299109176e6e9,"Crawford County, Kansas",56,0,0,0.7,0.0,False,False,False,25
5ab82bb955429916710eb00a,Charles Blake (surgeon),151,1,1,1.0,0.7692,True,False,False,2
5ab82bb955429916710eb00a,34th (Cumberland) Regiment of Foot,123,1,1,1.0,0.1176,True,False,False,12
5ac1353255429964131be192,Rage (Attila album),71,0,0,0.75,0.4167,False,False,False,2
5ac1353255429964131be192,Attila (metalcore band),75,0,0,0.9167,0.4167,True,False,False,37
5a877a9e5542993e715abf62,Skyler Day,141,0,1,1.0,0.3333,True,False,False,7
5a877a9e5542993e715abf62,TeenNick,199,0,0,0.4444,0.037,False,False,False,23
5a80a3205542992bc0c4a792,These Days (Foo Fighters song),133,0,0,0.9,0.6,True,False,False,3
5a80a3205542992bc0c4a792,These Days (Foo Fighters song),77,0,0,0.9231,0.8462,True,False,False,3
5a80a3205542992bc0c4a792,Wasting Light,77,0,0,1.0,0.2308,True,False,False,28
5a80a3205542992bc0c4a792,Wasting Light,196,0,0,0.7333,0.2,False,False,False,28
5ac1cfe05542994d76dcceea,Marcia Wallace,247,0,0,0.9722,0.5556,True,False,False,16
5ac1cfe05542994d76dcceea,Edna Krabappel,128,0,0,0.7727,0.0909,False,False,False,16
5ac5093055429924173fb574,Brothers Quay,137,0,0,1.0,0.6111,True,False,False,64
5ac5093055429924173fb574,Brothers Quay,125,0,0,0.8421,0.1053,True,False,False,64
5ac5093055429924173fb574,Alexandra Shiva,68,0,0,0.9,0.4,True,False,False,8
5ac5093055429924173fb574,Alexandra Shiva,158,0,1,1.0,0.3333,True,False,False,8
5a74742655429979e2882958,(Till) I Kissed You,78,0,0,1.0,0.5,True,False,False,3
5a74742655429979e2882958,(Till) I Kissed You,86,0,0,0.9444,0.3333,True,False,False,3
5a74742655429979e2882958,The Everly Brothers,148,0,0,0.9545,0.2273,True,False,False,51
5ab8873155429934fafe6e10,Portrait of Wally,160,1,1,1.0,0.4444,True,False,False,15
5ab8873155429934fafe6e10,Egon Schiele,74,0,0,1.0,0.5833,True,False,False,37
5ab8873155429934fafe6e10,Egon Schiele,92,0,0,0.8,0.2667,True,False,False,37
5ab8873155429934fafe6e10,Egon Schiele,139,0,0,0.9444,0.4444,True,False,False,37
5add16f45542990d50227dd4,Allkpop,144,0,0,0.7727,0.5455,False,False,False,3
5add16f45542990d50227dd4,"Edgewater, New Jersey",98,0,0,1.0,0.25,True,False,False,66
5ae78e11554299540e5a55ff,Moment by Moment (song),137,0,1,1.0,0.6111,True,False,False,3
5ae78e11554299540e5a55ff,Lily Tomlin,112,1,1,1.0,0.5882,True,False,False,50
5abc095b55429965836003f8,Dumb Flesh,118,0,0,0.8235,0.2941,True,False,False,4
5abc095b55429965836003f8,Blanck Mass,128,0,0,0.7619,0.1905,False,False,False,25
5a72b5dd5542991f9a20c57b,Aurela Gaçe,185,0,1,1.0,0.4444,True,False,False,7
5a72b5dd5542991f9a20c57b,Kënga Magjike,78,0,0,0.5385,0.0769,False,False,False,9
5a7e0ddf5542995f4f4023ca,"Unman, Wittering and Zigo (film)",147,0,0,0.9048,0.6667,True,False,False,10
5a7e0ddf5542995f4f4023ca,Tony Haygarth,114,0,0,0.9444,0.6111,True,False,False,11
5ac3540b554299741d48a24e,Pablo Aurrecochea,142,0,0,0.9545,0.6818,True,False,False,3
5ac3540b554299741d48a24e,Krusty the Clown,193,0,0,0.913,0.3913,True,False,False,25
5ac3540b554299741d48a24e,Krusty the Clown,33,1,1,1.0,0.3333,True,True,False,25
5a7c2ce05542990527d5546f,Bookchase,56,0,0,1.0,0.5,True,False,False,7
5a7c2ce05542990527d5546f,San Marco (board game),76,1,1,1.0,1.0,True,False,False,1
5ac4114e554299204fd21eef,Otryadyn Gündegmaa,211,1,1,1.0,1.0,True,False,False,1
5ac4114e554299204fd21eef,1996 Summer Olympics,254,0,0,0.8333,0.3333,True,False,False,48
5adccbae5542990d50227d26,Janie Jones (film),80,0,0,0.8571,0.2857,True,False,False,12
5adccbae5542990d50227d26,Janie Jones (film),108,0,0,0.9375,0.375,True,False,False,12
5adccbae5542990d50227d26,Abigail Breslin,81,0,0,0.8462,0.3846,True,False,False,16
5adccbae5542990d50227d26,Abigail Breslin,127,0,0,0.85,0.3,True,False,False,16
5a8460435542992ef85e23d1,Montana Highway 42,300,0,0,0.9767,0.3953,True,False,False,2
5a8460435542992ef85e23d1,Northern Transcon,141,1,1,1.0,0.4737,True,False,False,24
5ae78b555542994a481bbd8c,"Downton, Herefordshire",84,1,1,1.0,1.0,True,False,False,1
5ae78b555542994a481bbd8c,Domesday Book,210,0,0,0.931,0.4483,True,False,False,51
5a8aff4f55429971feec45e0,New South Wales 79 class locomotive,340,1,1,1.0,0.6744,True,False,False,8
5a8aff4f55429971feec45e0,Lend-Lease,100,0,0,0.8125,0.25,True,False,False,83
5aba0b025542994dbf01989b,Trishna (2011 film),139,0,0,1.0,0.65,True,False,False,10
5aba0b025542994dbf01989b,Freida Pinto,106,0,0,0.625,0.0625,False,False,False,28
5a7281c45542997f827839ef,WERT,158,1,1,1.0,0.4167,True,False,False,9
5a7281c45542997f827839ef,Lincoln Highway,122,0,0,0.8,0.0,False,False,False,118
5ae2aba15542996483e64a32,The Roxx Regime Demos,236,1,1,1.0,0.697,True,False,False,3
5ae2aba15542996483e64a32,Stryper,172,0,0,0.5556,0.1111,False,False,False,37
5adee51f5542995ec70e8f3e,Sugar (Robin Schulz album),117,1,1,1.0,0.619,True,False,False,3
5adee51f5542995ec70e8f3e,Sugar (Robin Schulz album),85,1,1,1.0,0.6364,True,False,False,3
5adee51f5542995ec70e8f3e,Sugar (Robin Schulz song),64,1,1,1.0,0.5,True,False,False,4
5adee51f5542995ec70e8f3e,Sugar (Robin Schulz song),98,0,0,0.9444,0.2222,True,False,False,4
5ab321f9554299194fa9356e,The Key (1958 film),81,0,0,1.0,0.4667,True,False,False,14
5ab321f9554299194fa9356e,The Key (1958 film),73,1,1,1.0,0.3636,True,False,False,14
5ab321f9554299194fa9356e,Sophia Loren,164,0,0,0.76,0.24,False,False,False,44
5abb99c85542992ccd8e7f5b,Detroit (mixtape),84,0,0,0.9167,0.6667,True,False,False,8
5abb99c85542992ccd8e7f5b,Jhené Aiko,109,0,0,0.9444,0.1667,True,False,False,29
5a8e43e05542995a26add4ad,Ho Mann Jahaan,131,0,0,0.9565,0.4783,True,False,False,10
5a8e43e05542995a26add4ad,Ho Mann Jahaan,162,1,1,1.0,0.5294,True,False,False,10
5a8e43e05542995a26add4ad,Yasir Hussain,92,0,0,0.9375,0.5,True,False,False,9
5ae4a1a85542995ad6573dd3,Battle Born Studios,109,0,0,0.8235,0.4706,True,False,False,4
5ae4a1a85542995ad6573dd3,"Winchester, Nevada",183,0,0,0.96,0.36,True,False,False,9
5ae00b1955429942ec259c06,Silver Nugget,104,1,1,1.0,0.4375,True,False,False,5
5ae00b1955429942ec259c06,"North Las Vegas, Nevada",98,0,0,0.9333,0.2,True,False,False,33
5ae00b1955429942ec259c06,"North Las Vegas, Nevada",42,0,0,0.875,0.0,False,False,False,33
5a775b8b5542994aec3b72a7,2015–16 Missouri Tigers women's basketball team,60,1,1,1.0,1.0,True,False,False,1
5a775b8b5542994aec3b72a7,2015–16 Missouri Tigers women's basketball team,85,1,1,1.0,1.0,True,False,False,1
5a775b8b5542994aec3b72a7,Robin Pingeton,109,0,0,1.0,0.4706,True,False,False,3
5a775b8b5542994aec3b72a7,Robin Pingeton,69,1,1,1.0,0.6154,True,False,False,3
5a8f0e065542997ba9cb319c,2014–15 Kilmarnock F.C. season,140,0,0,0.8889,0.4444,True,False,False,2
5a8f0e065542997ba9cb319c,Rangers F.C.,165,0,0,0.8333,0.1111,True,False,False,97
5ab9253c554299131ca4227f,Jessica Knappett,119,0,0,0.5556,0.0,False,False,False,5
5ab9253c554299131ca4227f,The Inbetweeners Movie,194,0,0,1.0,0.5714,True,False,False,15
5ac2b2ae554299657fa29017,Luke Day,280,0,0,0.9535,0.6047,True,False,False,11
5ac2b2ae554299657fa29017,Shays' Rebellion,112,0,0,0.9333,0.3333,True,False,False,43
5a8ad8e455429950cd6afbac,Gordon Hendrick,92,1,1,1.0,1.0,True,False,False,1
5a8ad8e455429950cd6afbac,"Superior, Montana",84,0,0,1.0,0.4286,True,False,False,16
5abdf4d855429976d4830a34,Rutgers University,214,0,0,0.6,0.0,False,False,False,119
5abdf4d855429976d4830a34,"University of Maryland, College Park",216,0,0,0.5862,0.2069,False,False,False,68
5ab2cb52554299545a2cfa84,"Ogallala, Nebraska",60,0,0,1.0,0.3,True,False,False,15
5ab2cb52554299545a2cfa84,Ogallala Aquifer,150,0,0,1.0,0.5,True,False,False,33
5a78e169554299148911f98a,National Gas Turbine Establishment,200,0,0,0.9583,0.2917,True,False,False,24
5a78e169554299148911f98a,National Gas Turbine Establishment,132,0,0,0.8182,0.1818,True,False,False,24
5a78e169554299148911f98a,Frank Whittle,153,0,0,0.8182,0.4091,True,False,False,102
5adfd8cc55429906c02daa6c,Mr. Pitiful,141,0,1,1.0,0.3333,True,False,False,6
5adfd8cc55429906c02daa6c,Otis Redding,141,0,0,0.7619,0.381,False,False,False,52
5ab72b1f5542993667793f61,Thornton Wilder,98,1,1,1.0,0.6,True,False,False,27
5ab72b1f5542993667793f61,Richard Llewellyn,140,0,0,1.0,0.5,True,False,False,6
5a8f0841554299458435d52e,Live While We're Young,158,0,1,1.0,0.2069,True,False,False,18
5a8f0841554299458435d52e,One Direction,240,0,0,0.8718,0.3333,True,False,False,56
5ae0ce6f55429945ae95945c,1975–76 Seattle SuperSonics season,265,1,1,1.0,0.8125,True,False,False,2
5ae0ce6f55429945ae95945c,Phoenix Suns,88,1,1,1.0,0.3333,True,False,False,113
5a85a01d5542997175ce1fda,Gary Owen (comedian),173,0,0,1.0,0.6552,True,False,False,12
5a85a01d5542997175ce1fda,Shaquille O'Neal,219,0,0,0.8387,0.3871,True,False,False,144
5ae113fc55429920d52342c2,I'Anson baronets,77,1,1,1.0,0.6667,True,False,False,3
5ae113fc55429920d52342c2,I'Anson baronets,343,1,1,1.0,0.9,True,False,False,3
5ae113fc55429920d52342c2,Charles II of England,85,0,0,1.0,0.2,True,False,False,70
5ae4edd15542990ba0bbb19e,Oath (song),93,0,0,0.875,0.4375,True,False,False,5
5ae4edd15542990ba0bbb19e,Becky G,150,0,0,0.64,0.04,False,False,False,32
5a84bd575542997b5ce3ff4a,Irakli Nasidze,83,0,0,1.0,0.6667,True,False,False,6
5a84bd575542997b5ce3ff4a,Tbilisi,266,0,0,0.7838,0.2973,False,False,False,94
5ac307dd5542990b17b154f3,Creedence Gold,98,0,1,1.0,0.5714,True,False,False,3
5ac307dd5542990b17b154f3,Creedence Clearwater Revival,147,0,0,0.6364,0.0455,False,False,False,46
5a8f842b5542995b4424205a,The Vengeance of Rome,231,0,0,0.9412,0.6176,True,False,False,4
5a8f842b5542995b4424205a,Ernst Röhm,131,0,0,0.96,0.4,True,False,False,39
5ab9856c554299131ca4235c,K. V. Soundararajan,180,1,1,1.0,0.75,True,False,False,2
5ab9856c554299131ca4235c,Mortimer Wheeler,128,0,0,1.0,0.45,True,False,False,91
5adff31055429925eb1afb75,Ghost Whisperer (video game),124,1,1,1.0,0.55,True,False,False,8
5adff31055429925eb1afb75,Ghost Whisperer (video game),122,0,0,0.9412,0.4706,True,False,False,8
5adff31055429925eb1afb75,Jennifer Love Hewitt,133,0,0,0.7778,0.3333,False,False,False,35
5adff31055429925eb1afb75,Jennifer Love Hewitt,131,0,0,0.9,0.1,True,False,False,35
5a8624c8554299211dda2a86,Farallon Capital,43,0,0,0.8889,0.0,False,False,False,16
5a8624c8554299211dda2a86,Tom Steyer,142,0,0,0.9474,0.6842,True,False,False,56
5a74d0d85542996c70cfadff,44th Berlin International Film Festival,103,0,1,1.0,1.0,True,False,False,1
5a74d0d85542996c70cfadff,In the Name of the Father (film),133,0,0,0.8636,0.3182,True,False,False,18
5ae7ac7155429952e35ea9b7,IBook,105,0,0,0.9474,0.3684,True,False,False,27
5ae7ac7155429952e35ea9b7,AirPort,133,0,0,0.6522,0.1739,False,False,False,49
5ab706575542992aa3b8c776,Song of Love (1947 film),172,0,0,0.9615,0.6154,True,False,False,6
5ab706575542992aa3b8c776,Katharine Hepburn,157,0,0,0.9167,0.2917,True,False,False,84
5ae773565542997b22f6a774,The Tuttles of Tahiti,106,0,0,1.0,0.4118,True,False,False,8
5ae773565542997b22f6a774,Charles Laughton,123,0,0,0.7778,0.3333,False,False,False,38
5ae773565542997b22f6a774,Charles Laughton,123,0,0,1.0,0.3158,True,False,False,38
5a85f35a5542991dd0999ed4,Basil LeFlore,184,0,0,0.6,0.12,False,False,False,4
5a85f35a5542991dd0999ed4,Indian Territory,230,0,0,0.8387,0.3226,True,False,False,98
5a7f32a15542993067513697,Riann Steele,279,0,0,0.8333,0.6389,True,False,False,5
5a7f32a15542993067513697,A Midsummer Night's Dream,126,0,0,0.5333,0.0,False,False,False,127
5abd7cb855429924427fd00a,Girlguiding North West England,161,1,1,1.0,0.6316,True,False,False,6
5abd7cb855429924427fd00a,"Preston, Lancashire",203,0,0,0.6207,0.1724,False,False,False,189
5ae664955542992ae0d1631b,Cincinnati Bearcats baseball,219,0,0,0.5217,0.087,False,False,False,4
5ae664955542992ae0d1631b,Cincinnati Bearcats baseball,154,0,0,0.7619,0.1429,False,False,False,4
5ae664955542992ae0d1631b,Sandy Koufax,127,0,0,0.8333,0.3333,True,False,False,108
5a7c6cdb5542990527d554a1,1974–75 Buffalo Sabres season,31,1,1,1.0,0.1667,True,True,False,22
5a7c6cdb5542990527d554a1,1974–75 Philadelphia Flyers season,117,1,1,1.0,0.3077,True,False,False,11
5a7c6cdb5542990527d554a1,1974–75 Philadelphia Flyers season,103,0,0,0.9412,0.5294,True,False,False,11
5a77c3f15542995d831812b2,The Doll Squad,135,0,0,0.96,0.68,True,False,False,6
5a77c3f15542995d831812b2,The Doll Squad,167,1,1,1.0,0.7917,True,False,False,6
5a77c3f15542995d831812b2,Francine York,116,0,0,0.8824,0.5294,True,False,False,10
5ae1f61a5542994d89d5b2e1,The Silent House (2010 film),106,0,0,0.7778,0.3333,False,False,False,11
5ae1f61a5542994d89d5b2e1,The Silent House (2010 film),148,0,1,1.0,0.7273,True,False,False,11
5ae1f61a5542994d89d5b2e1,Elizabeth Olsen,70,1,1,1.0,0.1818,True,False,False,13
5ab3c881554299233954ffa4,Beeba Boys,86,1,1,1.0,0.6,True,False,False,11
5ab3c881554299233954ffa4,Beeba Boys,76,1,1,1.0,0.6154,True,False,False,11
5ab3c881554299233954ffa4,Bindy Johal,102,0,0,0.8824,0.0588,True,False,False,20
5ab76a835542993667793fd7,L'infinito,111,0,0,0.8824,0.4706,True,False,False,3
5ab76a835542993667793fd7,Giacomo Leopardi,156,0,0,1.0,0.6667,True,False,False,90
5ab76a835542993667793fd7,Giacomo Leopardi,245,0,0,0.9697,0.6061,True,False,False,90
5a7d20ef55429909bec76975,Pat Gorman,244,0,0,0.9143,0.6286,True,False,False,2
5a7d20ef55429909bec76975,The Elephant Man (film),169,0,0,0.7917,0.375,False,False,False,47
5ab57677554299488d4d9994,The Assignation,85,1,1,1.0,0.6429,True,False,False,4
5ab57677554299488d4d9994,John Dryden,192,0,0,0.6429,0.1786,False,False,False,38
5ae3ff9b5542996836b02c0b,Lumpkin County School District,125,0,0,1.0,0.5,True,False,False,3
5ae3ff9b5542996836b02c0b,"Dahlonega, Georgia",83,0,0,1.0,0.2727,True,False,False,32
5a83d9525542992ef85e237c,Zeitgeist (The Smashing Pumpkins album),146,0,0,0.8182,0.1818,True,False,False,29
5a83d9525542992ef85e237c,Zeitgeist (The Smashing Pumpkins album),91,0,0,1.0,0.2667,True,False,False,29
5a83d9525542992ef85e237c,Jimmy Chamberlin,84,1,1,1.0,0.3077,True,False,False,34
5a83d9525542992ef85e237c,Jimmy Chamberlin,172,1,1,1.0,0.4348,True,False,False,34
5ab65c2355429954757d3259,Begin Again (Taylor Swift song),61,0,0,0.9091,0.0909,True,False,False,18
5ab65c2355429954757d3259,Nathan Chapman (record producer),86,1,1,1.0,0.6,True,False,False,3
5a74811155429979e2882968,DAF XF,82,0,0,0.8571,0.7143,True,False,False,2
5a74811155429979e2882968,DAF XF,82,0,0,0.3333,0.2667,False,False,False,2
5a74811155429979e2882968,DAF Trucks,148,0,0,0.7917,0.3333,False,False,False,41
5ab99e1b55429970cfb8eb59,Mission Mountain Wood Band,171,1,1,1.0,0.2,True,False,False,16
5ab99e1b55429970cfb8eb59,Rob Quist,137,0,0,0.7778,0.3889,False,False,False,19
5ab99e1b55429970cfb8eb59,Rob Quist,149,0,0,0.913,0.2609,True,False,False,19
5a7295d05542991f9a20c511,Beechwood (Vanderlip mansion),91,1,1,1.0,0.4615,True,False,False,8
5a7295d05542991f9a20c511,Beechwood (Vanderlip mansion),143,1,1,1.0,0.3,True,False,False,8
5a7295d05542991f9a20c511,"Briarcliff Manor, New York",108,0,0,0.8235,0.0,False,False,False,96
5a7295d05542991f9a20c511,"Briarcliff Manor, New York",130,0,0,0.8571,0.3333,True,False,False,96
5a714a725542994082a3e77f,No Love Deep Web,132,0,0,0.6,0.2,False,False,False,18
5a714a725542994082a3e77f,Death Grips,137,0,0,0.7,0.35,False,False,False,21
5ac3c656554299204fd21e4f,Bachelor Boy,192,0,0,0.7857,0.2857,False,False,False,5
5ac3c656554299204fd21e4f,Cliff Richard,57,0,0,1.0,0.5556,True,False,False,114
5ae147005542990adbacf736,Listed buildings in Yealand Redmayne,128,1,1,1.0,1.0,True,False,False,1
5ae147005542990adbacf736,Lancaster Canal,161,0,0,0.9524,0.381,True,False,False,38
5ae147005542990adbacf736,Lancaster Canal,188,1,1,1.0,0.3462,True,False,False,38
5ae5dab455429929b08079d2,Rhiwallon ap Cynfyn,240,1,1,1.0,0.7586,True,False,False,2
5ae5dab455429929b08079d2,Tostig Godwinson,121,0,0,0.8824,0.1765,True,False,False,16
5add530f5542990dbb2f7e2c,Bob Bozic,99,0,0,1.0,0.6,True,False,False,2
5add530f5542990dbb2f7e2c,Bob Bozic,68,1,1,1.0,0.6667,True,False,False,2
5add530f5542990dbb2f7e2c,Larry Holmes,109,0,0,1.0,0.7222,True,False,False,39
5add530f5542990dbb2f7e2c,Larry Holmes,101,0,0,0.875,0.375,True,False,False,39
5ae4843f5542996836b02cc1,Bass Down Low,116,0,0,0.875,0.25,True,False,False,12
5ae4843f5542996836b02cc1,Bass Down Low,234,1,1,1.0,0.25,True,False,False,12
5ae4843f5542996836b02cc1,Like a G6,149,0,0,0.625,0.0417,False,False,False,7
5ae4843f5542996836b02cc1,Like a G6,123,0,0,0.8095,0.3333,True,False,False,7
5a773ed055429972597f14ce,Down Down Baby,371,0,0,0.8936,0.7872,True,False,False,2
5a773ed055429972597f14ce,Bella Thorne,182,0,0,0.75,0.25,False,False,False,28
5a9041065542990a984935c8,Ernst John von Freyend,181,0,0,1.0,0.6333,True,False,False,3
5a9041065542990a984935c8,Wilhelm Keitel,207,0,0,0.7714,0.2857,False,False,False,27
5ac2e04655429921a00ab09e,Dobara Phir Se,112,0,0,1.0,0.6842,True,False,False,4
5ac2e04655429921a00ab09e,Dobara Phir Se,78,1,1,1.0,0.5,True,False,False,4
5ac2e04655429921a00ab09e,Salman Iqbal,88,1,1,1.0,0.7333,True,False,False,2
5ae1d33e5542997283cd227b,Central Park Place,71,0,0,0.9231,0.2308,True,False,False,13
5ae1d33e5542997283cd227b,World Trade Center (1973–2001),120,0,0,0.9,0.15,True,False,False,70
5a79ee8f5542996c55b2dca4,Ancestry of the Godwins,224,1,1,1.0,0.64,True,False,False,11
5a79ee8f5542996c55b2dca4,Battle of Stamford Bridge,295,0,0,1.0,0.4054,True,False,False,15
5ac50c085542994611c8b33b,Mile 81,98,0,1,1.0,0.7647,True,False,False,8
5ac50c085542994611c8b33b,11/22/63,87,1,1,1.0,0.4667,True,False,False,37
5adf37725542995ec70e8f96,Seth Rollins,330,0,0,0.7447,0.234,False,False,False,61
5adf37725542995ec70e8f96,Jirair Hovnanian,117,0,0,0.9,0.45,True,False,False,9
5ab747b9554299110f219af2,Alice Dewey,81,1,1,1.0,0.1538,True,False,False,6
5ab747b9554299110f219af2,Ann Dunham,169,1,1,1.0,0.4783,True,False,False,47
5ae7415a5542997b22f6a643,Wicked Games,213,0,0,0.931,0.5862,True,False,False,3
5ae7415a5542997b22f6a643,Southpaw (film),161,1,1,1.0,0.5217,True,False,False,25
5ae50b395542993aec5ec11d,Ghost Whisperer (video game),122,0,0,0.9412,0.4706,True,False,False,8
5ae50b395542993aec5ec11d,Jennifer Love Hewitt,133,0,0,0.7778,0.3333,False,False,False,35
5ac1978855429964131be243,J. I. Clements Stadium,79,1,1,1.0,0.3077,True,False,False,7
5ac1978855429964131be243,J. I. Clements Stadium,113,1,1,1.0,0.5,True,False,False,7
5ac1978855429964131be243,"Statesboro, Georgia",136,0,0,1.0,0.2778,True,False,False,39
5ae526b15542993aec5ec164,Wonder World (album),84,0,0,0.9286,0.4286,True,False,False,6
5ae526b15542993aec5ec164,Wonder Girls,144,0,0,0.7083,0.1667,False,False,False,32
5a772ec65542993569682d22,Akbari Asghari,60,0,0,1.0,0.5455,True,False,False,15
5a772ec65542993569682d22,Akbari Asghari,289,0,0,0.6364,0.3864,False,False,False,15
5a772ec65542993569682d22,Fawad Khan,157,0,0,0.6522,0.087,False,False,False,25
5a77062b5542994aec3b71c2,Jon Lucas,85,0,0,0.9231,0.6154,True,False,False,5
5a77062b5542994aec3b71c2,Jon Lucas,120,0,1,1.0,0.6,True,False,False,5
5a77062b5542994aec3b71c2,Bad Moms,96,0,0,0.9412,0.3529,True,False,False,23
5a77062b5542994aec3b71c2,Bad Moms,158,0,0,1.0,0.2917,True,False,False,23
5ae1090c55429920d523429a,Danny Michael,100,0,1,1.0,1.0,True,False,False,1
5ae1090c55429920d523429a,Mississippi Burning,113,0,0,0.8235,0.2941,True,False,False,43
5ae7f8205542994a481bbe53,"Fountain Hill, Pennsylvania",83,0,0,0.6923,0.1538,False,False,False,6
5ae7f8205542994a481bbe53,"Bethlehem, Pennsylvania",189,0,0,0.5385,0.0769,False,False,False,79
5a7b25b4554299042af8f70e,Lance Shane King,175,1,1,1.0,1.0,True,False,False,1
5a7b25b4554299042af8f70e,Australian Youth Olympic Festival,170,1,1,1.0,0.48,True,False,False,2
5a7b25b4554299042af8f70e,Australian Youth Olympic Festival,33,1,1,1.0,0.5714,True,True,False,2
5ae09b7a5542993d6555ebb6,Rashi Bunny,71,0,0,0.9,0.4,True,False,False,29
5ae09b7a5542993d6555ebb6,Rashi Bunny,161,0,1,1.0,0.52,True,False,False,29
5ae09b7a5542993d6555ebb6,Rashi Bunny,121,0,0,1.0,0.2105,True,False,False,29
5ae09b7a5542993d6555ebb6,Rashi Bunny,106,0,0,1.0,0.625,True,False,False,29
5ae09b7a5542993d6555ebb6,The Little Prince,195,0,0,0.7143,0.1429,False,False,False,129
5ab9728c55429970cfb8eafd,2015 Clemson Tigers football team,117,1,1,1.0,0.4286,True,False,False,9
5ab9728c55429970cfb8eafd,2015 Orange Bowl,305,1,1,1.0,0.5588,True,False,False,10
5ae64f7b55429929b0807b2b,Edgar Ætheling,199,0,0,0.5385,0.1538,False,False,False,14
5ae64f7b55429929b0807b2b,Edgar Ætheling,62,0,0,0.9091,0.2727,True,False,False,14
5ae64f7b55429929b0807b2b,Cerdic of Wessex,181,0,0,0.96,0.32,True,False,False,11
5a81eedd5542995ce29dcc8b,2000 Solheim Cup,121,1,1,1.0,0.8095,True,False,False,3
5a81eedd5542995ce29dcc8b,Loch Lomond Golf Club,124,0,0,0.9474,0.4211,True,False,False,8
5a7c536355429935c91b515b,Al-Ghazali,295,0,0,0.5882,0.1765,False,False,False,48
5a7c536355429935c91b515b,Averroes,234,0,0,0.5926,0.2963,False,False,False,55
5ae781a755429952e35ea953,WikiLeaks-related Twitter court orders,157,0,0,0.9565,0.4348,True,False,False,14
5ae781a755429952e35ea953,Chelsea Manning,340,0,0,1.0,0.625,True,False,False,165
5ac2795455429963665199d1,The Hobbit: The Desolation of Smaug,197,0,0,0.6333,0.0667,False,False,False,49
5ac2795455429963665199d1,Metro-Goldwyn-Mayer,351,0,0,0.5641,0.0769,False,False,False,113
5a8328895542993344745fd0,Wretches and Kings,63,0,1,1.0,0.5833,True,False,False,5
5a8328895542993344745fd0,A Thousand Suns,53,0,0,0.9,0.1,True,False,False,39
5ae0dd875542993d6555ec70,Gary Gordon,187,0,0,0.963,0.4444,True,False,False,12
5ae0dd875542993d6555ec70,Battle of Mogadishu (1993),115,0,0,0.7143,0.0714,False,False,False,124
5a7c8a1b55429935c91b5203,Herbert Abrams,178,1,1,1.0,0.7692,True,False,False,8
5a7c8a1b55429935c91b5203,William Westmoreland,72,1,1,1.0,0.1429,True,False,False,40
5ade48b9554299728e26c6b1,Eleanor McGovern,218,0,0,1.0,0.5,True,False,False,16
5ade48b9554299728e26c6b1,George McGovern,209,0,0,0.963,0.4074,True,False,False,140
5a7370745542991f29ee2e1d,Larry (cat),77,0,0,1.0,0.1538,True,False,False,21
5a7370745542991f29ee2e1d,Chief Mouser to the Cabinet Office,146,0,0,1.0,0.3,True,False,False,7
5a7bb412554299042af8f7a0,Princess Benedikte of Denmark,109,0,0,0.5,0.0714,False,False,False,14
5a7bb412554299042af8f7a0,Princess Benedikte of Denmark,125,1,1,1.0,0.3125,True,False,False,14
5a7bb412554299042af8f7a0,Margrethe II of Denmark,129,0,0,0.8235,0.2353,True,False,False,43
5ac3091c554299657fa290de,William Sewall House,89,1,1,1.0,0.2667,True,False,False,4
5ac3091c554299657fa290de,"Island Falls, Maine",65,1,1,1.0,0.3636,True,False,False,9
5a7d65c85542991319bc93c1,Clockwork Angel,54,0,0,0.7778,0.2222,False,False,False,11
5a7d65c85542991319bc93c1,Cassandra Clare,203,0,0,1.0,0.625,True,False,False,21
5a734f095542994cef4bc52c,Hill's Tavern,68,1,1,1.0,0.4615,True,False,False,8
5a734f095542994cef4bc52c,Hill's Tavern,169,0,0,0.963,0.4815,True,False,False,8
5a734f095542994cef4bc52c,National Road,151,0,0,0.9167,0.4167,True,False,False,36
5ade1fa85542997c77aded5a,Kim Bo-mi,174,0,0,0.9583,1.0,True,False,False,1
5ade1fa85542997c77aded5a,Sunny (2011 film),50,1,1,1.0,0.3333,True,False,False,19
5ade1fa85542997c77aded5a,Sunny (2011 film),108,0,1,1.0,0.4118,True,False,False,19
5a8b457d5542995d1e6f1334,If I Were a Boy,148,0,0,1.0,0.1538,True,False,False,45
5a8b457d5542995d1e6f1334,Single Ladies (Put a Ring on It),126,0,0,1.0,0.3182,True,False,False,40
5adc8ba75542994d58a2f64a,Troublemakers (1994 film),75,1,1,1.0,0.6429,True,False,False,8
5adc8ba75542994d58a2f64a,Bud Spencer,152,0,0,1.0,0.5652,True,False,False,19
5ae40c6955429970de88d8b9,Exile (song),43,0,0,0.7778,0.1111,False,False,False,20
5ae40c6955429970de88d8b9,Exile (song),151,0,0,0.4348,0.0435,False,False,False,20
5ae40c6955429970de88d8b9,Green Card (film),134,0,0,1.0,0.4286,True,False,False,17
5a7de5865542995f4f4022f3,1973 Indiana Hoosiers football team,120,1,1,1.0,1.0,True,False,False,1
5a7de5865542995f4f4022f3,1973 Indiana Hoosiers football team,83,1,1,1.0,1.0,True,False,False,1
5a7de5865542995f4f4022f3,Lee Corso,113,0,0,1.0,0.5,True,False,False,19
5ae8139d5542994a481bbead,Wayne Sappleton,136,1,1,1.0,0.6818,True,False,False,3
5ae8139d5542994a481bbead,Wayne Sappleton,78,1,1,1.0,0.5,True,False,False,3
5ae8139d5542994a481bbead,Loyola University Chicago,143,0,0,0.6667,0.1667,False,False,False,52
5ae8139d5542994a481bbead,Loyola University Chicago,170,0,0,0.64,0.12,False,False,False,52
5a774a065542994aec3b7271,"Harlem, Georgia",162,1,1,1.0,0.6667,True,False,False,10
5a774a065542994aec3b7271,Oliver Hardy,243,0,0,0.8649,0.5135,True,False,False,25
5a8f05d9554299458435d519,Johnny Mathis Sings,536,0,1,1.0,0.7826,True,False,False,10
5a8f05d9554299458435d519,Breakfast at Tiffany's (film),178,0,0,0.931,0.3448,True,False,False,47
5a79e4fc5542994bb9457137,"Grayson, Kentucky",106,1,1,1.0,0.5,True,False,False,12
5a79e4fc5542994bb9457137,Interstate 64,145,0,0,1.0,0.4211,True,False,False,25
5a811f0c55429903bc27b933,3D Wayfinder,192,1,1,1.0,0.6923,True,False,False,9
5a811f0c55429903bc27b933,University,175,0,0,0.8182,0.1818,True,False,False,46
5ae5128e55429913cc20457c,Die with You,62,1,1,1.0,0.9,True,False,False,2
5ae5128e55429913cc20457c,Tidal (service),61,0,0,0.6667,0.1111,False,False,False,37
5abac4ae55429939ce03dd54,1972 FA Charity Shield,81,0,0,0.7692,0.3077,False,False,False,2
5abac4ae55429939ce03dd54,Aston Villa F.C.,87,0,0,0.8667,0.2,True,False,False,80
5ac26f0d5542992f1f2b38c5,Krikor Amirian,116,1,1,1.0,0.625,True,False,False,14
5ac26f0d5542992f1f2b38c5,Abdul Hamid II,113,0,0,0.55,0.05,False,False,False,78
5ac0effd5542996f0d89cc3a,Wayne Mass,108,1,1,1.0,1.0,True,False,False,1
5ac0effd5542996f0d89cc3a,Clemson University,129,0,0,0.7333,0.1333,False,False,False,83
5ae808595542994a481bbe94,2010 FA Community Shield,160,1,1,1.0,0.72,True,False,False,2
5ae808595542994a481bbe94,Javier Hernández,117,0,0,0.7778,0.0556,False,False,False,64
5a7cc87755429907fabef033,Radio Bam,375,0,0,1.0,0.6042,True,False,False,7
5a7cc87755429907fabef033,Phil Margera,198,0,0,0.9286,0.4643,True,False,False,5
5ab2cb0f55429916697740dd,The Body (King novella),164,0,0,0.92,0.44,True,False,False,9
5ab2cb0f55429916697740dd,Stand by Me (film),280,0,0,0.7045,0.3409,False,False,False,53
5a762abb5542992d0ec0603f,Charlie Walker (musician),148,0,0,0.5455,0.2273,False,False,False,5
5a762abb5542992d0ec0603f,Charlie Walker (musician),116,1,1,1.0,0.6667,True,False,False,5
5a762abb5542992d0ec0603f,Grand Ole Opry,181,0,0,0.9062,0.1875,True,False,False,50
5a733afb5542994cef4bc4e4,Nelson López,119,0,0,0.9545,1.0,True,False,False,1
5a733afb5542994cef4bc4e4,1966 FIFA World Cup,101,0,0,0.8235,0.1765,True,False,False,36
5aba9a6755429901930fa854,Song of the South,128,0,0,0.95,0.25,True,False,False,66
5aba9a6755429901930fa854,James Baskett,200,0,0,0.8788,0.3939,True,False,False,8
5a77178f55429937353601cd,Morgan State University,89,0,0,0.7692,0.1538,False,False,False,36
5a77178f55429937353601cd,University of Idaho,227,0,0,0.5,0.0385,False,False,False,59
5ab304495542991669774180,Bride of Frankenstein,176,0,0,0.9048,0.3333,True,False,False,47
5ab304495542991669774180,Bride of Frankenstein,120,0,0,0.75,0.15,False,False,False,47
5ab304495542991669774180,Frankenstein (1931 film),399,0,0,0.5179,0.1071,False,False,False,55
5a7b7da655429931da12cacb,KILROY International,120,0,0,0.6111,0.2222,False,False,False,8
5a7b7da655429931da12cacb,James J. Kilroy,173,1,1,1.0,0.4815,True,False,False,4
5a81253b55429926c1cdacf5,C.I.D. (1990 film),54,0,0,0.9167,0.4167,True,False,False,3
5a81253b55429926c1cdacf5,C.I.D. (1990 film),55,0,0,0.1429,0.0,False,False,False,3
5a81253b55429926c1cdacf5,Witness (1985 film),116,0,0,1.0,0.5556,True,False,False,34
5a81253b55429926c1cdacf5,Witness (1985 film),187,0,0,0.7037,0.1852,False,False,False,34
5a77bf7b55429967ab105260,Jack Stewart-Clark,59,0,0,0.5455,0.0909,False,False,False,8
5a77bf7b55429967ab105260,Dundas Castle,145,1,1,1.0,0.4762,True,False,False,11
5a74de4b55429916b0164230,John Sinklo,142,0,0,1.0,0.7619,True,False,False,8
5a74de4b55429916b0164230,John Sinklo,141,0,1,1.0,0.5714,True,False,False,8
5a74de4b55429916b0164230,Titus Andronicus,151,0,0,0.7826,0.0,False,False,False,198
5a74de4b55429916b0164230,Titus Andronicus,225,0,0,1.0,0.4375,True,False,False,198
5ab9cc6f55429955dce3ed85,Other Music,134,0,0,0.7,0.25,False,False,False,5
5ab9cc6f55429955dce3ed85,Manhattan,142,0,0,0.8333,0.1667,True,False,False,150
5ae262ac5542994d89d5b403,Benton County State Bank Building,159,1,1,1.0,1.0,True,False,False,1
5ae262ac5542994d89d5b403,"Corvallis, Oregon",63,0,0,0.8182,0.0909,True,False,False,71
5ae1cfbf554299234fd04308,Andy Muschietti,231,0,0,0.7188,0.375,False,False,False,14
5ae1cfbf554299234fd04308,Mama (2013 film),164,0,0,0.84,0.48,True,False,False,15
5ade26a35542997c77aded75,Stereotype content model,142,0,0,0.7778,0.1667,False,False,False,16
5ade26a35542997c77aded75,Stereotype content model,117,1,1,1.0,0.6316,True,False,False,16
5ade26a35542997c77aded75,Amy Cuddy,242,0,0,0.5484,0.2903,False,False,False,14
5ae668d45542991bbc9760d0,¡Hello Friends!,160,0,1,1.0,1.0,True,False,False,1
5ae668d45542991bbc9760d0,Ben Stokes,143,0,0,0.8571,0.4286,True,False,False,50
5a77f8f15542995d8318133d,False Positive (How I Met Your Mother),130,0,1,1.0,0.6316,True,False,False,8
5a77f8f15542995d8318133d,How I Met Your Mother (season 6),152,0,1,1.0,0.625,True,False,False,2
5ab5a5945542997d4ad1f1a0,First Battle of Kharkov,271,0,0,0.8235,0.3235,True,False,False,24
5ab5a5945542997d4ad1f1a0,Wilhelm Keitel,207,0,0,0.7714,0.2857,False,False,False,27
5a710fea5542994082a3e546,Carl Maria von Weber,209,0,0,0.6774,0.1935,False,False,False,40
5a710fea5542994082a3e546,Charles Gounod,173,0,0,0.6333,0.1667,False,False,False,53
5ab5a0cd554299488d4d9a03,Ruan Zhenduo,192,0,0,1.0,0.6,True,False,False,5
5ab5a0cd554299488d4d9a03,Manchukuo,177,0,0,0.5217,0.0435,False,False,False,112
5ab95d35554299753720f80b,Love the Way You Lie (Part II),164,1,1,1.0,0.2069,True,False,False,9
5ab95d35554299753720f80b,Love the Way You Lie (Part II),33,1,1,1.0,0.0,False,True,False,9
5ab95d35554299753720f80b,Only Girl (In the World),101,0,1,1.0,0.2222,True,False,False,20
5add07675542992c1e3a2518,Akeo Watanabe,141,0,0,0.5,0.0556,False,False,False,4
5add07675542992c1e3a2518,Jean Sibelius,177,0,0,0.9583,0.5,True,False,False,100
5a866cfd55429960ec39b69d,"Clay County, South Dakota",170,0,0,0.8636,0.4091,True,False,False,13
5a866cfd55429960ec39b69d,Henry Clay,201,0,0,0.7667,0.2667,False,False,False,80
5a74883755429979e288297c,The Naked and Famous,93,0,0,0.9375,0.375,True,False,False,18
5a74883755429979e288297c,Residual Kid,72,0,0,1.0,0.4615,True,False,False,11
5a74883755429979e288297c,Residual Kid,156,0,1,1.0,0.6087,True,False,False,11
5ac385e8554299741d48a278,Robbin Crosby,178,1,1,1.0,0.6897,True,False,False,14
5ac385e8554299741d48a278,Ratt,181,0,0,0.9643,0.3929,True,False,False,47
5ac385e8554299741d48a278,Ratt,204,0,0,0.6875,0.2188,False,False,False,47
5ab88b2755429919ba4e2319,Sangerville Town Hall,127,1,1,1.0,0.1667,True,False,False,4
5ab88b2755429919ba4e2319,"Sangerville, Maine",66,1,1,1.0,0.5,True,False,False,10
5add0f765542990d50227dae,Yahya Al Bishri,44,0,0,1.0,0.25,True,False,False,7
5add0f765542990d50227dae,Yahya Al Bishri,102,0,0,1.0,0.7647,True,False,False,7
5add0f765542990d50227dae,Abdullah of Saudi Arabia,247,0,0,0.8947,0.4211,True,False,False,75
5ae0f4bc5542997b2ef7d0ab,Christopher Robin,135,0,0,0.8571,0.0952,True,False,False,19
5ae0f4bc5542997b2ef7d0ab,Winnie-the-Pooh,120,0,0,0.9375,0.3125,True,False,False,71
5ae321e05542994393b9e61b,Walt Housman,62,1,1,1.0,0.625,True,False,False,4
5ae321e05542994393b9e61b,Merrimack High School,99,1,1,1.0,0.5833,True,False,False,7
5ae321e05542994393b9e61b,Merrimack High School,74,0,0,0.7143,0.3571,False,False,False,7
5a7f70355542992097ad2f6a,Samuel Corning House,102,0,0,0.8125,0.4375,True,False,False,3
5a7f70355542992097ad2f6a,"Beverly, Massachusetts",64,0,0,1.0,0.3,True,False,False,36
5ab6bbc45542995eadef008a,Robbie Coltrane,98,0,0,0.6875,0.0,False,False,False,23
5ab6bbc45542995eadef008a,Robbie Coltrane,258,0,0,0.5294,0.0294,False,False,False,23
5ab6bbc45542995eadef008a,Rubeus Hagrid,98,0,0,1.0,0.4118,True,False,False,44
5a865a9f554299211dda2b07,Wailoa River State Recreation Area,103,0,0,0.8889,0.2778,True,False,False,10
5a865a9f554299211dda2b07,Hawaii (island),146,0,0,0.7273,0.2727,False,False,False,32
5ab5fabb554299488d4d9a71,2013 NHL Entry Draft,54,1,1,1.0,0.1429,True,False,False,107
5ab5fabb554299488d4d9a71,2013 NHL Entry Draft,90,0,0,0.9231,0.6923,True,False,False,107
5ab5fabb554299488d4d9a71,Nathan MacKinnon,185,0,0,0.875,0.4167,True,False,False,23
5a8666cc554299211dda2b1e,59th Primetime Emmy Awards,184,1,1,1.0,0.7037,True,False,False,17
5a8666cc554299211dda2b1e,59th Primetime Emmy Awards,178,1,1,1.0,0.6552,True,False,False,17
5a8666cc554299211dda2b1e,Fox Broadcasting Company,192,0,0,0.76,0.08,False,False,False,106
5a8666cc554299211dda2b1e,Fox Broadcasting Company,303,0,0,0.5882,0.0588,False,False,False,106
5a83c272554299123d8c21aa,L'Île Enchantée,181,0,1,1.0,0.4483,True,False,False,12
5a83c272554299123d8c21aa,Arthur Sullivan,218,0,0,0.8889,0.1852,True,False,False,78
5adfdc7855429925eb1afacc,The Swarm (roller coaster),85,0,0,0.9286,0.2857,True,False,False,15
5adfdc7855429925eb1afacc,Wing Coaster,60,0,0,0.75,0.25,False,False,False,8
5ae6096555429929b0807a98,Simon Turner (album),109,1,1,1.0,1.0,True,False,False,1
5ae6096555429929b0807a98,David Cassidy,259,0,0,0.7143,0.2571,False,False,False,38
5ae233da5542992decbdcc55,Cira Centre South,180,0,0,0.9545,0.6364,True,False,False,6
5ae233da5542992decbdcc55,Cira Centre South,137,0,0,0.8824,0.5882,True,False,False,6
5ae233da5542992decbdcc55,30th Street Station,214,0,0,0.5385,0.0769,False,False,False,31
5a85f1f55542994775f606bc,SS Cap Polonio,177,1,1,1.0,0.5789,True,False,False,16
5a85f1f55542994775f606bc,Port of Buenos Aires,177,0,1,1.0,0.3913,True,False,False,20
5a7246645542990c210a4098,1991–92 Charlotte Hornets season,94,0,0,0.9333,0.4667,True,False,False,3
5a7246645542990c210a4098,UNLV Runnin' Rebels basketball,164,0,0,0.7857,0.2143,False,False,False,55
5ac0e734554299294b219051,Bui National Park,113,0,0,0.6667,0.3333,False,False,False,2
5ac0e734554299294b219051,Bui Dam,55,0,0,0.8182,0.0909,True,False,False,17
5ab3ff85554299753aec5a1a,U Want Me 2,110,0,0,1.0,0.7143,True,False,False,3
5ab3ff85554299753aec5a1a,U Want Me 2,57,0,1,1.0,0.8182,True,False,False,3
5ab3ff85554299753aec5a1a,Sarah McLachlan,121,0,0,0.5714,0.0476,False,False,False,49
5a890d4d554299515336127f,Tibúrcio Spannocchi,170,1,1,1.0,0.6364,True,False,False,16
5a890d4d554299515336127f,Philip III of Spain,81,0,0,0.8571,0.2857,True,False,False,59
5a890d4d554299515336127f,Philip III of Spain,91,0,0,1.0,0.4,True,False,False,59
5a7c06ca5542997c3ec972c5,"Trego County, Kansas",45,1,1,1.0,0.375,True,False,False,13
5a7c06ca5542997c3ec972c5,"WaKeeney, Kansas",53,0,0,1.0,0.2,True,False,False,21
5ab30d0f554299233954fee8,The Mummy's Foot,135,0,0,0.7826,0.4783,False,False,False,3
5ab30d0f554299233954fee8,Théophile Gautier,150,0,0,1.0,0.6364,True,False,False,68
5a887a76554299206df2b2b1,Ivan Rival,235,1,1,1.0,0.4444,True,False,False,4
5a887a76554299206df2b2b1,University of Ottawa,120,0,0,0.8095,0.0952,True,False,False,71
5ae7802c5542997ec272766f,Bianca (moon),91,0,1,1.0,0.7143,True,False,False,3
5ae7802c5542997ec272766f,The Taming of the Shrew,112,1,1,1.0,0.2105,True,False,False,96
5a8cd68955429941ae14df06,The Attack (band),305,0,0,0.9565,0.7826,True,False,False,2
5a8cd68955429941ae14df06,The Attack (band),89,1,1,1.0,0.875,True,False,False,2
5a8cd68955429941ae14df06,Jeff Beck,77,0,0,0.7692,0.3077,False,False,False,57
5a8e2c6b5542995085b373bc,Go North (film),106,1,1,1.0,0.5,True,False,False,3
5a8e2c6b5542995085b373bc,Patrick Schwarzenegger,95,0,0,0.9286,0.4286,True,False,False,15
5a8e2c6b5542995085b373bc,Patrick Schwarzenegger,63,0,0,1.0,0.1818,True,False,False,15
5a8e2c6b5542995085b373bc,Patrick Schwarzenegger,208,0,0,0.375,0.0833,False,False,False,15
5a77e67255429949eeb29f92,"McCarthy Building (Troy, New York)",118,1,1,1.0,0.6316,True,False,False,4
5a77e67255429949eeb29f92,"McCarthy Building (Troy, New York)",112,1,1,1.0,0.5294,True,False,False,4
5a77e67255429949eeb29f92,"Cannon Building (Troy, New York)",45,1,1,1.0,0.375,True,False,False,6
5a77e67255429949eeb29f92,"Cannon Building (Troy, New York)",66,1,1,1.0,0.4167,True,False,False,6
5a8cd97e554299585d9e3742,Rachel Jacobs,109,0,0,0.8947,0.4737,True,False,False,13
5a8cd97e554299585d9e3742,Rachel Jacobs,221,1,1,1.0,0.6774,True,False,False,13
5a8cd97e554299585d9e3742,2015 Philadelphia train derailment,211,0,0,0.9333,0.3333,True,False,False,37
5ae06d3d55429945ae959350,Donald Sawyer,78,1,1,1.0,1.0,True,False,False,1
5ae06d3d55429945ae959350,Roger Corman,145,0,0,0.8421,0.4211,True,False,False,101
5abdaa8f55429965af743dae,Axl Rose,139,0,0,0.96,0.4,True,False,False,52
5abdaa8f55429965af743dae,Masatoshi Ono,78,1,1,1.0,0.4,True,False,False,2
5ae76aee5542997b22f6a745,Faster (Within Temptation song),110,0,0,0.9375,0.5625,True,False,False,6
5ae76aee5542997b22f6a745,Faster (Within Temptation song),74,0,0,1.0,0.7143,True,False,False,6
5ae76aee5542997b22f6a745,The Unforgiving,140,0,0,0.95,0.45,True,False,False,26
5ae76aee5542997b22f6a745,The Unforgiving,127,0,0,0.75,0.15,False,False,False,26
5add39295542990dbb2f7dd5,Shoot the Moon,96,1,1,1.0,0.3529,True,False,False,26
5add39295542990dbb2f7dd5,Shoot the Moon,78,0,0,1.0,0.4615,True,False,False,26
5add39295542990dbb2f7dd5,Shoot the Moon,192,0,0,0.8846,0.3462,True,False,False,26
5add39295542990dbb2f7dd5,Albert Finney,52,0,0,0.8,0.5,True,False,False,31
5a85ae735542997b5ce40025,Besarion Gochashvili,65,1,1,1.0,1.0,True,False,False,1
5a85ae735542997b5ce40025,Besarion Gochashvili,62,1,1,1.0,1.0,True,False,False,1
5a85ae735542997b5ce40025,Henry Cejudo,135,0,0,0.85,0.5,True,False,False,37
5a85ae735542997b5ce40025,Henry Cejudo,178,0,0,0.64,0.12,False,False,False,37
5a8d9be7554299441c6ba00e,Frank Roman,226,0,0,0.9688,0.5312,True,False,False,3
5a8d9be7554299441c6ba00e,Georgia Tech Yellow Jacket Marching Band,158,1,1,1.0,0.375,True,False,False,33
5a8d9be7554299441c6ba00e,Georgia Tech Yellow Jacket Marching Band,117,1,1,1.0,0.2,True,False,False,33
5ae3b3a95542992f92d82347,Battle of Chupas,226,0,1,1.0,0.4839,True,False,False,2
5ae3b3a95542992f92d82347,Battle of Chupas,254,1,1,1.0,0.6667,True,False,False,2
5ae3b3a95542992f92d82347,Francisco Pizarro,139,0,0,0.6364,0.2273,False,False,False,51
5ae3b3a95542992f92d82347,Francisco Pizarro,80,0,0,0.6667,0.1667,False,False,False,51
5a8e25615542990e94052a75,Uli's Famous Sausage,39,1,1,1.0,0.25,True,True,False,3
5a8e25615542990e94052a75,Pike Place Market,114,0,0,1.0,0.3125,True,False,False,79
5a7cafff55429907fabef000,Susan Heyward,145,0,0,0.7727,0.3636,False,False,False,3
5a7cafff55429907fabef000,Eddie Izzard,244,0,0,0.6562,0.2188,False,False,False,41
5ae0643c5542993d6555eb42,The Prince of the Pagodas,152,0,0,0.9545,0.3182,True,False,False,11
5ae0643c5542993d6555eb42,Benjamin Britten,156,0,0,0.85,0.5,True,False,False,89
5ae018f7554299025d62a3f2,North Salem Town Hall,100,1,1,1.0,1.0,True,False,False,1
5ae018f7554299025d62a3f2,"Westchester County, New York",61,0,0,1.0,0.0,False,False,False,84
5ae018f7554299025d62a3f2,"Westchester County, New York",78,1,1,1.0,0.3333,True,False,False,84
5a7380f25542992d56e7e33e,"Wheaton, Kansas",64,1,1,1.0,0.7,True,False,False,9
5a7380f25542992d56e7e33e,"Pottawatomie County, Kansas",72,0,0,0.5455,0.0909,False,False,False,14
5ab877c95542990e739ec90f,Pittsfield Colonials,168,1,1,1.0,0.35,True,False,False,10
5ab877c95542990e739ec90f,Nashua Pride,147,0,0,1.0,0.5263,True,False,False,11
5ae12e3355429920d52342ef,The Troelfth Cake,240,0,0,0.7742,0.4194,False,False,False,4
5ae12e3355429920d52342ef,First Partition of Poland,153,0,0,1.0,0.5,True,False,False,35
5ab60cd7554299110f2199cb,Hymenophore,81,1,1,1.0,1.0,True,False,False,1
5ab60cd7554299110f2199cb,Hymenophore,44,1,1,1.0,1.0,True,False,False,1
5ab60cd7554299110f2199cb,Robert Hooke,124,0,0,0.8,0.45,True,False,False,71
5ae7e56255429952e35ea9d3,Rag and Bone (song),76,1,1,1.0,0.3571,True,False,False,2
5ae7e56255429952e35ea9d3,Rag and Bone (song),170,0,1,1.0,0.6296,True,False,False,2
5ae7e56255429952e35ea9d3,Icky Thump,90,0,0,0.8667,0.1333,True,False,False,18
5ae7e56255429952e35ea9d3,Icky Thump,122,0,0,0.875,0.4375,True,False,False,18
5a8503445542994c784ddad1,Covington County School District (Mississippi),101,0,0,0.8462,0.0769,True,False,False,17
5a8503445542994c784ddad1,"Collins, Mississippi",66,1,1,1.0,0.4,True,False,False,23
5a8503445542994c784ddad1,"Collins, Mississippi",44,1,1,1.0,0.5,True,False,False,23
5a8ac2a35542992d82986f70,The 1686 House,142,1,1,1.0,0.625,True,False,False,3
5a8ac2a35542992d82986f70,The 1686 House,113,0,1,1.0,0.6667,True,False,False,3
5a8ac2a35542992d82986f70,"Kingston, New Hampshire",44,0,0,1.0,0.25,True,False,False,17
5a75d91e5542992db94736f2,Psychiatric Institute of Washington,163,1,1,1.0,0.5714,True,False,False,6
5a75d91e5542992db94736f2,St. Elizabeths Hospital,113,0,0,0.9286,0.3571,True,False,False,43
5a75d91e5542992db94736f2,St. Elizabeths Hospital,203,0,0,0.931,0.5517,True,False,False,43
5ae22af5554299495565da22,200 Press,63,1,1,1.0,0.5,True,False,False,4
5ae22af5554299495565da22,James Blake (musician),146,0,0,0.8,0.35,True,False,False,26
5a7a5ed75542996c55b2dd84,Jin Ji-hee,59,0,0,0.25,1.0,False,False,False,1
5a7a5ed75542996c55b2dd84,Hansel and Gretel (2007 film),81,0,0,1.0,0.5333,True,False,False,19
5ac39f89554299657fa29102,2011 MLS All-Star Game,110,1,1,1.0,0.8947,True,False,False,3
5ac39f89554299657fa29102,Danny Welbeck,167,0,0,0.6923,0.3462,False,False,False,43
5a8370125542992ef85e22c4,2015–16 UAB Blazers men's basketball team,129,1,1,1.0,0.6818,True,False,False,3
5a8370125542992ef85e22c4,Conference USA,139,0,0,0.8947,0.4211,True,False,False,44
5adf827d5542993344016ca3,"Humboldt, Kansas",58,1,1,1.0,0.4,True,False,False,25
5adf827d5542993344016ca3,"Allen County, Kansas",47,1,1,1.0,0.3333,True,False,False,23
5abfe3425542997d64295921,"Palmyra, Pennsylvania",68,0,0,1.0,0.3,True,False,False,32
5abfe3425542997d64295921,"Palmyra, Pennsylvania",70,1,1,1.0,0.5,True,False,False,32
5abfe3425542997d64295921,"Palmyra, Pennsylvania",44,0,0,1.0,0.25,True,False,False,32
5abfe3425542997d64295921,Metropolitan statistical area,183,0,0,1.0,0.36,True,False,False,7
5a8db641554299441c6ba046,Cathedral Bridge,137,1,1,1.0,0.3,True,False,False,8
5a8db641554299441c6ba046,Cathedral Bridge,153,1,1,1.0,0.4091,True,False,False,8
5a8db641554299441c6ba046,Cologne Cathedral,143,0,0,0.8519,0.5185,True,False,False,40
5ae5fb82554299546bf82ff7,Starship (musical),126,1,1,1.0,0.5263,True,False,False,34
5ae5fb82554299546bf82ff7,Darren Criss,89,0,0,1.0,0.6429,True,False,False,52
5a8af4455542996c9b8d5f7d,Presbyterian University College,142,0,0,1.0,0.5,True,False,False,16
5a8af4455542996c9b8d5f7d,Abetifi,130,1,1,1.0,1.0,True,False,False,1
5ac219575542992f1f2b37fb,1914 Minnesota Golden Gophers football team,124,1,1,1.0,0.8462,True,False,False,2
5ac219575542992f1f2b37fb,1914 Minnesota Golden Gophers football team,71,1,1,1.0,0.8333,True,False,False,2
5ac219575542992f1f2b37fb,Big Ten Conference,160,0,0,1.0,0.5,True,False,False,105
5ae5d02855429929b08079b2,Arthur J. DiTommaso Memorial Bridge,131,1,1,1.0,1.0,True,False,False,1
5ae5d02855429929b08079b2,"Fitchburg, Massachusetts",86,0,0,1.0,0.4167,True,False,False,69
5ac2e08555429921a00ab0a0,"Loma, Montana",83,1,1,1.0,0.5385,True,False,False,8
5ac2e08555429921a00ab0a0,"Chouteau County, Montana",48,0,0,1.0,0.2222,True,False,False,10
5a8604cd554299211dda2a38,Four-minute mile,59,0,0,1.0,0.3333,True,False,False,24
5a8604cd554299211dda2a38,Roger Bannister,192,0,0,0.7333,0.3333,False,False,False,72
5ae538ac5542990ba0bbb237,Michael Curtiz,177,0,0,0.963,0.5556,True,False,False,109
5ae538ac5542990ba0bbb237,Michael Curtiz,134,0,0,0.619,0.0,False,False,False,109
5ae538ac5542990ba0bbb237,Peter Segal,87,0,0,1.0,0.6154,True,False,False,11
5a75e577554299109176e5bd,Badlands (Halsey album),101,0,0,1.0,0.1667,True,False,False,13
5a75e577554299109176e5bd,Halsey (singer),133,0,0,1.0,0.2273,True,False,False,53
5ab9415a554299743d22ea83,CI1 fossils,112,0,1,1.0,0.5294,True,False,False,3
5ab9415a554299743d22ea83,Journal of Cosmology,59,0,0,0.8889,0.4444,True,False,False,12
5a8b300d55429949d91db4d8,Paris Calling,132,0,0,0.9048,0.619,True,False,False,2
5a8b300d55429949d91db4d8,Basil Rathbone,103,0,0,1.0,0.5263,True,False,False,36
5ae81e3c55429952e35eaa2d,Yaani King,137,0,0,0.84,0.4,True,False,False,6
5ae81e3c55429952e35eaa2d,Saving Grace (TV series),151,1,1,1.0,0.5833,True,False,False,20
5a8ba5c9554299240d9c2059,"Suwanee, Georgia",66,0,0,1.0,0.3077,True,False,False,23
5a8ba5c9554299240d9c2059,"Suwanee, Georgia",157,0,0,0.3462,0.0,False,False,False,23
5a8ba5c9554299240d9c2059,"Gwinnett County, Georgia",95,0,0,0.9167,0.0833,True,False,False,40
5a73b6735542992d56e7e38f,Maxim Kontsevich,125,0,0,1.0,0.6923,True,False,False,8
5a73b6735542992d56e7e38f,Andrey Kolmogorov,350,0,0,0.8378,0.5135,True,False,False,27
5a804109554299485f5985a2,Saxon Sydney-Turner,134,0,0,0.9545,0.5455,True,False,False,9
5a804109554299485f5985a2,Bloomsbury Group,248,0,0,0.8387,0.3871,True,False,False,39
5ac201a455429964131be2b7,Grants Pass School District,120,0,0,1.0,0.5,True,False,False,3
5ac201a455429964131be2b7,"Grants Pass, Oregon",90,0,0,1.0,0.3333,True,False,False,28
5a8d9aa0554299068b959d5a,Peter Nevill,205,0,0,0.8621,0.4828,True,False,False,10
5a8d9aa0554299068b959d5a,2015 Ashes series,103,0,0,1.0,0.25,True,False,False,24
5a775bdb5542994aec3b72aa,"Trenton, Michigan",95,0,0,0.625,0.0,False,False,False,44
5a775bdb5542994aec3b72aa,"Trenton, Michigan",66,1,1,1.0,0.6,True,False,False,44
5a775bdb5542994aec3b72aa,"Wayne County, Michigan",71,1,1,1.0,0.1667,True,False,False,57
5a775bdb5542994aec3b72aa,"Wayne County, Michigan",53,1,1,1.0,0.3333,True,False,False,57
5ae5408055429908b63265b0,Real Sociedad,60,1,1,1.0,0.3333,True,False,False,29
5ae5408055429908b63265b0,Basque derby,153,0,1,1.0,0.4,True,False,False,27
5add142c5542994ed6169c67,Jamie Muhoberac,239,0,0,0.8182,0.3636,True,False,False,5
5add142c5542994ed6169c67,Pet Shop Boys,178,0,0,0.75,0.0833,False,False,False,75
5abee4da5542997719eab5ef,Robert König,100,1,1,1.0,0.7059,True,False,False,7
5abee4da5542997719eab5ef,Linz,137,0,0,0.7059,0.1176,False,False,False,121
5abee4da5542997719eab5ef,Linz,119,0,0,0.6316,0.1579,False,False,False,121
5ab5f3d5554299488d4d9a61,2011 Sacred Heart Pioneers football team,129,1,1,1.0,1.0,True,False,False,1
5ab5f3d5554299488d4d9a61,Northeast Conference,163,0,0,0.8333,0.3889,True,False,False,19
5ae0c04455429906c02dab27,James P. Comer,203,0,0,0.9667,0.5667,True,False,False,9
5ae0c04455429906c02dab27,James P. Comer,149,1,1,1.0,0.65,True,False,False,9
5ae0c04455429906c02dab27,Parents (magazine),200,0,0,0.6923,0.3846,False,False,False,13
5ae44d475542995dadf24307,Imagine Dragons,199,0,0,0.8571,0.25,True,False,False,44
5ae44d475542995dadf24307,It's Time (song),357,0,0,0.5532,0.0426,False,False,False,12
5a856deb5542992a431d1b1b,Rugby union at the 1979 South Pacific Games,143,1,1,1.0,1.0,True,False,False,1
5a856deb5542992a431d1b1b,Suva,104,0,0,0.7692,0.0769,False,False,False,64
5a88c039554299206df2b35e,Wapping,189,0,0,0.9643,0.3929,True,False,False,44
5a88c039554299206df2b35e,Prospect of Whitby,88,1,1,1.0,0.6,True,False,False,11
5ae7814055429952e35ea950,Sam Weir (endurance athlete),93,0,0,0.9333,0.7333,True,False,False,3
5ae7814055429952e35ea950,"Gold Coast, Queensland",195,0,0,0.8462,0.1923,True,False,False,81
5a7a47df5542994f819ef1b3,Youngblood Hawke (band),80,0,0,0.6154,0.0769,False,False,False,8
5a7a47df5542994f819ef1b3,Violent Femmes,107,0,0,0.75,0.3125,False,False,False,25
5ab88e2655429919ba4e231f,Honda XL350R,84,0,1,1.0,0.8571,True,False,False,2
5ab88e2655429919ba4e231f,Cycle World,60,1,1,1.0,0.2,True,False,False,2
5ab2b63a5542992953946841,Sherry Thomas,122,1,1,1.0,0.5294,True,False,False,31
5ab2b63a5542992953946841,His at Night,54,1,1,1.0,0.5,True,False,False,11
5ab2b63a5542992953946841,His at Night,85,1,1,1.0,0.6429,True,False,False,11
5ae1830b55429901ffe4aee2,Philippe Kouassi,92,1,1,1.0,1.0,True,False,False,1
5ae1830b55429901ffe4aee2,Ivory Coast,119,0,0,0.875,0.1875,True,False,False,84
5abf0f695542997719eab64b,"Berclair, Mississippi",94,1,1,1.0,0.6667,True,False,False,3
5abf0f695542997719eab64b,"Berclair, Mississippi",49,0,0,0.7778,0.4444,False,False,False,3
5abf0f695542997719eab64b,"Itta Bena, Mississippi",66,1,1,1.0,0.3636,True,False,False,21
5abf0f695542997719eab64b,"Itta Bena, Mississippi",85,0,1,1.0,0.7143,True,False,False,21
5a7f965b55429969796c1aca,Alaska Wilderness Lake,86,1,1,1.0,1.0,True,False,False,1
5a7f965b55429969796c1aca,Sembene!,8,3,3,1.0,0.0,False,True,True,3
5ae6922e5542996d980e7c0b,Rovio Entertainment,192,0,0,0.6522,0.2174,False,False,False,18
5ae6922e5542996d980e7c0b,Rovio Entertainment,68,0,0,0.8333,0.1667,True,False,False,18
5ae6922e5542996d980e7c0b,Rovio Entertainment,67,0,0,0.9,0.4,True,False,False,18
5ae6922e5542996d980e7c0b,Angry Birds,85,0,0,0.9231,0.2308,True,False,False,85
5ae6922e5542996d980e7c0b,Angry Birds,108,0,0,0.8824,0.3529,True,False,False,85
5ade6cb55542992fa25da77c,Cows (TV series),72,0,0,1.0,0.7857,True,False,False,2
5ade6cb55542992fa25da77c,Eddie Izzard,98,0,0,0.8571,0.5714,True,False,False,41
5ae4a8f455429970de88d9f9,Goodsprings Schoolhouse,168,0,0,1.0,0.5714,True,False,False,2
5ae4a8f455429970de88d9f9,"Goodsprings, Nevada",42,1,1,1.0,0.2857,True,False,False,14
5a8e25055542990e94052a72,2nd Army Corps (Russian Empire),132,0,0,0.9412,1.0,True,False,False,1
5a8e25055542990e94052a72,2nd Army Corps (Russian Empire),122,1,1,1.0,1.0,True,False,False,1
5a8e25055542990e94052a72,Battle of Tannenberg,125,0,0,0.8571,0.2857,True,False,False,40
5a7dd8ff5542991319bc93fa,Jacques Prévert,86,0,0,0.9286,0.4286,True,False,False,19
5a7dd8ff5542991319bc93fa,Eugène Ionesco,201,0,0,1.0,0.5667,True,False,False,32
5a7a9cea5542990198eaf162,Brian Patrick O'Toole,72,0,1,1.0,0.4,True,False,False,4
5a7a9cea5542990198eaf162,Atlas Shrugged,43,1,1,1.0,0.1111,True,False,False,59
5ae7cb555542993210983f4e,"Perry Hall, Maryland",115,1,1,1.0,0.5,True,False,False,15
5ae7cb555542993210983f4e,"Baltimore County, Maryland",59,0,0,1.0,0.1818,True,False,False,62
5ae7cb555542993210983f4e,"Baltimore County, Maryland",44,0,0,0.875,0.25,True,False,False,62
5a76f9045542994aec3b71a7,Harriman State Park (Idaho),202,0,0,0.8,0.6,True,False,False,4
5a76f9045542994aec3b71a7,American black bear,92,0,0,0.9286,0.1429,True,False,False,66
5abd004d5542992ac4f38194,Winsor McCay,121,0,1,1.0,0.45,True,False,False,74
5abd004d5542992ac4f38194,Gertie the Dinosaur,178,0,0,0.9583,0.5,True,False,False,33
5abd8be95542993062266cc3,Georgetown East Main Street Residential District,112,0,0,0.9286,0.7143,True,False,False,2
5abd8be95542993062266cc3,Georgetown East Main Street Residential District,84,0,0,0.8125,0.75,True,False,False,2
5abd8be95542993062266cc3,"Georgetown, Kentucky",85,0,0,1.0,0.5,True,False,False,38
5abd8be95542993062266cc3,"Georgetown, Kentucky",131,1,1,1.0,0.5,True,False,False,38
5a71398b5542994082a3e69e,Parents (magazine),200,0,0,0.6923,0.3846,False,False,False,13
5a71398b5542994082a3e69e,Donna Moderna,131,0,0,0.8,0.4,True,False,False,4
5ac561f35542993e66e823b9,2015 Idlib offensive,118,1,1,1.0,0.5294,True,False,False,12
5ac561f35542993e66e823b9,2015 Idlib offensive,81,1,1,1.0,0.3333,True,False,False,12
5ac561f35542993e66e823b9,2015 Idlib offensive,160,0,1,1.0,0.7727,True,False,False,12
5ac561f35542993e66e823b9,The Economist,131,0,0,0.7368,0.2105,False,False,False,69
5ac1c3745542994ab5c67e09,30 Rock (season 3),170,0,0,1.0,0.4,True,False,False,26
5ac1c3745542994ab5c67e09,30 Rock (season 3),194,1,1,1.0,0.0,False,False,False,26
5ac1c3745542994ab5c67e09,Tina Fey,109,0,0,1.0,0.3125,True,False,False,64
5ac1c3745542994ab5c67e09,Tina Fey,211,0,0,0.8276,0.1379,True,False,False,64
5abb90b95542993f40c73b33,Ashleigh Cummings,120,0,0,0.7368,0.1053,False,False,False,8
5abb90b95542993f40c73b33,Miss Fisher's Murder Mysteries,72,1,1,1.0,0.2727,True,False,False,42
5abb90b95542993f40c73b33,Miss Fisher's Murder Mysteries,50,1,1,1.0,0.4444,True,False,False,42
5ae8038d5542993210984037,Across the Bridge of Hope,146,1,1,1.0,0.6364,True,False,False,3
5ae8038d5542993210984037,Omagh bombing,112,0,0,0.8333,0.1111,True,False,False,59
5ab914fd55429919ba4e2396,Lou Reed,100,0,0,0.875,0.25,True,False,False,64
5ab914fd55429919ba4e2396,Jack Russell (musician),67,0,0,1.0,0.4545,True,False,False,12
5a85f8a85542997b5ce4003d,Crowdrise,113,1,1,1.0,0.75,True,False,False,3
5a85f8a85542997b5ce4003d,Shauna Robertson,63,0,0,0.9,0.4,True,False,False,6
5a7eb5025542994959419a5e,Wheatley Hills Golf Club,96,0,0,0.9375,1.0,True,False,False,1
5a7eb5025542994959419a5e,"East Williston, New York",90,0,0,1.0,0.2857,True,False,False,12
5ae1e10c554299422ee996b8,Effects of Hurricane Isaac in Florida,165,0,0,0.95,0.25,True,False,False,21
5ae1e10c554299422ee996b8,Hurricane Isaac (2012),126,0,0,1.0,0.381,True,False,False,47
5adcf3b25542992c1e3a24d0,Aristomachus of Croton,128,0,0,1.0,0.55,True,False,False,2
5adcf3b25542992c1e3a24d0,Crotone,207,0,0,0.6129,0.2258,False,False,False,35
5ab487465542991751b4d7a6,Gold Mountain Casino,198,1,1,1.0,1.0,True,False,False,1
5ab487465542991751b4d7a6,WinStar World Casino,233,0,0,0.8966,0.3793,True,False,False,8
5a7f639d5542992097ad2f4b,"The Oh, Hello Show",138,0,1,1.0,0.3636,True,False,False,17
5a7f639d5542992097ad2f4b,"The Oh, Hello Show",224,1,1,1.0,0.3714,True,False,False,17
5a7f639d5542992097ad2f4b,John Mulaney,105,1,1,1.0,0.5294,True,False,False,37
5a7f639d5542992097ad2f4b,John Mulaney,169,0,0,0.6667,0.1111,False,False,False,37
5a8721155542991e771816da,Joseph Weeks,86,1,1,1.0,0.5,True,False,False,2
5a8721155542991e771816da,"Richmond, New Hampshire",68,1,1,1.0,0.3636,True,False,False,13
5a7702425542993569682c9c,Count's 77,54,1,1,1.0,0.25,True,False,False,10
5a7702425542993569682c9c,Count's 77,119,0,0,1.0,0.3889,True,False,False,10
5a7702425542993569682c9c,Counting Cars,298,0,0,0.9762,0.0238,False,False,False,10
5a855afc5542991dd0999e54,Gary Chang,94,0,0,0.75,1.0,False,False,False,1
5a855afc5542991dd0999e54,Gary Chang,64,0,0,0.9167,1.0,True,False,False,1
5a855afc5542991dd0999e54,Under Siege,104,0,0,1.0,0.4444,True,False,False,27
5a855afc5542991dd0999e54,Under Siege,130,0,0,0.75,0.2,False,False,False,27
5a855afc5542991dd0999e54,Under Siege,45,0,0,0.5,0.125,False,False,False,27
5ab60a5b554299110f2199c1,Emperor of China,176,0,0,0.6,0.04,False,False,False,29
5ab60a5b554299110f2199c1,Puyi,217,0,0,0.6129,0.1935,False,False,False,118
5abedc615542993fe9a41d61,Rø Church,111,0,0,1.0,0.6667,True,False,False,4
5abedc615542993fe9a41d61,Rø Church,130,0,0,1.0,0.75,True,False,False,4
5abedc615542993fe9a41d61,Romanesque architecture,107,1,1,1.0,0.4286,True,False,False,130
5a81b96f5542990a1d231e81,US Open (tennis),216,0,0,0.8889,0.4815,True,False,False,34
5a81b96f5542990a1d231e81,Australian Open,180,0,0,0.7826,0.1739,False,False,False,36
5ab5ed575542997d4ad1f256,Andy Holt (Hollyoaks),119,0,0,1.0,0.7368,True,False,False,8
5ab5ed575542997d4ad1f256,Warren Brown (actor),295,0,0,0.6087,0.3478,False,False,False,11
5ab67cd555429954757d3300,C.R. Alsip Guitars,111,0,0,0.9444,0.5,True,False,False,4
5ab67cd555429954757d3300,"Arkansas City, Kansas",179,0,0,0.9048,0.2857,True,False,False,34
5a90ca225542995651fb51f9,Francesco Cocco-Ortu,128,1,1,1.0,0.5789,True,False,False,4
5a90ca225542995651fb51f9,Kingdom of Italy,162,0,0,0.7143,0.1429,False,False,False,149
5ae3f4105542995ad6573cde,Monson Historical Society Museum,94,1,1,1.0,0.5,True,False,False,5
5ae3f4105542995ad6573cde,"Monson, Maine",61,1,1,1.0,0.3,True,False,False,16
5ae664a65542996d980e7b48,Outside the Nine,100,0,0,1.0,0.2941,True,False,False,3
5ae664a65542996d980e7b48,Slipknot (band),63,0,0,1.0,0.3636,True,False,False,62
5ac1aea755429963665198e8,The Way We Live Now (2001 TV serial),114,0,0,1.0,0.5625,True,False,False,14
5ac1aea755429963665198e8,Anthony Trollope,99,0,0,1.0,0.5625,True,False,False,53
5a8e93235542990e94052b5e,Thoroughbred (album),85,0,0,0.9231,0.4615,True,False,False,2
5a8e93235542990e94052b5e,Carole King,100,0,0,0.9375,0.3125,True,False,False,72
5a8a52e85542996c9b8d5eb5,Pass Christian School District,106,0,0,0.9167,0.3333,True,False,False,4
5a8a52e85542996c9b8d5eb5,"Pass Christian, Mississippi",97,0,0,1.0,0.2308,True,False,False,34
5ae773305542997b22f6a772,Get Bruce,173,1,1,1.0,0.5833,True,False,False,6
5ae773305542997b22f6a772,Robin Williams,146,0,0,0.6522,0.1304,False,False,False,74
5a77b8f35542992a6e59df9c,William Coote,73,1,1,1.0,0.8182,True,False,False,2
5a77b8f35542992a6e59df9c,William Coote,155,0,0,0.9565,0.6087,True,False,False,2
5a77b8f35542992a6e59df9c,Ulster Unionist Party,82,1,1,1.0,0.0909,True,False,False,57
5ae690c15542996d980e7c03,2015–16 Missouri Tigers women's basketball team,147,1,1,1.0,1.0,True,False,False,1
5ae690c15542996d980e7c03,2015–16 Missouri Tigers women's basketball team,60,1,1,1.0,1.0,True,False,False,1
5ae690c15542996d980e7c03,Robin Pingeton,69,1,1,1.0,0.6154,True,False,False,3
5abbe85d554299642a094bc5,"Village Shires, Pennsylvania",106,1,1,1.0,0.5294,True,False,False,10
5abbe85d554299642a094bc5,"Bucks County, Pennsylvania",69,0,0,0.9,0.1,True,False,False,73
5abbe85d554299642a094bc5,"Bucks County, Pennsylvania",164,0,0,0.6667,0.1429,False,False,False,73
5aba71e75542994dbf01990d,Clémence Poésy,162,0,0,1.0,0.4583,True,False,False,15
5aba71e75542994dbf01990d,In Bruges,101,0,0,0.8824,0.1176,True,False,False,22
5a8d5288554299585d9e37bb,Second Gulf of Sidra offensive,300,1,1,1.0,0.5641,True,False,False,22
5a8d5288554299585d9e37bb,Second Gulf of Sidra offensive,142,0,0,0.9565,0.7391,True,False,False,22
5a8d5288554299585d9e37bb,Muammar Gaddafi,163,0,0,0.7619,0.2857,False,False,False,107
5ae1ea045542997283cd22d9,Roper steam velocipede,168,0,0,1.0,0.4545,True,False,False,15
5ae1ea045542997283cd22d9,Sylvester H. Roper,172,1,1,1.0,0.4167,True,False,False,7
5a90bdcf55429916514e754a,Troy Historic Village,67,1,1,1.0,0.4,True,False,False,11
5a90bdcf55429916514e754a,"Troy, Michigan",114,0,0,0.8889,0.2778,True,False,False,41
5a807f7a554299485f59862b,Thurgood Marshall,134,0,0,0.85,0.2,True,False,False,43
5a807f7a554299485f59862b,Brown v. Board of Education,237,0,0,0.8108,0.1892,True,False,False,77
5ae637355542992ae0d16288,Shelley Meals,58,0,0,0.9,1.0,True,False,False,1
5ae637355542992ae0d16288,Chicago Med,163,0,0,0.9545,0.4545,True,False,False,57
5a753e9b5542996c70cfaec2,The Joy Formidable,122,0,0,0.8947,0.3158,True,False,False,10
5a753e9b5542996c70cfaec2,Deftones,246,0,0,0.8529,0.2647,True,False,False,54
5a8733305542991e77181715,Pinnacle Bank Arena,131,0,0,0.7727,0.3636,False,False,False,2
5a8733305542991e77181715,Pinnacle Bank Arena,158,0,0,0.8571,0.381,True,False,False,2
5a8733305542991e77181715,Nebraska Cornhuskers women's basketball,100,0,0,0.8333,0.1667,True,False,False,6
5ac08b65554299012d1db5fe,Ip Man 3,178,1,1,1.0,0.4286,True,False,False,27
5ac08b65554299012d1db5fe,Ip Man (film series),204,0,0,1.0,0.5357,True,False,False,11
5adf9f115542995534e8c81b,Skylar Grey discography,192,1,1,1.0,1.0,True,False,False,1
5adf9f115542995534e8c81b,Love the Way You Lie,166,0,0,1.0,0.25,True,False,False,38
5ae450865542995dadf24318,1976 Navy Midshipmen football team,138,0,0,1.0,1.0,True,False,False,1
5ae450865542995dadf24318,United States Naval Academy,156,0,0,0.7727,0.1818,False,False,False,182
5a70f01a5542994082a3e3fc,Vegan cheese,164,0,0,0.4615,0.0385,False,False,False,20
5a70f01a5542994082a3e3fc,Lactose intolerance,144,0,0,0.7,0.0,False,False,False,51
5a7a8a7255429941d65f2696,Asami Imai,138,0,0,0.5714,0.1905,False,False,False,9
5a7a8a7255429941d65f2696,Asami Imai,221,0,0,1.0,0.7097,True,False,False,9
5a7a8a7255429941d65f2696,Corpse Party,173,0,0,0.8519,0.4815,True,False,False,30
5a7a8a7255429941d65f2696,Corpse Party,109,0,0,1.0,0.0,False,False,False,30
5ae763ac5542997b22f6a71b,Diogal,74,0,0,0.3333,1.0,False,False,False,1
5ae763ac5542997b22f6a71b,Dakar,57,0,0,1.0,0.1111,True,False,False,41
5ae763ac5542997b22f6a71b,Dakar,142,0,0,0.7,0.1,False,False,False,41
5a74587155429979e2882915,John Buchan,212,0,0,1.0,0.5806,True,False,False,34
5a74587155429979e2882915,D. H. Lawrence,139,0,0,0.8,0.35,True,False,False,141
5ae7ecb2554299540e5a569f,Tualatin Hills Nature Park,158,0,0,1.0,0.5263,True,False,False,3
5ae7ecb2554299540e5a569f,"Beaverton, Oregon",79,0,0,0.6429,0.0,False,False,False,37
5ab92783554299131ca42289,Fort Pickering,197,1,1,1.0,0.5172,True,False,False,12
5ab92783554299131ca42289,Anglo-Dutch Wars,397,0,0,0.4857,0.1714,False,False,False,46
5adccc0c55429947343537a6,Princess Louise of Prussia (1770–1836),185,1,1,1.0,0.4231,True,False,False,16
5adccc0c55429947343537a6,Frederick the Great,152,0,0,0.7619,0.3333,False,False,False,81
5a764d6b5542992d0ec06096,William Walton,115,0,0,1.0,0.2941,True,False,False,60
5a764d6b5542992d0ec06096,Carl Maria von Weber,209,0,0,0.6774,0.1935,False,False,False,40
5a83a7265542990548d0b20f,Mixed martial arts in Ontario,143,1,1,1.0,0.5,True,False,False,23
5a83a7265542990548d0b20f,UFC 129,178,1,1,1.0,0.6,True,False,False,11
5add0ae05542992c1e3a2521,John R. Redman,101,1,1,1.0,0.5556,True,False,False,5
5add0ae05542992c1e3a2521,John R. Redman,163,1,1,1.0,0.4815,True,False,False,5
5add0ae05542992c1e3a2521,Chester W. Nimitz,114,0,0,0.8889,0.3333,True,False,False,61
5a7cc02c554299452d57ba00,Lynda Blutreich,146,0,0,1.0,1.0,True,False,False,1
5a7cc02c554299452d57ba00,"Lynn, Massachusetts",91,0,0,0.9167,0.25,True,False,False,72
5a77323655429972597f1496,Diary of a Chav,119,1,1,1.0,0.4,True,False,False,4
5a77323655429972597f1496,Grace Dent,118,0,0,0.5294,0.1176,False,False,False,14
5a7a2a735542996c55b2dd2c,Mate Pavić,95,0,0,0.9333,0.5333,True,False,False,26
5a7a2a735542996c55b2dd2c,Andrés Gómez,118,0,0,0.8947,0.4737,True,False,False,7
5a7a2a735542996c55b2dd2c,Andrés Gómez,58,1,1,1.0,0.1667,True,False,False,7
5ab29392554299545a2cf99a,Rayane Bensetti,101,0,1,1.0,0.2941,True,False,False,4
5ab29392554299545a2cf99a,Danse avec les stars,196,0,0,1.0,0.9,True,False,False,17
5a7e8ae95542997cc2c47561,Kellie Pickler (album),337,0,0,0.9649,0.5789,True,False,False,5
5a7e8ae95542997cc2c47561,Best Days of Your Life,131,0,0,0.95,0.4,True,False,False,10
5a78e1a4554299029c4b5ec3,Dana Fox,192,0,0,0.9333,0.4667,True,False,False,6
5a78e1a4554299029c4b5ec3,What Happens in Vegas,143,0,0,0.9565,0.5217,True,False,False,15
5ab3eec6554299753aec59f7,Tamupiwa Dimairo,126,1,1,1.0,0.7619,True,False,False,3
5ab3eec6554299753aec59f7,Melbourne City FC,100,0,0,0.9167,0.25,True,False,False,42
5ac4d46a554299076e296e08,Love Story (Taylor Swift song),132,0,0,0.9545,0.2273,True,False,False,39
5ac4d46a554299076e296e08,Fearless (Taylor Swift album),68,0,0,1.0,0.0,False,False,False,43
5abb6c38554299642a094a90,Pueblo (game),108,1,1,1.0,0.6875,True,False,False,6
5abb6c38554299642a094a90,Taos Pueblo,123,0,0,1.0,0.5,True,False,False,27
5a83404a55429966c78a6b5c,Bridger Trail,148,1,1,1.0,0.35,True,False,False,6
5a83404a55429966c78a6b5c,"Virginia City, Montana",89,1,1,1.0,0.4,True,False,False,23
5adfb553554299603e418383,1941 Wisconsin Badgers football team,120,1,1,1.0,0.5882,True,False,False,4
5adfb553554299603e418383,Big Ten Conference,160,0,0,1.0,0.5,True,False,False,105
5a7cd5f155429909bec76832,Horrocks Block,219,0,0,0.9286,0.7143,True,False,False,2
5a7cd5f155429909bec76832,Jeremiah Horrocks,204,0,0,0.931,0.5517,True,False,False,23
5a7907b055429974737f7949,1994 New York Yankees season,238,0,0,0.9697,0.4545,True,False,False,16
5a7907b055429974737f7949,Don Mattingly,173,0,0,1.0,0.5556,True,False,False,52
5abd8cca5542996e802b47be,Anthophila abhasica,129,1,1,1.0,1.0,True,False,False,1
5abd8cca5542996e802b47be,Georgia (country),201,0,0,0.88,0.44,True,False,False,138
5a85ffdf5542994775f606ec,Porfirio Salinas,111,0,1,1.0,0.2632,True,False,False,10
5a85ffdf5542994775f606ec,Lyndon B. Johnson,127,0,0,0.8235,0.0588,True,False,False,136
5a7fa7f25542994857a767a2,Herricks Union Free School District,128,0,0,0.8947,0.3684,True,False,False,8
5a7fa7f25542994857a767a2,"Herricks, New York",44,0,0,0.875,0.125,True,False,False,27
5abdad555542992ac4f382e8,The War of the Roses (film),118,0,0,1.0,0.45,True,False,False,19
5abdad555542992ac4f382e8,Black comedy,65,0,0,0.8,0.1,True,False,False,31
5a87bc035542996e4f3088fc,Smokers Die Younger,88,1,1,1.0,0.5714,True,False,False,6
5a87bc035542996e4f3088fc,Art rock,182,1,1,1.0,0.3478,True,False,False,24
5a884dd75542997e5c09a5c2,Lin Hsiung-cheng,94,1,1,1.0,1.0,True,False,False,1
5a884dd75542997e5c09a5c2,Lin Hsiung-cheng,41,1,1,1.0,1.0,True,False,False,1
5a884dd75542997e5c09a5c2,Sun Yat-sen,193,0,0,0.88,0.4,True,False,False,101
5a884dd75542997e5c09a5c2,Sun Yat-sen,230,0,0,0.6,0.04,False,False,False,101
5a8088bd5542996402f6a545,Portland Transportation Center,73,1,1,1.0,0.6,True,False,False,2
5a8088bd5542996402f6a545,Concord Coach Lines,125,0,0,1.0,0.6111,True,False,False,8
5ae6b06455429908198fa67f,T. E. Lawrence,228,0,0,1.0,0.5484,True,False,False,111
5ae6b06455429908198fa67f,Lawrence of Arabia (film),92,0,0,0.9375,0.1875,True,False,False,91
5ac2df1a55429921a00ab094,Play'd: A Hip Hop Story,202,0,0,0.6364,0.2424,False,False,False,2
5ac2df1a55429921a00ab094,Merlin Santana,240,0,0,0.9143,0.3429,True,False,False,11
5ab51ba45542990594ba9d06,Tribute (ballet),84,1,1,1.0,0.6429,True,False,False,2
5ab51ba45542990594ba9d06,Johann Sebastian Bach,124,0,0,0.7273,0.0455,False,False,False,104
5a7b3ccf55429927d897bf5f,Hagen Site,134,1,1,1.0,0.5556,True,False,False,4
5a7b3ccf55429927d897bf5f,"Dawson County, Montana",48,0,0,1.0,0.2222,True,False,False,17
5adf85145542993344016cb6,"Auchinleck Castle, East Ayrshire",162,1,1,1.0,1.0,True,False,False,1
5adf85145542993344016cb6,"Auchinleck Castle, East Ayrshire",58,0,0,0.9,1.0,True,False,False,1
5adf85145542993344016cb6,"Ochiltree Castle, East Ayrshire",102,1,1,1.0,0.5,True,False,False,5
5a8b67115542997f31a41d10,Friedrich Klose,200,0,0,1.0,0.8966,True,False,False,6
5a8b67115542997f31a41d10,Richard Strauss,129,0,0,1.0,0.5,True,False,False,73
5a7567915542996c70cfaef3,Like My Mother Does,88,1,1,1.0,0.625,True,False,False,6
5a7567915542996c70cfaef3,Like My Mother Does,131,1,1,1.0,0.5238,True,False,False,6
5a7567915542996c70cfaef3,Lauren Alaina,64,0,0,1.0,0.0,False,False,False,33
5a75643a55429916b01642f8,Nyree Kindred,175,1,1,1.0,0.6667,True,False,False,7
5a75643a55429916b01642f8,Paralympic Games,82,1,1,1.0,0.1,True,False,False,62
5a7d1b445542995ed0d165ee,Yoo Ah-in,268,0,0,0.973,0.4865,True,False,False,46
5a7d1b445542995ed0d165ee,Punch (2011 film),273,1,1,1.0,0.5227,True,False,False,12
5ac38de0554299657fa290f0,Josh Gates,104,0,0,0.9333,0.5333,True,False,False,19
5ac38de0554299657fa290f0,"Manchester-by-the-Sea, Massachusetts",121,0,0,0.9444,0.2778,True,False,False,24
5abd0ca95542996e802b46c1,Philharmonics (album),83,0,0,0.9167,0.4167,True,False,False,13
5abd0ca95542996e802b46c1,Agnes Obel,119,0,0,0.8889,0.1667,True,False,False,58
5a7e1a6c5542995ed0d16695,Kim Sang-kyung,90,0,0,0.9412,0.7059,True,False,False,2
5a7e1a6c5542995ed0d16695,May 18 (film),14,0,0,0.6667,0.6667,False,True,False,7
5a77a0ee5542992a6e59df37,Ferrers baronets,106,1,1,1.0,1.0,True,False,False,1
5a77a0ee5542992a6e59df37,Ferrers baronets,53,1,1,1.0,1.0,True,False,False,1
5a77a0ee5542992a6e59df37,Skellingthorpe,101,1,1,1.0,0.4,True,False,False,49
5abbcdc955429931dba1455a,Intesa Sanpaolo,144,0,0,0.6842,0.1053,False,False,False,35
5abbcdc955429931dba1455a,Turin,181,0,0,0.8571,0.1429,True,False,False,139
5a7b9325554299294a54a9fe,Tumba Silva,154,1,1,1.0,1.0,True,False,False,1
5a7b9325554299294a54a9fe,Clemente Russo,178,0,0,1.0,0.75,True,False,False,7
5a89f25b55429970aeb701a1,Creative Capers Entertainment,116,0,0,1.0,0.75,True,False,False,2
5a89f25b55429970aeb701a1,Aladdin (1992 Disney film),138,0,0,0.625,0.125,False,False,False,49
5adf1f035542995ec70e8f7f,Cheung–Marks theorem,194,1,1,1.0,0.5714,True,False,False,6
5adf1f035542995ec70e8f7f,Robert J. Marks II,58,0,0,0.8889,0.4444,True,False,False,39
5adefcbb5542992d7e9f9266,"Tie Plant, Mississippi",110,0,0,0.8824,1.0,True,False,False,1
5adefcbb5542992d7e9f9266,"Grenada, Mississippi",64,0,0,1.0,0.4444,True,False,False,17
5ae04d8155429924de1b709a,Adiva,151,1,1,1.0,1.0,True,False,False,1
5ae04d8155429924de1b709a,Edward the Elder,127,0,0,0.7273,0.2727,False,False,False,47
5ade9ec45542992fa25da7df,An Honourable Murder,141,1,1,1.0,1.0,True,False,False,1
5ade9ec45542992fa25da7df,An Honourable Murder,111,0,0,1.0,1.0,True,False,False,1
5ade9ec45542992fa25da7df,Julius Caesar (play),104,0,0,0.7059,0.0,False,False,False,71
5a744fe555429979e28828e9,1066 (disambiguation),99,0,0,0.5,0.0,False,False,False,2
5a744fe555429979e28828e9,Battle of Stamford Bridge,295,0,0,1.0,0.4054,True,False,False,15
5ae383475542994393b9e6eb,Mississippi Renewal Forum,201,1,1,1.0,0.6154,True,False,False,4
5ae383475542994393b9e6eb,Mississippi Renewal Forum,303,1,1,1.0,0.7561,True,False,False,4
5ae383475542994393b9e6eb,"Bay St. Louis, Mississippi",102,0,0,0.9375,0.25,True,False,False,21
5adc32465542994650320cac,N'Dolo Airport,207,0,0,0.8519,0.7037,True,False,False,3
5adc32465542994650320cac,Kinshasa,34,0,0,0.8571,0.1429,True,True,False,88
5ae01e5a554299025d62a408,Halma,170,0,0,0.9643,0.6071,True,False,False,30
5ae01e5a554299025d62a408,Battle Sheep,63,1,1,1.0,0.5455,True,False,False,6
5a8b3bc055429971feec4680,Good Ventures,142,0,1,1.0,0.3913,True,False,False,5
5a8b3bc055429971feec4680,Dustin Moskovitz,179,0,0,1.0,0.5,True,False,False,13
5abcfff5554299114383a1c5,The Rockfords,198,1,1,1.0,0.2759,True,False,False,5
5abcfff5554299114383a1c5,Radio Iodine,67,0,0,1.0,0.6364,True,False,False,2
5abcfff5554299114383a1c5,Radio Iodine,74,0,0,1.0,0.75,True,False,False,2
5abcfff5554299114383a1c5,Radio Iodine,94,1,1,1.0,0.7692,True,False,False,2
5ab2c51d55429916697740b2,Katiola Department,95,1,1,1.0,0.1333,True,False,False,4
5ab2c51d55429916697740b2,Ivory Coast,119,0,0,0.875,0.1875,True,False,False,84
5a7c947455429935c91b523c,Chucklefish,220,0,0,0.8125,0.4688,True,False,False,2
5a7c947455429935c91b523c,Stardew Valley,142,0,0,0.6957,0.0435,False,False,False,20
5a7ccd9e554299452d57ba6e,Juliette Pochin,108,0,0,1.0,0.6667,True,False,False,17
5a7ccd9e554299452d57ba6e,Juliette Pochin,230,0,0,0.9,0.6,True,False,False,17
5a7ccd9e554299452d57ba6e,Alfie Boe,131,0,0,0.95,0.6,True,False,False,66
5a7327f35542992359bc3250,Strip It Down,94,1,1,1.0,0.6471,True,False,False,7
5a7327f35542992359bc3250,Kill the Lights (Luke Bryan album),86,1,1,1.0,0.3571,True,False,False,9
5adcf4395542992c1e3a24d3,Return of the Jedi,148,0,0,1.0,0.3478,True,False,False,66
5adcf4395542992c1e3a24d3,Return of the Jedi,148,1,1,1.0,0.5217,True,False,False,66
5adcf4395542992c1e3a24d3,Kenny Baker (English actor),89,0,0,1.0,0.5,True,False,False,13
5adf34565542993344016c29,Jeff Beck discography,179,0,0,0.6667,0.5417,False,False,False,8
5adf34565542993344016c29,The Yardbirds,65,1,1,1.0,0.3636,True,False,False,44
5ae72a705542991e8301cb73,"Lincoln County, Kansas",51,0,0,1.0,0.1111,True,False,False,11
5ae72a705542991e8301cb73,"Lincoln Center, Kansas",53,0,0,1.0,0.2,True,False,False,16
5ab3fa995542992ade7c6f10,Osechi,68,0,0,0.7,0.2,False,False,False,18
5ab3fa995542992ade7c6f10,Japanese New Year,82,0,0,0.5714,0.0714,False,False,False,22
5a81d82e55429903bc27b9e9,Captain China,116,1,1,1.0,0.8,True,False,False,2
5a81d82e55429903bc27b9e9,Lon Chaney Jr.,299,0,0,0.9302,0.5349,True,False,False,48
5ac1dffa5542996366519929,Fallen Angels (Black Veil Brides song),151,0,1,1.0,0.6522,True,False,False,2
5ac1dffa5542996366519929,Andy Biersack,131,0,0,0.9545,0.2273,True,False,False,18
5adc00e155429947ff1738ae,The Flowers of Evil (manga),127,0,0,0.7,0.15,False,False,False,33
5adc00e155429947ff1738ae,The Flowers of Evil (manga),145,0,0,0.8636,0.0909,True,False,False,33
5adc00e155429947ff1738ae,Bessatsu Shōnen Magazine,141,0,0,0.8,1.0,True,False,False,1
5adc00e155429947ff1738ae,Bessatsu Shōnen Magazine,114,0,0,0.9474,1.0,True,False,False,1
5a77f5ad55429949eeb29fc2,Jerusalem District No. 5 Schoolhouse,124,0,0,1.0,0.85,True,False,False,2
5a77f5ad55429949eeb29fc2,"Levittown, New York",147,0,0,0.913,0.3043,True,False,False,72
5ac16b145542994ab5c67d22,Willson's Woods Park,65,1,1,1.0,0.3333,True,False,False,9
5ac16b145542994ab5c67d22,"Mount Vernon, New York",63,0,0,0.75,0.1667,False,False,False,60
5ab47bc75542991751b4d78b,Rhythm Is It!,317,0,0,0.75,0.2,False,False,False,6
5ab47bc75542991751b4d78b,Simon Rattle,70,0,0,0.8333,0.5,True,False,False,28
5a7b4d6b554299042af8f744,Characters of Sanctuary,239,1,1,1.0,0.4848,True,False,False,28
5a7b4d6b554299042af8f744,Emilie Ullerup,58,1,1,1.0,0.7,True,False,False,7
5abc3ecd55429959677d6a60,François Maspero,143,0,0,1.0,0.56,True,False,False,9
5abc3ecd55429959677d6a60,François Maspero,146,0,0,0.9583,0.5,True,False,False,9
5abc3ecd55429959677d6a60,John Reed (journalist),223,0,0,0.8485,0.4545,True,False,False,72
5abc3ecd55429959677d6a60,John Reed (journalist),52,0,0,0.6667,0.1111,False,False,False,72
5adf52a75542995ec70e8fc4,Traverse City micropolitan area,195,1,1,1.0,0.3478,True,False,False,4
5adf52a75542995ec70e8fc4,"Traverse City, Michigan",61,0,0,0.9167,0.1667,True,False,False,111
5adfb6fd554299603e418387,Cars (franchise),140,0,0,0.9524,0.381,True,False,False,58
5adfb6fd554299603e418387,Planes (film),206,0,0,1.0,0.3571,True,False,False,30
5a8a0c095542992d82986e77,Independence station,74,1,1,1.0,0.8333,True,False,False,2
5a8a0c095542992d82986e77,"Independence, Missouri",62,0,0,0.7,0.1,False,False,False,63
5a8f09945542995085b374e1,Tech Support (Beavis and Butt-Head),141,0,1,1.0,0.5789,True,False,False,4
5a8f09945542995085b374e1,Daughter's Hand,143,0,1,1.0,0.5,True,False,False,3
5ade05965542995b365fabc7,Magnificent Bodyguards,112,1,1,1.0,0.7895,True,False,False,7
5ade05965542995b365fabc7,Jackie Chan,179,0,0,0.4615,0.0385,False,False,False,93
5ab986fc5542996be2020541,Thirteen (Megadeth album),172,0,0,1.0,0.5385,True,False,False,30
5ab986fc5542996be2020541,David Ellefson,50,0,0,0.5,0.0,False,False,False,29
5ac4f57655429924173fb517,Pop Wea,109,0,0,1.0,0.6316,True,False,False,5
5ac4f57655429924173fb517,Taos Pueblo,123,0,0,1.0,0.5,True,False,False,27
5a88711b554299206df2b26c,Telesphorus (mythology),96,0,0,1.0,0.3636,True,False,False,9
5a88711b554299206df2b26c,Asclepius,143,0,0,0.8889,0.3889,True,False,False,52
5a81a29d5542990a1d231e31,The Story of David,122,0,0,0.9444,0.5,True,False,False,5
5a81a29d5542990a1d231e31,The Story of David,140,1,1,1.0,0.4737,True,False,False,5
5a81a29d5542990a1d231e31,Jane Seymour (actress),514,0,0,0.4714,0.0571,False,False,False,34
5a81183a55429903bc27b923,Adventure Time,103,0,0,1.0,0.2667,True,False,False,70
5a81183a55429903bc27b923,Adventure Time,196,0,0,0.9688,0.0,False,False,False,70
5a81183a55429903bc27b923,Adventure Time,214,0,0,0.9375,0.0312,False,False,False,70
5a81183a55429903bc27b923,Ice King,88,0,0,1.0,0.0769,True,False,False,27
5a81183a55429903bc27b923,Ice King,157,0,0,0.4091,0.0,False,False,False,27
5a7c264e5542996dd594b89e,Joseph Powell Williams,214,1,1,1.0,0.5,True,False,False,10
5a7c264e5542996dd594b89e,Birmingham,114,0,0,0.7059,0.0,False,False,False,145
5a7af7e955429931da12c9b8,"Grant County, Kansas",41,1,1,1.0,0.5,True,False,False,15
5a7af7e955429931da12c9b8,"Ulysses, Kansas",53,0,0,1.0,0.3,True,False,False,33
5adde2f85542997dc790708a,11.22.63,139,0,0,0.9545,0.4091,True,False,False,11
5adde2f85542997dc790708a,11.22.63,147,0,0,0.9524,0.4286,True,False,False,11
5adde2f85542997dc790708a,11/22/63,193,0,0,1.0,0.4194,True,False,False,37
5a84f9655542997175ce1f3c,District of Columbia v. Heller,518,0,0,0.875,0.3194,True,False,False,93
5a84f9655542997175ce1f3c,District of Columbia v. Heller,23,0,0,0.6,0.0,False,True,False,93
5a84f9655542997175ce1f3c,District of Columbia v. Heller,332,0,0,0.9767,0.5116,True,False,False,93
5a84f9655542997175ce1f3c,Gibbons v. Ogden,284,0,0,0.9412,0.3529,True,False,False,12
5a77435c5542994aec3b7257,The Seventh Date of Blashyrkh,76,1,1,1.0,1.0,True,False,False,1
5a77435c5542994aec3b7257,Immortal (band),177,0,0,0.9231,0.4231,True,False,False,23
5add08675542992c1e3a251b,Johnny Hallyday,103,0,0,0.8333,0.0,False,False,False,15
5add08675542992c1e3a251b,Johnny Hallyday,136,0,0,0.6364,0.1364,False,False,False,15
5add08675542992c1e3a251b,Sylvie Vartan,122,1,1,1.0,0.4706,True,False,False,23
5ac439fd554299204fd21f13,Eric Harold Neville,67,1,1,1.0,0.4545,True,False,False,14
5ac439fd554299204fd21f13,Srinivasa Ramanujan,111,1,1,1.0,0.6667,True,False,False,82
5a82f46255429966c78a6ab2,Rowland Brown,243,1,1,1.0,0.5143,True,False,False,48
5a82f46255429966c78a6ab2,Rowland Brown,68,0,1,1.0,0.1818,True,False,False,48
5a82f46255429966c78a6ab2,Rowland Brown,64,0,1,1.0,0.3,True,False,False,48
5a82f46255429966c78a6ab2,Rowland Brown,235,0,1,1.0,0.4706,True,False,False,48
5a82f46255429966c78a6ab2,Mike Nichols,155,0,0,0.7619,0.2857,False,False,False,51
5a82f46255429966c78a6ab2,Mike Nichols,151,0,0,0.84,0.16,True,False,False,51
5a82f46255429966c78a6ab2,Mike Nichols,142,0,0,1.0,0.2778,True,False,False,51
5a82f46255429966c78a6ab2,Mike Nichols,94,1,1,1.0,0.3529,True,False,False,51
5a82f46255429966c78a6ab2,Mike Nichols,119,0,0,0.7368,0.2105,False,False,False,51
5ae528045542990ba0bbb1d8,Eugene Lee (designer),68,0,0,0.7,0.1,False,False,False,5
5ae528045542990ba0bbb1d8,Eugene Lee (designer),178,0,0,0.9615,0.6923,True,False,False,5
5ae528045542990ba0bbb1d8,Amazing Grace (musical),107,1,1,1.0,0.5333,True,False,False,9
5ae528045542990ba0bbb1d8,Amazing Grace (musical),139,1,1,1.0,0.4091,True,False,False,9
5a84994e5542992a431d1a6e,You Are My Destiny,66,0,0,0.3077,1.0,False,False,False,1
5a84994e5542992a431d1a6e,Paul Anka,124,0,0,0.7895,0.3684,False,False,False,29
5a84994e5542992a431d1a6e,Paul Anka,51,0,0,0.7273,0.0909,False,False,False,29
5a83a6c55542990548d0b20d,Fouquieria,98,1,1,1.0,0.4286,True,False,False,6
5a83a6c55542990548d0b20d,Fouquieria,104,1,1,1.0,0.7143,True,False,False,6
5a83a6c55542990548d0b20d,Alfalfa,179,0,0,0.9615,0.5385,True,False,False,52
5ac12e5d5542994d76dccda4,Trish Sie,229,0,0,0.9706,0.5882,True,False,False,9
5ac12e5d5542994d76dccda4,Pitch Perfect 3,108,0,0,0.9444,0.3333,True,False,False,32
5adeb8295542992fa25da81e,Love the Way You Lie (Part II),164,1,1,1.0,0.2069,True,False,False,9
5adeb8295542992fa25da81e,Love the Way You Lie (Part II),33,1,1,1.0,0.0,False,True,False,9
5adeb8295542992fa25da81e,Only Girl (In the World),101,0,1,1.0,0.2222,True,False,False,20
5ae0e1075542990adbacf6a3,Going! Going! Gosh!,103,0,0,0.8235,0.2353,True,False,False,11
5ae0e1075542990adbacf6a3,Wile E. Coyote and the Road Runner,160,0,0,0.8261,0.1304,True,False,False,79
5a81ee725542995ce29dcc8a,2003–04 Olympique de Marseille season,411,1,1,1.0,0.7255,True,False,False,2
5a81ee725542995ce29dcc8a,Fabien Barthez,318,0,0,1.0,0.5909,True,False,False,34
5ab8859b55429916710eb07f,Pitcairnia,86,0,0,0.9091,0.4545,True,False,False,37
5ab8859b55429916710eb07f,Evolvulus,89,1,1,1.0,0.6154,True,False,False,4
5a8c759f554299653c1aa078,England and King David I,214,1,1,1.0,0.3448,True,False,False,35
5a8c759f554299653c1aa078,Empress Matilda,130,0,0,0.8636,0.2727,True,False,False,67
5abb067255429966062416c7,Kentucky Vintage,137,1,1,1.0,0.7647,True,False,False,2
5abb067255429966062416c7,Noah's Mill,94,1,1,1.0,0.5385,True,False,False,2
5abb067255429966062416c7,Noah's Mill,138,1,1,1.0,0.9091,True,False,False,2
5abc0dc855429959677d6a04,Suhaldev,171,0,0,0.7407,0.2593,False,False,False,17
5abc0dc855429959677d6a04,Hindutva,134,0,0,0.7368,0.0526,False,False,False,76
5ade9dbf55429939a52fe905,A Silent Film,63,1,1,1.0,0.4545,True,False,False,10
5ade9dbf55429939a52fe905,Needtobreathe,120,0,0,0.8667,0.4667,True,False,False,24
5a83d854554299123d8c21c5,Raffles (1939 film),184,0,0,1.0,0.6071,True,False,False,7
5a83d854554299123d8c21c5,David Niven,88,0,0,1.0,0.1429,True,False,False,53
5ae773c4554299540e5a5599,37th National Hockey League All-Star Game,106,0,0,0.9474,0.0526,True,False,False,7
5ae773c4554299540e5a5599,Mario Lemieux,154,0,0,0.7917,0.2917,False,False,False,64
5a8aff7655429950cd6afc3c,Skin (Rihanna song),98,0,1,1.0,0.4375,True,False,False,11
5a8aff7655429950cd6afc3c,Loud Tour,258,0,0,0.6471,0.1471,False,False,False,15
5ade956d5542997c77adee69,"De Borgia, Montana",87,1,1,1.0,0.7143,True,False,False,8
5ade956d5542997c77adee69,"Mineral County, Montana",64,1,1,1.0,0.5833,True,False,False,6
5add1f505542990d50227df0,Cyclone Taylor Trophy,139,1,1,1.0,0.7,True,False,False,2
5add1f505542990d50227df0,Vancouver Canucks,95,0,0,0.8462,0.1538,True,False,False,95
5add1f505542990d50227df0,Vancouver Canucks,132,0,0,0.6957,0.1739,False,False,False,95
5ae6526355429929b0807b31,Notturna di Milano,178,1,1,1.0,0.5926,True,False,False,4
5ae6526355429929b0807b31,Tim Montgomery,134,0,0,0.9091,0.5455,True,False,False,14
5ae6526355429929b0807b31,Tim Montgomery,217,0,0,0.973,0.3784,True,False,False,14
5a89010355429938390d4027,Loud (Rihanna album),190,1,1,1.0,0.3846,True,False,False,32
5a89010355429938390d4027,Love the Way You Lie (Part II),124,0,0,0.9,0.4,True,False,False,9
5aba5b8655429939ce03dc9d,M1947 Johnson auto carbine,66,1,1,1.0,1.0,True,False,False,1
5aba5b8655429939ce03dc9d,M1 Garand,184,0,0,0.7308,0.1538,False,False,False,78
5a8531385542997b5ce3ffbb,Kate Micucci,245,0,0,0.7143,0.3714,False,False,False,13
5a8531385542997b5ce3ffbb,Milo Murphy's Law,228,0,0,0.8788,0.4545,True,False,False,34
5a79dd1d5542996c55b2dc89,Quentin Crisp,120,0,0,0.6471,0.0588,False,False,False,67
5a79dd1d5542996c55b2dc89,J. B. Priestley,162,0,0,0.8182,0.5,True,False,False,33
5a78a4315542990784727704,New Jersey Route 495,289,0,0,0.925,0.35,True,False,False,12
5a78a4315542990784727704,"Secaucus, New Jersey",67,0,0,1.0,0.2727,True,False,False,75
5a78a4315542990784727704,"Secaucus, New Jersey",242,0,0,0.7222,0.2222,False,False,False,75
5ac26ce255429921a00aaf67,Manjit Minhas,138,0,0,0.9091,0.3636,True,False,False,12
5ac26ce255429921a00aaf67,Minhas Craft Brewery,114,1,1,1.0,0.4375,True,False,False,10
5ac26ce255429921a00aaf67,Minhas Craft Brewery,78,1,1,1.0,0.3333,True,False,False,10
5ac3a5fe554299391541387f,Difficult People,149,1,1,1.0,0.75,True,False,False,8
5ac3a5fe554299391541387f,Billy Eichner,107,0,0,0.8,0.4,True,False,False,12
5a7345155542994cef4bc4fb,Irish euro coins,207,0,0,1.0,0.4194,True,False,False,12
5a7345155542994cef4bc4fb,Irish euro coins,145,1,1,1.0,0.3182,True,False,False,12
5a7345155542994cef4bc4fb,Éire,78,0,0,0.8571,0.0,False,False,False,23
5ae69ab15542996d980e7c4b,Stay (Sugarland song),229,0,1,1.0,0.6667,True,False,False,9
5ae69ab15542996d980e7c4b,Our Song (Taylor Swift song),82,0,0,0.9167,0.0833,True,False,False,21
5a732a5c55429901807daf9e,Chandrasekhar number,138,1,1,1.0,0.4444,True,False,False,4
5a732a5c55429901807daf9e,Subrahmanyan Chandrasekhar,329,0,0,0.8974,0.3077,True,False,False,34
5a7cd205554299452d57ba7d,Grudge Training Center,110,1,1,1.0,1.0,True,False,False,1
5a7cd205554299452d57ba7d,Trevor Wittman,94,0,0,0.4375,0.1875,False,False,False,3
5ab818fc5542990e739ec81e,Tupolev ANT-37,183,1,1,1.0,0.5714,True,False,False,7
5ab818fc5542990e739ec81e,Pavel Sukhoi,95,0,0,0.6667,0.0,False,False,False,7
5a87ddea5542997e5c09a580,Standard Messenger,136,0,1,1.0,0.6471,True,False,False,3
5a87ddea5542997e5c09a580,"Collinswood, South Australia",127,1,1,1.0,0.625,True,False,False,4
5a799952554299029c4b5f5a,Speak Now,60,0,0,0.9091,0.0909,True,False,False,39
5a799952554299029c4b5f5a,Fearless (Taylor Swift album),68,0,0,1.0,0.0,False,False,False,43
5ae501a955429913cc204570,AGA AB,81,1,1,1.0,1.0,True,False,False,1
5ae501a955429913cc204570,AGA cooker,311,0,0,0.8947,0.6579,True,False,False,14
5adcc2da5542994ed6169bf2,Eshtaol Forest,99,0,0,1.0,0.5882,True,False,False,4
5adcc2da5542994ed6169bf2,Neve Shalom,44,0,0,0.75,0.25,False,False,False,21
5adc229755429944faac2438,Lady Chatterley (film),62,1,1,1.0,0.7273,True,False,False,8
5adc229755429944faac2438,D. H. Lawrence,139,0,0,0.8,0.35,True,False,False,141
5a7c8d815542990527d554cd,Møre Arbeiderblad,92,0,0,0.4615,0.0,False,False,False,2
5a7c8d815542990527d554cd,Ålesund,89,0,0,0.9231,0.3077,True,False,False,41
5a8c5511554299585d9e366e,Ghost Whisperer (season 4),125,1,1,1.0,0.4737,True,False,False,9
5a8c5511554299585d9e366e,Jennifer Love Hewitt,133,0,0,0.7778,0.3333,False,False,False,35
5a7e052b5542995f4f40238d,Ryan Stiles,124,0,0,1.0,0.381,True,False,False,13
5a7e052b5542995f4f40238d,Drew Carey's Improv-A-Ganza,133,0,0,1.0,0.3636,True,False,False,7
5a7e052b5542995f4f40238d,Drew Carey's Improv-A-Ganza,116,0,0,0.9412,0.2353,True,False,False,7
5a7e052b5542995f4f40238d,Drew Carey's Improv-A-Ganza,51,0,0,0.9167,0.25,True,False,False,7
5a74bb6a55429929fddd84dc,St. Elizabeths Hospital,113,0,0,0.9286,0.3571,True,False,False,43
5a74bb6a55429929fddd84dc,Psychiatric Institute of Washington,163,1,1,1.0,0.5714,True,False,False,6
5add6bb65542992200553b0e,In San Francisco,79,1,1,1.0,1.0,True,False,False,1
5add6bb65542992200553b0e,Ravi Shankar,148,0,0,0.8571,0.1905,True,False,False,44
5ac3b99555429939154138ea,Mohan Sithara,49,0,0,0.875,0.25,True,False,False,3
5ac3b99555429939154138ea,Mohan Sithara,289,0,0,0.8421,0.6053,True,False,False,3
5ac3b99555429939154138ea,Manjari (Indian singer),103,0,0,0.9286,0.5,True,False,False,13
5a7f85e055429969796c1a8e,"Schuylerville, New York",71,0,0,1.0,0.3636,True,False,False,24
5a7f85e055429969796c1a8e,"Victory, Saratoga County, New York",65,1,1,1.0,0.5455,True,False,False,9
5a7f85e055429969796c1a8e,"Victory, Saratoga County, New York",52,1,1,1.0,0.5,True,False,False,9
5ac32109554299218029dbd2,Mariënhof,68,1,1,1.0,0.4,True,False,False,4
5ac32109554299218029dbd2,Amersfoort,109,0,0,0.9333,0.2,True,False,False,34
5ae65ab25542996d980e7b05,2011 Washington Huskies football team,77,0,0,1.0,0.6923,True,False,False,7
5ae65ab25542996d980e7b05,2011 Baylor Bears football team,114,1,1,1.0,0.5714,True,False,False,7
5a74cf3455429974ef308c6e,Christine Harper,130,0,0,0.7391,0.3043,False,False,False,8
5a74cf3455429974ef308c6e,Morgan Stanley,102,0,0,0.875,0.3125,True,False,False,77
5a7b1b0b554299042af8f6d1,Kyle Balda,104,0,0,1.0,0.4706,True,False,False,7
5a7b1b0b554299042af8f6d1,Despicable Me,177,0,0,0.5556,0.1111,False,False,False,59
5ae53ae655429960a22e027f,James Hillier (actor),144,0,0,0.6522,0.2174,False,False,False,2
5ae53ae655429960a22e027f,The Crown (TV series),165,0,0,0.9524,0.1429,True,False,False,73
5ac121e3554299294b2190b2,1922 Texas Longhorns football team,121,1,1,1.0,1.0,True,False,False,1
5ac121e3554299294b2190b2,1922 Texas Longhorns football team,162,1,1,1.0,1.0,True,False,False,1
5ac121e3554299294b2190b2,Berry Whitaker,118,1,1,1.0,1.0,True,False,False,1
5ade57d95542992fa25da75a,Uncle Tom's Uncle,58,0,0,0.5,1.0,False,False,False,1
5ade57d95542992fa25da75a,Uncle Tom's Cabin,111,0,0,1.0,0.35,True,False,False,71
5a8001fe5542995d8a8ddf3f,Mount Rowe,148,0,0,0.9048,1.0,True,False,False,1
5a8001fe5542995d8a8ddf3f,Gunstock Mountain,144,1,1,1.0,0.7391,True,False,False,2
5a7ff4a25542995d8a8ddf3d,Polygonum sawatchense,84,1,1,1.0,0.6154,True,False,False,4
5a7ff4a25542995d8a8ddf3d,Great Plains,276,0,0,0.697,0.1818,False,False,False,87
5a88a8d55542994846c1ceab,"Fox, Montana",145,0,0,0.2609,0.0,False,False,False,3
5a88a8d55542994846c1ceab,"Red Lodge, Montana",84,0,0,0.9333,0.3333,True,False,False,25
5a737f5d55429908901be2d1,To Be or Not to Be (play),97,0,1,1.0,0.5625,True,False,False,8
5a737f5d55429908901be2d1,To Be or Not to Be (play),112,1,1,1.0,0.5789,True,False,False,8
5a737f5d55429908901be2d1,To Be or Not to Be (1942 film),203,0,0,0.9706,0.4412,True,False,False,23
5ae18c84554299234fd0428c,Rachel Carson,223,0,0,0.9677,0.5161,True,False,False,75
5ae18c84554299234fd0428c,Graham Greene,186,0,0,0.7241,0.2759,False,False,False,63
5ab422745542996a3a969f56,The Man in the Blue Flannel Pants,133,0,0,0.9412,0.3529,True,False,False,11
5ab422745542996a3a969f56,The Man in the Blue Flannel Pants,80,0,1,1.0,0.1538,True,False,False,11
5ab422745542996a3a969f56,Little Women,137,0,0,0.8261,0.2609,True,False,False,106
5a7e498b5542994959419985,"Ashland, Montana",85,1,1,1.0,0.5385,True,False,False,12
5a7e498b5542994959419985,"Ashland, Montana",144,1,1,1.0,0.5714,True,False,False,12
5a7e498b5542994959419985,St. Labre Indian Catholic High School,99,1,1,1.0,0.2308,True,False,False,4
5a7e498b5542994959419985,St. Labre Indian Catholic High School,131,1,1,1.0,0.65,True,False,False,4
5ac0ccfa5542997d64295a51,Infinity (Charice album),132,0,0,1.0,0.6667,True,False,False,8
5ac0ccfa5542997d64295a51,Jake Zyrus,206,0,0,0.6,0.2333,False,False,False,33
5ae1ff535542997283cd2320,Jayantabhai Ki Luv Story,136,0,1,1.0,0.6087,True,False,False,6
5ae1ff535542997283cd2320,My Dear Desperado,297,1,1,1.0,0.5417,True,False,False,3
5ab9fdca55429901930fa765,Haroon Ismail,123,0,0,0.2105,0.0526,False,False,False,2
5ab9fdca55429901930fa765,Harare,101,0,0,0.7333,0.0667,False,False,False,88
5adeac5455429939a52fe944,James Durham (baseball),50,1,1,1.0,1.0,True,False,False,1
5adeac5455429939a52fe944,New in Town,155,0,0,1.0,0.6154,True,False,False,9
5add5c9c5542992ae4cec523,Maria Aragon,98,1,1,1.0,0.2778,True,False,False,8
5add5c9c5542992ae4cec523,Born This Way (song),122,1,1,1.0,0.3043,True,False,False,53
5abfb62b5542997ec76fd43b,Anton Janssen,166,0,0,0.7857,0.3571,False,False,False,2
5abfb62b5542997ec76fd43b,PSV Eindhoven,176,0,0,0.8947,0.3158,True,False,False,40
5abf99d05542997ec76fd3ff,Seventh Son (film),159,0,0,0.88,0.4,True,False,False,20
5abf99d05542997ec76fd3ff,Ben Barnes (actor),340,0,0,0.4444,0.0278,False,False,False,21
5ae440615542995dadf24300,NFL Top 100 Players of 2013,106,0,0,0.9412,1.0,True,False,False,1
5ae440615542995dadf24300,Adrian Peterson,146,0,0,0.6818,0.2273,False,False,False,67
5a736a5b5542991f29ee2df7,7 Day Sunday,145,1,1,1.0,0.4286,True,False,False,17
5a736a5b5542991f29ee2df7,Sarah Millican,72,0,0,0.8571,0.5714,True,False,False,21
5ae0577155429945ae959320,"Paul Miller (footballer, born 1959)",200,1,1,1.0,0.3103,True,False,False,2
5ae0577155429945ae959320,Tottenham Hotspur F.C.,192,0,0,0.8261,0.2609,True,False,False,61
5ac320f35542995ef918c10d,Alan James,93,0,0,1.0,1.0,True,False,False,1
5ac320f35542995ef918c10d,Alan James,49,0,0,0.9,1.0,True,False,False,1
5ac320f35542995ef918c10d,Lucile Hadžihalilović,254,0,0,0.8056,0.2778,True,False,False,10
5ac2d0a2554299218029db76,Tonight Looks Good on You,93,0,0,1.0,0.375,True,False,False,3
5ac2d0a2554299218029db76,Tonight Looks Good on You,66,0,0,1.0,0.6364,True,False,False,3
5ac2d0a2554299218029db76,Ashley Gorley,152,0,0,0.9091,0.7727,True,False,False,2
5adf2e8c5542993a75d26418,Lightning (song),35,1,1,1.0,0.4286,True,True,False,5
5adf2e8c5542993a75d26418,We Found Love,116,0,0,0.9474,0.1579,True,False,False,35
5a72689c5542997f827839b3,Anthony Hayes (actor),233,0,0,0.8857,0.6,True,False,False,8
5a72689c5542997f827839b3,War Machine (film),153,0,0,1.0,0.3913,True,False,False,24
5ac293335542996366519a1b,"Tippo, Mississippi",210,0,0,0.84,1.0,True,False,False,1
5ac293335542996366519a1b,"Charleston, Mississippi",87,0,0,0.8824,0.2353,True,False,False,12
5a7151845542994082a3e7c3,Katy Garretson,252,0,0,0.7838,0.3514,False,False,False,8
5a7151845542994082a3e7c3,Fuller House (TV series),164,0,0,1.0,0.48,True,False,False,31
5a8673e7554299211dda2b3e,Mary Austin Holley,104,1,1,1.0,0.4737,True,False,False,7
5a8673e7554299211dda2b3e,Stephen F. Austin,205,0,0,1.0,0.44,True,False,False,46
5ab3033455429976abd1bc20,Scott Lilienfeld,166,0,0,0.96,0.52,True,False,False,40
5ab3033455429976abd1bc20,Emory University,151,0,0,0.65,0.05,False,False,False,70
5a77547a55429966f1a36d0f,Alan Reeves (composer),98,0,0,0.9333,1.0,True,False,False,1
5a77547a55429966f1a36d0f,Chuck Berry,234,0,0,1.0,0.0,False,False,False,48
5ae0178d554299025d62a3ed,Saved by the Bell (song),72,1,1,1.0,0.1538,True,False,False,9
5ae0178d554299025d62a3ed,Robin Gibb,225,0,0,0.8286,0.2857,True,False,False,47
5adc09a855429947ff1738c2,Gerard Johnson (sculptor),107,0,0,0.9474,0.5263,True,False,False,5
5adc09a855429947ff1738c2,Hatfield House,215,0,0,0.8125,0.1875,True,False,False,13
5abeb55c5542990832d3a0bb,Joel Kinnaman,235,0,0,0.8571,0.2571,True,False,False,13
5abeb55c5542990832d3a0bb,RoboCop (2014 film),149,0,0,0.9048,0.4286,True,False,False,30
5a8ce4a1554299441c6b9f5e,The Lottery (1989 film),200,0,0,1.0,0.6364,True,False,False,4
5a8ce4a1554299441c6b9f5e,Studio Backlot Tour,80,1,1,1.0,0.1538,True,False,False,19
5a8ce4a1554299441c6b9f5e,Studio Backlot Tour,128,0,0,0.65,0.1,False,False,False,19
5a7a8338554299042af8f64e,Franklin Steele,150,0,0,1.0,0.6667,True,False,False,10
5a7a8338554299042af8f64e,James Buchanan,158,0,0,0.8333,0.375,True,False,False,82
5ab624be55429953192ad26e,Emerson Etem,110,1,1,1.0,0.2353,True,False,False,14
5ab624be55429953192ad26e,Anaheim Ducks,82,1,1,1.0,0.3333,True,False,False,68
5ac437cf554299204fd21f0e,Joe Bill Dryden Semper Viper Award,133,1,1,1.0,0.6667,True,False,False,3
5ac437cf554299204fd21f0e,Lockheed Martin,71,0,0,0.9,0.5,True,False,False,58
5ab426ea5542991751b4d6a4,The Electric Spanking of War Babies (song),123,1,1,1.0,1.0,True,False,False,1
5ab426ea5542991751b4d6a4,Funkadelic,116,0,0,0.5263,0.0,False,False,False,14
5ae1363255429920d5234321,Jim Long (baseball),201,0,0,1.0,1.0,True,False,False,1
5ae1363255429920d5234321,"Louisville, Kentucky",125,0,0,0.875,0.1875,True,False,False,143
5abc4a025542993a06baf8cd,Alles außer Sex,132,0,0,0.9048,1.0,True,False,False,1
5abc4a025542993a06baf8cd,Alles außer Sex,115,0,1,1.0,1.0,True,False,False,1
5abc4a025542993a06baf8cd,Sex and the City,110,0,0,0.8824,0.2941,True,False,False,123
5a7b69a055429931da12ca9a,Louis DeSalvio,184,1,1,1.0,0.6875,True,False,False,14
5a7b69a055429931da12ca9a,Staten Island,89,0,0,0.8667,0.0667,True,False,False,163
5a83a051554299123d8c2170,1999–2000 Burnley F.C. season,125,1,1,1.0,0.7727,True,False,False,2
5a83a051554299123d8c2170,Chris Waddle,148,0,0,0.8947,0.5263,True,False,False,35
5ab8595a55429934fafe6d7a,"South Terrace, Adelaide",107,0,0,0.7143,0.2143,False,False,False,4
5ab8595a55429934fafe6d7a,"South Terrace, Adelaide",95,0,0,1.0,0.8125,True,False,False,4
5ab8595a55429934fafe6d7a,Pulteney Grammar School,88,0,0,0.9091,0.5455,True,False,False,26
5a775736554299373536023b,Blaze Pizza,105,0,0,0.6875,0.125,False,False,False,4
5a775736554299373536023b,Blaze Pizza,163,0,0,0.7037,0.037,False,False,False,4
5a775736554299373536023b,Marion's Piazza,58,1,1,1.0,0.4545,True,False,False,7
5a775736554299373536023b,Marion's Piazza,117,0,0,0.875,0.375,True,False,False,7
5a8637725542991e771815c3,The Bugs Bunny Mystery Special,108,1,1,1.0,0.6471,True,False,False,6
5a8637725542991e771815c3,The Bugs Bunny Mystery Special,124,0,0,1.0,0.6316,True,False,False,6
5a8637725542991e771815c3,North by Northwest,133,0,0,1.0,0.55,True,False,False,58
5adfbf6055429942ec259b36,Carolina Marín,120,0,0,0.9091,0.2727,True,False,False,24
5adfbf6055429942ec259b36,P. V. Sindhu,139,0,0,0.8636,0.4545,True,False,False,48
5ac2edb8554299218029db98,"Belle Plaine, Kansas",63,1,1,1.0,0.5455,True,False,False,11
5ac2edb8554299218029db98,"Sumner County, Kansas",30,1,1,1.0,0.4,True,True,False,15
5ac020275542996f0d89cb2a,Neil Canton,120,0,0,1.0,1.0,True,False,False,1
5ac020275542996f0d89cb2a,Back to the Future,141,0,0,0.9048,0.2381,True,False,False,85
5ac020275542996f0d89cb2a,Back to the Future,184,0,0,0.5357,0.1071,False,False,False,85
5ac020275542996f0d89cb2a,Back to the Future,59,0,0,0.6364,0.0,False,False,False,85
5ac11faa5542997d64295a83,Get Bruce,173,1,1,1.0,0.5833,True,False,False,6
5ac11faa5542997d64295a83,Lily Tomlin,112,1,1,1.0,0.5882,True,False,False,50
5ac11faa5542997d64295a83,Lily Tomlin,93,0,0,0.9375,0.25,True,False,False,50
5a7723205542993569682cf0,Manhattan,142,0,0,0.8333,0.1667,True,False,False,150
5a7723205542993569682cf0,Manhattan,140,0,0,0.6667,0.0476,False,False,False,150
5a7723205542993569682cf0,Manhattan,288,0,0,0.7429,0.3143,False,False,False,150
5a7723205542993569682cf0,111 Murray Street,202,0,0,0.9259,0.5926,True,False,False,3
5a73ffcf5542993a88ae2ee5,Boston College Eagles men's soccer,86,1,1,1.0,1.0,True,False,False,1
5a73ffcf5542993a88ae2ee5,Atlantic Coast Conference,370,0,0,0.775,0.275,False,False,False,92
5ae6f683554299572ea5464d,Petroleum benzine,442,0,0,0.9565,0.5652,True,False,False,12
5ae6f683554299572ea5464d,Petroleum benzine,253,1,1,1.0,0.8056,True,False,False,12
5ae6f683554299572ea5464d,Hexane,70,0,0,0.7692,0.3077,False,False,False,16
5a8fa5cf5542992414482b1b,Country Soul,221,1,1,1.0,1.0,True,False,False,1
5a8fa5cf5542992414482b1b,By the Time I Get to Phoenix,63,1,1,1.0,0.2308,True,False,False,10
5a737d2455429908901be2c7,Hideaway Pizza,81,1,1,1.0,0.5455,True,False,False,3
5a737d2455429908901be2c7,Marion's Piazza,117,0,0,0.875,0.375,True,False,False,7
5a7ea08a5542994959419a37,2011 Northern Illinois Huskies football team,51,0,0,1.0,1.0,True,False,False,1
5a7ea08a5542994959419a37,Dave Doeren,105,1,1,1.0,0.6,True,False,False,9
5ab3af26554299753aec5999,What the Water Gave Me (song),139,0,0,1.0,0.3478,True,False,False,13
5ab3af26554299753aec5999,What the Water Gave Me (painting),121,0,1,1.0,0.4783,True,False,False,15
5a89e580554299669944a5fc,Louis Farley,156,0,0,1.0,1.0,True,False,False,1
5a89e580554299669944a5fc,"Marlborough, Massachusetts",45,0,0,0.75,0.125,False,False,False,37
5a89e580554299669944a5fc,"Marlborough, Massachusetts",198,1,1,1.0,0.5,True,False,False,37
5ae79f2e5542993210983eb8,Mandrilland,73,0,0,1.0,1.0,True,False,False,1
5ae79f2e5542993210983eb8,Brooklyn,270,0,0,0.7576,0.2424,False,False,False,161
5a8c5164554299653c1aa03b,Deepak Tiwari,82,0,0,0.5833,0.1667,False,False,False,17
5a8c5164554299653c1aa03b,The Week (Indian magazine),78,0,0,0.9167,0.3333,True,False,False,16
5a8c5164554299653c1aa03b,The Week (Indian magazine),103,0,0,0.9286,0.5714,True,False,False,16
5ac3c0435542993915413941,Tar Creek (film),184,1,1,1.0,0.5,True,False,False,3
5ac3c0435542993915413941,Before Stonewall,155,1,1,1.0,0.5238,True,False,False,4
5a76b9cd554299373536018d,Russo's New York Pizzeria,98,0,0,0.9375,0.4375,True,False,False,2
5a76b9cd554299373536018d,Marion's Piazza,58,1,1,1.0,0.4545,True,False,False,7
5ae1b877554299234fd042d5,Whitney Able,124,0,0,1.0,0.4286,True,False,False,7
5ae1b877554299234fd042d5,Monsters (2010 film),235,0,0,0.9697,0.4545,True,False,False,25
5abe875f5542993f32c2a154,Albert Krieger,45,0,0,0.8571,0.2857,True,False,False,7
5abe875f5542993f32c2a154,Albert Krieger,35,0,0,0.8571,0.4286,True,True,False,7
5abe875f5542993f32c2a154,John Gotti,149,0,0,0.8846,0.1923,True,False,False,70
5adbf5e35542996e68525286,St. Mary's Mission (Montana),167,0,0,0.9167,0.5417,True,False,False,13
5adbf5e35542996e68525286,"Stevensville, Montana",84,1,1,1.0,0.4615,True,False,False,20
5ab877e255429916710eb069,David Oliver (flautist),229,1,1,1.0,0.8333,True,False,False,2
5ab877e255429916710eb069,Trinity Laban Conservatoire of Music and Dance,110,1,1,1.0,0.4737,True,False,False,16
5a736ee255429901807db059,TT34,46,2,2,1.0,0.0,False,False,False,3
5a736ee255429901807db059,TT34,93,2,2,1.0,0.0,False,False,False,3
5a736ee255429901807db059,"Thebes, Egypt",177,0,0,0.8333,0.2083,True,False,False,38
5ae6fa04554299572ea54657,Seven (record producer),113,0,0,0.7778,1.0,False,False,False,1
5ae6fa04554299572ea54657,Seven (record producer),132,0,0,0.8636,1.0,True,False,False,1
5ae6fa04554299572ea54657,Mac Lethal,174,0,0,0.6207,0.3793,False,False,False,8
5aba493f5542994dbf0198c7,Claudia Lindsey,125,1,1,1.0,0.7143,True,False,False,3
5aba493f5542994dbf0198c7,Brandeis University,121,0,0,0.5294,0.0588,False,False,False,79
5abe37c055429976d4830a8c,Isaac Asimov's Robot City: Cyborg,67,1,1,1.0,0.5,True,False,False,11
5abe37c055429976d4830a8c,Foundation series,110,0,0,1.0,0.2308,True,False,False,61
5a8bbaf55542995e66a474e7,Speak Now,79,0,0,1.0,0.3077,True,False,False,39
5a8bbaf55542995e66a474e7,Speak Now,192,0,0,0.5172,0.0345,False,False,False,39
5a8bbaf55542995e66a474e7,Fearless (Taylor Swift album),83,0,0,1.0,0.3333,True,False,False,43
5a8bbaf55542995e66a474e7,Fearless (Taylor Swift album),104,0,0,0.8421,0.1053,True,False,False,43
5adfc84c5542992d7e9f93cf,Fort Pownall,159,1,1,1.0,0.48,True,False,False,4
5adfc84c5542992d7e9f93cf,"Stockton Springs, Maine",65,1,1,1.0,0.2727,True,False,False,12
5a75cdac5542992db94736ca,Julian King (recording engineer),131,0,0,0.8889,0.3333,True,False,False,7
5a75cdac5542992db94736ca,Julian King (recording engineer),160,1,1,1.0,0.3846,True,False,False,7
5a75cdac5542992db94736ca,Lauren Alaina,145,0,0,0.9474,0.4737,True,False,False,33
5ab96bd455429970cfb8ead4,Cars Land,116,1,1,1.0,0.2632,True,False,False,14
5ab96bd455429970cfb8ead4,Radiator Springs Racers,118,0,0,0.8421,0.3158,True,False,False,8
5a757cbf5542992d0ec05faa,Abraham Lincoln Neiman,127,0,0,0.65,0.25,False,False,False,6
5a757cbf5542992d0ec05faa,Abraham Lincoln Neiman,108,0,0,1.0,0.4211,True,False,False,6
5a757cbf5542992d0ec05faa,Carrie Marcus Neiman,152,0,0,0.9091,0.4545,True,False,False,10
5ac2e07f5542996773102642,Carloman of Bavaria,34,1,1,1.0,0.3333,True,True,False,23
5ac2e07f5542996773102642,Louis the German,115,0,0,0.7895,0.3684,False,False,False,21
5a7e1b585542995ed0d16699,Yusupov Palace (Crimea),202,0,0,0.8846,0.6154,True,False,False,4
5a7e1b585542995ed0d16699,Felix Yusupov,316,0,0,0.8182,0.3636,True,False,False,39
5ab5961f554299488d4d99ef,If I Were a Boy,138,0,0,0.9565,0.2174,True,False,False,45
5ab5961f554299488d4d99ef,I Am... Sasha Fierce,74,1,1,1.0,0.2308,True,False,False,26
5ab5961f554299488d4d99ef,I Am... Sasha Fierce,92,0,0,0.9286,0.1429,True,False,False,26
5a863c0755429960ec39b655,Empire State (2013 film),158,0,0,1.0,0.56,True,False,False,6
5a863c0755429960ec39b655,Liam Hemsworth,61,1,1,1.0,0.6,True,False,False,20
5a863c0755429960ec39b655,Liam Hemsworth,139,0,0,0.9048,0.0,False,False,False,20
5a7cc52d554299452d57ba41,Bruce Edwards Ivins,289,0,0,0.9231,0.3077,True,False,False,47
5a7cc52d554299452d57ba41,Fort Detrick,97,0,0,0.9286,0.2857,True,False,False,48
5ae408e55542996836b02c1f,Ahdeya Ahmed,143,0,0,1.0,0.4118,True,False,False,5
5ae408e55542996836b02c1f,Bahrain,160,0,0,0.7333,0.0,False,False,False,154
5ab8516755429916710eb037,Ga East Municipal District,92,0,0,0.8667,0.0667,True,False,False,5
5ab8516755429916710eb037,Ga East Municipal District,23,0,0,1.0,0.5,True,True,False,5
5ab8516755429916710eb037,Abokobi,112,0,0,0.9412,0.2941,True,False,False,3
5a7274805542991f9a20c47e,All Saints' Flood (1170),119,1,1,1.0,0.6,True,False,False,3
5a7274805542991f9a20c47e,All Saints' Flood (1170),45,0,0,0.4286,0.0,False,False,False,3
5a7274805542991f9a20c47e,Zuiderzee,295,0,0,1.0,0.6905,True,False,False,12
5ae771315542997ec2727656,Ribes glandulosum,195,1,1,1.0,0.72,True,False,False,4
5ae771315542997ec2727656,Appalachian Mountains,89,0,0,0.8333,0.25,True,False,False,77
5adce83255429947343537c7,Matt Hannaford,204,0,0,0.4375,0.0312,False,False,False,8
5adce83255429947343537c7,Josh Donaldson,154,0,0,1.0,0.5217,True,False,False,36
5ab69d4a55429953192ad32d,Pact of San José de Flores,245,0,1,1.0,0.5,True,False,False,17
5ab69d4a55429953192ad32d,State of Buenos Aires,206,0,0,0.875,0.2917,True,False,False,13
5ab95f04554299131ca4230f,Elmo Henderson,269,0,1,1.0,0.3421,True,False,False,6
5ab95f04554299131ca4230f,Muhammad Ali,131,0,0,1.0,0.45,True,False,False,156
5a8863c555429938390d3f3c,"Zionskirche, Dresden",84,1,1,1.0,1.0,True,False,False,1
5a8863c555429938390d3f3c,Bombing of Dresden in World War II,203,0,0,0.7692,0.2692,False,False,False,108
5ac39894554299218029dbe3,Fat Tony (The Simpsons),70,0,0,0.9,0.4,True,False,False,8
5ac39894554299218029dbe3,Anthony Salerno,191,0,0,0.9706,0.4412,True,False,False,11
5ade8a6c55429939a52fe8ea,Revolution (Nina Simone song),84,0,0,1.0,1.0,True,False,False,1
5ade8a6c55429939a52fe8ea,Revolution (Beatles song),95,0,0,1.0,0.2857,True,False,False,48
5ab3f36b5542992ade7c6ef2,The Bomb (film),243,1,1,1.0,0.6364,True,False,False,5
5ab3f36b5542992ade7c6ef2,Cancer (film),124,0,0,1.0,0.55,True,False,False,3
5ab3f36b5542992ade7c6ef2,Cancer (film),220,0,0,1.0,0.6429,True,False,False,3
5aba782255429955dce3ee48,Kansas City Bomber,137,0,0,1.0,0.4762,True,False,False,27
5aba782255429955dce3ee48,Metro-Goldwyn-Mayer,351,0,0,0.5641,0.0769,False,False,False,113
5ae6944d55429908198fa638,Sara Jordan Powell,144,0,0,1.0,0.0476,False,False,False,3
5ae6944d55429908198fa638,Chuck Berry,159,0,0,0.8696,0.3913,True,False,False,48
5ae0250f55429942ec259c2d,Jake Johnson,277,0,0,0.6667,0.2857,False,False,False,11
5ae0250f55429942ec259c2d,Jake Johnson,185,0,0,0.7778,0.1111,False,False,False,11
5ae0250f55429942ec259c2d,Get Him to the Greek,151,0,0,0.9583,0.3333,True,False,False,25
5ae0250f55429942ec259c2d,Get Him to the Greek,193,0,0,0.9667,0.3,True,False,False,25
5a75dbe455429976ec32bc40,Nat Mags,96,0,0,0.8571,0.4286,True,False,False,3
5a75dbe455429976ec32bc40,Brigitte (magazine),133,0,0,0.4545,0.1364,False,False,False,7
5a864ef85542994775f60745,Günter Reich,183,1,1,1.0,0.5185,True,False,False,10
5a864ef85542994775f60745,Pierre Boulez,139,0,0,0.9048,0.4286,True,False,False,138
5a903c3155429933b8a204b3,Clarabelle Cow,221,0,0,0.6061,0.1515,False,False,False,21
5a903c3155429933b8a204b3,Goofy,85,0,0,0.6429,0.0714,False,False,False,59
5a8a376455429930ff3c0d08,Blish lock,238,0,0,0.9143,0.5714,True,False,False,4
5a8a376455429930ff3c0d08,Blish lock,68,1,1,1.0,0.3636,True,False,False,4
5a8a376455429930ff3c0d08,Thompson submachine gun,145,0,0,0.5789,0.1053,False,False,False,107
5ab404785542996a3a969ee8,"Burn, Baby, Burn!",17,1,1,1.0,1.0,True,True,False,1
5ab404785542996a3a969ee8,"Burn, Baby, Burn!",79,0,0,0.8333,1.0,True,False,False,1
5ab404785542996a3a969ee8,"Burn, Baby, Burn!",235,0,0,0.9714,1.0,True,False,False,1
5ab404785542996a3a969ee8,Charles Manson,239,0,0,0.6,0.1714,False,False,False,133
5a805306554299485f5985c2,Ora Blanchard House,141,1,1,1.0,0.5714,True,False,False,4
5a805306554299485f5985c2,"Eustis, Maine",77,1,1,1.0,0.4167,True,False,False,12
5a85d0f95542997175ce2041,Cold Prey 2,83,0,0,0.9333,0.2667,True,False,False,16
5a85d0f95542997175ce2041,Ingrid Bolsø Berdal,67,0,0,1.0,0.5455,True,False,False,2
5adcdf5c5542992c1e3a2445,Midas Run,188,1,1,1.0,0.8438,True,False,False,4
5adcdf5c5542992c1e3a2445,Fred Astaire,149,0,0,1.0,0.5238,True,False,False,76
5ab3afb25542992ade7c6e2f,Edward Spragge,129,0,0,1.0,0.4783,True,False,False,16
5ab3afb25542992ade7c6e2f,Charles II of England,85,0,0,1.0,0.2,True,False,False,70
5a89bf5f55429946c8d6e9b6,The Garden Island,134,1,1,1.0,0.9375,True,False,False,2
5a89bf5f55429946c8d6e9b6,"Lihue, Hawaii",112,0,0,0.7895,0.3158,False,False,False,16
5ae0067d55429925eb1afbe8,The Boy Next Door (song),74,1,1,1.0,0.4667,True,False,False,3
5ae0067d55429925eb1afbe8,The Boy Next Door (song),101,0,0,1.0,0.625,True,False,False,3
5ae0067d55429925eb1afbe8,Meet Me in St. Louis,282,0,0,1.0,0.6316,True,False,False,46
5a7f921e55429969796c1ab8,Black existentialism,157,1,1,1.0,0.3333,True,False,False,23
5a7f921e55429969796c1ab8,Black existentialism,176,1,1,1.0,0.4375,True,False,False,23
5a7f921e55429969796c1ab8,Ralph Ellison,95,0,0,0.9412,0.2353,True,False,False,34
5a7a51085542990783324f0d,General Survey Act,298,1,1,1.0,0.6,True,False,False,6
5a7a51085542990783324f0d,General Survey Act,271,0,0,1.0,0.8158,True,False,False,6
5a7a51085542990783324f0d,Gibbons v. Ogden,158,0,0,0.9545,0.5909,True,False,False,12
5a74d87755429916b0164228,Donna Moderna,131,0,0,0.8,0.4,True,False,False,4
5a74d87755429916b0164228,Kotiliesi,133,0,0,0.8333,0.2778,True,False,False,5
5a72fab15542991f9a20c5e2,Great Reading Adventure,113,0,1,1.0,0.65,True,False,False,4
5a72fab15542991f9a20c5e2,To Kill a Mockingbird,198,0,0,0.9032,0.3548,True,False,False,77
5ab504115542996a3a969ff9,April 9th (film),21,0,0,1.0,0.25,True,True,False,7
5ab504115542996a3a969ff9,April 9th (film),113,0,0,0.9,0.35,True,False,False,7
5ab504115542996a3a969ff9,Lars Mikkelsen,411,0,0,0.7593,0.2407,False,False,False,6
5ab9cb62554299131ca42408,"Falmouth (CDP), Maine",115,1,1,1.0,0.4706,True,False,False,3
5ab9cb62554299131ca42408,"Cumberland County, Maine",82,0,0,0.75,0.0833,False,False,False,17
5a8ca49e5542996e8ac88afc,Seven Wonders of the Ancient World,222,0,0,0.48,0.0,False,False,False,18
5a8ca49e5542996e8ac88afc,Temple of Artemis,124,0,0,0.4,0.0,False,False,False,47
5a77201155429937353601df,Midway Subdivision,222,0,0,0.8788,0.5455,True,False,False,3
5a77201155429937353601df,Northern Transcon,141,1,1,1.0,0.4737,True,False,False,24
5a89d7d05542992e4fca83df,The Writer,72,0,0,0.8333,0.25,True,False,False,13
5a89d7d05542992e4fca83df,Wired (magazine),162,0,0,1.0,0.5217,True,False,False,31
5ab6f13a5542991d322236db,Adelaide Football Club,152,0,0,0.875,0.1875,True,False,False,58
5ab6f13a5542991d322236db,Adelaide Football Club,82,0,0,0.5833,0.0833,False,False,False,58
5ab6f13a5542991d322236db,Marines' Hymn,145,0,0,1.0,0.4211,True,False,False,13
5ab6f13a5542991d322236db,Marines' Hymn,65,1,1,1.0,0.3636,True,False,False,13
5a8b28d05542997f31a41c87,Zach McGowan,147,0,1,1.0,0.7647,True,False,False,9
5a8b28d05542997f31a41c87,Terminator Salvation,143,0,0,0.9524,0.4286,True,False,False,72
5ab9cf7355429955dce3ed8e,Afro Samurai: The Album,126,0,0,0.7826,0.4783,False,False,False,3
5ab9cf7355429955dce3ed8e,GZA,181,0,0,0.9286,0.3929,True,False,False,17
5ab50ecb5542996a3a96a009,Severus Snape,213,0,0,0.871,0.3548,True,False,False,49
5ab50ecb5542996a3a96a009,Severus Snape,130,0,0,0.7778,0.1111,False,False,False,49
5ab50ecb5542996a3a96a009,Albus Dumbledore,78,1,1,1.0,0.2727,True,False,False,67
5ae78b025542994a481bbd88,Oleg Kagan,293,1,1,1.0,0.7297,True,False,False,4
5ae78b025542994a481bbd88,Sviatoslav Richter,264,0,0,0.6286,0.3143,False,False,False,62
5ac112b6554299012d1db68e,Arisarum,62,0,0,1.0,0.5455,True,False,False,4
5ac112b6554299012d1db68e,Erysimum,169,0,0,0.8333,0.2917,True,False,False,11
5ac4129f5542997ea680c9df,Danny Cohen (cinematographer),320,0,0,0.8444,1.0,True,False,False,1
5ac4129f5542997ea680c9df,Les Misérables (2012 film),295,0,0,0.925,0.475,True,False,False,69
5ac023cc5542996f0d89cb35,Stepping Out (1991 film),173,0,0,0.9583,0.625,True,False,False,15
5ac023cc5542996f0d89cb35,Liza Minnelli,77,0,0,1.0,0.3846,True,False,False,49
5ac023cc5542996f0d89cb35,Liza Minnelli,212,0,0,0.5938,0.0938,False,False,False,49
5a7fcad855429969796c1b6d,Mia and the Migoo,166,0,0,0.7308,0.5,False,False,False,14
5a7fcad855429969796c1b6d,Mia and the Migoo,135,1,1,1.0,0.6842,True,False,False,14
5a7fcad855429969796c1b6d,Whoopi Goldberg,154,0,0,0.9048,0.5238,True,False,False,58
5a7fcad855429969796c1b6d,Whoopi Goldberg,175,0,0,0.6786,0.0714,False,False,False,58
5a7e20d15542995ed0d166a1,Hook and Ladder No. 4,157,1,1,1.0,0.5217,True,False,False,19
5a7e20d15542995ed0d166a1,Marcus T. Reynolds,107,1,1,1.0,0.3529,True,False,False,6
5a777bf655429967ab1051c1,Sara Alström,81,0,0,1.0,1.0,True,False,False,1
5a777bf655429967ab1051c1,Sara Alström,90,1,1,1.0,1.0,True,False,False,1
5a777bf655429967ab1051c1,Hanna Alström,64,0,0,0.8333,0.4167,True,False,False,2
5ae20aa85542997283cd2350,2011–12 Baylor Bears basketball team,113,1,1,1.0,0.5909,True,False,False,17
5ae20aa85542997283cd2350,2011–12 Iowa State Cyclones men's basketball team,69,1,1,1.0,0.6923,True,False,False,3
5a7fc7c95542992e7d278d7a,Charles Thompson (Cherokee chief),162,0,0,1.0,0.619,True,False,False,8
5a7fc7c95542992e7d278d7a,Charles Thompson (Cherokee chief),169,1,1,1.0,0.6923,True,False,False,8
5a7fc7c95542992e7d278d7a,Trail of Tears,229,0,0,0.7273,0.0303,False,False,False,75
5ae5b8cf55429960a22e031d,Isabel Barrows,178,0,0,1.0,0.16,True,False,False,21
5ae5b8cf55429960a22e031d,University of Vienna,105,0,0,0.7857,0.1429,False,False,False,21
5a8b64085542997f31a41d01,Nathan Chapman (record producer),138,0,0,1.0,0.5789,True,False,False,3
5a8b64085542997f31a41d01,Speak Now,79,0,0,1.0,0.3077,True,False,False,39
5a8b64085542997f31a41d01,Speak Now,60,0,0,0.9091,0.0909,True,False,False,39
5abd08835542992ac4f381b1,Rosendale cement,249,0,0,0.9286,0.6071,True,False,False,13
5abd08835542992ac4f381b1,Brooklyn Bridge,134,0,0,0.75,0.05,False,False,False,97
5ac5126355429924173fb594,Bruce Willis,92,0,0,0.7368,0.0,False,False,False,49
5ac5126355429924173fb594,Die Hard,116,0,0,1.0,0.4,True,False,False,78
5a8a145d5542992e4fca84fb,Arthur A. Smith Covered Bridge,118,0,0,0.5556,0.1111,False,False,False,5
5a8a145d5542992e4fca84fb,Hurricane Irene,159,0,0,1.0,0.4348,True,False,False,73
5add55045542992ae4cec50e,James Durham (baseball),50,1,1,1.0,1.0,True,False,False,1
5add55045542992ae4cec50e,New in Town,155,0,0,1.0,0.6154,True,False,False,9
5ae335885542991a06ce9956,Plan de la Noria,118,0,0,0.9474,0.3158,True,False,False,5
5ae335885542991a06ce9956,Porfirio Díaz,233,0,0,0.9211,0.5263,True,False,False,121
5abffa615542994516f45567,Ralph K. Pedersen,100,1,1,1.0,0.6,True,False,False,31
5abffa615542994516f45567,"Levittown, New York",147,0,0,0.913,0.3043,True,False,False,72
5a81e439554299676cceb13c,Mansur al-Atrash,151,1,1,1.0,0.2727,True,False,False,18
5a81e439554299676cceb13c,Gamal Abdel Nasser,172,0,0,0.913,0.3478,True,False,False,140
5add15e75542990d50227dc8,The 50 Greatest Pieces of Classical Music,169,1,1,1.0,0.963,True,False,False,3
5add15e75542990d50227dc8,Abbey Road Studios,177,0,0,0.9583,0.4583,True,False,False,22
5abeaf1c5542990832d3a0ad,Mount Loretto Unique Area,179,0,0,1.0,0.5,True,False,False,6
5abeaf1c5542990832d3a0ad,One Manhattan Square,198,0,0,0.931,0.6207,True,False,False,4
5a8f25d45542997ba9cb31ef,Orange Marmalade (TV series),147,0,0,1.0,0.75,True,False,False,7
5a8f25d45542997ba9cb31ef,Orange Marmalade (TV series),149,1,1,1.0,0.7097,True,False,False,7
5a8f25d45542997ba9cb31ef,Lee Jong-hyun,110,0,0,0.8889,0.3333,True,False,False,20
5a8879a6554299206df2b2ac,UFC Fight Night: Namajunas vs. VanZant,188,1,1,1.0,0.5862,True,False,False,7
5a8879a6554299206df2b2ac,Las Vegas,246,0,0,0.8077,0.2692,True,False,False,91
5a8e47765542995a26add4bf,Rackety Rax,146,1,1,1.0,0.84,True,False,False,3
5a8e47765542995a26add4bf,Victor McLaglen,85,0,1,1.0,0.0769,True,False,False,43
5a8003465542992e7d278dd8,The General's Daughter (novel),112,0,1,1.0,0.6316,True,False,False,2
5a8003465542992e7d278dd8,John Travolta,246,0,0,0.75,0.25,False,False,False,31
5a82529855429940e5e1a84a,"Catherine Grandison, Countess of Salisbury",241,0,0,0.9697,0.5152,True,False,False,5
5a82529855429940e5e1a84a,Edward III of England,241,0,0,0.9722,0.3889,True,False,False,60
5a82529855429940e5e1a84a,Edward III of England,223,0,0,0.8214,0.3214,True,False,False,60
5a82824955429966c78a6a37,Reggie Mantle,87,0,0,1.0,0.4615,True,False,False,24
5a82824955429966c78a6a37,Reggie Mantle,34,0,0,1.0,0.1429,True,True,False,24
5a82824955429966c78a6a37,Archie Andrews,344,0,0,0.8571,0.5238,True,False,False,37
5a7bb0ce5542995eb53be999,A Lady Surrenders,122,0,0,1.0,0.8421,True,False,False,2
5a7bb0ce5542995eb53be999,Basil Rathbone,103,0,0,1.0,0.5263,True,False,False,36
5a8c6851554299653c1aa056,Teruyoshi Nakano,221,0,0,0.3103,0.2414,False,False,False,2
5a8c6851554299653c1aa056,Manchukuo,177,0,0,0.5217,0.0435,False,False,False,112
5ae712d0554299572ea546b7,Treehouse of Horror XXIV,152,0,0,0.8824,0.1765,True,False,False,14
5ae712d0554299572ea546b7,The Simpsons (season 25),104,0,0,1.0,0.7059,True,False,False,4
5ae76a425542997b22f6a741,Change (Taylor Swift song),72,0,0,0.9091,0.3636,True,False,False,13
5ae76a425542997b22f6a741,Fearless (Taylor Swift album),99,0,0,0.7333,0.0667,False,False,False,43
5a792c1655429970f5fffe63,All You Need Is Now,88,0,0,0.8571,0.2143,True,False,False,8
5a792c1655429970f5fffe63,Duran Duran,88,0,0,0.8571,0.3571,True,False,False,85
5add68c55542992200553b00,Ducie River,97,0,0,0.6,0.0667,False,False,False,6
5add68c55542992200553b00,Queensland,139,0,0,0.6667,0.1429,False,False,False,114
5add68c55542992200553b00,Queensland,89,0,0,0.7778,0.0556,False,False,False,114
5ab3f0c955429976abd1bcfb,The Three-Body Problem (film),198,0,0,0.84,0.68,True,False,False,3
5ab3f0c955429976abd1bcfb,Feng Shaofeng,83,0,0,1.0,0.5714,True,False,False,14
5ab3f0c955429976abd1bcfb,Feng Shaofeng,65,0,0,0.3636,0.0,False,False,False,14
5adf96b55542992d7e9f93aa,St. John's Seminary (California),82,0,0,0.5833,0.0,False,False,False,9
5adf96b55542992d7e9f93aa,"Camarillo, California",74,1,1,1.0,0.0769,True,False,False,40
5ab46a255542996a3a969f80,Hyrmine,92,0,0,0.7857,0.4286,False,False,False,7
5ab46a255542996a3a969f80,Hyrmine,57,1,1,1.0,0.6364,True,False,False,7
5ab46a255542996a3a969f80,Helios,194,0,0,0.7037,0.0741,False,False,False,371
5a7b4e5a5542995eb53be904,2012–13 Los Angeles Clippers season,202,1,1,1.0,0.6364,True,False,False,14
5a7b4e5a5542995eb53be904,2012–13 Los Angeles Clippers season,192,1,1,1.0,0.5,True,False,False,14
5a7b4e5a5542995eb53be904,Memphis Grizzlies,95,0,0,1.0,0.4167,True,False,False,54
5a8432dd5542996488c2e511,Bert Gosnell,208,1,1,1.0,0.5758,True,False,False,8
5a8432dd5542996488c2e511,Newcastle United F.C.,191,0,0,0.7273,0.1364,False,False,False,69
5ac4bc9a554299076e296dec,John Appleton (academic),89,0,0,0.5833,1.0,False,False,False,1
5ac4bc9a554299076e296dec,"University College, Oxford",214,0,0,0.8571,0.1905,True,False,False,20
5add1cdb5542994734353854,Martin Harty,182,1,1,1.0,0.8333,True,False,False,4
5add1cdb5542994734353854,"New Durham, New Hampshire",44,0,0,0.75,0.0,False,False,False,8
5add1cdb5542994734353854,"New Durham, New Hampshire",95,0,0,1.0,0.3077,True,False,False,8
5ae0d70c554299603e41846d,Common Man's Charter,179,1,1,1.0,1.0,True,False,False,1
5ae0d70c554299603e41846d,Common Man's Charter,137,0,0,1.0,1.0,True,False,False,1
5ae0d70c554299603e41846d,Kampala,50,0,0,1.0,0.1111,True,False,False,75
5ac504545542996feb3fe9cd,Dieter Zorc,84,0,0,0.9231,1.0,True,False,False,1
5ac504545542996feb3fe9cd,Dieter Zorc,34,1,1,1.0,1.0,True,True,False,1
5ac504545542996feb3fe9cd,Michael Zorc,101,0,0,0.9375,0.6875,True,False,False,7
5ac1bd825542994ab5c67df1,Daniel Boyarin,80,0,0,1.0,0.5,True,False,False,16
5ac1bd825542994ab5c67df1,Daniel Boyarin,85,0,0,0.8571,0.5,True,False,False,16
5ac1bd825542994ab5c67df1,"Asbury Park, New Jersey",237,0,0,0.7576,0.2424,False,False,False,174
5ac560365542993e66e82397,Contrary (social role),85,0,0,0.4545,0.0,False,False,False,7
5ac560365542993e66e82397,Contrary (social role),124,0,0,0.4211,0.0526,False,False,False,7
5ac560365542993e66e82397,Great Plains,276,0,0,0.697,0.1818,False,False,False,87
5a8113ac55429926c1cdace9,Katy Garretson,252,0,0,0.7838,0.3514,False,False,False,8
5a8113ac55429926c1cdace9,Fuller House (TV series),238,1,1,1.0,0.2432,True,False,False,31
5a83496b5542996488c2e3f9,Sian Gibson,331,0,0,0.8182,0.4773,True,False,False,6
5a83496b5542996488c2e3f9,Peter Kay's Car Share,212,0,0,1.0,0.3929,True,False,False,18
5a8613ba5542996432c571a3,Kokomlemle,142,0,0,1.0,0.6316,True,False,False,2
5a8613ba5542996432c571a3,Joy FM (Ghana),73,1,1,1.0,1.0,True,False,False,1
5a8613ba5542996432c571a3,Joy FM (Ghana),81,1,1,1.0,1.0,True,False,False,1
5abd51a85542992ac4f3825e,Chesapeake Tide,102,1,1,1.0,0.7333,True,False,False,2
5abd51a85542992ac4f3825e,"Upper Marlboro, Maryland",124,0,0,0.8,0.25,True,False,False,55
5ac07ae05542996f0d89cbf1,Ryu Seung-ryong,125,0,0,1.0,0.45,True,False,False,5
5ac07ae05542996f0d89cbf1,Miracle in Cell No. 7,29,0,0,0.8333,0.0,False,True,False,12
5ae0f90355429920d5234256,Soldiers Chapel,222,1,1,1.0,0.4333,True,False,False,5
5ae0f90355429920d5234256,Nelson Story,191,1,1,1.0,0.3077,True,False,False,14
5ae7a4c55542993210983ec8,Mira Nair,88,0,0,1.0,0.375,True,False,False,38
5ae7a4c55542993210983ec8,Indian Americans,178,0,0,0.5833,0.0,False,False,False,161
5adffbc9554299025d62a39d,Bruce Lester,184,1,1,1.0,0.5484,True,False,False,9
5adffbc9554299025d62a39d,Bruce Lester,245,0,0,0.9744,0.5641,True,False,False,9
5adffbc9554299025d62a39d,Joan Crawford,56,0,0,1.0,0.4444,True,False,False,92
5adffbc9554299025d62a39d,Joan Crawford,112,0,0,0.6316,0.1579,False,False,False,92
5a8b56415542997f31a41cdf,Digital Bath,110,0,0,1.0,0.5556,True,False,False,4
5a8b56415542997f31a41cdf,White Pony,128,0,0,1.0,0.3,True,False,False,23
5a7b73225542997c3ec97189,"Richfield, Minnesota",65,0,0,0.8,0.2,True,False,False,42
5a7b73225542997c3ec97189,"Richfield, Minnesota",209,0,0,0.9167,0.4167,True,False,False,42
5a7b73225542997c3ec97189,"Richfield, Minnesota",85,0,0,0.5385,0.1538,False,False,False,42
5a7b73225542997c3ec97189,"Hennepin County, Minnesota",80,1,1,1.0,0.3846,True,False,False,36
5a7fb4005542992097ad2fb5,The Story of Us (song),139,0,1,1.0,0.125,True,False,False,16
5a7fb4005542992097ad2fb5,Speak Now,79,0,0,1.0,0.3077,True,False,False,39
5a7dbd2f5542990b8f503a58,Kenneth Carey (bishop),182,1,1,1.0,0.6897,True,False,False,3
5a7dbd2f5542990b8f503a58,"Exeter College, Oxford",218,0,0,1.0,0.4444,True,False,False,21
5a79c7a3554299148911fa49,John Coates (businessman),136,0,0,1.0,0.55,True,False,False,6
5a79c7a3554299148911fa49,Bet365,88,0,0,0.9286,0.3571,True,False,False,17
5a9079d655429916514e74d6,Jo Han-sun,157,0,1,1.0,1.0,True,False,False,1
5a9079d655429916514e74d6,A Better Tomorrow (2010 film),70,1,1,1.0,0.5455,True,False,False,14
5adfc7795542992d7e9f93ce,2015 Much Music Video Awards,42,1,1,1.0,1.0,True,False,False,1
5adfc7795542992d7e9f93ce,Ed Sheeran,149,0,0,0.65,0.15,False,False,False,70
5a80aaac554299485f598697,Melvin H. Knisely,183,0,0,1.0,0.7931,True,False,False,5
5a80aaac554299485f598697,Red blood cell,217,0,0,0.9333,0.4,True,False,False,86
5ab4ca565542991779162d08,For Free? (Interlude),99,0,1,1.0,0.5556,True,False,False,2
5ab4ca565542991779162d08,To Pimp a Butterfly,109,1,1,1.0,0.0667,True,False,False,37
5a7e301a5542995ed0d166c5,Unchained Memories,202,0,0,1.0,0.3929,True,False,False,9
5a7e301a5542995ed0d166c5,What Remains of Us,166,0,0,0.6923,0.4615,False,False,False,7
5a90959d5542995651fb519f,Ibrahim Hazimeh,71,0,0,0.3636,0.0909,False,False,False,4
5a90959d5542995651fb519f,"Acre, Israel",167,0,0,0.6364,0.0909,False,False,False,73
5ab993825542996be202055e,Michael Schneider (conductor),122,0,0,0.8889,0.5,True,False,False,10
5ab993825542996be202055e,Carl Philipp Emanuel Bach,255,0,0,1.0,0.4118,True,False,False,48
5ab993825542996be202055e,Carl Philipp Emanuel Bach,110,0,0,0.9412,0.2353,True,False,False,48
5aba7a8555429955dce3ee54,Hit n Run Phase One,151,1,1,1.0,0.85,True,False,False,3
5aba7a8555429955dce3ee54,Tidal (service),189,0,0,0.625,0.0833,False,False,False,37
5a7121c15542994082a3e5bb,Mayra Olvera,76,0,0,0.9091,1.0,True,False,False,1
5a7121c15542994082a3e5bb,2015 FIFA Women's World Cup,67,1,1,1.0,0.5455,True,False,False,32
5a8c5675554299240d9c212a,Mark Heard,166,0,0,0.875,0.5,True,False,False,19
5a8c5675554299240d9c212a,"Macon, Georgia",139,0,0,0.7368,0.3158,False,False,False,86
5ae788845542994a481bbd6f,The Shipman Inquiry,161,1,1,1.0,0.5,True,False,False,13
5ae788845542994a481bbd6f,Harold Shipman,103,0,0,0.7778,0.1111,False,False,False,37
5a7395bf554299623ed4ac06,Connie Champagne,107,0,0,0.8421,0.4211,True,False,False,11
5a7395bf554299623ed4ac06,Judy Garland,120,0,0,0.8889,0.3333,True,False,False,111
5ae7d8035542993210983f86,The Heretic (play),97,0,0,0.9412,0.5294,True,False,False,11
5ae7d8035542993210983f86,The Heretic (play),171,1,1,1.0,0.4231,True,False,False,11
5ae7d8035542993210983f86,Lydia Wilson,47,0,0,1.0,0.5,True,False,False,3
5ae7d8035542993210983f86,Lydia Wilson,226,0,0,0.9677,0.5484,True,False,False,3
5a78f75055429974737f792a,Greg Watanabe,113,0,0,0.6842,0.5789,False,False,False,2
5a78f75055429974737f792a,Allegiance (musical),106,1,1,1.0,0.3125,True,False,False,20
5a8ad99a55429950cd6afbaf,Álvaro Raposo de Oliveira,97,0,0,0.3125,1.0,False,False,False,1
5a8ad99a55429950cd6afbaf,Lima,143,0,0,1.0,0.1905,True,False,False,149
5a7759085542993569682d5f,"Putney, Georgia",64,1,1,1.0,0.5,True,False,False,8
5a7759085542993569682d5f,"Albany, Georgia",83,0,0,1.0,0.2,True,False,False,83
5ab515b75542991779162d74,"St Martin de Porres, Adelaide",158,0,0,0.7407,1.0,False,False,False,1
5ab515b75542991779162d74,"St Martin de Porres, Adelaide",116,0,0,0.8125,1.0,True,False,False,1
5ab515b75542991779162d74,Cabra Dominican College,153,1,1,1.0,0.3182,True,False,False,35
5ae71083554299572ea546ac,Stay (Sugarland song),229,0,1,1.0,0.6667,True,False,False,9
5ae71083554299572ea546ac,Our Song (Taylor Swift song),154,0,0,0.68,0.24,False,False,False,21
5ac432a35542995c82c4ace8,Ponte della Paglia,48,1,1,1.0,0.5556,True,False,False,2
5ac432a35542995c82c4ace8,Ponte della Paglia,68,1,1,1.0,0.5,True,False,False,2
5ac432a35542995c82c4ace8,Bridge of Sighs,98,0,0,0.8667,0.1333,True,False,False,10
5ac432a35542995c82c4ace8,Bridge of Sighs,204,0,1,1.0,0.8065,True,False,False,10
5a7cb3d25542996dd594b999,"Lakeside Village, Kansas",99,1,1,1.0,0.4615,True,False,False,3
5a7cb3d25542996dd594b999,"Jefferson County, Kansas",82,1,1,1.0,0.3571,True,False,False,16
5ae73caf5542991e8301cc22,Rex Salas,969,0,0,0.2137,0.0229,False,False,False,11
5ae73caf5542991e8301cc22,Tatyana Ali,203,0,0,0.8947,0.4211,True,False,False,11
5a8482c95542997175ce1eda,Physical Graffiti,450,0,0,0.717,0.2264,False,False,False,36
5a8482c95542997175ce1eda,Led Zeppelin IV,155,0,0,1.0,0.3913,True,False,False,33
5a7153515542994082a3e7d8,Table tennis at the 2010 Commonwealth Games,108,1,1,1.0,1.0,True,False,False,1
5a7153515542994082a3e7d8,Yamuna Sports Complex,47,1,1,1.0,0.625,True,False,False,6
5abcf92c55429959677d6b8c,James Blake (musician),181,0,0,0.7586,0.1724,False,False,False,26
5abcf92c55429959677d6b8c,James Blake (album),135,1,1,1.0,0.5652,True,False,False,18
5ae49f9855429970de88d9e1,Nate Ruess,48,0,0,1.0,0.3,True,False,False,27
5ae49f9855429970de88d9e1,Fun (band),52,1,1,1.0,0.5455,True,False,False,14
5a89a5ed5542993b751ca969,Ass Burgers,116,0,0,0.9375,0.1875,True,False,False,13
5a89a5ed5542993b751ca969,Ass Burgers,80,1,1,1.0,0.3333,True,False,False,13
5a89a5ed5542993b751ca969,You're Getting Old,195,0,0,0.9091,0.3182,True,False,False,20
5a89a5ed5542993b751ca969,You're Getting Old,156,1,1,1.0,0.48,True,False,False,20
5ab86c9355429916710eb049,Annie Gravatt,72,1,1,1.0,0.4444,True,False,False,16
5ab86c9355429916710eb049,Annie Gravatt,111,1,1,1.0,0.6,True,False,False,16
5ab86c9355429916710eb049,Chestnut blight,362,0,0,0.4884,0.0465,False,False,False,29
5abe9be95542991f661061ae,Hekou Yao Autonomous County,112,1,1,1.0,0.4286,True,False,False,8
5abe9be95542991f661061ae,Hekou Yao Autonomous County,111,0,0,0.9444,0.3889,True,False,False,8
5abe9be95542991f661061ae,Lhasa (prefecture-level city),164,0,0,0.7619,0.2381,False,False,False,164
5ae127dd5542997b2ef7d10e,2015 Clemson Tigers football team,210,1,1,1.0,0.44,True,False,False,9
5ae127dd5542997b2ef7d10e,2015 Orange Bowl,149,1,1,1.0,0.6667,True,False,False,10
5ab372a1554299233954ff51,Aberrant,159,1,1,1.0,0.76,True,False,False,20
5ab372a1554299233954ff51,Aberrant,149,0,0,0.8095,0.381,True,False,False,20
5ab372a1554299233954ff51,Onyx Path Publishing,153,0,0,0.8571,0.381,True,False,False,18
5ab3067455429976abd1bc2b,Sins (miniseries),63,1,1,1.0,0.3,True,False,False,15
5ab3067455429976abd1bc2b,Sins (miniseries),227,0,0,0.9688,0.5312,True,False,False,15
5ab3067455429976abd1bc2b,Judith Gould,178,1,1,1.0,0.5714,True,False,False,4
5a732e415542992359bc3267,Round the Horne,124,0,0,0.9545,0.2727,True,False,False,64
5a732e415542992359bc3267,Hugh Paddick,123,0,0,0.8824,0.5882,True,False,False,7
5ab9b3d4554299131ca423d6,The Bolivar Commercial,86,0,0,0.6667,0.0833,False,False,False,3
5ab9b3d4554299131ca423d6,"Cleveland, Mississippi",66,1,1,1.0,0.3,True,False,False,20
5a8874fc554299206df2b279,Analog Man (album),188,0,0,1.0,0.6923,True,False,False,8
5a8874fc554299206df2b279,Little Richard,137,0,0,0.7368,0.2105,False,False,False,91
5a749aec55429979e28829b6,Attack on Titan (film),295,0,0,1.0,0.7179,True,False,False,27
5a749aec55429979e28829b6,Kiko Mizuhara,181,0,0,0.9167,0.375,True,False,False,13
5a7c4c4c554299683c1c62e6,Frankenweenie (2012 film),144,0,0,0.9545,0.3636,True,False,False,40
5a7c4c4c554299683c1c62e6,Coco (2017 film),141,0,0,0.85,0.4,True,False,False,53
5ab98602554299131ca42361,Mustang (advertisement),100,1,1,1.0,0.7857,True,False,False,3
5ab98602554299131ca42361,Guinness,164,0,0,0.8333,0.1667,True,False,False,97
5a80efdd554299260e20a1cf,Barrow Blitz,121,0,0,1.0,0.4444,True,False,False,10
5a80efdd554299260e20a1cf,Barrow Hematite Steel Company,163,1,1,1.0,0.4545,True,False,False,7
5a823bef554299676cceb22d,Pegula Ice Arena,216,0,0,0.9706,0.4706,True,False,False,7
5a823bef554299676cceb22d,Kim Pegula,194,0,0,0.9667,0.5,True,False,False,9
5ae2294e554299234fd04409,Puriyadha Anandam Puthithaga Arambam,147,0,0,1.0,0.3636,True,False,False,3
5ae2294e554299234fd04409,Krish (singer),78,0,0,1.0,0.4286,True,False,False,5
5ae68f3e55429908198fa614,Great Reading Adventure,113,0,1,1.0,0.65,True,False,False,4
5ae68f3e55429908198fa614,To Kill a Mockingbird,65,0,0,1.0,0.1667,True,False,False,77
5ab61615554299710c8d1e62,History of experiments,170,1,1,1.0,0.625,True,False,False,20
5ab61615554299710c8d1e62,Galileo Galilei,145,0,0,0.8889,0.4444,True,False,False,113
5a7f5ca15542994857a76701,Jens Høysgaard,235,0,1,1.0,0.6061,True,False,False,5
5a7f5ca15542994857a76701,Danish phonology,220,0,0,0.8333,0.4,True,False,False,32
5a7f5ca15542994857a76701,Danish phonology,127,0,0,1.0,0.6,True,False,False,32
5a73342e5542991f9a20c682,Margaret Ménégoz,99,0,0,0.9412,1.0,True,False,False,1
5a73342e5542991f9a20c682,Margaret Ménégoz,142,0,0,1.0,1.0,True,False,False,1
5a73342e5542991f9a20c682,Amour (2012 film),206,0,0,1.0,0.5556,True,False,False,22
5a8373f2554299123d8c2131,Star Wars: Episode III – Revenge of the Sith,123,0,0,1.0,0.3636,True,False,False,71
5a8373f2554299123d8c2131,Hayden Christensen,117,0,0,0.8125,0.125,True,False,False,24
5a7c77be5542990527d554b7,Maindiff Court Hospital,63,1,1,1.0,0.4545,True,False,False,5
5a7c77be5542990527d554b7,Rudolf Hess,119,0,0,0.9444,0.3889,True,False,False,69
5a7c77be5542990527d554b7,Rudolf Hess,118,0,0,1.0,0.2222,True,False,False,69
5ae22c71554299492dc91bcd,Pam MacKinnon,114,0,1,1.0,0.1579,True,False,False,13
5ae22c71554299492dc91bcd,Who's Afraid of Virginia Woolf?,31,9,9,1.0,0.0,False,True,False,54
5ae22c71554299492dc91bcd,Who's Afraid of Virginia Woolf?,47,0,0,1.0,0.4,True,False,False,54
5a76218c5542994ccc9186ee,Psychiatric Institute of Washington,163,1,1,1.0,0.5714,True,False,False,6
5a76218c5542994ccc9186ee,St. Elizabeths Hospital,113,0,0,0.9286,0.3571,True,False,False,43
5a904a3b55429916514e7466,Rodney S. Quinn,92,1,1,1.0,0.6429,True,False,False,7
5a904a3b55429916514e7466,Rodney S. Quinn,106,1,1,1.0,0.3889,True,False,False,7
5a904a3b55429916514e7466,"Gorham, Maine",60,1,1,1.0,0.4,True,False,False,18
5a904a3b55429916514e7466,"Gorham, Maine",52,0,0,0.5,0.0,False,False,False,18
5ae697095542996d980e7c27,Troy Mine,84,1,1,1.0,0.5714,True,False,False,6
5ae697095542996d980e7c27,"Troy, Montana",57,1,1,1.0,0.2,True,False,False,30
5ae697095542996d980e7c27,"Troy, Montana",42,0,0,1.0,0.2857,True,False,False,30
5a8d10a05542994ba4e3dbd8,First Fleet Re-enactment Voyage,264,1,1,1.0,0.2903,True,False,False,30
5a8d10a05542994ba4e3dbd8,Edmund Hillary,159,0,0,0.7826,0.3043,False,False,False,65
5ac144615542994ab5c67ccf,Field of Dreams,172,0,0,0.8966,0.5172,True,False,False,37
5ac144615542994ab5c67ccf,Kevin Costner,88,0,0,0.7692,0.0,False,False,False,45
5a887d075542993e715ac03e,Craig Gillespie,152,0,0,0.9167,0.4167,True,False,False,10
5a887d075542993e715ac03e,Fright Night (2011 film),134,0,0,1.0,0.65,True,False,False,15
5a78c66255429974737f787a,Song of the South,130,0,0,1.0,0.3182,True,False,False,66
5a78c66255429974737f787a,Song of the South,128,0,0,0.95,0.25,True,False,False,66
5a78c66255429974737f787a,James Baskett,200,0,0,0.8788,0.3939,True,False,False,8
5a78c66255429974737f787a,James Baskett,171,0,0,0.48,0.04,False,False,False,8
5a8ef9c45542995a26add59d,Gunhilda of Denmark,193,0,0,0.7333,0.3333,False,False,False,9
5a8ef9c45542995a26add59d,House of Knýtlinga,134,1,1,1.0,0.4,True,False,False,14
5a8a307055429930ff3c0cea,Shim Eun-kyung,61,1,1,1.0,0.6667,True,False,False,13
5a8a307055429930ff3c0cea,Sunny (2011 film),50,1,1,1.0,0.3333,True,False,False,19
5a8a307055429930ff3c0cea,Sunny (2011 film),131,1,1,1.0,0.4583,True,False,False,19
5a8a307055429930ff3c0cea,Sunny (2011 film),136,1,1,1.0,0.5238,True,False,False,19
5ac1a24d55429963665198c7,Tsanfleuron Glacier,201,0,0,1.0,0.6154,True,False,False,3
5ac1a24d55429963665198c7,Glacier 3000,35,1,1,1.0,0.5714,True,True,False,2
5ae15ae05542997b2ef7d1a2,Back to December,139,0,0,1.0,0.1304,True,False,False,24
5ae15ae05542997b2ef7d1a2,Speak Now,60,0,0,0.9091,0.0909,True,False,False,39
5ae71feb5542996d980e7cae,Diodorus of Alexandria,104,1,1,1.0,0.5,True,False,False,2
5ae71feb5542996d980e7cae,Posidonius,260,0,0,0.7407,0.3333,False,False,False,51
5a87ee1e5542994846c1cdfd,The Gravy Train,239,0,0,1.0,0.7353,True,False,False,5
5a87ee1e5542994846c1cdfd,Terrence Malick,110,0,0,0.8667,0.4,True,False,False,48
5adfae0a554299025d62a33b,2009 South American Footballer of the Year,266,1,1,1.0,1.0,True,False,False,1
5adfae0a554299025d62a33b,Juan Sebastián Verón,296,0,1,1.0,0.5,True,False,False,30
5add8da65542992200553b53,Protected (film),73,1,1,1.0,0.6923,True,False,False,2
5add8da65542992200553b53,Meet the Patels,122,0,0,0.9474,0.4737,True,False,False,7
5ae0f2945542997b2ef7d09c,Calling the Wild,81,1,1,1.0,0.4286,True,False,False,7
5ae0f2945542997b2ef7d09c,Calling the Wild,96,1,1,1.0,0.2,True,False,False,7
5ae0f2945542997b2ef7d09c,Doro (musician),170,0,0,0.8,0.24,True,False,False,50
5a89dc4d554299669944a5da,Go North (film),92,1,1,1.0,0.0769,True,False,False,3
5a89dc4d554299669944a5da,Patrick Schwarzenegger,63,0,0,1.0,0.1818,True,False,False,15
5ae4cf125542990ba0bbb150,Lizzette Reynolds,129,0,0,0.9444,0.2222,True,False,False,5
5ae4cf125542990ba0bbb150,Lizzette Reynolds,95,1,1,1.0,0.4667,True,False,False,5
5ae4cf125542990ba0bbb150,Christine Comer,159,1,1,1.0,0.5217,True,False,False,17
5a821e21554299676cceb21e,2014 Dodge City Law season,130,1,1,1.0,0.619,True,False,False,2
5a821e21554299676cceb21e,"Dodge City, Kansas",99,1,1,1.0,0.4,True,False,False,62
5a80bd7655429938b61421b0,City of Bath Male Choir,70,1,1,1.0,0.1818,True,False,False,11
5a80bd7655429938b61421b0,City of Bath Male Choir,264,0,0,0.5,0.05,False,False,False,11
5a80bd7655429938b61421b0,Alfie Boe,131,0,0,0.95,0.6,True,False,False,66
5ae28f97554299495565dabf,Cinnamon (song),153,0,0,0.6957,0.4348,False,False,False,2
5ae28f97554299495565dabf,Chester Bennington,98,0,0,1.0,0.2857,True,False,False,51
5a7e529655429934daa2fc05,Cornelius Van Wyck House,161,1,1,1.0,0.4615,True,False,False,7
5a7e529655429934daa2fc05,Little Neck Bay,88,1,1,1.0,0.5714,True,False,False,3
5a84cabc5542994c784dda52,Kalispell City Airport,212,0,0,0.9333,0.7333,True,False,False,3
5a84cabc5542994c784dda52,"Flathead County, Montana",65,0,0,0.8333,0.0833,True,False,False,12
5a84cabc5542994c784dda52,"Flathead County, Montana",103,0,0,0.7647,0.1176,False,False,False,12
5ac1b8605542994d76dcced8,Rosalyn Borden,176,1,1,1.0,0.76,True,False,False,9
5ac1b8605542994d76dcced8,Jimmy Durante,120,0,0,0.8125,0.3125,True,False,False,31
5ac2d278554299657fa29086,Marc Akerstream,160,0,1,1.0,0.8462,True,False,False,2
5ac2d278554299657fa29086,Jackie Chan,179,0,0,0.4615,0.0385,False,False,False,93
5ae808fd5542994a481bbe97,Ibranum,13,0,1,1.0,1.0,True,True,False,1
5ae808fd5542994a481bbe97,Ibranum,132,0,1,1.0,1.0,True,False,False,1
5ae808fd5542994a481bbe97,Sumerian King List,248,0,0,0.6207,0.069,False,False,False,29
5ab60f1d554299110f2199d2,Shannon Harper,171,0,0,0.8261,0.6522,True,False,False,2
5ab60f1d554299110f2199d2,Madeline Harper,57,0,0,0.7,0.5,False,False,False,2
5a79e1115542994bb945711b,"Wallace, Kansas",59,1,1,1.0,0.6667,True,False,False,10
5a79e1115542994bb945711b,"Wallace County, Kansas",109,0,0,0.8824,0.3529,True,False,False,13
5a78df4755429974737f78e8,Robert A. Kindler,101,0,0,0.8667,0.2667,True,False,False,4
5a78df4755429974737f78e8,Morgan Stanley,169,0,0,0.6111,0.0556,False,False,False,77
5a78df4755429974737f78e8,Morgan Stanley,102,0,0,0.875,0.3125,True,False,False,77
5adbd0a055429947ff173837,Caroline Amalie of Augustenburg,187,0,0,0.9643,0.4643,True,False,False,14
5adbd0a055429947ff173837,Christian VIII of Denmark,147,0,0,0.9545,0.3636,True,False,False,23
5a878a805542996e4f30883b,Eric Brock (American football coach),136,1,1,1.0,1.0,True,False,False,1
5a878a805542996e4f30883b,"Lawrence, Kansas",79,0,0,1.0,0.2308,True,False,False,119
5ac194dc5542994ab5c67d85,Mitchell County School District,125,1,1,1.0,0.6429,True,False,False,2
5ac194dc5542994ab5c67d85,"Camilla, Georgia",85,1,1,1.0,0.1538,True,False,False,18
5ab73d795542992aa3b8c7e5,The Hunger Games: Catching Fire,184,0,0,0.6667,0.0476,False,False,False,39
5ab73d795542992aa3b8c7e5,The Hunger Games (film),158,0,0,0.88,0.32,True,False,False,52
5a77a17e5542995d83181228,Émile Bourquelot,125,1,1,1.0,1.0,True,False,False,1
5a77a17e5542995d83181228,University of Paris,182,0,0,0.8261,0.2609,True,False,False,84
5ae159e05542990adbacf764,Warren Island State Park,137,1,1,1.0,1.0,True,False,False,1
5ae159e05542990adbacf764,"Lincolnville, Maine",61,1,1,1.0,0.4,True,False,False,17
5ae355355542992f92d82288,Opinions (TV series),204,0,1,1.0,0.8889,True,False,False,3
5ae355355542992f92d82288,Germaine Greer,94,0,0,1.0,0.5385,True,False,False,85
5ae355355542992f92d82288,Germaine Greer,119,0,0,0.8889,0.3889,True,False,False,85
5abbc98f5542992ccd8e7fa1,Lower Than Atlantis,97,0,0,0.8667,0.3333,True,False,False,19
5abbc98f5542992ccd8e7fa1,Live (band),243,0,0,0.8438,0.4688,True,False,False,28
5ab8ff8a55429934fafe6e2e,Baltic League,182,0,0,1.0,0.5652,True,False,False,5
5ab8ff8a55429934fafe6e2e,Estonia,169,0,0,0.8333,0.0,False,False,False,169
5ae400495542995dadf242b7,Mireille Perrey,53,0,0,1.0,1.0,True,False,False,1
5ae400495542995dadf242b7,The Umbrellas of Cherbourg,186,0,0,0.8,0.28,True,False,False,32
5abbcc7a55429931dba1454f,The Hunger Games: Catching Fire,212,0,0,0.9167,0.2917,True,False,False,39
5abbcc7a55429931dba1454f,Katniss Everdeen,111,0,0,1.0,0.3125,True,False,False,38
5abbcc7a55429931dba1454f,Katniss Everdeen,97,0,0,1.0,0.3846,True,False,False,38
5ab1c29d554299722f9b4c54,Elton John videography,238,0,0,0.9722,0.6944,True,False,False,4
5ab1c29d554299722f9b4c54,Justin Timberlake,110,0,0,1.0,0.4375,True,False,False,75
5ae532b25542990ba0bbb207,Haley Bennett,119,0,0,0.9412,0.2353,True,False,False,11
5ae532b25542990ba0bbb207,Haley Bennett,263,0,0,0.5333,0.0,False,False,False,11
5ae532b25542990ba0bbb207,The Girl on the Train (2016 film),188,0,0,0.9667,0.5667,True,False,False,21
5ade94035542997c77adee61,Long Live (Taylor Swift song),132,0,0,1.0,0.1364,True,False,False,14
5ade94035542997c77adee61,Speak Now,60,0,0,0.9091,0.0909,True,False,False,39
5ab91f8355429919ba4e23b9,Chammak Challo,58,0,0,0.8889,0.3333,True,False,False,13
5ab91f8355429919ba4e23b9,Ra.One (soundtrack),257,0,0,0.9459,0.4595,True,False,False,15
5ae05b06554299603e418403,Norse Federation,199,0,0,0.9231,1.0,True,False,False,1
5ae05b06554299603e418403,Harald V of Norway,140,0,0,0.7273,0.0,False,False,False,37
5a80ba605542992bc0c4a7f2,"Deering, New Hampshire",71,1,1,1.0,0.1818,True,False,False,8
5a80ba605542992bc0c4a7f2,"Hillsborough County, New Hampshire",83,1,1,1.0,0.2308,True,False,False,12
5a80ba605542992bc0c4a7f2,"Hillsborough County, New Hampshire",48,0,0,0.5556,0.1111,False,False,False,12
5ab40c9655429976abd1bd44,Herb Metoyer,152,0,1,1.0,0.64,True,False,False,6
5ab40c9655429976abd1bd44,John Denver,248,0,0,0.6774,0.3548,False,False,False,68
5ab774335542995dae37e925,Lady in a Cage,88,0,0,0.8,0.2667,True,False,False,10
5ab774335542995dae37e925,Olivia de Havilland,117,0,0,0.5882,0.0,False,False,False,69
5a8a56fa5542996c9b8d5ebc,Oscar Lindberg (ice hockey),134,0,0,0.9524,0.5714,True,False,False,12
5a8a56fa5542996c9b8d5ebc,Vegas Golden Knights,149,0,0,0.8095,0.1905,True,False,False,41
5a8a56fa5542996c9b8d5ebc,Vegas Golden Knights,176,0,0,0.9333,0.3667,True,False,False,41
5ab501975542996a3a969ff5,Muzzle (band),118,1,1,1.0,0.5789,True,False,False,2
5ab501975542996a3a969ff5,Hello Sleepwalkers,113,0,0,0.8667,1.0,True,False,False,1
5abe3aed5542993f32c2a0ad,Iphigénie en Tauride discography,137,1,1,1.0,1.0,True,False,False,1
5abe3aed5542993f32c2a0ad,Christoph Willibald Gluck,149,0,0,1.0,0.4167,True,False,False,63
5ae72793554299572ea5473c,The Conversation,270,0,0,0.9167,0.6667,True,False,False,30
5ae72793554299572ea5473c,Harrison Ford,153,0,0,0.913,0.2609,True,False,False,56
5ae0c5b85542993d6555ec58,The Words (film),111,1,1,1.0,0.8235,True,False,False,20
5ae0c5b85542993d6555ec58,Ben Barnes (actor),65,0,0,1.0,0.4545,True,False,False,21
5aba9c425542994dbf019978,Rubus,127,0,0,0.9048,0.381,True,False,False,13
5aba9c425542994dbf019978,Cunonia,150,1,1,1.0,1.0,True,False,False,1
5adfc464554299603e4183a6,Count's 77,54,1,1,1.0,0.25,True,False,False,10
5adfc464554299603e4183a6,Count's 77,119,0,0,1.0,0.3889,True,False,False,10
5adfc464554299603e4183a6,Counting Cars,43,0,1,1.0,0.4286,True,False,False,10
5ab594345542992aa134a367,Bluehost,73,0,0,0.7273,0.0909,False,False,False,12
5ab594345542992aa134a367,Endurance International Group,80,0,0,0.9091,0.3636,True,False,False,10
5ab594345542992aa134a367,Endurance International Group,83,0,0,1.0,0.4545,True,False,False,10
5ab8601f5542992aa3b8c8cc,Camden Riot of 1971,167,1,1,1.0,0.7917,True,False,False,2
5ab8601f5542992aa3b8c8cc,"Camden, New Jersey",46,0,0,1.0,0.0,False,False,False,263
5ab8601f5542992aa3b8c8cc,"Camden, New Jersey",57,0,0,0.7778,0.2222,False,False,False,263
5a84f70c5542994c784ddaa3,Aeneas MacKenzie,146,0,0,1.0,0.8,True,False,False,6
5a84f70c5542994c784ddaa3,Aeneas MacKenzie,200,0,1,1.0,0.5926,True,False,False,6
5a84f70c5542994c784ddaa3,The Ten Commandments (1956 film),192,0,0,1.0,0.4615,True,False,False,76
5ae3e5905542996836b02be9,"De Borgia, Montana",87,1,1,1.0,0.7143,True,False,False,8
5ae3e5905542996836b02be9,"Mineral County, Montana",64,1,1,1.0,0.5833,True,False,False,6
5ae3e5905542996836b02be9,"Mineral County, Montana",48,0,0,1.0,0.2222,True,False,False,6
5ab772345542995dae37e920,Imagine Dragons,199,0,0,0.8571,0.25,True,False,False,44
5ab772345542995dae37e920,It's Time (song),357,0,0,0.5532,0.0426,False,False,False,12
5a85cef85542991dd0999eab,Paradise (cocktail),97,0,0,0.4375,0.0625,False,False,False,3
5a85cef85542991dd0999eab,Mimosa (cocktail),191,0,0,0.64,0.2,False,False,False,4
5a7b51ef5542992d025e67fa,"Chattanooga, Oklahoma",85,1,1,1.0,0.6,True,False,False,6
5a7b51ef5542992d025e67fa,"Lawton, Oklahoma",83,0,0,1.0,0.2727,True,False,False,66
5ab3101055429976abd1bc48,WTMA,115,0,0,0.6667,0.5,False,False,False,8
5ab3101055429976abd1bc48,Michael Savage,305,0,0,1.0,0.3,True,False,False,95
5ae53d3f5542992663a4f190,Leaves of Grass (film),90,0,0,0.875,0.125,True,False,False,13
5ae53d3f5542992663a4f190,Tim Blake Nelson,83,0,0,0.3571,0.0714,False,False,False,16
5abb241b5542996cc5e49fc0,Temple Lot,167,0,0,0.913,0.1739,True,False,False,29
5abb241b5542996cc5e49fc0,"Jackson County, Missouri",88,0,0,0.9286,0.2143,True,False,False,34
5abb241b5542996cc5e49fc0,"Jackson County, Missouri",50,0,0,1.0,0.3333,True,False,False,34
5ab6ff8e5542991d3222372c,Strange Cargo (1940 film),220,0,0,1.0,0.697,True,False,False,23
5ab6ff8e5542991d3222372c,Joan Crawford,56,0,0,1.0,0.4444,True,False,False,92
5a8da437554299441c6ba027,Glory (EP),149,1,1,1.0,0.52,True,False,False,11
5a8da437554299441c6ba027,Iggy Azalea,172,0,0,0.6923,0.1538,False,False,False,45
5abffd43554299012d1db558,What the World Needs Now...,92,1,1,1.0,0.625,True,False,False,2
5abffd43554299012d1db558,Public Image Ltd,187,0,0,0.8387,0.3226,True,False,False,38
5ab59555554299488d4d99ec,Richard Adams,162,0,0,0.8148,0.4074,True,False,False,12
5ab59555554299488d4d99ec,Watership Down,125,0,0,0.95,0.4,True,False,False,90
5ae56cd95542990ba0bbb2a3,KRFE,75,0,0,0.9231,0.1538,True,False,False,8
5ae56cd95542990ba0bbb2a3,"Lubbock, Texas",198,0,0,0.5556,0.0,False,False,False,93
5a7d7fad5542995f4f402286,National Council on Indian Opportunity,203,1,1,1.0,1.0,True,False,False,1
5a7d7fad5542995f4f402286,Federal Indian Policy,239,0,0,0.871,0.6452,True,False,False,20
5a8059bd5542996402f6a4f0,Pine Plains National Forest,166,0,0,0.9231,0.6538,True,False,False,2
5a8059bd5542996402f6a4f0,Pine Plains National Forest,101,1,1,1.0,0.7333,True,False,False,2
5a8059bd5542996402f6a4f0,Fort Drum,41,1,1,1.0,0.125,True,False,False,33
5a89fc7955429946c8d6ea2f,Manlia Scantilla,80,1,1,1.0,0.4615,True,False,False,3
5a89fc7955429946c8d6ea2f,Didius Julianus,190,0,0,0.6071,0.1429,False,False,False,11
5adf339f5542993344016c21,My Bloody Valentine (band),74,0,0,0.9231,0.1538,True,False,False,35
5adf339f5542993344016c21,My Bloody Valentine (band),185,0,0,0.8519,0.2963,True,False,False,35
5adf339f5542993344016c21,Grouplove,229,0,0,0.9667,0.3,True,False,False,24
5a77ab555542997042120ad2,"Charles Jones (basketball, born 1962)",130,1,1,1.0,0.5263,True,False,False,7
5a77ab555542997042120ad2,Portland Trail Blazers,291,0,0,1.0,0.5952,True,False,False,97
5ae395965542990afbd1e18e,Thomas Sleeper,138,0,0,0.7647,0.2941,False,False,False,29
5ae395965542990afbd1e18e,University of Miami,160,0,0,0.6522,0.1304,False,False,False,101
5ac37efe554299218029dbde,The Mysterious Origins of Man,234,0,0,0.9688,0.7188,True,False,False,5
5ac37efe554299218029dbde,Michael Cremo,271,0,0,0.9756,0.5854,True,False,False,10
5a7ef9e15542994959419a98,"Thurlby, North Kesteven",197,0,0,0.9259,0.6296,True,False,False,3
5a7ef9e15542994959419a98,Witham St Hughs,102,0,0,1.0,0.6471,True,False,False,3
5a7ef9e15542994959419a98,Witham St Hughs,183,0,0,0.7857,0.6071,False,False,False,3
5ae459ef55429970de88d93a,Robot Chicken (season 6),148,0,0,0.875,0.4583,True,False,False,4
5ae459ef55429970de88d93a,Robot Chicken DC Comics Special,189,0,0,0.9677,0.6129,True,False,False,33
5a87db695542997e5c09a579,Date palm,156,0,0,0.9565,0.4783,True,False,False,37
5a87db695542997e5c09a579,Jeffersonia,140,0,0,0.9524,0.4286,True,False,False,9
5a87db695542997e5c09a579,Jeffersonia,55,0,1,1.0,0.5714,True,False,False,9
5a80a681554299485f59867a,Robbie Coltrane,98,0,0,0.6875,0.0,False,False,False,23
5a80a681554299485f59867a,Robbie Coltrane,258,0,0,0.5294,0.0294,False,False,False,23
5a80a681554299485f59867a,Rubeus Hagrid,204,0,0,0.9643,0.3571,True,False,False,44
5adc6d7c55429947ff17395c,Shawnee Mission East High School,118,0,0,0.8947,0.3158,True,False,False,12
5adc6d7c55429947ff17395c,"Prairie Village, Kansas",114,0,0,0.9412,0.2941,True,False,False,22
5adc6d7c55429947ff17395c,"Prairie Village, Kansas",54,0,0,1.0,0.3,True,False,False,22
5abba098554299642a094ad7,Memories (Weezer song),40,1,1,1.0,0.5,True,False,False,3
5abba098554299642a094ad7,Memories (Weezer song),121,0,0,1.0,0.6316,True,False,False,3
5abba098554299642a094ad7,Hurley (album),183,0,0,0.96,0.56,True,False,False,19
5ab7edb555429928e1fe393c,New Wave (Against Me! album),23,1,1,1.0,0.2,True,True,False,13
5ab7edb555429928e1fe393c,New Wave (Against Me! album),73,1,1,1.0,0.5,True,False,False,13
5ab7edb555429928e1fe393c,New Wave (Against Me! album),76,0,1,1.0,0.5,True,False,False,13
5ab7edb555429928e1fe393c,Nevermind,114,0,0,1.0,0.3333,True,False,False,53
5ab7edb555429928e1fe393c,Nevermind,71,0,0,1.0,0.3846,True,False,False,53
5a85c9b35542992a431d1ba8,Eshtaol Forest,99,0,0,1.0,0.5882,True,False,False,4
5a85c9b35542992a431d1ba8,Neve Shalom,44,0,0,0.75,0.25,False,False,False,21
5a85c9b35542992a431d1ba8,Neve Shalom,317,0,0,0.9535,0.4186,True,False,False,21
5adc02f25542994650320c52,Unapologetic,109,0,0,1.0,0.2941,True,False,False,45
5adc02f25542994650320c52,Talk That Talk,172,0,1,1.0,0.4615,True,False,False,42
5a90c45855429916514e7565,Numbers (MellowHype album),100,1,1,1.0,0.75,True,False,False,3
5a90c45855429916514e7565,Odd Future,209,0,0,0.6452,0.3548,False,False,False,28
5a8d0215554299441c6b9fb2,Typha,98,1,1,1.0,0.4,True,False,False,24
5a8d0215554299441c6b9fb2,Caryota,33,1,1,1.0,1.0,True,True,False,1
5ac3d703554299204fd21e9a,Frankenweenie (2012 film),144,0,0,0.9545,0.3636,True,False,False,40
5ac3d703554299204fd21e9a,Sleepy Hollow (film),88,0,0,0.9286,0.1429,True,False,False,49
5ac3d703554299204fd21e9a,Sleepy Hollow (film),180,1,1,1.0,0.4074,True,False,False,49
5ae2c093554299492dc91c5b,Echinocactus polycephalus,95,1,1,1.0,0.6,True,False,False,4
5ae2c093554299492dc91c5b,Sonora,69,0,0,0.9,0.3,True,False,False,130
5a7da82a5542997cc2c4746d,Restoration Home (TV series),230,1,1,1.0,0.5667,True,False,False,18
5a7da82a5542997cc2c4746d,Kate Williams (historian),122,0,0,1.0,0.4706,True,False,False,22
5a7c135f5542997c3ec972dc,The Bates,97,0,0,0.9375,0.5625,True,False,False,4
5a7c135f5542997c3ec972dc,Norman Bates,225,0,0,0.6364,0.0,False,False,False,34
5ac196315542994d76dcce8a,"Lockwood, Montana",90,1,1,1.0,0.2308,True,False,False,10
5ac196315542994d76dcce8a,"Yellowstone County, Montana",76,1,1,1.0,0.5,True,False,False,6
5ab3dfad55429969a97a81e3,Home Is Where the Hart Is,57,1,1,1.0,0.4444,True,False,False,2
5ab3dfad55429969a97a81e3,Leslie Nielsen,107,0,0,0.875,0.4375,True,False,False,41
5ab3dfad55429969a97a81e3,Leslie Nielsen,100,1,1,1.0,0.2143,True,False,False,41
5a7cbcfb554299452d57b9df,KRVO,135,1,1,1.0,0.7143,True,False,False,2
5a7cbcfb554299452d57b9df,"Columbia Falls, Montana",44,0,0,1.0,0.375,True,False,False,26
5ae81c4055429952e35eaa23,Attracta (film),122,0,0,1.0,1.0,True,False,False,1
5ae81c4055429952e35eaa23,Wendy Hiller,168,0,0,0.931,0.5862,True,False,False,19
5a8c3d135542995e66a47572,Viola Keats,75,0,1,1.0,1.0,True,False,False,1
5a8c3d135542995e66a47572,Viola Keats,252,0,1,1.0,1.0,True,False,False,1
5a8c3d135542995e66a47572,A Streetcar Named Desire,141,0,0,0.5909,0.0909,False,False,False,62
5abee26b5542994516f45467,Talk That Talk,139,1,1,1.0,0.4545,True,False,False,42
5abee26b5542994516f45467,Talk That Talk,172,0,1,1.0,0.4615,True,False,False,42
5abee26b5542994516f45467,Loud Tour,104,1,1,1.0,0.4667,True,False,False,15
5adc4085554299438c868d96,Wendy Schmidt Oil Cleanup X Challenge,152,1,1,1.0,0.6818,True,False,False,3
5adc4085554299438c868d96,Deepwater Horizon oil spill,232,0,0,0.96,0.32,True,False,False,140
5a7505da5542993748c8979c,"Artesia, California",96,1,1,1.0,0.7059,True,False,False,33
5a7505da5542993748c8979c,Michelle Kwan,80,0,0,0.8462,0.3846,True,False,False,71
5a892e7b55429951533612d4,Broadway expedition,191,1,1,1.0,0.6154,True,False,False,6
5a892e7b55429951533612d4,First Opium War,280,0,0,0.7353,0.1765,False,False,False,159
5ac310045542990b17b1550a,Hannacrois Creek,109,1,1,1.0,0.7222,True,False,False,2
5ac310045542990b17b1550a,"Westerlo, New York",44,0,0,0.75,0.0,False,False,False,8
5a71468b5542994082a3e745,Laura Slade Wiggins,106,0,1,1.0,0.5625,True,False,False,5
5a71468b5542994082a3e745,Rings (2017 film),42,0,0,1.0,0.25,True,False,False,22
5abc74a15542993a06baf8eb,2004 Oklahoma Sooners football team,119,1,1,1.0,0.6818,True,False,False,4
5abc74a15542993a06baf8eb,2004 Oklahoma Sooners football team,93,1,1,1.0,0.6923,True,False,False,4
5abc74a15542993a06baf8eb,"Norman, Oklahoma",153,0,0,0.6364,0.0909,False,False,False,84
5ab3dace554299233954ffd3,Good Times Bad Times,143,0,1,1.0,0.3636,True,False,False,6
5ab3dace554299233954ffd3,Led Zeppelin (album),204,0,0,0.5667,0.1333,False,False,False,35
5a8eeeaa5542995a26add567,Il signor Fagotto,159,1,1,1.0,0.6923,True,False,False,12
5a8eeeaa5542995a26add567,Jacques Offenbach,139,0,0,0.9048,0.4286,True,False,False,65
5a8eeeaa5542995a26add567,Jacques Offenbach,115,0,0,1.0,0.4118,True,False,False,65
5a7fc4525542992e7d278d5e,Tucker Albrizzi,62,1,1,1.0,0.8,True,False,False,8
5a7fc4525542992e7d278d5e,Tucker Albrizzi,85,0,0,1.0,0.2857,True,False,False,8
5a7fc4525542992e7d278d5e,Bridesmaids (2011 film),171,0,0,1.0,0.3333,True,False,False,31
5adddc4d5542997dc7907064,Chisholm v. Georgia,125,0,0,1.0,0.4762,True,False,False,15
5adddc4d5542997dc7907064,Chisholm v. Georgia,90,0,0,0.6923,0.4615,False,False,False,15
5adddc4d5542997dc7907064,Chisholm v. Georgia,52,0,0,0.8889,0.0,False,False,False,15
5adddc4d5542997dc7907064,Edwards v. Aguillard,139,1,1,1.0,0.381,True,False,False,16
5adddc4d5542997dc7907064,Edwards v. Aguillard,279,0,0,1.0,0.4848,True,False,False,16
5adfbaca55429942ec259b1f,Miss America 2007,245,0,0,0.9667,0.6333,True,False,False,11
5adfbaca55429942ec259b1f,"Paradise, Nevada",110,0,0,0.75,0.1875,False,False,False,18
5add5b4c5542997545bbbd39,Eastern Michigan Eagles men's basketball,112,1,1,1.0,0.25,True,False,False,11
5add5b4c5542997545bbbd39,Mid-American Conference,227,1,1,1.0,0.5172,True,False,False,47
5a7339da5542994cef4bc4de,Ennead,229,0,0,0.9355,0.5161,True,False,False,12
5a7339da5542994cef4bc4de,Nut (goddess),137,0,0,0.8889,0.1667,True,False,False,16
5ae359765542990afbd1e111,NikeID,201,0,0,1.0,0.5714,True,False,False,14
5ae359765542990afbd1e111,"Nike, Inc.",210,0,0,0.5417,0.125,False,False,False,101
5a7db6c55542997cc2c4747e,Me Him Her,61,1,1,1.0,0.1,True,False,False,5
5a7db6c55542997cc2c4747e,Luke Bracey,232,0,0,0.697,0.303,False,False,False,3
5ac422f0554299194317392d,Mission Mountain Wood Band,171,1,1,1.0,0.2,True,False,False,16
5ac422f0554299194317392d,Rob Quist,137,0,0,0.7778,0.3889,False,False,False,19
5a75df7b55429976ec32bc57,World Have Your Say,200,0,0,0.7692,0.5,False,False,False,10
5a75df7b55429976ec32bc57,BBC,137,0,0,0.9412,0.2941,True,False,False,142
5ab617b1554299110f2199dc,Angela Paton,203,0,0,0.7778,0.4815,False,False,False,4
5ab617b1554299110f2199dc,Groundhog Day (film),136,0,0,1.0,0.4286,True,False,False,91
5a8e2f6b5542995085b373cd,The Sailor's Daughter,118,0,0,1.0,0.7,True,False,False,4
5a8e2f6b5542995085b373cd,The Sailor's Daughter,175,1,1,1.0,0.8077,True,False,False,4
5a8e2f6b5542995085b373cd,Battle of Copenhagen (1801),276,0,0,0.5676,0.0541,False,False,False,41
5a904f425542995651fb5122,A Woman's Face,132,0,0,0.9545,0.5455,True,False,False,15
5a904f425542995651fb5122,Joan Crawford,56,0,0,1.0,0.4444,True,False,False,92
5a904f425542995651fb5122,Joan Crawford,112,0,0,0.6316,0.1579,False,False,False,92
5a800e4f5542992bc0c4a694,Wodonga,110,0,0,0.8947,0.4737,True,False,False,42
5a800e4f5542992bc0c4a694,Wodonga,130,0,0,0.8095,0.3333,True,False,False,42
5a800e4f5542992bc0c4a694,Albury,134,0,0,1.0,0.2727,True,False,False,88
5ae1b968554299234fd042d7,"Huntley, Montana",89,1,1,1.0,0.6154,True,False,False,11
5ae1b968554299234fd042d7,"Yellowstone County, Montana",101,0,0,0.6471,0.2941,False,False,False,6
5abfa4815542993fe9a41e28,2014 All-Pac-12 Conference football team,107,1,1,1.0,1.0,True,False,False,1
5abfa4815542993fe9a41e28,Marcus Mariota,154,0,0,1.0,0.5238,True,False,False,52
5adf31d55542993344016c14,Allison Road (video game),121,0,0,0.8947,0.4737,True,False,False,8
5adf31d55542993344016c14,P.T. (video game),107,0,0,0.8824,0.1765,True,False,False,31
5a889f5b5542997e5c09a63b,I Could Be Persuaded,33,1,1,1.0,1.0,True,True,False,1
5a889f5b5542997e5c09a63b,I Could Be Persuaded,64,1,1,1.0,1.0,True,False,False,1
5a889f5b5542997e5c09a63b,Don Schlitz,121,0,0,0.9474,0.4211,True,False,False,8
5ab276a5554299449642c8b2,Matilda of Franconia,58,1,1,1.0,0.7778,True,False,False,3
5ab276a5554299449642c8b2,"Henry III, Holy Roman Emperor",135,0,0,0.9524,0.381,True,False,False,52
5adfee8f55429925eb1afb40,Jack Belden,203,0,0,0.9655,0.5517,True,False,False,19
5adfee8f55429925eb1afb40,Second Sino-Japanese War,163,0,0,0.7308,0.0,False,False,False,175
5a8a325555429930ff3c0cf2,1947 New Year Honours,193,1,1,1.0,0.7308,True,False,False,277
5a8a325555429930ff3c0cf2,George VI,194,0,0,1.0,0.5185,True,False,False,40
5a8a325555429930ff3c0cf2,George VI,72,0,0,1.0,0.1818,True,False,False,40
5a7adfb255429931da12c974,Arrow (TV series),119,0,0,0.9524,0.381,True,False,False,75
5a7adfb255429931da12c974,Stephen Amell,58,1,1,1.0,0.0909,True,False,False,23
5a7adfb255429931da12c974,Stephen Amell,168,0,0,0.64,0.12,False,False,False,23
5ae1f59d5542997f29b3c1b4,Música + Alma + Sexo World Tour,143,1,1,1.0,0.5455,True,False,False,4
5ae1f59d5542997f29b3c1b4,Ricky Martin,124,0,0,0.9048,0.1905,True,False,False,55
5ae1f59d5542997f29b3c1b4,Ricky Martin,68,0,0,0.7857,0.0714,False,False,False,55
5a80859f5542992097ad2ff4,Love Story (Taylor Swift song),76,0,0,0.9167,0.25,True,False,False,39
5a80859f5542992097ad2ff4,Love Story (Taylor Swift song),78,0,0,0.8182,0.0909,True,False,False,39
5a80859f5542992097ad2ff4,Fearless (Taylor Swift album),83,0,0,1.0,0.3333,True,False,False,43
5a80859f5542992097ad2ff4,Fearless (Taylor Swift album),99,0,0,0.7333,0.0667,False,False,False,43
5a80859f5542992097ad2ff4,Fearless (Taylor Swift album),104,0,0,0.8421,0.1053,True,False,False,43
5aba56e955429939ce03dc98,Gonzalo López-Gallego,208,0,1,1.0,1.0,True,False,False,1
5aba56e955429939ce03dc98,Apollo 18 (film),176,0,0,0.9231,0.5769,True,False,False,26
5ab51f555542996a3a96a027,BBC New Comedy Award,337,0,0,0.9,0.72,True,False,False,3
5ab51f555542996a3a96a027,BBC New Comedy Award,172,0,0,0.9167,0.875,True,False,False,3
5ab51f555542996a3a96a027,Sarah Millican,89,0,0,0.9286,0.0,False,False,False,21
5ab7e1f15542992aa3b8c870,"Bellville, Texas",77,1,1,1.0,0.4,True,False,False,10
5ab7e1f15542992aa3b8c870,"Bellville, Texas",179,1,1,1.0,0.6452,True,False,False,10
5ab7e1f15542992aa3b8c870,Stephen F. Austin,88,0,0,1.0,0.5385,True,False,False,46
5ab7e1f15542992aa3b8c870,Stephen F. Austin,205,0,0,1.0,0.44,True,False,False,46
5ab2574d55429970612095e4,Alex da Kid,128,0,0,0.9524,0.5714,True,False,False,8
5ab2574d55429970612095e4,Alex da Kid,401,0,0,0.9464,0.75,True,False,False,8
5ab2574d55429970612095e4,Love the Way You Lie,166,0,0,1.0,0.25,True,False,False,38
5ae0264f55429942ec259c2f,Karl Freudenthal,100,0,0,0.9412,0.4706,True,False,False,3
5ae0264f55429942ec259c2f,Karl Freudenthal,80,1,1,1.0,0.6364,True,False,False,3
5ae0264f55429942ec259c2f,Hans Frank,194,0,0,0.6452,0.0968,False,False,False,32
5a81f8a8554299676cceb1a6,Caracal (album),78,1,1,1.0,0.5,True,False,False,9
5a81f8a8554299676cceb1a6,The Weeknd,163,0,0,0.9091,0.4091,True,False,False,80
5ae31f8655429928c423961c,2008 Kansas Jayhawks football team,156,1,1,1.0,0.5217,True,False,False,17
5ae31f8655429928c423961c,2008 Missouri Tigers football team,126,1,1,1.0,0.4667,True,False,False,30
5ae31f8655429928c423961c,2008 Missouri Tigers football team,148,1,1,1.0,0.56,True,False,False,30
5a8b46025542997f31a41ccd,Antonio Sabàto Sr.,93,0,0,0.7059,0.2353,False,False,False,3
5a8b46025542997f31a41ccd,Antonio Sabàto Jr.,83,0,0,0.9333,0.2667,True,False,False,19
5a7c0cb255429907fabeef44,Ambition (Wale album),118,0,0,1.0,0.3,True,False,False,17
5a7c0cb255429907fabeef44,Miguel (singer),133,0,0,0.6842,0.1053,False,False,False,29
5a770b485542994aec3b71cd,James Ponsoldt,111,0,0,0.7222,0.1667,False,False,False,13
5a770b485542994aec3b71cd,The Circle (2017 film),164,0,0,0.9583,0.4167,True,False,False,18
5ab93034554299753720f782,Tate Taylor,104,0,0,0.9412,0.1176,True,False,False,7
5ab93034554299753720f782,The Girl on the Train (2016 film),188,0,0,0.9667,0.5667,True,False,False,21
5ab32ee955429969a97a80f6,Camp Sacket,143,1,1,1.0,0.65,True,False,False,5
5ab32ee955429969a97a80f6,"Lecompton, Kansas",75,1,1,1.0,0.1818,True,False,False,22
5adfadf0554299603e418360,America Olivo,292,0,0,0.925,0.55,True,False,False,9
5adfadf0554299603e418360,Maniac (2012 film),156,0,0,0.8182,0.4091,True,False,False,31
5a7b2c405542992d025e678f,Evening – Night – Morning,120,0,0,0.8333,0.6111,True,False,False,5
5a7b2c405542992d025e678f,Evening – Night – Morning,34,1,1,1.0,0.4286,True,True,False,5
5a7b2c405542992d025e678f,F. W. Murnau,125,0,0,0.8824,0.4118,True,False,False,26
5ade2d5955429939a52fe851,Dil Se Re,117,0,1,1.0,0.7333,True,False,False,3
5ade2d5955429939a52fe851,Anuradha Sriram,129,0,0,0.9545,0.5455,True,False,False,10
5ae7c3015542993210983f3a,Amy Seimetz,218,0,0,0.9667,0.4,True,False,False,14
5ae7c3015542993210983f3a,The Girlfriend Experience,105,1,1,1.0,0.5263,True,False,False,7
5abaca89554299660624160f,Live Show,139,1,1,1.0,0.0526,True,False,False,17
5abaca89554299660624160f,Tina Fey,109,0,0,1.0,0.3125,True,False,False,64
5abaca89554299660624160f,Tina Fey,211,0,0,0.8276,0.1379,True,False,False,64
5abaca89554299660624160f,Tina Fey,214,0,0,0.871,0.4194,True,False,False,64
5a74b7f455429929fddd84cf,Modest Mussorgsky,198,0,0,0.6087,0.2174,False,False,False,58
5a74b7f455429929fddd84cf,William Walton,82,0,0,0.9231,0.4615,True,False,False,60
5ae1d610554299234fd0431e,Pioneer (Pioneer album),45,1,1,1.0,0.2857,True,False,False,2
5ae1d610554299234fd0431e,Pioneer (band),72,1,1,1.0,0.1818,True,False,False,3
5a7cec1a554299683c1c63df,Mino Raiola,283,0,0,0.4865,0.1892,False,False,False,14
5a7cec1a554299683c1c63df,Paul Pogba,156,0,0,0.84,0.28,True,False,False,57
5adf02ca5542995534e8c729,Herostratus,200,0,0,0.7083,0.1667,False,False,False,15
5adf02ca5542995534e8c729,Temple of Artemis,172,0,0,0.7619,0.2857,False,False,False,47
5a90cc7255429916514e757f,Needtobreathe,120,0,0,0.8667,0.4667,True,False,False,24
5a90cc7255429916514e757f,Imagine Dragons,199,0,0,0.8571,0.25,True,False,False,44
5a892c34554299669944a4e3,Helcystogramma perelegans,78,1,1,1.0,0.9231,True,False,False,2
5a892c34554299669944a4e3,Tianjin,81,0,0,1.0,0.1429,True,False,False,106
5a7590795542992db9473684,Murdered by My Boyfriend,156,1,1,1.0,0.5833,True,False,False,13
5a7590795542992db9473684,Georgina Campbell,100,0,0,0.7143,0.0714,False,False,False,5
5ac2ffd8554299677310267c,Lillian Sefton Dodge Estate,175,1,1,1.0,0.4615,True,False,False,11
5ac2ffd8554299677310267c,"Mill Neck, New York",71,0,0,1.0,0.3077,True,False,False,12
5ab7e245554299366779402e,Johnetta Elzie,170,0,1,1.0,0.6087,True,False,False,7
5ab7e245554299366779402e,DeRay Mckesson,104,0,0,1.0,0.6875,True,False,False,19
5a729ecb5542991f9a20c537,Wendall Woodbury,133,2,2,1.0,0.0,False,False,False,7
5a729ecb5542991f9a20c537,Three Mile Island accident,84,0,0,0.8571,0.2143,True,False,False,79
5ae4f3c25542990ba0bbb1ac,Center for Governmental Research,237,1,1,1.0,0.6923,True,False,False,6
5ae4f3c25542990ba0bbb1ac,Center for Governmental Research,215,1,1,1.0,0.5862,True,False,False,6
5ae4f3c25542990ba0bbb1ac,George Eastman,200,0,0,0.8571,0.3571,True,False,False,41
5ae2a9e75542996483e64a22,Schmerber v. California,313,0,0,0.9744,0.3333,True,False,False,18
5ae2a9e75542996483e64a22,Michigan v. EPA,293,0,0,0.9722,0.5278,True,False,False,17
5a7fa1535542994857a7678d,Barber-Pittman House,85,0,0,0.6667,1.0,False,False,False,1
5a7fa1535542994857a7678d,"Valdosta, Georgia",95,0,0,0.6667,0.0556,False,False,False,81
5a75ee6955429976ec32bcac,Carl Maria von Weber,209,0,0,0.6774,0.1935,False,False,False,40
5a75ee6955429976ec32bcac,Georges Bizet,144,0,0,0.6667,0.0417,False,False,False,49
5a8eff4d5542997ba9cb317b,Symphony in E-flat (Stravinsky),148,0,0,0.9565,0.6087,True,False,False,6
5a8eff4d5542997ba9cb317b,Symphony in E-flat (Stravinsky),47,1,1,1.0,0.5,True,False,False,6
5a8eff4d5542997ba9cb317b,Nikolai Rimsky-Korsakov,176,0,0,0.4815,0.0,False,False,False,108
5a8775575542993e715abf4f,Alice B. Toklas,187,0,0,0.9643,0.6429,True,False,False,25
5a8775575542993e715abf4f,Gertrude Stein,189,0,0,0.92,0.4,True,False,False,122
5ae4a67b5542995ad6573df8,Altamount Road,192,1,1,1.0,0.72,True,False,False,6
5ae4a67b5542995ad6573df8,Antilia (building),124,0,0,0.4762,0.1429,False,False,False,20
5ac486785542997ea680ca78,Les nuits d'été discography,136,0,1,1.0,0.9583,True,False,False,9
5ac486785542997ea680ca78,Hector Berlioz,197,0,0,0.6786,0.25,False,False,False,82
5ac486785542997ea680ca78,Hector Berlioz,102,0,0,0.6923,0.0769,False,False,False,82
5ae38a655542994393b9e6f1,"Wie bist du, Frühling, gut und treu, WAB 58",166,0,0,0.75,0.4062,False,False,False,9
5ae38a655542994393b9e6f1,Anton Bruckner,135,0,0,0.8421,0.4211,True,False,False,71
5abb9c7d5542993f40c73b5b,2011 Omani protests,171,0,0,1.0,0.4348,True,False,False,37
5abb9c7d5542993f40c73b5b,Arab Spring,376,0,0,0.5778,0.0889,False,False,False,120
5ac0776d5542996f0d89cbe5,The Flying Doctor,143,1,1,1.0,0.5,True,False,False,19
5ac0776d5542996f0d89cbe5,The Flying Doctor,68,0,0,0.4,0.1,False,False,False,19
5ac0776d5542996f0d89cbe5,Don Bradman,184,0,0,0.8929,0.4643,True,False,False,133
5add39fe5542992c1e3a2575,Portuguese language in Asia,274,0,0,0.9714,0.5429,True,False,False,10
5add39fe5542992c1e3a2575,East Timor,258,0,0,0.4194,0.0323,False,False,False,69
5ae3cf4c5542991a06ce9a28,9 Piece,49,1,1,1.0,0.4,True,False,False,4
5ae3cf4c5542991a06ce9a28,9 Piece,91,0,1,1.0,0.0,False,False,False,4
5ae3cf4c5542991a06ce9a28,The Bling Ring,122,0,0,0.7778,0.1667,False,False,False,28
5ac41fd95542991943173927,Carpathian Mountains,244,0,0,0.8,0.3333,True,False,False,34
5ac41fd95542991943173927,Scandinavian Mountains,121,0,0,0.6818,0.1364,False,False,False,23
5a7f27b05542993067513668,Goon: Last of the Enforcers,148,0,0,1.0,0.3478,True,False,False,19
5a7f27b05542993067513668,Goon (film),237,0,0,1.0,0.6061,True,False,False,29
5ab730405542993667793f7a,The Last Puff,89,0,0,1.0,0.6429,True,False,False,4
5ab730405542993667793f7a,Joe Cocker,113,0,0,0.8421,0.3158,True,False,False,45
5ac09b54554299012d1db601,Ghost in the Machines,159,0,0,0.9545,0.3182,True,False,False,10
5ac09b54554299012d1db601,Ghost in the Machines,84,1,1,1.0,0.5,True,False,False,10
5ac09b54554299012d1db601,Dan Castellaneta,114,0,0,0.9333,0.2,True,False,False,32
5abcd6f355429965836004cc,Vanessa Kirby,76,0,0,0.8571,0.2857,True,False,False,14
5abcd6f355429965836004cc,Vanessa Kirby,334,0,0,0.4651,0.0233,False,False,False,14
5abcd6f355429965836004cc,The Crown (TV series),165,0,0,0.9524,0.1429,True,False,False,73
5abcd6f355429965836004cc,The Crown (TV series),93,0,0,0.6429,0.0714,False,False,False,73
5ac2b2f255429921a00ab03b,The Maiden Queen,131,1,1,1.0,0.5714,True,False,False,6
5ac2b2f255429921a00ab03b,Charles II of England,85,0,0,1.0,0.2,True,False,False,70
5ac14bfd55429964131be1a5,Min Kyu-dong,98,1,1,1.0,0.5,True,False,False,9
5ac14bfd55429964131be1a5,Min Kyu-dong,308,0,1,1.0,0.6667,True,False,False,9
5ac14bfd55429964131be1a5,The Treacherous,23,1,1,1.0,0.6667,True,True,False,2
5a881a8f55429938390d3edc,Palm Aire,66,1,1,1.0,0.4167,True,False,False,10
5a881a8f55429938390d3edc,"Pompano Beach, Florida",122,0,0,0.7391,0.3478,False,False,False,38
5a81fe78554299676cceb1bf,Robin Lopez,152,0,0,0.9048,0.5714,True,False,False,24
5a81fe78554299676cceb1bf,Brook Lopez,158,0,0,0.8636,0.3636,True,False,False,26
5a7a99cc554299042af8f677,The Man from Beyond,129,0,0,1.0,0.3478,True,False,False,4
5a7a99cc554299042af8f677,Harry Houdini,214,0,0,0.6774,0.2903,False,False,False,123
5ae33baa5542992f92d8225d,Penn (film),127,0,0,0.9,0.15,True,False,False,3
5ae33baa5542992f92d8225d,Papanasam Sivan,109,0,0,0.8824,0.4706,True,False,False,11
5a73ea7c5542993a88ae2e93,Lewis Milestone,131,0,0,0.7647,0.4118,False,False,False,99
5a73ea7c5542993a88ae2e93,Aaron Katz (filmmaker),108,0,0,0.25,0.0625,False,False,False,8
5adf191b5542993344016bce,Greenlight Capital,68,1,1,1.0,0.25,True,False,False,12
5adf191b5542993344016bce,David Einhorn (hedge fund manager),96,0,1,1.0,0.375,True,False,False,23
5a82782f55429940e5e1a8c2,Sean Lawlor,77,0,1,1.0,1.0,True,False,False,1
5a82782f55429940e5e1a8c2,In the Name of the Father (film),133,0,0,0.8636,0.3182,True,False,False,18
5a77822f55429949eeb29eaa,Gary Fleder,94,0,0,1.0,0.5714,True,False,False,8
5a77822f55429949eeb29eaa,Mira Nair,88,0,0,1.0,0.375,True,False,False,38
5ae5520b5542990ba0bbb27d,King Jagiello Monument,162,0,0,0.9615,0.3462,True,False,False,6
5ae5520b5542990ba0bbb27d,Władysław II Jagiełło,180,0,0,1.0,0.3103,True,False,False,40
5a7f9df65542995d8a8ddec7,Beyond Our Ken,62,0,0,1.0,0.5556,True,False,False,10
5a7f9df65542995d8a8ddec7,Hugh Paddick,241,0,0,0.8788,0.4545,True,False,False,7
5abaad51554299232ef4a369,The Flintstones,81,0,0,0.9231,0.1538,True,False,False,67
5abaad51554299232ef4a369,Hanna-Barbera,286,0,0,0.5,0.0,False,False,False,55
5abd8fe55542996e802b47d4,Jean-Pierre Leguay,212,0,0,1.0,0.7333,True,False,False,10
5abd8fe55542996e802b47d4,Olivier Messiaen,180,0,0,1.0,0.4231,True,False,False,94
5a804d955542992bc0c4a6e3,Gorham High School (New Hampshire),84,1,1,1.0,0.6667,True,False,False,4
5a804d955542992bc0c4a6e3,"Shelburne, New Hampshire",65,0,0,0.9091,0.2727,True,False,False,10
5a73063b5542994cef4bc426,TNT Olympic broadcasts,203,1,1,1.0,0.4074,True,False,False,4
5a73063b5542994cef4bc426,1992 Winter Olympics,154,0,0,0.7368,0.1053,False,False,False,16
5a7547885542996c70cfaed5,Peter Young (set decorator),31,1,1,1.0,1.0,True,True,False,1
5a7547885542996c70cfaed5,Peter Young (set decorator),108,0,1,1.0,1.0,True,False,False,1
5a7547885542996c70cfaed5,Sleepy Hollow (film),88,0,0,0.9286,0.1429,True,False,False,49
5a82573555429940e5e1a85f,Leon Walter Tillage,282,0,0,0.8947,0.5,True,False,False,3
5a82573555429940e5e1a85f,Jim Crow laws,103,0,0,1.0,0.3125,True,False,False,103
5a734b4d5542992359bc32e7,2015 North Carolina Tar Heels football team,110,1,1,1.0,0.45,True,False,False,4
5a734b4d5542992359bc32e7,Larry Fedora,93,0,0,0.9286,0.2857,True,False,False,20
5ae5362c55429960a22e0261,Carnaby Street (radio programme),172,1,1,1.0,0.4783,True,False,False,20
5ae5362c55429960a22e0261,Carnaby Street (radio programme),162,1,1,1.0,0.75,True,False,False,20
5ae5362c55429960a22e0261,Solway Firth,195,0,0,0.7917,0.4583,False,False,False,18
5ae5362c55429960a22e0261,Solway Firth,42,1,1,1.0,0.4286,True,False,False,18
5a7f3f3e55429934daa2fd43,Lane Boy,129,0,1,1.0,0.1905,True,False,False,18
5a7f3f3e55429934daa2fd43,Blurryface,63,0,0,0.75,0.0833,False,False,False,22
5ac50e5255429924173fb58d,Vnukovo Airlines,184,0,0,0.9,0.5,True,False,False,8
5ac50e5255429924173fb58d,Vnukovo Airlines,154,1,1,1.0,0.5385,True,False,False,8
5ac50e5255429924173fb58d,Aeroflot,166,0,0,0.6364,0.1818,False,False,False,45
5ab7c4b95542991d322237b8,"Jackson, Montana",86,0,0,1.0,0.7692,True,False,False,4
5ab7c4b95542991d322237b8,"Wisdom, Montana",68,1,1,1.0,0.3636,True,False,False,10
5ae3328455429928c4239675,Gene Schaerr,204,0,0,1.0,0.6765,True,False,False,2
5ae3328455429928c4239675,Ken Starr,140,0,0,0.72,0.28,False,False,False,42
5a7640c05542992d0ec0606b,St. Elizabeths Hospital,113,0,0,0.9286,0.3571,True,False,False,43
5a7640c05542992d0ec0606b,Psychiatric Institute of Washington,163,1,1,1.0,0.5714,True,False,False,6
5ac2b40b554299677310261d,Foxboro Hot Tubs,76,0,0,0.9333,0.3333,True,False,False,9
5ac2b40b554299677310261d,Foxboro Hot Tubs,145,1,1,1.0,0.5909,True,False,False,9
5ac2b40b554299677310261d,Green Day,130,0,0,0.9545,0.3182,True,False,False,67
5ab4b98f5542990594ba9ca3,Mona Simpson (The Simpsons),118,0,0,0.7647,0.3529,False,False,False,19
5ab4b98f5542990594ba9ca3,Pamela Hayden,164,0,0,0.9091,0.4545,True,False,False,2
5abd207955429924427fcf03,1992 Spengler Cup,103,0,0,0.8571,1.0,True,False,False,1
5abd207955429924427fcf03,Davos,193,0,0,0.75,0.125,False,False,False,51
5abd207955429924427fcf03,Davos,101,0,0,0.9333,0.4667,True,False,False,51
5ac26f775542990b17b1538f,"Lyme, New Hampshire",75,1,1,1.0,0.5455,True,False,False,13
5ac26f775542990b17b1538f,Appalachian Trail,114,0,0,0.9167,0.3333,True,False,False,89
5a74847555429979e288296f,Hideaki Akaiwa,169,0,0,0.8148,0.4444,True,False,False,7
5a74847555429979e288296f,2011 Tōhoku earthquake and tsunami,391,0,0,0.6735,0.102,False,False,False,120
5adc84b25542994650320d2e,Arup Chattopadhyay,415,1,1,1.0,1.0,True,False,False,1
5adc84b25542994650320d2e,Ravi Shankar,218,0,0,0.5806,0.1613,False,False,False,44
5a81f2935542995ce29dcc96,Douglas Holtz-Eakin,82,1,1,1.0,0.6923,True,False,False,10
5a81f2935542995ce29dcc96,Douglas Holtz-Eakin,185,0,0,0.9259,0.3333,True,False,False,10
5a81f2935542995ce29dcc96,John McCain,169,0,0,0.7143,0.2857,False,False,False,167
5a8b93f855429950cd6afd1c,Kanzleramt (TV series),127,0,0,1.0,0.4118,True,False,False,4
5a8b93f855429950cd6afd1c,The West Wing,172,1,1,1.0,0.4828,True,False,False,126
5ab6f213554299710c8d1fcc,Turn Around (Conor Maynard song),151,1,1,1.0,0.8571,True,False,False,3
5ab6f213554299710c8d1fcc,Diamonds (Rihanna song),110,0,1,1.0,0.3125,True,False,False,31
5a7926f755429974737f79ac,Charles Blake (surgeon),151,1,1,1.0,0.7692,True,False,False,2
5a7926f755429974737f79ac,34th (Cumberland) Regiment of Foot,87,1,1,1.0,0.3846,True,False,False,12
5a84d3445542992a431d1aaa,Nalanda Open University,77,1,1,1.0,0.25,True,False,False,16
5a84d3445542992a431d1aaa,Patna,97,0,0,0.8235,0.1176,True,False,False,76
5ac3f46f55429919431738df,2000 Northwestern Wildcats football team,97,1,1,1.0,1.0,True,False,False,1
5ac3f46f55429919431738df,Big Ten Conference,69,0,0,0.7273,0.0909,False,False,False,105
5ae104a955429920d5234280,Hayley Williams,96,0,0,0.8571,0.2857,True,False,False,24
5ae104a955429920d5234280,Ian MacKaye,139,0,0,0.8,0.35,True,False,False,37
5ae68e305542991bbc976126,Red 2 (film),202,1,1,1.0,0.5806,True,False,False,16
5ae68e305542991bbc976126,Bruce Willis,85,0,0,0.8571,0.1429,True,False,False,49
5a87e88f5542993e715ac004,Nyle DiMarco,150,0,0,0.9474,0.2632,True,False,False,17
5a87e88f5542993e715ac004,Peta Murgatroyd,101,0,0,0.8,0.2667,True,False,False,30
5a8eb40355429917b4a5bdb2,The Pirates of Somalia,259,0,0,0.9429,1.0,True,False,False,1
5a8eb40355429917b4a5bdb2,The Pirates of Somalia,68,0,1,1.0,1.0,True,False,False,1
5a8eb40355429917b4a5bdb2,Jay Bahadur,60,1,1,1.0,0.4,True,False,False,19
5a8eb40355429917b4a5bdb2,Jay Bahadur,121,1,1,1.0,0.381,True,False,False,19
5a8eb40355429917b4a5bdb2,Jay Bahadur,203,0,1,1.0,0.3846,True,False,False,19
5ab2a83155429929539467a6,Jay Q,200,0,0,0.9655,0.6207,True,False,False,8
5ab2a83155429929539467a6,Mzbel,156,0,0,0.7778,0.4815,False,False,False,7
5ab273da554299340b5254d2,Kim Shuck,99,1,1,1.0,0.5882,True,False,False,3
5ab273da554299340b5254d2,San Francisco State University,180,0,0,0.7,0.05,False,False,False,36
5ab273da554299340b5254d2,San Francisco State University,357,0,0,0.6585,0.1707,False,False,False,36
5ae495635542995dadf24354,Whitney Avalon,100,0,0,0.3889,0.0556,False,False,False,6
5ae495635542995dadf24354,Fuck You (CeeLo Green song),113,0,0,1.0,0.4737,True,False,False,16
5ab604cc554299710c8d1e52,A Christmas Calendar,87,0,0,0.9286,0.5714,True,False,False,3
5ab604cc554299710c8d1e52,Loretta Swit,116,0,0,1.0,0.5263,True,False,False,21
5ae3f2bc5542995ad6573ccb,Possessed (roller coaster),124,0,0,1.0,0.5294,True,False,False,5
5ae3f2bc5542995ad6573ccb,"Allentown, Pennsylvania",131,0,0,0.7,0.1,False,False,False,127
5a7c6e905542990527d554a5,"Westbury, New York",71,0,0,1.0,0.3,True,False,False,31
5a7c6e905542990527d554a5,"North Hempstead, New York",55,0,0,0.7,0.1,False,False,False,29
5ab425db5542991751b4d699,Boston Express,108,0,0,0.9412,0.6471,True,False,False,2
5ab425db5542991751b4d699,Concord Coach Lines,125,0,0,1.0,0.6111,True,False,False,8
5ae253d25542994d89d5b3db,Under Siege,104,0,0,1.0,0.4444,True,False,False,27
5ae253d25542994d89d5b3db,Under Siege,162,0,0,0.6774,0.1613,False,False,False,27
5ae253d25542994d89d5b3db,USS Missouri (BB-63),182,0,0,0.6552,0.1034,False,False,False,62
5a8f06805542995085b374d4,Teddy Richert,203,0,0,0.5517,0.1034,False,False,False,3
5a8f06805542995085b374d4,Fabien Barthez,318,0,0,1.0,0.5909,True,False,False,34
5abd023c554299114383a1ce,Tribute to the Lady,104,0,0,0.9375,1.0,True,False,False,1
5abd023c554299114383a1ce,Sam Cooke,116,0,0,0.8824,0.5294,True,False,False,51
5ab2ddc6554299194fa93554,Andy Holt (Hollyoaks),119,0,0,1.0,0.7368,True,False,False,8
5ab2ddc6554299194fa93554,Warren Brown (actor),295,0,0,0.6087,0.3478,False,False,False,11
5a80924a554299485f59865b,Skew It on the Bar-B,94,0,0,0.8824,1.0,True,False,False,1
5a80924a554299485f59865b,Aquemini,67,0,0,1.0,0.25,True,False,False,26
5a80924a554299485f59865b,Aquemini,57,1,1,1.0,0.4,True,False,False,26
5a7b6a5055429927d897bfbe,Kellie Pickler (album),96,0,0,0.7692,0.4615,False,False,False,5
5a7b6a5055429927d897bfbe,Kellie Pickler (album),75,1,1,1.0,0.5385,True,False,False,5
5a7b6a5055429927d897bfbe,Best Days of Your Life,131,0,0,0.95,0.4,True,False,False,10
5a7b6a5055429927d897bfbe,Best Days of Your Life,91,0,0,1.0,0.5,True,False,False,10
5a8307f855429903bc27ba75,Morning Cloud,136,1,1,1.0,0.5417,True,False,False,6
5a8307f855429903bc27ba75,Edward Heath,239,0,0,0.9167,0.4722,True,False,False,134
5ae7cd4c5542997ec27276f0,The Sounds of India,85,0,0,0.7333,0.0667,False,False,False,4
5ae7cd4c5542997ec27276f0,Ravi Shankar,218,0,0,0.5806,0.1613,False,False,False,44
5a7ca40355429935c91b527a,The Good Doctor (2011 film),131,1,1,1.0,0.6842,True,False,False,7
5a7ca40355429935c91b527a,Orlando Bloom,172,0,0,0.7083,0.2083,False,False,False,27
5ae3411d5542991a06ce997b,The Elder Scrolls V: Skyrim,147,0,0,0.9048,0.1905,True,False,False,59
5ae3411d5542991a06ce997b,Bethesda Softworks,88,1,1,1.0,0.3846,True,False,False,47
5ae4bcb95542995ad6573e35,Roman Brewery,150,0,1,1.0,1.0,True,False,False,1
5ae4bcb95542995ad6573e35,Sour beer,72,0,0,1.0,0.3636,True,False,False,12
5ae4bcb95542995ad6573e35,Sour beer,83,0,0,0.6429,0.1429,False,False,False,12
5ab72ed655429928e1fe3836,Julia Chantrey,54,0,0,0.8889,0.7778,True,False,False,2
5ab72ed655429928e1fe3836,Mama (2013 film),164,0,0,0.84,0.48,True,False,False,15
5ac237e35542992f1f2b3824,"Lake Mary Jane (Highlands County, Florida)",64,1,1,1.0,0.7273,True,False,False,2
5ac237e35542992f1f2b3824,"Sebring, Florida",114,1,1,1.0,0.2857,True,False,False,42
5a8f36b65542997ba9cb31fc,John Sawyer (American football),238,0,0,0.9677,1.0,True,False,False,1
5a8f36b65542997ba9cb31fc,"Brookhaven, Mississippi",107,0,0,0.875,0.125,True,False,False,23
5a8f36b65542997ba9cb31fc,"Brookhaven, Mississippi",40,1,1,1.0,0.2857,True,False,False,23
5ab57f7e554299488d4d99bf,Lucky Devils (1933 film),212,0,0,1.0,0.7879,True,False,False,2
5ab57f7e554299488d4d99bf,Lon Chaney Jr.,299,0,0,0.9302,0.5349,True,False,False,48
5abe3c645542991f66106108,Stop Drop and Roll!!!,152,0,0,1.0,0.7083,True,False,False,6
5abe3c645542991f66106108,Get Him to the Greek,193,0,0,0.9667,0.3,True,False,False,25
5a7f20e9554299306751364f,"Jasmine Estates, Florida",91,1,1,1.0,0.5714,True,False,False,6
5a7f20e9554299306751364f,"Pasco County, Florida",62,0,0,0.8333,0.0,False,False,False,41
5a7f20e9554299306751364f,"Pasco County, Florida",70,0,0,0.8182,0.0909,True,False,False,41
5ae667ce5542991bbc9760cd,Ride (Twenty One Pilots song),61,0,1,1.0,0.0909,True,False,False,12
5ae667ce5542991bbc9760cd,Blurryface,86,0,0,0.8667,0.3333,True,False,False,22
5ab9536d55429970cfb8ea65,"Monkredding House, North Ayrshire",138,1,1,1.0,0.5263,True,False,False,51
5ab9536d55429970cfb8ea65,"Monkcastle, North Ayrshire",159,0,0,1.0,0.4091,True,False,False,45
5ab9536d55429970cfb8ea65,"Monkcastle, North Ayrshire",135,1,1,1.0,0.5,True,False,False,45
5a7daddc5542995ed0d1665c,Ghost Whisperer (season 4),125,1,1,1.0,0.4737,True,False,False,9
5a7daddc5542995ed0d1665c,Jennifer Love Hewitt,133,0,0,0.7778,0.3333,False,False,False,35
5ae43aff55429970de88d925,Kang Ji-hwan,113,0,1,1.0,0.5263,True,False,False,17
5ae43aff55429970de88d925,My Girlfriend Is an Agent,33,1,1,1.0,0.5,True,True,False,4
5ac147a85542994d76dccdcb,Rocky Point High School,160,1,1,1.0,0.4762,True,False,False,2
5ac147a85542994d76dccdcb,"Rocky Point, New York",53,0,0,0.9,0.3,True,False,False,10
5a7c732355429935c91b51bc,War Machine in other media,114,1,1,1.0,0.5789,True,False,False,24
5a7c732355429935c91b51bc,Iron Man,95,0,0,0.9333,0.3333,True,False,False,49
5a7c732355429935c91b51bc,Iron Man,141,0,0,1.0,0.4,True,False,False,49
5a8d4c745542994ba4e3dc5e,The Baby Riot of 1888,72,1,1,1.0,1.0,True,False,False,1
5a8d4c745542994ba4e3dc5e,The Baby Riot of 1888,453,1,1,1.0,1.0,True,False,False,1
5a8d4c745542994ba4e3dc5e,Yuan Shikai,401,0,0,0.6,0.14,False,False,False,66
5a7eea7755429934daa2fc78,String Quartet No. 7 (Dvořák),83,1,1,1.0,0.5294,True,False,False,2
5a7eea7755429934daa2fc78,Antonín Dvořák,83,0,0,1.0,0.4667,True,False,False,89
5ab9bccf554299743d22ebd6,United States v. Windsor,57,0,0,0.8,0.2,True,False,False,61
5ab9bccf554299743d22ebd6,Graham v. Florida,211,0,0,1.0,0.5294,True,False,False,10
5a7719605542994aec3b71ea,Savanna National Forest,187,0,0,0.9259,0.7407,True,False,False,2
5a7719605542994aec3b71ea,Savanna Army Depot,179,0,0,0.8519,1.0,True,False,False,1
5a71205b5542994082a3e5b5,John James Bond,135,0,0,0.95,0.6,True,False,False,3
5a71205b5542994082a3e5b5,Queen Victoria,158,0,0,1.0,0.4,True,False,False,63
5a7f186b55429934daa2fcd4,Baknaffek,153,1,1,1.0,1.0,True,False,False,1
5a7f186b55429934daa2fcd4,Malcolm McLaren,238,0,0,0.625,0.375,False,False,False,74
5add3c6e5542997545bbbcdf,Freddie Hogan,106,0,1,1.0,0.2353,True,False,False,2
5add3c6e5542997545bbbcdf,Harry Potter and the Deathly Hallows – Part 2,141,0,0,0.7727,0.0455,False,False,False,47
5ae15cee5542990adbacf76d,Fierce Five,226,1,1,1.0,0.3448,True,False,False,16
5ae15cee5542990adbacf76d,McKayla Maroney,194,0,0,1.0,0.3793,True,False,False,40
5a7363545542991f29ee2dd6,Mile Smodlaka,180,0,0,1.0,1.0,True,False,False,1
5a7363545542991f29ee2dd6,2008 Summer Olympics,225,0,0,0.7419,0.2258,False,False,False,57
5a72ad525542994cef4bc3d0,Nico Constantine,166,1,1,1.0,0.5833,True,False,False,7
5a72ad525542994cef4bc3d0,Biters (band),45,0,0,0.875,0.375,True,False,False,2
5a7dbb115542997cc2c47485,Matt Asiata,144,1,1,1.0,0.4167,True,False,False,19
5a7dbb115542997cc2c47485,Adrian Peterson,118,0,0,0.7895,0.0526,False,False,False,67
5a7f7d9155429969796c1a74,Love in the Ring,161,0,0,0.9231,0.7308,True,False,False,2
5a7f7d9155429969796c1a74,Max Schmeling,175,0,0,0.9231,0.4231,True,False,False,37
5a8ba3445542997f31a41d93,Samford Bulldogs,148,1,1,1.0,0.55,True,False,False,12
5a8ba3445542997f31a41d93,Ohio Valley Conference,133,1,1,1.0,0.4118,True,False,False,24
5a8c6f775542996e8ac88aab,A Very StarKid Album,326,0,1,1.0,0.7838,True,False,False,2
5a8c6f775542996e8ac88aab,Darren Criss,89,0,0,1.0,0.6429,True,False,False,52
5a72a23f5542991f9a20c545,Limehouse,79,0,0,1.0,0.3333,True,False,False,39
5a72a23f5542991f9a20c545,River Thames,125,0,0,0.8824,0.2353,True,False,False,170
5a7950685542994bb9456ffa,Herbert Selpin,139,1,1,1.0,0.4545,True,False,False,12
5a7950685542994bb9456ffa,Marc Lawrence (filmmaker),99,0,0,0.4286,0.2143,False,False,False,5
5adcf8e855429947343537e7,Tate Taylor,104,0,0,0.9412,0.1176,True,False,False,7
5adcf8e855429947343537e7,The Girl on the Train (2016 film),188,0,0,0.9667,0.5667,True,False,False,21
5a901cd85542995651fb50ba,2008 Big 12 Championship Game,304,0,0,1.0,0.5526,True,False,False,7
5a901cd85542995651fb50ba,2008 Oklahoma Sooners football team,164,1,1,1.0,0.4706,True,False,False,29
5a901cd85542995651fb50ba,2008 Oklahoma Sooners football team,118,1,1,1.0,0.5,True,False,False,29
5adfdadc55429925eb1afac3,Laff Trakk,105,1,1,1.0,0.8571,True,False,False,3
5adfdadc55429925eb1afac3,Maurer AG,158,0,0,1.0,0.7727,True,False,False,7
5ab7ae295542995dae37e98c,Irven Spence,69,1,1,1.0,0.1333,True,False,False,7
5ab7ae295542995dae37e98c,Metro-Goldwyn-Mayer,351,0,0,0.5641,0.0769,False,False,False,113
5ae5ce2c554299546bf82f77,Rankin Ranch,116,1,1,1.0,0.4118,True,False,False,4
5ae5ce2c554299546bf82f77,Rankin Ranch,210,1,1,1.0,0.3929,True,False,False,4
5ae5ce2c554299546bf82f77,Jeannette Rankin,179,0,0,0.9643,0.4286,True,False,False,36
5adc677755429947ff17394b,Skip Bafalis,210,0,0,0.7667,0.4,False,False,False,8
5adc677755429947ff17394b,United States House of Representatives,169,0,0,0.8125,0.125,True,False,False,93
5ab74fbd5542993667793fbb,Planescape Campaign Setting,63,1,1,1.0,0.1667,True,False,False,11
5ab74fbd5542993667793fbb,David Cook (game designer),130,1,1,1.0,0.5652,True,False,False,8
5ae7533f5542997b22f6a6d6,Illick's Mill,165,0,0,0.9565,0.6087,True,False,False,2
5ae7533f5542997b22f6a6d6,"Bethlehem, Pennsylvania",140,0,0,0.8421,0.1053,True,False,False,79
5ab2d129554299545a2cfaa4,Standard Chemical Company,132,0,0,0.875,0.4375,True,False,False,3
5ab2d129554299545a2cfaa4,Standard Chemical Company,97,1,1,1.0,0.4286,True,False,False,3
5ab2d129554299545a2cfaa4,United States Radium Corporation,205,1,1,1.0,0.3929,True,False,False,17
5ab2d129554299545a2cfaa4,United States Radium Corporation,247,1,1,1.0,0.5312,True,False,False,17
5a86172a554299211dda2a6a,Zvi Aharoni,142,0,0,0.9524,0.619,True,False,False,6
5a86172a554299211dda2a6a,Adolf Eichmann,89,0,0,0.9231,0.0,False,False,False,56
5a79cfbc554299148911fa63,Najwan Halimi,122,0,0,0.7059,0.0588,False,False,False,10
5a79cfbc554299148911fa63,Anwar Ibrahim,89,0,0,0.6875,0.0625,False,False,False,86
5abc71b655429959677d6abd,"Long Beach, Mississippi",107,0,0,0.75,0.25,False,False,False,14
5abc71b655429959677d6abd,"Harrison County, Mississippi",69,1,1,1.0,0.3333,True,False,False,7
5abc71b655429959677d6abd,"Harrison County, Mississippi",108,0,0,0.8235,0.4118,True,False,False,7
5ae528be5542990ba0bbb1da,Anders Morgenthaler,121,1,1,1.0,0.5789,True,False,False,3
5ae528be5542990ba0bbb1da,Max Neufeld,103,1,1,1.0,1.0,True,False,False,1
5ae2e101554299492dc91c76,The Business Inspector,140,1,1,1.0,1.0,True,False,False,1
5ae2e101554299492dc91c76,Hilary Devey,246,0,0,0.8947,0.4737,True,False,False,19
5a7276f45542991f9a20c484,St. Elizabeths Hospital,113,0,0,0.9286,0.3571,True,False,False,43
5a7276f45542991f9a20c484,Psychiatric Institute of Washington,163,1,1,1.0,0.5714,True,False,False,6
5a8c72715542996e8ac88ab0,"Clyde Hill, Washington",167,1,1,1.0,0.7273,True,False,False,17
5a8c72715542996e8ac88ab0,"Bellevue, Washington",149,0,0,1.0,0.5,True,False,False,53
5ab9247c554299131ca4227d,Aojiru,94,0,0,0.9333,0.4,True,False,False,6
5ab9247c554299131ca4227d,Barley,122,0,0,0.9474,0.3684,True,False,False,99
5ae1071b554299422ee995d3,Nicandra,125,0,0,0.625,0.1875,False,False,False,2
5ae1071b554299422ee995d3,Nicandra,255,0,0,0.1944,0.1111,False,False,False,2
5ae1071b554299422ee995d3,Sternbergia,111,1,1,1.0,0.625,True,False,False,12
5ab5efae5542997d4ad1f25f,Grant Thomson,264,0,0,0.3,0.15,False,False,False,3
5ab5efae5542997d4ad1f25f,Made of Honor,211,0,0,1.0,0.6,True,False,False,26
5a89087c554299515336126e,"Saffordville, Kansas",83,1,1,1.0,0.4545,True,False,False,7
5a89087c554299515336126e,"Chase County, Kansas",55,0,0,0.8,0.1,True,False,False,18
5ac1015a5542996f0d89cc52,Global Philanthropy Group,74,0,0,1.0,0.7273,True,False,False,9
5ac1015a5542996f0d89cc52,Tory Burch,57,0,0,0.9091,0.2727,True,False,False,25
5a836fb9554299123d8c2123,Ahmad D. Brooks,150,0,0,0.9583,0.5833,True,False,False,14
5a836fb9554299123d8c2123,Longhorn Network,265,0,0,0.9412,0.4412,True,False,False,31
5a879d945542994846c1cdb5,Unno,62,0,0,0.5,0.0833,False,False,False,2
5a879d945542994846c1cdb5,Frisia,245,0,0,0.5312,0.0625,False,False,False,43
5a879d945542994846c1cdb5,Frisia,177,0,0,0.4583,0.0417,False,False,False,43
5a85e00f5542994c784ddba1,Olimpiu Blaj,299,0,0,1.0,0.8444,True,False,False,4
5a85e00f5542994c784ddba1,"Almost, Maine",151,1,1,1.0,0.4545,True,False,False,15
5a85e00f5542994c784ddba1,"Almost, Maine",210,0,0,0.2258,0.0,False,False,False,15
5ab82e5c5542990e739ec85c,Tracy Anderson,223,0,0,0.3548,0.1613,False,False,False,7
5ab82e5c5542990e739ec85c,Lena Dunham,90,0,0,1.0,0.5714,True,False,False,54
5ac2d1b7554299657fa29082,Birch Point,79,1,1,1.0,0.4615,True,False,False,4
5ac2d1b7554299657fa29082,"Machiasport, Maine",65,1,1,1.0,0.4,True,False,False,15
5a7af64f55429931da12c9b0,Model-dependent realism,125,0,1,1.0,0.5263,True,False,False,8
5a7af64f55429931da12c9b0,The Grand Design (book),178,1,1,1.0,0.6296,True,False,False,35
5a744ba955429979e28828d5,Ciudad Deportiva Atlético de Madrid,46,1,1,1.0,0.75,True,False,False,4
5a744ba955429979e28828d5,Atlético Madrid,182,0,0,0.913,0.3913,True,False,False,62
5a744ba955429979e28828d5,Atlético Madrid,90,0,0,0.8125,0.25,True,False,False,62
5ae6542f55429908198fa590,NewsRadio,142,0,0,1.0,0.5652,True,False,False,26
5ae6542f55429908198fa590,Phil Hartman,163,0,0,0.7727,0.2727,False,False,False,36
5ae6542f55429908198fa590,Phil Hartman,151,0,0,0.9565,0.1304,True,False,False,36
5ae6542f55429908198fa590,Phil Hartman,132,0,0,0.95,0.35,True,False,False,36
5ae52d0a5542992663a4f135,Esaki (restaurant),92,0,0,1.0,0.5333,True,False,False,2
5ae52d0a5542992663a4f135,Shibuya,62,0,0,0.8889,0.1111,True,False,False,36
5ac14b8b5542994ab5c67cd8,Pioneer (Pioneer album),45,1,1,1.0,0.2857,True,False,False,2
5ac14b8b5542994ab5c67cd8,Pioneer (band),72,1,1,1.0,0.1818,True,False,False,3
5a82eece55429954d2e2ebc5,Lake of Fire (film),117,0,0,1.0,0.65,True,False,False,4
5a82eece55429954d2e2ebc5,Lake of Fire (film),117,1,1,1.0,0.8824,True,False,False,4
5a82eece55429954d2e2ebc5,Norma McCorvey,191,0,0,0.9259,0.5556,True,False,False,19
5ade87ac55429939a52fe8e4,My Apocalypse,145,0,0,0.8636,0.3636,True,False,False,3
5ade87ac55429939a52fe8e4,Death Magnetic,148,0,0,0.8182,0.2727,True,False,False,49
5ae2e3a955429928c4239534,Jasmine Choi,65,0,0,0.9091,0.5455,True,False,False,5
5ae2e3a955429928c4239534,Seoul,130,0,0,0.55,0.05,False,False,False,82
5abff1475542997d6429595a,Vladimir Voevodsky,146,0,0,1.0,0.6154,True,False,False,9
5abff1475542997d6429595a,Vladimir Voevodsky,143,1,1,1.0,0.3182,True,False,False,9
5abff1475542997d6429595a,Aleksandr Lyapunov,181,0,0,0.65,0.25,False,False,False,18
5add850f5542992ae4cec599,GRAIL MoonKAM,235,0,0,0.2414,0.0345,False,False,False,4
5add850f5542992ae4cec599,Sally Ride,98,0,0,1.0,0.375,True,False,False,45
5a7ca3a155429935c91b5278,"Raytown, Missouri",93,1,1,1.0,0.4286,True,False,False,19
5a7ca3a155429935c91b5278,"Jackson County, Missouri",50,0,0,1.0,0.3333,True,False,False,34
5ade691d55429939a52fe8af,Lone Scherfig,122,0,0,1.0,0.3158,True,False,False,27
5ade691d55429939a52fe8af,One Day (2011 film),126,0,0,0.85,0.5,True,False,False,14
5ade691d55429939a52fe8af,One Day (2011 film),63,0,0,0.7273,0.4545,False,False,False,14
5a81de8d55429926c1cdada9,The Dictator (2012 film),165,0,0,0.9259,0.3704,True,False,False,31
5a81de8d55429926c1cdada9,Sacha Baron Cohen,104,0,0,0.9375,0.375,True,False,False,51
5abc1db8554299700f9d77e3,Diana Butler Bass,73,0,0,0.9091,0.4545,True,False,False,13
5abc1db8554299700f9d77e3,Sojourners,167,0,0,1.0,0.3889,True,False,False,14
5a8bb2425542996e8ac889e1,Robbie Coltrane,258,0,0,0.5294,0.0294,False,False,False,23
5a8bb2425542996e8ac889e1,Rubeus Hagrid,185,0,0,0.96,0.24,True,False,False,44
5a8f60785542997ba9cb3239,"Palazzo Fantuzzi, Bologna",117,0,0,1.0,0.6842,True,False,False,3
5a8f60785542997ba9cb3239,Renaissance architecture,111,1,1,1.0,0.3,True,False,False,155
5ae0f704554299422ee99585,Annie Gravatt,72,1,1,1.0,0.4444,True,False,False,16
5ae0f704554299422ee99585,Annie Gravatt,111,1,1,1.0,0.6,True,False,False,16
5ae0f704554299422ee99585,Chestnut blight,362,0,0,0.4884,0.0465,False,False,False,29
5add9e345542990dbb2f7e88,"Hogansville, Georgia",62,1,1,1.0,0.5,True,False,False,11
5add9e345542990dbb2f7e88,"Troup County, Georgia",49,0,0,1.0,0.3333,True,False,False,31
5ab29ef7554299194fa93476,Dobara Phir Se,78,1,1,1.0,0.5,True,False,False,4
5ab29ef7554299194fa93476,Salman Iqbal,88,1,1,1.0,0.7333,True,False,False,2
5ac4dcfc5542996feb3fe952,Diary of a Chav,119,1,1,1.0,0.4,True,False,False,4
5ac4dcfc5542996feb3fe952,Diary of a Chav,103,1,1,1.0,0.6471,True,False,False,4
5ac4dcfc5542996feb3fe952,Grace Dent,82,0,0,0.9231,0.6154,True,False,False,14
5ab7b27a5542992aa3b8c84e,Snehaseema,218,0,0,1.0,0.7273,True,False,False,4
5ab7b27a5542992aa3b8c84e,"Alfred, Lord Tennyson",209,0,0,0.7742,0.3226,False,False,False,39
5ab2a18a554299194fa9348d,Alpheoidea,115,0,0,0.5,1.0,False,False,False,1
5ab2a18a554299194fa9348d,Taxonomic rank,126,0,0,1.0,0.4,True,False,False,41
5ac537f95542996feb3fea40,Stuart Sutcliffe,127,0,0,1.0,0.35,True,False,False,31
5ac537f95542996feb3fea40,Fifth Beatle,319,0,0,0.8085,0.3191,True,False,False,35
5a81df94554299676cceb123,Midway Glacier,226,1,1,1.0,1.0,True,False,False,1
5a81df94554299676cceb123,Battle of Midway,320,0,0,0.7895,0.4737,False,False,False,100
5ae533425542990ba0bbb20c,Leon Plantinga,84,1,1,1.0,0.6364,True,False,False,2
5ae533425542990ba0bbb20c,Alvin Plantinga,171,0,0,1.0,0.6087,True,False,False,67
5a7350855542994cef4bc532,WBEC-FM,66,0,0,1.0,0.4545,True,False,False,5
5a7350855542994cef4bc532,"Pittsfield, Massachusetts",45,0,0,0.625,0.0,False,False,False,77
5ae1d3ba5542997f29b3c13f,1996–97 Newcastle United F.C. season,240,0,0,1.0,0.4324,True,False,False,27
5ae1d3ba5542997f29b3c13f,Alan Shearer,149,0,0,0.8261,0.2174,True,False,False,64
5a86fb1e554299211dda2b79,Ulrik of Denmark (1578–1624),188,1,1,1.0,0.5172,True,False,False,76
5a86fb1e554299211dda2b79,Frederick II of Denmark,121,0,0,1.0,0.381,True,False,False,87
5a8a046e55429970aeb70208,Justice (Rev Theory album),115,0,0,1.0,1.0,True,False,False,1
5a8a046e55429970aeb70208,Justice (Rev Theory album),57,0,0,1.0,1.0,True,False,False,1
5a8a046e55429970aeb70208,Extreme Rules (2011),163,0,0,0.9667,0.0333,False,False,False,23
5a8c61fc5542996e8ac88a96,"St Andrew's Church, Blackburn",82,1,1,1.0,0.5714,True,False,False,2
5a8c61fc5542996e8ac88a96,Edward Graham Paley,192,1,1,1.0,0.5517,True,False,False,15
5a7d9cb75542995f4f40228c,Paper Aircraft Released Into Space,359,0,0,0.9302,0.5814,True,False,False,6
5a7d9cb75542995f4f40228c,The Register,59,1,1,1.0,0.7,True,False,False,13
5ae65b125542992ae0d162ee,American Country Awards,92,1,1,1.0,0.375,True,False,False,6
5ae65b125542992ae0d162ee,American Country Awards,92,1,1,1.0,0.3333,True,False,False,6
5ae65b125542992ae0d162ee,Lauren Alaina,70,0,0,1.0,0.0909,True,False,False,33
5a7d77fb5542990b8f50399d,Shepherd with a Flute,133,0,0,0.6818,0.1364,False,False,False,11
5a7d77fb5542990b8f50399d,Hampton Court Palace,166,0,0,0.76,0.28,False,False,False,49
5ae66c3555429908198fa5cd,Operation Hedge-hop,72,1,1,1.0,1.0,True,False,False,1
5ae66c3555429908198fa5cd,Lockheed P-80 Shooting Star,122,0,0,1.0,0.3684,True,False,False,68
5a84c0575542997b5ce3ff54,Birdsong (play),221,1,1,1.0,1.0,True,False,False,1
5a84c0575542997b5ce3ff54,Ben Barnes (actor),65,0,0,1.0,0.4545,True,False,False,21
5a84c0575542997b5ce3ff54,Ben Barnes (actor),340,0,0,0.4444,0.0278,False,False,False,21
5ab8686755429934fafe6da9,Kim Yoon-seok,62,0,0,1.0,0.6667,True,False,False,14
5ab8686755429934fafe6da9,Kim Yoon-seok,387,0,0,0.5636,0.3091,False,False,False,14
5ab8686755429934fafe6da9,Punch (2011 film),273,1,1,1.0,0.5227,True,False,False,12
5a86f9e9554299211dda2b76,Heartbeat (The Fray song),78,0,1,1.0,0.8333,True,False,False,7
5a86f9e9554299211dda2b76,Heartbeat (The Fray song),83,1,1,1.0,0.6667,True,False,False,7
5a86f9e9554299211dda2b76,U2,53,0,0,1.0,0.3636,True,False,False,87
5ae77ac055429952e35ea936,Elena Shaddow,48,0,0,0.25,0.0,False,False,False,9
5ae77ac055429952e35ea936,Elena Shaddow,188,0,1,1.0,0.8077,True,False,False,9
5ae77ac055429952e35ea936,Steven Pasquale,75,1,1,1.0,0.8182,True,False,False,12
5a7b6d0255429931da12caa9,Nathan Mileikowsky,123,0,0,0.9412,0.4706,True,False,False,11
5a7b6d0255429931da12caa9,Nathan Mileikowsky,68,0,0,1.0,0.6667,True,False,False,11
5a7b6d0255429931da12caa9,Benjamin Netanyahu,91,0,0,0.7143,0.0,False,False,False,158
5ae188eb5542990adbacf7b3,National Contest Journal,174,1,1,1.0,0.5417,True,False,False,4
5ae188eb5542990adbacf7b3,Baltimore (magazine),129,0,0,1.0,0.7059,True,False,False,2
5ac43f3a5542997ea680ca46,SkyBridge Capital,111,0,0,0.4706,0.0588,False,False,False,9
5ac43f3a5542997ea680ca46,Anthony Scaramucci,119,0,0,0.6667,0.0556,False,False,False,41
5a7530c05542996c70cfaea9,Turn Around (Conor Maynard song),151,1,1,1.0,0.8571,True,False,False,3
5a7530c05542996c70cfaea9,Diamonds (Rihanna song),110,0,1,1.0,0.3125,True,False,False,31
5ae61a175542995703ce8aff,William Coblentz (attorney),440,1,1,1.0,0.6842,True,False,False,8
5ae61a175542995703ce8aff,Patty Hearst,170,0,0,0.8095,0.2857,True,False,False,54
5a8edd7255429917b4a5bdf7,Nisan Stewart,95,0,0,0.6667,0.5333,False,False,False,2
5a8edd7255429917b4a5bdf7,Nisan Stewart,177,0,1,1.0,0.8846,True,False,False,2
5a8edd7255429917b4a5bdf7,Nelly Furtado,92,0,0,0.9286,0.2143,True,False,False,40
5ac4f74955429924173fb520,Fight (Doro album),82,0,0,0.8571,0.2857,True,False,False,5
5ac4f74955429924173fb520,Doro (musician),170,0,0,0.8,0.24,True,False,False,50
5adf3a0b5542995ec70e8f9d,"Palmyra, Pennsylvania",70,1,1,1.0,0.5,True,False,False,32
5adf3a0b5542995ec70e8f9d,Metropolitan statistical area,183,0,0,1.0,0.36,True,False,False,7
5a8ce524554299585d9e375a,Kellie Pickler (album),337,0,0,0.9649,0.5789,True,False,False,5
5a8ce524554299585d9e375a,Best Days of Your Life,50,0,0,1.0,0.5,True,False,False,10
5ab818885542990e739ec81b,South Carolina v. Katzenbach,373,0,0,0.9302,0.4419,True,False,False,11
5ab818885542990e739ec81b,Fletcher v. Peck,157,0,0,0.9583,0.5,True,False,False,7
5ac5043a5542994611c8b314,Hugh Freeze,157,0,0,0.9091,0.2727,True,False,False,30
5ac5043a5542994611c8b314,Greg Hardy,86,0,0,1.0,0.6429,True,False,False,49
5ac5043a5542994611c8b314,Greg Hardy,155,0,0,0.8696,0.2174,True,False,False,49
5a73509e5542994cef4bc533,Stanley Weiser,81,0,1,1.0,0.6923,True,False,False,5
5a73509e5542994cef4bc533,Wall Street (1987 film),145,0,0,1.0,0.4348,True,False,False,34
5adf03cf5542995534e8c72d,Yoshino Nanjō,57,1,1,1.0,0.3636,True,False,False,2
5adf03cf5542995534e8c72d,Love Live!,161,0,0,0.7917,0.0,False,False,False,23
5adf03cf5542995534e8c72d,Love Live!,127,0,0,0.5238,0.0,False,False,False,23
5ae0950f5542993d6555ebae,Let Yourself Go (Green Day song),109,0,0,0.9412,0.1765,True,False,False,11
5ae0950f5542993d6555ebae,Billie Joe Armstrong,243,0,0,0.8919,0.4324,True,False,False,44
5ae5317a5542992663a4f14c,The Place Beyond the Pines,149,0,0,0.9524,0.4286,True,False,False,29
5ae5317a5542992663a4f14c,The Place Beyond the Pines,109,0,0,0.7222,0.1667,False,False,False,29
5ae5317a5542992663a4f14c,Arvo Pärt,96,0,0,0.9375,0.4375,True,False,False,33
5a83b6f45542996488c2e49c,Lizzette Reynolds,95,1,1,1.0,0.4667,True,False,False,5
5a83b6f45542996488c2e49c,Christine Comer,122,0,0,1.0,0.375,True,False,False,17
5ae7bae35542993210983f16,The Joker (comic book),93,0,0,0.8571,0.2857,True,False,False,16
5ae7bae35542993210983f16,Joker (character),197,0,0,0.9355,0.3226,True,False,False,114
5ab814725542992aa3b8c899,Chisholm Trail Casino,137,1,1,1.0,0.7895,True,False,False,3
5ab814725542992aa3b8c899,WinStar World Casino,233,0,0,0.8966,0.3793,True,False,False,8
5ae4b2d75542995dadf243bf,Gable and Lombard,127,1,1,1.0,0.6316,True,False,False,4
5ae4b2d75542995dadf243bf,Clark Gable,182,0,0,0.7143,0.25,False,False,False,85
5a8a53e455429970aeb7028f,Temoer Terry,94,1,1,1.0,0.7333,True,False,False,4
5a8a53e455429970aeb7028f,"McPherson, Kansas",84,1,1,1.0,0.6154,True,False,False,30
5ac1708d55429964131be1fc,Pseudo-Ingulf,142,0,1,1.0,0.45,True,False,False,4
5ac1708d55429964131be1fc,Croyland Chronicle,131,0,0,1.0,0.7222,True,False,False,7
5a733c4a55429901807dafb3,Jacques Villeneuve,161,0,0,0.6818,0.1818,False,False,False,48
5a733c4a55429901807dafb3,Jacques Villeneuve,110,0,0,0.7368,0.0526,False,False,False,48
5a733c4a55429901807dafb3,Gilles Villeneuve,126,0,0,0.8824,0.4118,True,False,False,28
5a733c4a55429901807dafb3,Gilles Villeneuve,124,0,0,0.8333,0.1111,True,False,False,28
5a75b8615542992db94736af,Queen (band),60,0,0,0.9091,0.0909,True,False,False,99
5a75b8615542992db94736af,Freddie Mercury,182,0,0,0.9286,0.4286,True,False,False,78
5a81347c55429938b61422f5,Ren Cancan,74,1,1,1.0,0.6429,True,False,False,2
5a81347c55429938b61422f5,Nicola Adams,101,0,0,0.7333,0.4,False,False,False,24
5a77b2bb5542992a6e59df8f,Davy and the Goblin,285,0,1,1.0,0.6667,True,False,False,3
5a77b2bb5542992a6e59df8f,Pastiche,144,0,0,1.0,0.4,True,False,False,15
5a77b2bb5542992a6e59df8f,Pastiche,76,0,0,0.8182,0.3636,True,False,False,15
5ab873ed55429934fafe6dc9,Buddy Fletcher,135,1,1,1.0,0.65,True,False,False,20
5ab873ed55429934fafe6dc9,Buddy Fletcher,133,1,1,1.0,0.381,True,False,False,20
5ab873ed55429934fafe6dc9,The Dakota,218,0,0,0.9032,0.129,True,False,False,59
5ab873ed55429934fafe6dc9,The Dakota,129,0,0,0.65,0.1,False,False,False,59
5a8f8228554299458435d662,Judicial Crisis Network,176,0,0,0.65,0.3,False,False,False,12
5a8f8228554299458435d662,Judicial Crisis Network,102,0,0,0.7895,0.1053,False,False,False,12
5a8f8228554299458435d662,Clarence Thomas,178,0,0,0.8462,0.3462,True,False,False,110
5a7a4dc05542990198eaf119,1983 Soviet nuclear false alarm incident,151,0,0,0.7826,0.1739,False,False,False,17
5a7a4dc05542990198eaf119,Stanislav Petrov,307,0,0,0.725,0.275,False,False,False,28
5abfa93b5542997ec76fd424,And That's the Truth,87,1,1,1.0,0.2941,True,False,False,5
5abfa93b5542997ec76fd424,And That's the Truth,91,1,1,1.0,0.6429,True,False,False,5
5abfa93b5542997ec76fd424,Lily Tomlin,112,1,1,1.0,0.5882,True,False,False,50
5ae32a0055429928c423963f,Naval Medical Center San Diego,138,0,0,0.9524,0.381,True,False,False,9
5ae32a0055429928c423963f,Balboa Park (San Diego),87,0,0,0.8571,0.2143,True,False,False,69
5a88090f55429938390d3ed4,Alain Dorval,80,0,0,1.0,0.9167,True,False,False,4
5a88090f55429938390d3ed4,Alain Dorval,114,1,1,1.0,0.7895,True,False,False,4
5a88090f55429938390d3ed4,Sylvester Stallone,105,0,0,0.8667,0.0,False,False,False,80
5a88090f55429938390d3ed4,Sylvester Stallone,304,0,0,0.5,0.075,False,False,False,80
5ae752d65542997b22f6a6d3,Walter S. Mason Jr.,145,0,0,1.0,0.5833,True,False,False,7
5ae752d65542997b22f6a6d3,U.S. Route 66,185,0,0,0.76,0.16,False,False,False,66
5adcb5d55542994ed6169bc9,Wesley Cox,82,0,0,1.0,1.0,True,False,False,1
5adcb5d55542994ed6169bc9,Golden State Warriors,100,0,0,0.8571,0.2857,True,False,False,87
5add0d325542992c1e3a2529,Perform This Way,77,0,0,1.0,0.3846,True,False,False,10
5add0d325542992c1e3a2529,Perform This Way,47,0,0,0.9091,0.0909,True,False,False,10
5add0d325542992c1e3a2529,Born This Way (song),126,0,0,0.9524,0.2857,True,False,False,53
5a777a925542997042120a84,William Harper Jr.,88,0,0,0.3571,1.0,False,False,False,1
5a777a925542997042120a84,Wright brothers,273,0,0,0.8889,0.5278,True,False,False,162
5ac263215542992f1f2b38a0,Lightning (song),89,1,1,1.0,0.6875,True,False,False,5
5ac263215542992f1f2b38a0,We Found Love,116,0,0,0.9474,0.1579,True,False,False,35
5ae32ec255429928c4239654,Abbath (band),173,0,0,0.913,0.3478,True,False,False,8
5ae32ec255429928c4239654,Immortal (band),177,0,0,0.9231,0.4231,True,False,False,23
5a844c8d55429933447460c6,Rhiwallon ap Cynfyn,240,1,1,1.0,0.7586,True,False,False,2
5a844c8d55429933447460c6,Tostig Godwinson,121,0,0,0.8824,0.1765,True,False,False,16
5ac4f2f055429924173fb504,A Waste of Shame,198,1,1,1.0,0.5,True,False,False,12
5ac4f2f055429924173fb504,A Waste of Shame,53,1,1,1.0,0.6364,True,False,False,12
5ac4f2f055429924173fb504,Sonnet 129,107,0,0,0.5294,0.0588,False,False,False,12
5ab60131554299110f2199b9,Bill Ford (footballer),157,0,0,0.8846,1.0,True,False,False,1
5ab60131554299110f2199b9,Richmond Football Club,180,0,0,0.7368,0.1579,False,False,False,107
5abbe3f2554299642a094bba,Bob Hayes,95,0,0,1.0,0.5,True,False,False,33
5abbe3f2554299642a094bba,Jim Thorpe,169,0,1,1.0,0.4815,True,False,False,81
5abbe3f2554299642a094bba,Jim Thorpe,117,0,0,0.8095,0.2381,True,False,False,81
5a78f18c55429974737f7916,Go North (film),106,1,1,1.0,0.5,True,False,False,3
5a78f18c55429974737f7916,Patrick Schwarzenegger,95,0,0,0.9286,0.4286,True,False,False,15
5abf858b5542997719eab697,Badia Polyptych,161,0,0,0.9091,0.3636,True,False,False,5
5abf858b5542997719eab697,Giotto,184,0,0,0.96,0.6,True,False,False,50
5a7bf2ec5542996dd594b864,Century egg,374,0,0,0.7234,0.2553,False,False,False,15
5a7bf2ec5542996dd594b864,Calcium oxide,99,0,0,1.0,0.375,True,False,False,28
5a7fe2b85542994857a76822,Joseff of Hollywood,153,0,0,0.6818,0.1818,False,False,False,3
5a7fe2b85542994857a76822,Elizabeth Taylor,137,0,0,0.8421,0.2632,True,False,False,73
5a7db6905542990b8f503a38,Mino Raiola,283,0,0,0.4865,0.1892,False,False,False,14
5a7db6905542990b8f503a38,Marco Verratti,179,0,0,0.8276,0.3448,True,False,False,35
5ab2dde05542991669774113,Tori Nonaka,24,0,0,1.0,0.8,True,True,False,5
5ab2dde05542991669774113,Tori Nonaka,43,1,1,1.0,0.5,True,False,False,5
5ab2dde05542991669774113,Glock,37,0,0,0.6,0.0,False,True,False,116
5a83aeb95542996488c2e486,Jorge Zorreguieta,181,0,0,0.9615,0.4231,True,False,False,12
5a83aeb95542996488c2e486,Jorge Zorreguieta,62,1,1,1.0,0.1111,True,False,False,12
5a83aeb95542996488c2e486,Queen Máxima of the Netherlands,116,0,0,0.9412,0.1765,True,False,False,26
5addd6b55542990dbb2f7ea9,Travie McCoy,97,0,0,0.9333,0.5333,True,False,False,19
5addd6b55542990dbb2f7ea9,Jeremy McKinnon,159,0,0,1.0,0.5769,True,False,False,6
5ade00cf5542997545bbbdf7,Vincent Clarkson,190,0,0,0.7667,0.2667,False,False,False,20
5ade00cf5542997545bbbdf7,DirecTV,163,0,0,0.56,0.04,False,False,False,97
5ac3d6495542995c82c4ac3f,Operation Herbstnebel,184,1,1,1.0,0.7586,True,False,False,4
5ac3d6495542995c82c4ac3f,Walter Model,71,0,0,0.5833,0.0833,False,False,False,96
5a87aa5d5542996e4f3088bb,Laura Otis,94,0,0,0.2857,0.0,False,False,False,6
5a87aa5d5542996e4f3088bb,Emory University,151,0,0,0.65,0.05,False,False,False,70
5a73ff915542993a88ae2ee4,Frank Oz,117,0,0,0.9375,0.375,True,False,False,25
5a73ff915542993a88ae2ee4,Miss Piggy,95,0,0,0.8235,0.1176,True,False,False,31
5a73ff915542993a88ae2ee4,Miss Piggy,94,0,0,0.9412,0.1765,True,False,False,31
5adf1a1f5542995ec70e8f70,"Tunica County, Mississippi",49,0,0,0.7778,0.1111,False,False,False,10
5adf1a1f5542995ec70e8f70,"Tunica, Mississippi",155,0,0,0.8261,0.3478,True,False,False,18
5ae27bac554299492dc91c2a,To a Tee,132,0,0,0.9545,0.4091,True,False,False,2
5ae27bac554299492dc91c2a,Annie Hall,128,0,0,0.8571,0.1905,True,False,False,56
5ae608c155429929b0807a8d,Emma Approved,127,0,0,1.0,0.5789,True,False,False,24
5ae608c155429929b0807a8d,Emma (novel),94,0,0,0.6875,0.0625,False,False,False,88
5ab2d062554299545a2cfaa0,Clark's Lookout State Park,101,1,1,1.0,1.0,True,False,False,1
5ab2d062554299545a2cfaa0,"Dillon, Montana",85,1,1,1.0,0.2857,True,False,False,25
5a735e7e55429901807db00c,Vampire literature,107,1,1,1.0,0.5385,True,False,False,72
5a735e7e55429901807db00c,Vampire literature,147,0,0,0.9,0.35,True,False,False,72
5a735e7e55429901807db00c,Interview with the Vampire,118,0,0,1.0,0.4211,True,False,False,26
5a735e7e55429901807db00c,Interview with the Vampire,129,0,0,1.0,0.4545,True,False,False,26
5a7ddefc5542995f4f4022e6,Peter Robinson (speaker),169,1,1,1.0,0.6364,True,False,False,3
5a7ddefc5542995f4f4022e6,"Pembroke, New Hampshire",69,1,1,1.0,0.2727,True,False,False,22
5a8a61c955429930ff3c0dbb,"Turn Around (5, 4, 3, 2, 1)",121,0,0,1.0,0.6087,True,False,False,9
5a8a61c955429930ff3c0dbb,"Turn Around (5, 4, 3, 2, 1)",126,1,1,1.0,0.75,True,False,False,9
5a8a61c955429930ff3c0dbb,Yello,76,0,0,1.0,0.3077,True,False,False,12
5a81c1a05542990a1d231e94,Sakızköy,196,1,1,1.0,0.7931,True,False,False,2
5a81c1a05542990a1d231e94,Battle of Vienna,369,0,0,0.52,0.2,False,False,False,43
5ac533635542994611c8b428,Cari Roccaro,101,0,0,0.9412,0.4706,True,False,False,13
5ac533635542994611c8b428,"East Islip, New York",93,1,1,1.0,0.5294,True,False,False,14
5ae0180e55429942ec259c1a,Pantera,90,0,0,0.9333,0.0667,True,False,False,66
5ae0180e55429942ec259c1a,Cowboys from Hell,146,0,0,1.0,0.36,True,False,False,16
5ae630925542992ae0d1626e,The Seventh Date of Blashyrkh,76,1,1,1.0,1.0,True,False,False,1
5ae630925542992ae0d1626e,Immortal (band),177,0,0,0.9231,0.4231,True,False,False,23
5ae7c76d5542993210983f48,Israfeel Kohistani,42,1,1,1.0,0.2857,True,False,False,4
5ae7c76d5542993210983f48,Zohib Islam Amiri,64,0,0,0.6,0.1,False,False,False,13
5ac050025542997d642959fe,Gunhilda of Denmark,193,0,0,0.7333,0.3333,False,False,False,9
5ac050025542997d642959fe,House of Knýtlinga,134,1,1,1.0,0.4,True,False,False,14
5ac050025542997d642959fe,House of Knýtlinga,75,1,1,1.0,0.5333,True,False,False,14
5a903b9c5542995651fb50fb,2011–12 Swansea City A.F.C. season,116,1,1,1.0,1.0,True,False,False,1
5a903b9c5542995651fb50fb,2011–12 Premier League,180,0,0,1.0,0.3571,True,False,False,23
5ae69b9b5542996d980e7c53,Akumadan,84,1,1,1.0,0.6923,True,False,False,3
5ae69b9b5542996d980e7c53,Akumadan,64,1,1,1.0,0.6667,True,False,False,3
5ae69b9b5542996d980e7c53,Offinso North District,100,0,0,0.8,1.0,True,False,False,1
5a8ca7fe554299240d9c21ba,Jorge Zorreguieta,62,1,1,1.0,0.1111,True,False,False,12
5a8ca7fe554299240d9c21ba,Queen Máxima of the Netherlands,116,0,0,0.9412,0.1765,True,False,False,26
5a7721ae55429966f1a36c94,Ray Romero,119,1,1,1.0,1.0,True,False,False,1
5a7721ae55429966f1a36c94,Wichita North High School,207,0,0,0.9286,0.6429,True,False,False,13
5a7cf729554299683c1c63f5,A Very StarKid Album,326,0,1,1.0,0.7838,True,False,False,2
5a7cf729554299683c1c63f5,A Very Potter Sequel,151,1,1,1.0,0.5652,True,False,False,25
5adf1e365542993344016be3,The Death Cure,181,0,0,0.9259,0.5185,True,False,False,22
5adf1e365542993344016be3,The Scorch Trials,203,0,1,1.0,0.6207,True,False,False,24
5ae623b35542995703ce8b23,Goneril,153,1,1,1.0,0.5,True,False,False,13
5ae623b35542995703ce8b23,Regan (King Lear),169,0,0,1.0,0.4583,True,False,False,8
5ab4bbbc5542990594ba9ca8,Wil Wheaton,168,0,0,0.9615,0.6154,True,False,False,32
5ab4bbbc5542990594ba9ca8,Ben 10,134,0,0,0.8,0.3,True,False,False,58
5add45475542997545bbbd0e,Dangerous Minds (TV series),119,0,0,0.8421,0.6316,True,False,False,2
5add45475542997545bbbd0e,Dangerous Minds (TV series),67,1,1,1.0,0.8182,True,False,False,2
5add45475542997545bbbd0e,Michelle Pfeiffer,94,0,0,0.8571,0.2143,True,False,False,55
5add45475542997545bbbd0e,Michelle Pfeiffer,210,0,0,0.6429,0.1429,False,False,False,55
5a7da8e65542990b8f503a10,Downtown Oakland Historic District,156,1,1,1.0,0.5,True,False,False,2
5a7da8e65542990b8f503a10,"Oakland, California",93,0,0,1.0,0.3846,True,False,False,154
5a76fbe055429937353601b0,Matthew Powell (Australian footballer),145,1,1,1.0,0.619,True,False,False,3
5a76fbe055429937353601b0,Adelaide Football Club,152,0,0,0.875,0.1875,True,False,False,58
5aba96065542994dbf01995b,Garry Purdham,110,1,1,1.0,0.6111,True,False,False,8
5aba96065542994dbf01995b,Garry Purdham,44,1,1,1.0,0.375,True,False,False,8
5aba96065542994dbf01995b,Cumbria shootings,187,0,0,0.8276,0.2759,True,False,False,32
5ac3c56a554299204fd21e4c,External association,324,0,0,1.0,0.3636,True,False,False,26
5ac3c56a554299204fd21e4c,Éamon de Valera,212,0,0,0.871,0.3871,True,False,False,103
5ae3cca05542990afbd1e1dc,Strongman Champions League,245,0,0,1.0,0.75,True,False,False,11
5ae3cca05542990afbd1e1dc,Vytautas Lalas,74,1,1,1.0,0.7273,True,False,False,9
5a73fe9b5542993a88ae2ee2,Sisal,167,0,0,0.875,0.3333,True,False,False,27
5a73fe9b5542993a88ae2ee2,Agave,142,0,0,0.6667,0.1429,False,False,False,30
5a7df5a75542995f4f402350,Malacoctenus hubbsi,167,1,1,1.0,1.0,True,False,False,1
5a7df5a75542995f4f402350,Gulf of California,133,0,0,0.8947,0.4211,True,False,False,24
5ab2e6ad554299295394689b,Clarence Hungerford Webb,189,0,0,1.0,0.5,True,False,False,20
5ab2e6ad554299295394689b,Clarence Hungerford Webb,189,0,0,1.0,0.3462,True,False,False,20
5ab2e6ad554299295394689b,Poverty Point,165,0,0,0.7308,0.2308,False,False,False,42
5a75147455429916b016424b,King Chip,178,0,0,0.7143,0.1786,False,False,False,9
5a75147455429916b016424b,Kid Cudi,185,0,0,0.7857,0.1786,False,False,False,130
5a908f0955429933b8a2055a,Nim's Island,127,0,0,0.8889,0.4444,True,False,False,14
5a908f0955429933b8a2055a,Nim's Island,58,0,0,1.0,0.3333,True,False,False,14
5a908f0955429933b8a2055a,Nim's Island,64,0,0,1.0,0.3846,True,False,False,14
5a908f0955429933b8a2055a,Jodie Foster,168,0,0,0.76,0.16,False,False,False,44
5ade992a554299728e26c75a,"Juneau, Alaska",142,0,0,0.5455,0.1364,False,False,False,83
5ade992a554299728e26c75a,"Juneau, Alaska",172,0,0,0.8846,0.3846,True,False,False,83
5ade992a554299728e26c75a,"Sitka, Alaska",390,0,0,0.7,0.375,False,False,False,71
5ade992a554299728e26c75a,"Sitka, Alaska",48,0,0,1.0,0.2222,True,False,False,71
5abd00825542992ac4f38197,Rebound (1931 film),94,1,1,1.0,1.0,True,False,False,1
5abd00825542992ac4f38197,Myrna Loy,125,1,1,1.0,0.4211,True,False,False,39
5a89156c554299669944a4a3,The Passion (TV serial),119,1,1,1.0,0.5789,True,False,False,15
5a89156c554299669944a4a3,Pontius Pilate,97,0,0,0.875,0.125,True,False,False,80
5a7bc0345542997c3ec97276,Make a Wish (1937 film),135,0,0,0.9048,0.6667,True,False,False,2
5a7bc0345542997c3ec97276,Basil Rathbone,103,0,0,1.0,0.5263,True,False,False,36
5a88a8e75542997e5c09a697,The Canadas,124,0,0,1.0,0.4706,True,False,False,7
5a88a8e75542997e5c09a697,British colonization of the Americas,217,0,0,0.6,0.04,False,False,False,83
5a75b7695542992db94736ad,Vanderpool Farm Complex,102,1,1,1.0,1.0,True,False,False,1
5a75b7695542992db94736ad,"Albany County, New York",77,0,0,1.0,0.0,False,False,False,56
5ade3c745542997c77adedb9,Johnny Lee (actor),181,0,0,0.9688,1.0,True,False,False,1
5ade3c745542997c77adedb9,Song of the South,107,0,0,1.0,0.4375,True,False,False,66
5ab698d3554299110f219a29,House dance,78,0,0,1.0,0.4545,True,False,False,7
5ab698d3554299110f219a29,Footwork (genre),90,0,0,0.875,0.125,True,False,False,36
5adfbccc55429942ec259b2d,"Tim Beck (American football, born 1964)",100,0,0,0.8571,1.0,True,False,False,1
5adfbccc55429942ec259b2d,Pittsburg State Gorillas,109,0,0,0.8333,0.1667,True,False,False,6
5a7b27c9554299042af8f71a,"Charlie, the Lonesome Cougar",130,0,0,0.7368,0.4211,False,False,False,5
5a7b27c9554299042af8f71a,Mulan (1998 film),134,0,0,0.8947,0.3684,True,False,False,45
5ab671935542995eadeeffdc,Graptopetalum,75,0,1,1.0,1.0,True,False,False,1
5ab671935542995eadeeffdc,Tanakaea,146,0,0,0.9524,0.5714,True,False,False,2
5abab1cf554299232ef4a379,Nana Konadu Agyeman Rawlings,206,0,0,0.8824,0.3824,True,False,False,15
5abab1cf554299232ef4a379,First Lady of Ghana,81,0,0,1.0,1.0,True,False,False,1
5abab1cf554299232ef4a379,First Lady of Ghana,45,0,0,1.0,1.0,True,False,False,1
5adfb89555429942ec259b11,Kelly Severide,100,0,0,1.0,0.5,True,False,False,28
5adfb89555429942ec259b11,Taylor Kinney,72,0,0,0.9231,0.6923,True,False,False,5
5a7327175542992359bc324f,Twelve Angry Men,56,1,1,1.0,0.4,True,False,False,31
5a7327175542992359bc324f,12 Angry Men (1957 film),111,0,0,0.95,0.3,True,False,False,46
5a7327175542992359bc324f,12 Angry Men (1957 film),220,0,0,0.7353,0.3529,False,False,False,46
5add62245542992ae4cec53b,A Day in the Life,127,0,0,1.0,0.35,True,False,False,40
5add62245542992ae4cec53b,Guinness,164,0,0,0.8333,0.1667,True,False,False,97
5a862bd15542991e771815a6,Lauren Matsumoto,108,1,1,1.0,0.2353,True,False,False,7
5a862bd15542991e771815a6,Miss America 2012,169,0,0,1.0,0.88,True,False,False,3
5ab546e4554299494045ef5f,Joe Young (basketball),156,0,0,1.0,0.619,True,False,False,12
5ab546e4554299494045ef5f,Indiana Pacers,172,0,0,0.9524,0.3333,True,False,False,92
5adbd8615542994650320c02,Crow scouts,50,1,1,1.0,0.0,False,False,False,13
5adbd8615542994650320c02,Crow War,199,1,1,1.0,0.4,True,False,False,6
5a714a9e5542994082a3e780,Sharon Dawley,128,0,0,1.0,0.5263,True,False,False,7
5a714a9e5542994082a3e780,Sharon Dawley,188,1,1,1.0,0.35,True,False,False,7
5a714a9e5542994082a3e780,Tufts University,95,0,0,0.6875,0.1875,False,False,False,70
5a7ae4165542995eb53be8b8,Escape (2012 Norwegian film),134,1,1,1.0,0.5217,True,False,False,9
5a7ae4165542995eb53be8b8,Escape (2012 Norwegian film),85,1,1,1.0,0.3571,True,False,False,9
5a7ae4165542995eb53be8b8,Ingrid Bolsø Berdal,72,0,0,1.0,0.6364,True,False,False,2
5a7cdb8a554299683c1c63a3,Cantabrian mythology,124,1,1,1.0,0.5,True,False,False,27
5a7cdb8a554299683c1c63a3,Celtic mythology,91,0,0,0.8,0.2,True,False,False,31
5ab702065542993667793f12,For the Bible Tells Me So,242,0,0,0.9143,0.5429,True,False,False,6
5ab702065542993667793f12,Lake of Fire (film),117,0,0,1.0,0.65,True,False,False,4
5ac3751f554299218029dbd6,Paola Maltese,147,1,1,1.0,0.7368,True,False,False,2
5ac3751f554299218029dbd6,Paola Maltese,134,0,1,1.0,0.7647,True,False,False,2
5ac3751f554299218029dbd6,Cinderella,198,0,0,0.6,0.12,False,False,False,114
5a7e9ad8554299306751359c,Guitar Queer-O,205,0,1,1.0,0.5357,True,False,False,15
5a7e9ad8554299306751359c,South Park (season 11),145,0,1,1.0,0.7083,True,False,False,2
5ae827ff55429952e35eaa66,The Pirates of Somalia,259,0,0,0.9429,1.0,True,False,False,1
5ae827ff55429952e35eaa66,Jay Bahadur,35,0,0,0.8,0.4,True,True,False,19
5ac4ff1655429924173fb544,Han Ye-seul,298,0,0,0.9318,0.6136,True,False,False,15
5ac4ff1655429924173fb544,Penny Pinchers,22,1,1,1.0,0.3333,True,True,False,5
5ac4ff1655429924173fb544,Penny Pinchers,172,1,1,1.0,0.7857,True,False,False,5
5ae71164554299572ea546b1,Black Swan dance double controversy,289,0,0,0.9231,0.3077,True,False,False,22
5ae71164554299572ea546b1,Sarah Lane,125,0,0,0.8889,0.2222,True,False,False,6
5ab95f2e55429970cfb8ea96,Bruce Edwards Ivins,289,0,0,0.9231,0.3077,True,False,False,47
5ab95f2e55429970cfb8ea96,Fort Detrick,119,1,1,1.0,0.3333,True,False,False,48
5a74e88155429916b0164239,Yoann Lemoine,108,0,0,1.0,0.5294,True,False,False,18
5a74e88155429916b0164239,Yoann Lemoine,208,0,0,0.8125,0.4062,True,False,False,18
5a74e88155429916b0164239,Back to December,98,0,0,0.75,0.0625,False,False,False,24
5a8130ca55429926c1cdad07,King Charles (musician),86,0,0,0.2857,0.0714,False,False,False,5
5a8130ca55429926c1cdad07,The Joy Formidable,122,0,0,0.8947,0.3158,True,False,False,10
5a8130ca55429926c1cdad07,The Joy Formidable,142,1,1,1.0,0.5263,True,False,False,10
5a7a41475542996a35c17167,George J. Gruen,139,1,1,1.0,1.0,True,False,False,1
5a7a41475542996a35c17167,Dietrich Gruen,169,0,0,0.96,0.52,True,False,False,7
5ae4cacc5542990ba0bbb138,Speak Now,192,0,0,0.5172,0.0345,False,False,False,39
5ae4cacc5542990ba0bbb138,Fearless (Taylor Swift album),104,0,0,0.8421,0.1053,True,False,False,43
5ae0adbd5542993d6555ec0f,Ahmed Abu Khattala,173,1,1,1.0,0.6087,True,False,False,18
5ae0adbd5542993d6555ec0f,J. Christopher Stevens,189,0,0,1.0,0.6071,True,False,False,11
5ac039bc554299294b218f59,G8 Climate Change Roundtable,110,1,1,1.0,0.5,True,False,False,20
5ac039bc554299294b218f59,Davos,41,0,0,0.8571,0.2857,True,False,False,51
5a899c4c55429946c8d6e95c,Long Live (Taylor Swift song),132,0,0,1.0,0.1364,True,False,False,14
5a899c4c55429946c8d6e95c,Speak Now,60,0,0,0.9091,0.0909,True,False,False,39
5a7382ea554299623ed4abc6,Naomi Scott,69,0,0,0.9231,0.2308,True,False,False,10
5a7382ea554299623ed4abc6,Aladdin (1992 Disney film),190,0,0,0.7037,0.2963,False,False,False,49
5ac2896d554299677310256a,Rope (song),78,0,0,0.7692,0.0769,False,False,False,12
5ac2896d554299677310256a,Wasting Light,196,0,0,0.7333,0.2,False,False,False,28
5ae699265542991bbc97614d,2009 U.S. Open (golf),166,1,1,1.0,0.6296,True,False,False,19
5ae699265542991bbc97614d,"Farmingdale, New York",161,0,0,1.0,0.381,True,False,False,21
5a7cb78e5542996dd594b9b5,Everybody's on the Run,203,0,0,1.0,0.64,True,False,False,4
5a7cb78e5542996dd594b9b5,Noel Gallagher's High Flying Birds (album),133,0,0,0.8824,0.1765,True,False,False,20
5a7cb78e5542996dd594b9b5,Noel Gallagher's High Flying Birds (album),150,0,0,0.9583,0.4167,True,False,False,20
5a7cfcf655429907fabef090,Terence Hawkins,217,0,1,1.0,0.5667,True,False,False,8
5a7cfcf655429907fabef090,Iliad,215,0,0,0.6154,0.1538,False,False,False,120
5a8f0dee5542997ba9cb319b,WNHW,70,0,0,1.0,0.0833,True,False,False,4
5a8f0dee5542997ba9cb319b,WNHW,102,0,0,0.7857,0.5714,False,False,False,4
5a8f0dee5542997ba9cb319b,"Belmont, New Hampshire",66,1,1,1.0,0.3636,True,False,False,14
5a8f0dee5542997ba9cb319b,"Belmont, New Hampshire",44,0,0,0.875,0.125,True,False,False,14
5abe47cb55429976d4830ad9,The Three Caballeros,141,0,0,1.0,0.5455,True,False,False,46
5abe47cb55429976d4830ad9,The Three Caballeros,55,2,2,1.0,0.0,False,False,False,46
5abe47cb55429976d4830ad9,The Three Caballeros,82,0,0,0.9333,0.0667,True,False,False,46
5abe47cb55429976d4830ad9,Saludos Amigos,162,0,0,1.0,0.5,True,False,False,18
5a87dcb95542997e5c09a57e,Un gancho al corazón,57,0,0,0.8182,0.4545,True,False,False,7
5a87dcb95542997e5c09a57e,You Are the One (Argentine TV series),46,0,0,0.5556,0.0,False,False,False,25
5a87dcb95542997e5c09a57e,You Are the One (Argentine TV series),193,0,0,1.0,0.6786,True,False,False,25
5ab2d47a554299545a2cfab5,Volcano Live,101,0,1,1.0,0.3846,True,False,False,7
5ab2d47a554299545a2cfab5,Stargazing Live,152,0,0,0.7727,0.2727,False,False,False,21
5adc09745542996e685252b4,KKFT,147,0,0,0.8095,0.381,True,False,False,6
5adc09745542996e685252b4,"Gardnerville, Nevada",119,0,0,0.8824,0.5294,True,False,False,11
5ab9234355429934fafe6e69,Dinnerladies (TV series),123,0,0,0.9412,0.5294,True,False,False,41
5ab9234355429934fafe6e69,Victoria Wood,127,0,0,0.9444,0.6111,True,False,False,60
5a7a2c195542990198eaf0ab,La Pie qui Chante,114,0,0,0.8889,0.3333,True,False,False,10
5a7a2c195542990198eaf0ab,Cadbury,153,0,0,0.9474,0.4737,True,False,False,91
5a76303e5542992d0ec0605b,History of Belgium,86,0,0,0.5833,0.0,False,False,False,228
5a76303e5542992d0ec0605b,Cockfight,206,0,0,1.0,0.5769,True,False,False,67
5ae2046e5542997283cd232a,Separation Anxiety (Homeland),131,0,0,1.0,0.4706,True,False,False,9
5ae2046e5542997283cd232a,Homeland (TV series),236,0,0,0.875,0.2812,True,False,False,72
5add59e85542992ae4cec51b,Groundhog Day (musical),228,0,0,0.5,0.0,False,False,False,36
5add59e85542992ae4cec51b,Groundhog Day (film),136,0,0,1.0,0.4286,True,False,False,91
5adcc10e5542994ed6169bee,Victoria Island,116,0,0,0.3333,0.0,False,False,False,26
5adcc10e5542994ed6169bee,Queen Victoria,158,0,0,1.0,0.4,True,False,False,63
5ac00371554299012d1db56e,Philip Hooker,251,0,0,1.0,0.3939,True,False,False,12
5ac00371554299012d1db56e,Albany City Hall,102,0,0,0.8333,0.1111,True,False,False,47
5ade163855429939a52fe806,A Very Potter Sequel,151,1,1,1.0,0.5652,True,False,False,25
5ade163855429939a52fe806,A Very Potter Sequel,272,0,1,1.0,0.6,True,False,False,25
5ade163855429939a52fe806,Darren Criss,238,0,0,0.8966,0.2414,True,False,False,52
5a8d0f3d5542994ba4e3dbc9,John Logan (pioneer),173,0,0,0.963,0.4074,True,False,False,19
5a8d0f3d5542994ba4e3dbc9,Daniel Boone,215,0,0,0.697,0.2121,False,False,False,61
5a8d0f3d5542994ba4e3dbc9,Daniel Boone,219,0,0,0.6552,0.2069,False,False,False,61
5adf0a325542992d7e9f9283,Snowball family (Sierra Leone),184,1,1,1.0,1.0,True,False,False,1
5adf0a325542992d7e9f9283,Book of Negroes,268,0,0,0.9189,0.2973,True,False,False,15
5a7def3f5542995f4f402326,"Rand, Lincolnshire",95,1,1,1.0,0.5625,True,False,False,6
5a7def3f5542995f4f402326,Wragby,94,0,0,0.9375,0.5,True,False,False,11
5a8334bc5542996488c2e3ee,Andrew Taylor (painter),128,0,0,1.0,0.7391,True,False,False,6
5a8334bc5542996488c2e3ee,Andrew Taylor (painter),198,1,1,1.0,0.7368,True,False,False,6
5a8334bc5542996488c2e3ee,Andrew Taylor (painter),76,1,1,1.0,1.0,True,False,False,6
5a8334bc5542996488c2e3ee,National Gallery of Victoria,103,0,0,1.0,0.3125,True,False,False,44
5ae0ea205542993d6555ec98,Soldiering On,138,0,1,1.0,0.6522,True,False,False,3
5ae0ea205542993d6555ec98,Alan Bennett,113,0,0,1.0,0.3125,True,False,False,34
5ac5506d5542993e66e822fc,Altamount Road,192,1,1,1.0,0.72,True,False,False,6
5ac5506d5542993e66e822fc,Antilia (building),124,0,0,0.4762,0.1429,False,False,False,20
5a7a7bf055429941d65f2675,Fairfield Avenue station,97,1,1,1.0,0.6471,True,False,False,2
5a7a7bf055429941d65f2675,H Mart,139,0,0,0.9474,0.5789,True,False,False,15
5abef06f5542993fe9a41dac,Kung Fu Panda,154,0,0,0.6364,0.0455,False,False,False,32
5abef06f5542993fe9a41dac,Kung Fu Panda,242,0,0,0.2973,0.1081,False,False,False,32
5abef06f5542993fe9a41dac,Jackie Chan,179,0,0,0.4615,0.0385,False,False,False,93
5abef06f5542993fe9a41dac,Jackie Chan,161,0,0,0.8261,0.3478,True,False,False,93
5ae115a655429901ffe4ad67,John Huston,114,1,1,1.0,0.4375,True,False,False,90
5ae115a655429901ffe4ad67,The African Queen (film),123,0,0,0.9048,0.381,True,False,False,42
5a7cbbb7554299452d57b9d6,Golden Elk,65,1,1,1.0,0.75,True,False,False,3
5a7cbbb7554299452d57b9d6,Goldschläger,195,1,1,1.0,0.7742,True,False,False,3
5ac309a4554299657fa290df,My Week with Marilyn,104,0,0,0.9444,0.1667,True,False,False,30
5ac309a4554299657fa290df,My Week with Marilyn,118,0,0,1.0,0.5294,True,False,False,30
5ac309a4554299657fa290df,Kenneth Branagh,124,0,0,0.8421,0.0526,True,False,False,40
5a74547855429974ef308bd8,Knxwledge,97,0,0,0.9412,0.6471,True,False,False,7
5a74547855429974ef308bd8,Kendrick Lamar,89,0,0,0.6429,0.1429,False,False,False,73
5a8ec9a35542995a26add522,Husham Al-Husainy,179,1,1,1.0,0.3846,True,False,False,5
5a8ec9a35542995a26add522,"Dearborn, Michigan",44,0,0,1.0,0.0,False,False,False,85
5a8ec9a35542995a26add522,"Dearborn, Michigan",75,0,0,0.6154,0.0,False,False,False,85
5a8b47dc5542995d1e6f1344,Sector 7 (film),131,0,0,1.0,0.8182,True,False,False,4
5a8b47dc5542995d1e6f1344,May 18 (film),14,0,0,0.6667,0.6667,False,True,False,7
5a733ce75542994cef4bc4ef,Liu Hua (actor),46,0,0,1.0,0.7,True,False,False,12
5a733ce75542994cef4bc4ef,Liu Hua (actor),178,0,1,1.0,0.3462,True,False,False,12
5a733ce75542994cef4bc4ef,Macau International Movie Festival,109,1,1,1.0,1.0,True,False,False,1
5a733ce75542994cef4bc4ef,Macau International Movie Festival,45,0,0,1.0,1.0,True,False,False,1
5a87ea425542993e715ac00b,2015–16 Coppa Italia,133,0,0,0.9524,0.7143,True,False,False,5
5a87ea425542993e715ac00b,2015–16 Coppa Italia,101,1,1,1.0,0.9375,True,False,False,5
5a87ea425542993e715ac00b,Álvaro Morata,154,0,0,0.96,0.6,True,False,False,43
5ac197765542991316484b42,Mr. Shamim,93,0,0,0.9375,0.75,True,False,False,2
5ac197765542991316484b42,Mr. Shamim,77,0,0,0.7143,0.6429,False,False,False,2
5ac197765542991316484b42,Ahmad Ali Butt,90,0,0,0.7692,0.2308,False,False,False,4
5a7b93c5554299294a54aa01,Cody Hodges,217,0,0,1.0,0.5833,True,False,False,9
5a7b93c5554299294a54aa01,Cody Hodges,256,1,1,1.0,0.4865,True,False,False,9
5a7b93c5554299294a54aa01,Seth Doege,129,0,0,0.8824,0.5294,True,False,False,17
5aba994b5542994dbf019969,James L. Hogeboom,206,1,1,1.0,0.6923,True,False,False,7
5aba994b5542994dbf019969,"Castleton-on-Hudson, New York",121,0,0,1.0,0.3333,True,False,False,9
5ae78ec455429952e35ea96f,Kim Yong-hwa,88,1,1,1.0,0.4667,True,False,False,8
5ae78ec455429952e35ea96f,200 Pounds Beauty,25,0,0,0.75,0.0,False,True,False,8
5ae78ec455429952e35ea96f,200 Pounds Beauty,126,0,0,0.7826,0.3913,False,False,False,8
5ae78ec455429952e35ea96f,200 Pounds Beauty,56,0,0,0.6364,0.3636,False,False,False,8
5a71750e5542994082a3e83f,Prospect Park (production company),249,1,1,1.0,0.6571,True,False,False,11
5a71750e5542994082a3e83f,Jeff Kwatinetz,104,0,0,1.0,0.3529,True,False,False,13
5a74fa805542993748c89771,Aurél Stromfeld,183,0,0,0.9167,1.0,True,False,False,1
5a74fa805542993748c89771,Georges Clemenceau,182,0,0,0.8077,0.3077,True,False,False,111
5ae4d08b5542990ba0bbb157,Thomas Allen (nonconformist),91,0,0,0.9286,0.3571,True,False,False,14
5ae4d08b5542990ba0bbb157,Norwich,115,0,0,0.75,0.05,False,False,False,166
5ae429a85542996836b02c46,John Perkins Ralls,269,1,1,1.0,0.7222,True,False,False,4
5ae429a85542996836b02c46,John Rawls,135,0,0,1.0,0.55,True,False,False,83
5a83863b554299123d8c2146,In Stereo (film),94,1,1,1.0,0.7857,True,False,False,2
5a83863b554299123d8c2146,Aimee Mullins,143,0,0,0.5455,0.2727,False,False,False,11
5a83863b554299123d8c2146,Aimee Mullins,96,0,0,0.9412,0.2941,True,False,False,11
5ae0acae55429945ae959412,Gilly Roach,125,0,0,0.9474,0.4737,True,False,False,20
5ae0acae55429945ae959412,Gilly Roach,216,1,1,1.0,0.4688,True,False,False,20
5ae0acae55429945ae959412,Bronagh Waugh,210,0,0,0.6364,0.4242,False,False,False,2
5ae0acae55429945ae959412,Bronagh Waugh,63,0,0,0.4545,0.2727,False,False,False,2
5a7908a8554299148911f9cc,Mark E. Mitchell,163,0,0,0.8571,0.1429,True,False,False,7
5a7908a8554299148911f9cc,Mark E. Mitchell,212,1,1,1.0,0.4074,True,False,False,7
5a7908a8554299148911f9cc,Mark E. Mitchell,138,0,0,1.0,0.2174,True,False,False,7
5a7908a8554299148911f9cc,Battle of Qala-i-Jangi,402,0,0,0.8727,0.4,True,False,False,24
5a873f9d5542996432c57245,Grazia Maria Pinto,111,1,1,1.0,0.5294,True,False,False,2
5a873f9d5542996432c57245,Miss Universe 2012,102,0,0,0.8667,0.5333,True,False,False,15
5abaea225542992ccd8e7e58,Surry Town Hall,112,1,1,1.0,0.3529,True,False,False,3
5abaea225542992ccd8e7e58,"Surry, Maine",56,1,1,1.0,0.3,True,False,False,18
5a79b3015542996c55b2dc39,Crabbuckit,169,0,1,1.0,0.7308,True,False,False,5
5a79b3015542996c55b2dc39,Crabbuckit,171,1,1,1.0,0.6667,True,False,False,5
5a79b3015542996c55b2dc39,Crab mentality,197,0,0,0.4828,0.1724,False,False,False,3
5ae3d5a85542992f92d8238b,3 (The Script album),104,0,0,0.9444,0.3333,True,False,False,8
5ae3d5a85542992f92d8238b,Hall of Fame (song),76,0,0,0.7143,0.3571,False,False,False,8
5ab1c64b5542997061209567,Konstantin Orbelyan,231,0,0,0.9091,0.6818,True,False,False,3
5ab1c64b5542997061209567,Geoffrey Zakarian,113,0,0,1.0,0.4375,True,False,False,12
5ab1c64b5542997061209567,Geoffrey Zakarian,173,0,0,0.9583,0.3333,True,False,False,12
5add261f5542992ae4cec4ad,Anton Wassmuth,153,1,1,1.0,0.9091,True,False,False,5
5add261f5542992ae4cec4ad,Ernst Mach,190,0,0,0.8214,0.4286,True,False,False,30
5add261f5542992ae4cec4ad,Ernst Mach,110,1,1,1.0,0.2667,True,False,False,30
5a824fba554299676cceb256,Virginia Karns,123,0,0,0.9545,0.6818,True,False,False,2
5a824fba554299676cceb256,Virginia Karns,157,0,1,1.0,0.875,True,False,False,2
5a824fba554299676cceb256,Mother Goose,190,0,0,0.6923,0.0769,False,False,False,16
5ae7f0e3554299540e5a56c6,Nelson's band of brothers,161,1,1,1.0,0.3704,True,False,False,14
5ae7f0e3554299540e5a56c6,Henry V (play),156,1,1,1.0,0.5652,True,False,False,44
5ae7bfb75542997ec27276df,Ghost in the Machines,159,0,0,0.9545,0.3182,True,False,False,10
5ae7bfb75542997ec27276df,Ghost in the Machines,84,1,1,1.0,0.5,True,False,False,10
5ae7bfb75542997ec27276df,Dan Castellaneta,114,0,0,0.9333,0.2,True,False,False,32
5ae7bfb75542997ec27276df,Dan Castellaneta,285,0,0,0.7895,0.1053,False,False,False,32
5a7f8e3e55429969796c1aad,William H. Hardy,136,0,0,0.9333,0.1333,True,False,False,10
5a7f8e3e55429969796c1aad,"Laurel, Mississippi",91,1,1,1.0,0.2667,True,False,False,28
5a8e1239554299068b959e4c,Son Ye-jin,216,0,0,0.6667,0.1333,False,False,False,18
5a8e1239554299068b959e4c,My Wife Got Married,51,0,0,1.0,0.2,True,False,False,3
5a79220455429974737f79a2,"George Howard, 9th Earl of Carlisle",168,0,0,0.92,0.56,True,False,False,22
5a79220455429974737f79a2,Castle Howard,117,0,0,1.0,0.6,True,False,False,28
5abb0369554299232ef4a3a2,Marion M. Ganey,33,0,0,0.8,0.6,True,True,False,6
5abb0369554299232ef4a3a2,Boys Town (organization),219,0,0,0.6897,0.0345,False,False,False,36
5ae24f515542994d89d5b3ce,Franck Khalfoun,178,0,0,0.8214,1.0,True,False,False,1
5ae24f515542994d89d5b3ce,Maniac (2012 film),156,0,0,0.8182,0.4091,True,False,False,31
5ae5fac75542996de7b71aa2,Hwicce,90,0,0,0.4706,0.1176,False,False,False,21
5ae5fac75542996de7b71aa2,Hwicce,106,0,1,1.0,0.2,True,False,False,21
5ae5fac75542996de7b71aa2,Battle of Deorham,104,0,0,0.375,0.0,False,False,False,9
5a7e805e5542991319bc94c4,Cruel Shoes,240,0,0,0.7273,0.3333,False,False,False,2
5a7e805e5542991319bc94c4,Steve Martin,107,0,0,1.0,0.4375,True,False,False,58
5abe327c5542991f661060fc,Anthony Newman (musician),210,0,0,0.5556,0.1111,False,False,False,16
5abe327c5542991f661060fc,Johann Sebastian Bach,124,0,0,0.7273,0.0455,False,False,False,104
5ade46ef5542997c77adedc9,Rafaela Ybarra de Vilallonga,178,0,0,0.9615,0.4615,True,False,False,8
5ade46ef5542997c77adedc9,Bilbao,144,0,0,0.9444,0.2222,True,False,False,117
5a777c1c55429949eeb29e65,Bull Sluice,161,1,1,1.0,0.5652,True,False,False,4
5a777c1c55429949eeb29e65,Deliverance,203,0,0,1.0,0.5333,True,False,False,28
5a7dd93e5542990b8f503aec,"Scottsbluff, Nebraska",140,0,0,0.7895,0.1053,False,False,False,24
5a7dd93e5542990b8f503aec,Great Plains,276,0,0,0.697,0.1818,False,False,False,87
5a78b198554299148911f938,Teshie-Nungua,137,1,1,1.0,1.0,True,False,False,1
5a78b198554299148911f938,Ledzokuku-Krowor Municipal District,101,0,0,0.7333,0.2,False,False,False,17
5ae160505542997b2ef7d1b5,Irving trial,89,0,0,0.9231,0.3077,True,False,False,14
5ae160505542997b2ef7d1b5,David Irving,189,0,0,1.0,0.5312,True,False,False,107
5a7baf595542995eb53be997,Gregory Peck,313,0,0,0.6977,0.1395,False,False,False,72
5a7baf595542995eb53be997,Spellbound (1945 film),105,0,0,0.8571,0.4286,True,False,False,32
5ae745585542991bbc9761cd,Under Siege,162,0,0,0.6774,0.1613,False,False,False,27
5ae745585542991bbc9761cd,Steven Seagal,174,0,0,0.6957,0.2609,False,False,False,56
5ae20ce55542997283cd2378,Williams FW33,104,1,1,1.0,0.3333,True,False,False,3
5ae20ce55542997283cd2378,Pastor Maldonado,183,0,0,1.0,0.6207,True,False,False,39
5a845c405542996488c2e527,Why I Love You (Jay-Z and Kanye West song),140,0,1,1.0,0.2308,True,False,False,8
5a845c405542996488c2e527,Watch the Throne,178,0,0,1.0,0.2143,True,False,False,46
5adcd5ae5542990d50227d41,Storm Center,74,0,0,0.9167,0.5,True,False,False,15
5adcd5ae5542990d50227d41,Storm Center,103,0,0,1.0,0.4375,True,False,False,15
5adcd5ae5542990d50227d41,Bette Davis,362,0,0,0.7209,0.2791,False,False,False,109
5a7da8ea5542995f4f4022ac,Teddy Bear (2012 film),170,0,0,0.875,0.5833,True,False,False,8
5a7da8ea5542995f4f4022ac,Kim Kold,85,1,1,1.0,0.7143,True,False,False,4
5a7da8ea5542995f4f4022ac,Kim Kold,99,0,0,0.75,0.55,False,False,False,4
5abc6f63554299700f9d78c6,Se Amar Mon Kereche,126,0,0,0.9545,0.8636,True,False,False,2
5abc6f63554299700f9d78c6,French Kiss (1995 film),118,0,0,0.9474,0.3684,True,False,False,29
5adc71175542994650320d07,Krishnaveni Panjaalai,64,0,1,1.0,0.8,True,False,False,3
5adc71175542994650320d07,N. R. Raghunanthan,67,1,1,1.0,0.7273,True,False,False,2
5a7ce5d355429907fabef053,Up (2009 film),138,0,0,0.9048,0.3333,True,False,False,44
5a7ce5d355429907fabef053,Eleanor's Secret,147,0,0,0.96,0.76,True,False,False,9
5adf292d5542993a75d263f8,2011 MLS All-Star Game,110,1,1,1.0,0.8947,True,False,False,3
5adf292d5542993a75d263f8,Danny Welbeck,167,0,0,0.6923,0.3462,False,False,False,43
5a7c3df85542996dd594b8e0,Surena,137,1,1,1.0,0.4706,True,False,False,7
5a7c3df85542996dd594b8e0,Marcus Licinius Crassus,132,0,0,0.4211,0.0,False,False,False,52
5ab32d4d55429969a97a80f2,Bangla Desh (song),161,0,0,1.0,0.4348,True,False,False,43
5ab32d4d55429969a97a80f2,Ravi Shankar,218,0,0,0.5806,0.1613,False,False,False,44
5a81011c55429938b6142286,A Turtle's Tale: Sammy's Adventures,174,0,0,0.8148,0.5185,True,False,False,8
5a81011c55429938b6142286,A Turtle's Tale: Sammy's Adventures,83,0,0,0.8462,0.2308,True,False,False,8
5a81011c55429938b6142286,Robert Sheehan,105,0,0,0.6111,0.3333,False,False,False,13
5a76b0035542993569682c85,John Newman (singer),84,0,0,1.0,0.1538,True,False,False,16
5a76b0035542993569682c85,Calvin Harris,224,0,0,0.8333,0.1667,True,False,False,54
5a76b0035542993569682c85,Calvin Harris,82,0,0,1.0,0.3529,True,False,False,54
5a8e879c5542995085b37441,First Battle of Kharkov,271,0,0,0.8235,0.3235,True,False,False,24
5a8e879c5542995085b37441,Wilhelm Keitel,207,0,0,0.7714,0.2857,False,False,False,27
5a7a238c5542990783324e83,Sinhala Hound,196,0,0,0.2143,0.1071,False,False,False,4
5a7a238c5542990783324e83,German Shepherd,132,0,0,0.65,0.0,False,False,False,85
5a8f5abb5542992414482a74,Hassan Al-Absi,95,1,1,1.0,1.0,True,False,False,1
5a8f5abb5542992414482a74,1984 Summer Olympics,173,0,0,1.0,0.4167,True,False,False,59
5abfd1e75542994516f45504,Leonid Kmit,66,1,1,1.0,0.7692,True,False,False,2
5abfd1e75542994516f45504,Russian Army Theatre,142,0,0,1.0,0.5455,True,False,False,3
5abfd1e75542994516f45504,Russian Army Theatre,151,0,0,0.95,0.5,True,False,False,3
5a83672f5542992ef85e22ac,Lissington,95,1,1,1.0,0.6,True,False,False,4
5a83672f5542992ef85e22ac,Wragby,94,0,0,0.9375,0.5,True,False,False,11
5adc1002554299438c868d1f,"Siskiyou County, California",49,0,0,0.8889,0.1111,True,False,False,27
5adc1002554299438c868d1f,"Siskiyou County, California",25,0,0,1.0,0.4,True,True,False,27
5adc1002554299438c868d1f,"Yreka, California",122,1,1,1.0,0.25,True,False,False,40
5ae386995542994393b9e6ef,YouPorn,171,0,0,0.5217,0.1739,False,False,False,14
5ae386995542994393b9e6ef,XVideos,61,0,0,0.7273,0.0909,False,False,False,5
5ae7422f5542997b22f6a64e,Double Helix Medal,118,1,1,1.0,0.6667,True,False,False,4
5ae7422f5542997b22f6a64e,Muhammad Ali,131,0,0,1.0,0.45,True,False,False,156
5ab2a6955542992953946797,Final Score (2007 film),177,0,0,1.0,0.5417,True,False,False,17
5ab2a6955542992953946797,Round Eyes in the Middle Kingdom,236,1,1,1.0,0.4857,True,False,False,7
5ac2e18955429921a00ab0a8,KZUH,127,1,1,1.0,0.5789,True,False,False,8
5ac2e18955429921a00ab0a8,"Minneapolis, Kansas",53,0,0,1.0,0.2,True,False,False,12
5a83a39e5542993344746068,Rex Riot,69,0,0,1.0,0.6,True,False,False,3
5a83a39e5542993344746068,Rex Riot,181,1,1,1.0,0.6897,True,False,False,3
5a83a39e5542993344746068,All of the Lights,154,0,0,1.0,0.3462,True,False,False,23
5a75e89a554299109176e5c9,Dybbuk box,181,0,0,0.8519,0.2963,True,False,False,7
5a75e89a554299109176e5c9,The Possession,110,0,0,1.0,0.6471,True,False,False,16
5a8ae3e455429970aeb70321,Adventure Time,103,0,0,1.0,0.2667,True,False,False,70
5a8ae3e455429970aeb70321,Adventure Time,214,0,0,0.9375,0.0312,False,False,False,70
5a8ae3e455429970aeb70321,Ice King,88,0,0,1.0,0.0769,True,False,False,27
5a8ae3e455429970aeb70321,Ice King,210,0,0,0.6552,0.2759,False,False,False,27
5adf9bc9554299025d62a2dc,Tom Baehr-Jones,174,0,0,1.0,1.0,True,False,False,1
5adf9bc9554299025d62a2dc,Nature (journal),94,0,0,0.5385,0.0,False,False,False,31
5ac2abf255429921a00ab029,The Classical Style (opera),117,1,1,1.0,0.6111,True,False,False,10
5ac2abf255429921a00ab029,"Ojai, California",69,0,0,0.7692,0.0,False,False,False,53
5a8eb60a5542995a26add4f2,Loan-a Lisa,76,0,0,1.0,0.4545,True,False,False,13
5a8eb60a5542995a26add4f2,Loan-a Lisa,290,1,1,1.0,0.3256,True,False,False,13
5a8eb60a5542995a26add4f2,Grampa Simpson,115,0,0,0.9375,0.125,True,False,False,16
5a77222d5542993569682ceb,First Battle of Kharkov,271,0,0,0.8235,0.3235,True,False,False,24
5a77222d5542993569682ceb,Wilhelm Keitel,207,0,0,0.7714,0.2857,False,False,False,27
5a8c41235542995e66a4757e,Viola Keats,75,0,1,1.0,1.0,True,False,False,1
5a8c41235542995e66a4757e,Viola Keats,252,0,1,1.0,1.0,True,False,False,1
5a8c41235542995e66a4757e,A Streetcar Named Desire,141,0,0,0.5909,0.0909,False,False,False,62
5a8125c355429926c1cdacf6,Ip Man 3,178,1,1,1.0,0.4286,True,False,False,27
5a8125c355429926c1cdacf6,Ip Man (film series),165,0,0,0.92,0.44,True,False,False,11
5a8125c355429926c1cdacf6,Ip Man (film series),113,0,0,0.8824,0.1765,True,False,False,11
5ac4d718554299076e296e0f,Joan Peyser,223,1,1,1.0,0.6452,True,False,False,4
5ac4d718554299076e296e0f,Pierre Boulez,139,0,0,0.9048,0.4286,True,False,False,138
5ae142f655429920d5234357,BC Jean,259,0,0,0.85,0.575,True,False,False,6
5ae142f655429920d5234357,If I Were a Boy,138,0,0,0.9565,0.2174,True,False,False,45
5ae142f655429920d5234357,If I Were a Boy,90,0,0,0.9375,0.25,True,False,False,45
5ab5d0865542997d4ad1f1ea,Howard Milner,68,1,1,1.0,0.6667,True,False,False,7
5ab5d0865542997d4ad1f1ea,Howard Milner,163,1,1,1.0,0.4583,True,False,False,7
5ab5d0865542997d4ad1f1ea,Guildhall School of Music and Drama,134,0,0,0.7368,0.2105,False,False,False,23
5ab660fe5542995eadeeffae,Koyaanisqatsi,202,0,0,1.0,0.5556,True,False,False,49
5ab660fe5542995eadeeffae,The Last Lions,143,1,1,1.0,0.45,True,False,False,5
5a89dead5542992e4fca8409,Lake Koocanusa Scenic Byway,54,1,1,1.0,1.0,True,False,False,1
5a89dead5542992e4fca8409,"Libby, Montana",66,0,0,1.0,0.3333,True,False,False,24
5ae2d86e55429928c42394f7,The Dream of Rome,213,0,0,1.0,0.4688,True,False,False,10
5ae2d86e55429928c42394f7,Boris Johnson,138,0,0,0.7895,0.2105,False,False,False,202
5a740fda55429979e288289d,P. Viswanathan,49,1,1,1.0,1.0,True,False,False,1
5a740fda55429979e288289d,Indian National Congress,113,1,1,1.0,0.4118,True,False,False,91
5a89e05b5542992e4fca841e,Nico Jamin,132,0,0,0.619,0.4762,False,False,False,6
5a89e05b5542992e4fca841e,"Coconut Creek, Florida",38,0,0,0.6667,0.0,False,True,False,17
5abcc28255429959677d6ad3,William Batty,326,1,1,1.0,0.6585,True,False,False,6
5abcc28255429959677d6ad3,Being for the Benefit of Mr. Kite!,36,3,3,1.0,0.0,False,True,False,11
5abcc28255429959677d6ad3,Being for the Benefit of Mr. Kite!,110,0,0,0.9474,0.5263,True,False,False,11
5adfde6a55429906c02daa77,"Gano, Kansas",35,0,0,0.75,1.0,False,True,False,1
5adfde6a55429906c02daa77,"Garden City, Kansas",54,0,0,1.0,0.3,True,False,False,51
5ae6129255429929b0807ac0,Go Hard or Go Home (song),96,1,1,1.0,0.4375,True,False,False,3
5ae6129255429929b0807ac0,Iggy Azalea,106,0,0,1.0,0.5625,True,False,False,45
5ae0f1ff5542997b2ef7d096,Hot Springs Airport,145,1,1,1.0,0.7826,True,False,False,2
5ae0f1ff5542997b2ef7d096,"Hot Springs, Montana",45,0,0,0.4286,0.1429,False,False,False,16
5ae333cc5542991a06ce9950,Air War,73,0,0,0.9167,0.75,True,False,False,3
5ae333cc5542991a06ce9950,Ulysses (novel),212,0,0,0.8529,0.0588,True,False,False,95
5ac180cc55429964131be206,Vee Cliffs,167,1,1,1.0,0.8846,True,False,False,2
5ac180cc55429964131be206,Aurora,208,0,0,0.8,0.3,True,False,False,91
5ac4d5de55429919431739e8,Mark Thompson (astronomer),235,0,0,0.9375,0.5625,True,False,False,6
5ac4d5de55429919431739e8,Mark Thompson (astronomer),43,0,0,0.3333,0.0,False,False,False,6
5ac4d5de55429919431739e8,Stargazing Live,152,0,0,0.7727,0.2727,False,False,False,21
5ac4d5de55429919431739e8,Stargazing Live,193,0,0,1.0,0.52,True,False,False,21
5a876d415542993e715abf39,Yaroslava Shvedova,147,0,0,0.9231,0.4615,True,False,False,69
5a876d415542993e715abf39,Lucie Hradecká,104,0,0,0.9412,0.7059,True,False,False,16
5ac34c465542995ef918c17d,Shelby Airport,131,0,0,0.6842,0.4211,False,False,False,3
5ac34c465542995ef918c17d,"Toole County, Montana",153,1,1,1.0,0.65,True,False,False,9
5ab5508c554299494045ef79,"Leon County, Florida",56,0,0,0.6,0.0,False,False,False,50
5ab5508c554299494045ef79,Juan Ponce de León,84,0,0,1.0,0.2143,True,False,False,52
5a7703f155429972597f1413,George Michael,226,0,0,0.7576,0.2121,False,False,False,80
5a7703f155429972597f1413,Tom Petty,129,0,0,0.5,0.1111,False,False,False,66
5a7e5d605542991319bc9477,Sanatan Dinda,66,0,0,1.0,0.6364,True,False,False,3
5a7e5d605542991319bc9477,Kolkata,69,0,0,1.0,0.2727,True,False,False,73
5ae808245542993210984047,Gorham High School (New Hampshire),96,0,0,0.9231,0.5385,True,False,False,4
5ae808245542993210984047,Gorham High School (New Hampshire),84,1,1,1.0,0.6667,True,False,False,4
5ae808245542993210984047,"Shelburne, New Hampshire",65,0,0,0.9091,0.2727,True,False,False,10
5ae808245542993210984047,"Shelburne, New Hampshire",43,1,1,1.0,0.5714,True,False,False,10
5ae62ffe5542992ae0d1626c,Dana Fox,192,0,0,0.9333,0.4667,True,False,False,6
5ae62ffe5542992ae0d1626c,What Happens in Vegas,143,0,0,0.9565,0.5217,True,False,False,15
5a778fc85542992a6e59def3,My Six Loves,196,0,0,1.0,0.7333,True,False,False,4
5a778fc85542992a6e59def3,Debbie Reynolds,242,0,0,1.0,0.4848,True,False,False,45
5a8c44cb554299240d9c20fd,Jeff Bridges,87,0,0,0.8571,0.2143,True,False,False,29
5a8c44cb554299240d9c20fd,Jeff Bridges,321,0,0,0.5952,0.0238,False,False,False,29
5a8c44cb554299240d9c20fd,Hell or High Water (film),170,0,0,0.7931,0.0345,False,False,False,17
5ab27255554299722f9b4d2b,"Beehive, Montana",129,0,0,0.8421,0.4211,True,False,False,2
5ab27255554299722f9b4d2b,"Absarokee, Montana",147,0,0,0.9091,0.3636,True,False,False,15
5a8626f85542994775f60711,House of Knýtlinga,134,1,1,1.0,0.4,True,False,False,14
5a8626f85542994775f60711,House of Knýtlinga,75,1,1,1.0,0.5333,True,False,False,14
5a8626f85542994775f60711,House of Knýtlinga,145,1,1,1.0,0.6842,True,False,False,14
5a8626f85542994775f60711,Harald Bluetooth,145,0,0,0.5238,0.0476,False,False,False,29
5ae0c9aa554299603e418459,Skin (Rihanna song),98,0,1,1.0,0.4375,True,False,False,11
5ae0c9aa554299603e418459,Skin (Rihanna song),202,1,1,1.0,0.3333,True,False,False,11
5ae0c9aa554299603e418459,Loud Tour,104,1,1,1.0,0.4667,True,False,False,15
5ac4d114554299076e296dff,Morgan State University,156,0,0,0.75,0.05,False,False,False,36
5ac4d114554299076e296dff,Boise State University,65,0,0,1.0,0.0,False,False,False,25
5a7138705542994082a3e692,National Autonomous University of Mexico,381,0,0,0.6977,0.2791,False,False,False,82
5a7138705542994082a3e692,University of Miami,160,0,0,0.6522,0.1304,False,False,False,101
5adc8d8b554299473435373f,Carleton Ultimate Team,116,1,1,1.0,0.4667,True,False,False,10
5adc8d8b554299473435373f,"Northfield, Minnesota",73,0,0,1.0,0.4167,True,False,False,32
5add0f1c5542990d50227dad,Ass Burgers,116,0,0,0.9375,0.1875,True,False,False,13
5add0f1c5542990d50227dad,Ass Burgers,80,1,1,1.0,0.3333,True,False,False,13
5add0f1c5542990d50227dad,You're Getting Old,195,0,0,0.9091,0.3182,True,False,False,20
5add0f1c5542990d50227dad,You're Getting Old,70,1,1,1.0,0.4615,True,False,False,20
5abdb3155542996e802b4816,Airship Ventures,255,1,1,1.0,0.6842,True,False,False,7
5abdb3155542996e802b4816,Moffett Federal Airfield,255,0,0,0.8056,0.4444,True,False,False,49
5abdb3155542996e802b4816,Moffett Federal Airfield,98,0,0,1.0,0.6111,True,False,False,49
5abed6c45542990832d3a0ee,2011–12 Arizona Wildcats men's basketball team,140,0,0,0.9583,0.875,True,False,False,2
5abed6c45542990832d3a0ee,Pac-12 Conference,197,0,0,0.875,0.4167,True,False,False,94
5abfcc715542997719eab6d1,Ricki Olsen,103,0,0,0.6111,0.2778,False,False,False,5
5abfcc715542997719eab6d1,FC Helsingør,96,0,0,0.7143,0.1429,False,False,False,4
5a7dbcbd5542995ed0d1666c,That's the Truth (McFly song),107,1,1,1.0,0.6875,True,False,False,7
5a7dbcbd5542995ed0d1666c,Graham Norton,90,0,0,1.0,0.4706,True,False,False,53
5ae663635542992ae0d16315,Under Siege,104,0,0,1.0,0.4444,True,False,False,27
5ae663635542992ae0d16315,Under Siege,162,0,0,0.6774,0.1613,False,False,False,27
5ae663635542992ae0d16315,USS Missouri (BB-63),182,0,0,0.6552,0.1034,False,False,False,62
5ab9065c5542991b5579f0d1,Eleanor's Secret,147,0,0,0.96,0.76,True,False,False,9
5ab9065c5542991b5579f0d1,Up (2009 film),138,0,0,0.9048,0.3333,True,False,False,44
5ae3f3395542995ad6573cd1,Bursera grandifolia,138,1,1,1.0,0.92,True,False,False,2
5ae3f3395542995ad6573cd1,Sonora,69,0,0,0.9,0.3,True,False,False,130
5ae1c02e554299492dc91b85,The Seine Meets Paris,161,0,0,0.9091,1.0,True,False,False,1
5ae1c02e554299492dc91b85,Shape of the Moon,116,0,0,1.0,0.6,True,False,False,3
5ae1812255429901ffe4aed0,Tony Way,164,0,1,1.0,0.2308,True,False,False,5
5ae1812255429901ffe4aed0,The Girl with the Dragon Tattoo (2011 film),82,0,0,0.75,0.0833,False,False,False,45
5a905a5055429916514e7481,Candace Dempsey,68,1,1,1.0,0.5,True,False,False,8
5a905a5055429916514e7481,Candace Dempsey,207,0,1,1.0,0.4074,True,False,False,8
5a905a5055429916514e7481,Amanda Knox,177,0,0,0.931,0.4138,True,False,False,45
5a8f07df5542995085b374db,Polyether block amide,65,1,1,1.0,0.4,True,False,False,7
5a8f07df5542995085b374db,Polyether block amide,179,1,1,1.0,0.8333,True,False,False,7
5a8f07df5542995085b374db,Polyethylene glycol,115,0,0,1.0,0.4667,True,False,False,45
5a85fb9d5542994775f606e0,2011 Kansas State Wildcats football team,129,1,1,1.0,0.5333,True,False,False,48
5a85fb9d5542994775f606e0,2011 Kansas State Wildcats football team,254,1,1,1.0,0.625,True,False,False,48
5a85fb9d5542994775f606e0,2011 Baylor Bears football team,114,1,1,1.0,0.5714,True,False,False,7
5a85fb9d5542994775f606e0,2011 Baylor Bears football team,138,1,1,1.0,0.5217,True,False,False,7
5ae6c1e655429908198fa6b0,Chisholm Trail Casino,83,1,1,1.0,0.5833,True,False,False,3
5ae6c1e655429908198fa6b0,"Norman, Oklahoma",110,0,0,0.7778,0.1111,False,False,False,84
5a726d175542997f827839c4,New Americana,120,0,0,0.9474,0.5263,True,False,False,8
5a726d175542997f827839c4,Halsey (singer),124,0,0,1.0,0.25,True,False,False,53
5a7c63e055429907fabeef7b,Rochdale A.F.C. (1896),129,1,1,1.0,0.45,True,False,False,3
5a7c63e055429907fabeef7b,Lancashire,84,0,0,0.5,0.0,False,False,False,97
5ae6965355429908198fa640,Isoetes valida,98,1,1,1.0,0.9333,True,False,False,2
5ae6965355429908198fa640,Appalachian Mountains,89,0,0,0.8333,0.25,True,False,False,77
5a8ae81e55429950cd6afbd1,Harry Potter and the Deathly Hallows – Part 2,136,0,0,0.9091,0.4091,True,False,False,47
5a8ae81e55429950cd6afbd1,Lord Voldemort,161,0,0,0.8077,0.0769,True,False,False,57
5a75af065542992d0ec05fdf,2011 MLS All-Star Game,182,1,1,1.0,0.7,True,False,False,3
5a75af065542992d0ec05fdf,2011 MLS All-Star Game,110,1,1,1.0,0.8947,True,False,False,3
5a75af065542992d0ec05fdf,Danny Welbeck,62,0,0,0.4545,0.0,False,False,False,43
5a866881554299211dda2b21,Wenling,151,0,0,0.9048,0.4286,True,False,False,40
5a866881554299211dda2b21,Wenling,131,1,1,1.0,0.6471,True,False,False,40
5a866881554299211dda2b21,Wuhan,110,0,0,0.6875,0.0,False,False,False,158
5abce75b55429959677d6b36,Georgie Davis,37,0,0,0.8571,0.2857,True,True,False,4
5abce75b55429959677d6b36,Stevie Wonder,200,0,0,0.8462,0.4615,True,False,False,68
5abce75b55429959677d6b36,Stevie Wonder,126,0,0,0.75,0.1,False,False,False,68
5a8c2da1554299240d9c20bc,Enrique Palacios,86,1,1,1.0,0.8571,True,False,False,3
5a8c2da1554299240d9c20bc,Naomi Campbell,73,0,0,0.9231,0.2308,True,False,False,53
5a8c2da1554299240d9c20bc,Naomi Campbell,234,0,0,0.5806,0.0968,False,False,False,53
5ac177b25542994d76dcce4d,KVWF,115,0,0,0.7647,0.2353,False,False,False,10
5ac177b25542994d76dcce4d,"Andover, Kansas",54,0,0,1.0,0.3,True,False,False,33
5abfda165542997ec76fd45f,The Vengeance of Rome,60,0,0,1.0,0.3636,True,False,False,4
5abfda165542997ec76fd45f,The Vengeance of Rome,231,0,0,0.9412,0.6176,True,False,False,4
5abfda165542997ec76fd45f,Ernst Röhm,131,0,0,0.96,0.4,True,False,False,39
5abfda165542997ec76fd45f,Ernst Röhm,243,0,0,0.6452,0.0323,False,False,False,39
5a80aa4a554299485f598695,Marion's Piazza,58,1,1,1.0,0.4545,True,False,False,7
5a80aa4a554299485f598695,Sal's Pizza,89,0,0,0.8125,0.3125,True,False,False,2
5a791e8855429907847277c1,Reba: Duets,94,0,0,0.8571,0.2143,True,False,False,15
5a791e8855429907847277c1,Reba: Duets,196,0,0,0.8,0.2,True,False,False,15
5a791e8855429907847277c1,Justin Timberlake,110,0,0,1.0,0.4375,True,False,False,75
5a791e8855429907847277c1,Justin Timberlake,127,0,0,0.6667,0.0952,False,False,False,75
5ac3d4ae554299741d48a337,Richard Meier,184,0,0,1.0,0.4,True,False,False,19
5ac3d4ae554299741d48a337,Getty Center,149,0,0,1.0,0.4167,True,False,False,36
5ac077845542996f0d89cbe6,Spirited Away,223,0,0,0.5769,0.0769,False,False,False,55
5ac077845542996f0d89cbe6,Studio Ghibli,155,0,0,0.6111,0.2222,False,False,False,61
5a7ca551554299683c1c6323,Patrick Bokanowski,131,0,0,0.9474,0.5789,True,False,False,21
5a7ca551554299683c1c6323,Roger Corman,145,0,0,0.8421,0.4211,True,False,False,101
5adf330e5542993344016c1a,Niumi National Park,53,1,1,1.0,0.0,False,False,False,3
5adf330e5542993344016c1a,The Gambia,188,0,0,0.8077,0.3077,True,False,False,91
5ac1334455429964131be183,2014 Japanese Super Cup,83,0,0,1.0,1.0,True,False,False,1
5ac1334455429964131be183,Takuma Asano,214,0,0,0.4828,0.1379,False,False,False,17
5ae671195542991bbc9760d6,Osmodes omar,235,1,1,1.0,1.0,True,False,False,1
5ae671195542991bbc9760d6,Ivory Coast,161,0,0,0.7727,0.0,False,False,False,84
5adf082b5542993a75d263db,D. W. Griffith House,92,1,1,1.0,0.5333,True,False,False,5
5adf082b5542993a75d263db,"La Grange, Kentucky",85,1,1,1.0,0.5333,True,False,False,11
5ae801f1554299321098402d,Patton (film),109,1,1,1.0,0.4118,True,False,False,37
5ae801f1554299321098402d,George S. Patton,352,0,0,0.7143,0.2449,False,False,False,118
5ab7d01e5542992aa3b8c856,Justo Pastor Lynch,123,1,1,1.0,0.55,True,False,False,6
5ab7d01e5542992aa3b8c856,Patrick Lynch (Argentina),157,0,0,0.8519,0.4074,True,False,False,9
5ab7d01e5542992aa3b8c856,Patrick Lynch (Argentina),180,0,0,0.7778,0.4815,False,False,False,9
5ab3ca5d55429969a97a81c2,Joseph Christophe,80,1,1,1.0,1.0,True,False,False,1
5ab3ca5d55429969a97a81c2,Verdun,165,0,0,0.8095,0.381,True,False,False,31
5ae667625542996d980e7b57,Danielle Hope,68,1,1,1.0,0.5833,True,False,False,21
5ae667625542996d980e7b57,Danielle Hope,250,0,0,1.0,0.4412,True,False,False,21
5ae667625542996d980e7b57,The Wizard of Oz (2011 musical),178,0,0,1.0,0.25,True,False,False,30
5ae0c6805542993d6555ec5d,Shirley Parish Church,104,0,0,0.6111,0.1111,False,False,False,9
5ae0c6805542993d6555ec5d,Alan Shearer,79,0,0,0.8462,0.3077,True,False,False,64
5ae0c6805542993d6555ec5d,Alan Shearer,149,0,0,0.8261,0.2174,True,False,False,64
5a7260815542990c210a4113,Birdsong (play),82,1,1,1.0,1.0,True,False,False,1
5a7260815542990c210a4113,Birdsong (play),221,1,1,1.0,1.0,True,False,False,1
5a7260815542990c210a4113,Ben Barnes (actor),65,0,0,1.0,0.4545,True,False,False,21
5a746d7855429929fddd8421,Gina Din,148,0,0,0.85,0.35,True,False,False,17
5a746d7855429929fddd8421,Gina Din,74,0,0,0.5833,0.1667,False,False,False,17
5a746d7855429929fddd8421,Kenya Airways,87,0,0,1.0,0.3333,True,False,False,31
5a746d7855429929fddd8421,Kenya Airways,79,1,1,1.0,0.25,True,False,False,31
5a881e1855429938390d3ef0,"Stone, Kentucky",91,1,1,1.0,0.7857,True,False,False,2
5a881e1855429938390d3ef0,"Pike County, Kentucky",29,1,1,1.0,0.4,True,True,False,27
5a88eddf554299206df2b3b6,Verano de Escándalo (2010),123,0,1,1.0,0.35,True,False,False,3
5a88eddf554299206df2b3b6,Sexy Star,201,0,0,1.0,0.6552,True,False,False,19
5a7925be554299029c4b5f0b,Garrett Wilson,105,0,0,0.5294,0.0588,False,False,False,5
5a7925be554299029c4b5f0b,Florida Panthers,44,0,0,0.6667,0.0,False,False,False,43
5ae2a1365542992decbdcd62,Cheetah (1989 film),136,0,0,0.9048,0.619,True,False,False,8
5ae2a1365542992decbdcd62,Toy Story,136,0,0,0.8571,0.2857,True,False,False,73
5ac141e55542991316484a9c,Joe Farago,233,0,0,0.8286,0.6,True,False,False,4
5ac141e55542991316484a9c,Gene Rayburn,128,0,0,0.95,0.45,True,False,False,24
5ae668bd55429908198fa5c3,Ron Donachie,248,0,0,0.9714,0.7143,True,False,False,8
5ae668bd55429908198fa5c3,Titanic (1997 film),116,0,0,0.8889,0.3333,True,False,False,116
5ae699145542996d980e7c38,"Croquefer, ou Le dernier des paladins",167,0,0,1.0,0.6552,True,False,False,12
5ae699145542996d980e7c38,Jacques Offenbach,115,0,0,1.0,0.4118,True,False,False,65
5a8b663555429950cd6afcdd,Bellerose Village Municipal Complex,110,1,1,1.0,1.0,True,False,False,1
5a8b663555429950cd6afcdd,"Bellerose, New York",86,0,0,0.8462,0.4615,True,False,False,10
5a78e88d55429970f5fffdc7,Elevate (Big Time Rush album),70,1,1,1.0,0.3077,True,False,False,8
5a78e88d55429970f5fffdc7,Elevate (Big Time Rush album),89,0,0,1.0,0.4286,True,False,False,8
5a78e88d55429970f5fffdc7,Elevate (Big Time Rush album),308,1,1,1.0,0.8049,True,False,False,8
5a78e88d55429970f5fffdc7,BTR (album),59,0,0,0.9167,0.1667,True,False,False,16
5a78e88d55429970f5fffdc7,BTR (album),97,1,1,1.0,0.2857,True,False,False,16
5a76498a5542992d0ec0608c,Derek Ridgers,352,0,0,0.9574,0.6383,True,False,False,30
5a76498a5542992d0ec0608c,Freddie Foreman,230,0,0,0.5556,0.1667,False,False,False,10
5a77acc05542992a6e59df77,2011 MLS All-Star Game,110,1,1,1.0,0.8947,True,False,False,3
5a77acc05542992a6e59df77,Danny Welbeck,167,0,0,0.6923,0.3462,False,False,False,43
5adbd7e15542994650320c01,Kalispell City Airport,212,0,0,0.9333,0.7333,True,False,False,3
5adbd7e15542994650320c01,"Flathead County, Montana",103,0,0,0.7647,0.1176,False,False,False,12
5ab6ca405542995eadef0099,Kyle Balda,181,0,0,0.9615,0.5385,True,False,False,7
5ab6ca405542995eadef0099,The Lorax (film),212,0,0,0.9032,0.1935,True,False,False,24
5adbfca855429947ff173898,Kerry Downes,117,0,0,0.8571,0.4286,True,False,False,11
5adbfca855429947ff173898,John Vanbrugh,178,0,0,1.0,0.4815,True,False,False,104
5a8b075555429950cd6afc4d,Richard Sohl,100,0,0,0.8421,0.6842,True,False,False,2
5a8b075555429950cd6afc4d,"Cherry Grove, New York",133,1,1,1.0,0.381,True,False,False,38
5ae1518555429901ffe4ae57,Jeremy Richardson,175,1,1,1.0,0.5417,True,False,False,10
5ae1518555429901ffe4ae57,San Antonio Spurs,95,0,0,0.9231,0.2308,True,False,False,97
5abe2e7a55429976d4830a88,Paul Family Farm,79,1,1,1.0,0.2,True,False,False,3
5abe2e7a55429976d4830a88,"Eliot, Maine",53,1,1,1.0,0.4,True,False,False,17
5a7761025542993735360253,Leckie Mine,222,0,0,0.9375,0.7188,True,False,False,2
5a7761025542993735360253,Leckie Mine,98,1,1,1.0,0.7222,True,False,False,2
5a7761025542993735360253,Kemess Mine,217,1,1,1.0,0.7586,True,False,False,4
5ac454c05542995c82c4ad33,"Powder River County, Montana",27,1,1,1.0,0.4,True,True,False,9
5ac454c05542995c82c4ad33,"Broadus, Montana",42,0,0,1.0,0.2857,True,False,False,18
5ac321fe554299657fa290e6,T-ara videography,119,0,0,0.4091,1.0,False,False,False,1
5ac321fe554299657fa290e6,Melon Music Awards,165,0,0,0.8261,0.4348,True,False,False,12
5aba64af55429955dce3ee05,Aurelia Browder,138,1,1,1.0,0.55,True,False,False,10
5aba64af55429955dce3ee05,Claudette Colvin,84,0,0,1.0,0.3571,True,False,False,41
5abd82115542993062266cb4,The Wolf of Wall Street (2013 film),247,0,0,0.7838,0.0811,False,False,False,47
5abd82115542993062266cb4,Jordan Belfort,156,1,1,1.0,0.5417,True,False,False,33
5ac39367554299657fa290f2,Arthur Treacher's,73,0,0,0.9231,0.1538,True,False,False,17
5ac39367554299657fa290f2,Arthur Treacher's,60,0,0,0.6364,0.2727,False,False,False,17
5ac39367554299657fa290f2,Arthur Treacher's,159,0,0,0.56,0.12,False,False,False,17
5ac39367554299657fa290f2,Long John Silver's,157,0,1,1.0,0.625,True,False,False,22
5a81f55d5542990a1d231ef5,"Johnson Township, Clinton County, Indiana",73,1,1,1.0,0.4545,True,False,False,5
5a81f55d5542990a1d231ef5,"Johnson Township, Clinton County, Indiana",112,1,1,1.0,0.5556,True,False,False,5
5a81f55d5542990a1d231ef5,Richard Mentor Johnson,130,0,0,1.0,0.4762,True,False,False,108
5ae68f3c5542991bbc976129,Media City Footbridge,106,1,1,1.0,0.6429,True,False,False,3
5ae68f3c5542991bbc976129,MediaCityUK,152,0,0,0.8636,0.1818,True,False,False,34
5ade0cc95542995b365fabeb,Carlton House Block,119,1,1,1.0,0.3333,True,False,False,3
5ade0cc95542995b365fabeb,"Springfield, Massachusetts",107,0,0,1.0,0.2353,True,False,False,176
5ab5757b554299637185c59f,Grace McDonald,206,0,0,0.6667,0.4242,False,False,False,5
5ab5757b554299637185c59f,Grace McDonald,145,0,0,1.0,0.68,True,False,False,5
5ab5757b554299637185c59f,Babes in Arms,121,0,0,1.0,0.5,True,False,False,27
5ab5757b554299637185c59f,Babes in Arms,240,1,1,1.0,0.65,True,False,False,27
5a77912c5542995d831811d9,Peggy Holmes,155,0,0,1.0,1.0,True,False,False,1
5a77912c5542995d831811d9,Peggy Holmes,113,0,1,1.0,1.0,True,False,False,1
5a77912c5542995d831811d9,Secret of the Wings,192,0,0,0.9231,0.4615,True,False,False,11
5a77912c5542995d831811d9,Secret of the Wings,72,0,0,1.0,0.6364,True,False,False,11
5ae2b5345542994d89d5b439,Paul Johnsgard,123,0,0,0.8947,0.5263,True,False,False,10
5ae2b5345542994d89d5b439,Paul Johnsgard,150,0,0,0.7308,0.0769,False,False,False,10
5ae2b5345542994d89d5b439,Peter Scott,45,0,0,1.0,0.0,False,False,False,37
5ae7efde554299540e5a56bf,John Cabess,287,1,1,1.0,0.6216,True,False,False,10
5ae7efde554299540e5a56bf,Komenda Wars,218,0,0,0.9677,0.4194,True,False,False,12
5a7f7d505542992097ad2f87,Henry V (1944 film),101,0,0,0.9412,0.4118,True,False,False,42
5a7f7d505542992097ad2f87,Henry V (1944 film),45,1,1,1.0,0.4286,True,False,False,42
5a7f7d505542992097ad2f87,Laurence Olivier,259,0,0,0.8919,0.4324,True,False,False,82
5ab5efcf554299488d4d9a5a,Chuck Bodak,263,0,0,0.9024,0.6098,True,False,False,6
5ab5efcf554299488d4d9a5a,Oscar De La Hoya,106,0,0,1.0,0.5263,True,False,False,64
5a734a575542991f9a20c6e8,Inter Club Brazzaville,88,0,0,1.0,1.0,True,False,False,2
5a734a575542991f9a20c6e8,Inter Club Brazzaville,87,1,1,1.0,0.8,True,False,False,2
5a734a575542991f9a20c6e8,Serge Ibaka,174,0,0,0.913,0.4348,True,False,False,33
5ab57990554299494045efed,Jane Arden (director),128,0,0,0.7778,0.3889,False,False,False,18
5ab57990554299494045efed,Cornel Wilde,100,0,0,0.8667,0.4667,True,False,False,39
5a81f1d2554299676cceb18d,Thomas Schneeberger,124,0,0,0.95,0.55,True,False,False,3
5a81f1d2554299676cceb18d,1984 Summer Olympics,173,0,0,1.0,0.4167,True,False,False,59
5a7bb697554299042af8f7af,Fog's End Distillery,136,0,0,0.8889,0.5,True,False,False,4
5a7bb697554299042af8f7af,Fog's End Distillery,76,0,0,0.8571,0.5,True,False,False,4
5a7bb697554299042af8f7af,Moonshine,87,0,0,0.7857,0.2857,False,False,False,30
5a87bf925542996e4f308907,Kirkwall,75,0,0,0.7273,0.0909,False,False,False,29
5a87bf925542996e4f308907,James III of Scotland,113,0,0,0.7778,0.0556,False,False,False,46
5ab1e192554299340b525417,My Wife Got Married,167,1,1,1.0,0.8,True,False,False,3
5ab1e192554299340b525417,Kim Joo-hyuk,195,0,0,0.9677,0.6452,True,False,False,4
5a8368895542992ef85e22b0,Kellie Pickler (album),337,0,0,0.9649,0.5789,True,False,False,5
5a8368895542992ef85e22b0,Best Days of Your Life,131,0,0,0.95,0.4,True,False,False,10
5a8368895542992ef85e22b0,Best Days of Your Life,50,0,0,1.0,0.5,True,False,False,10
5a81381355429938b61422fe,Mission Mountain Wood Band,137,1,1,1.0,0.5,True,False,False,16
5a81381355429938b61422fe,Mission Mountain Wood Band,171,1,1,1.0,0.2,True,False,False,16
5a81381355429938b61422fe,Rob Quist,137,0,0,0.7778,0.3889,False,False,False,19
5a81381355429938b61422fe,Rob Quist,84,0,0,1.0,0.2857,True,False,False,19
5a78b9e2554299029c4b5e5d,Tamsier Joof Aviance,227,0,0,0.8571,0.4643,True,False,False,13
5a78b9e2554299029c4b5e5d,Entrepreneurship,198,0,0,0.6538,0.0769,False,False,False,92
5adf5d0f5542993344016c5f,Marie Brenner,166,0,0,1.0,0.0833,True,False,False,17
5adf5d0f5542993344016c5f,The Insider (film),183,0,0,0.9655,0.4483,True,False,False,27
5ab7f6845542992aa3b8c893,Karol Pniak,212,1,1,1.0,0.6333,True,False,False,9
5ab7f6845542992aa3b8c893,Karol Pniak,49,1,1,1.0,0.5,True,False,False,9
5ab7f6845542992aa3b8c893,Battle of Britain,280,0,0,0.9091,0.3333,True,False,False,213
5ae772625542997ec272765c,2011 Kansas Jayhawks football team,124,1,1,1.0,0.4667,True,False,False,3
5ae772625542997ec272765c,2011 Kansas Jayhawks football team,108,1,1,1.0,0.4737,True,False,False,3
5ae772625542997ec272765c,Big 12 Conference,100,0,0,0.7857,0.2143,False,False,False,83
5ab7faa65542990e739ec7ac,"Plano, Illinois",61,0,1,1.0,0.0,False,False,False,20
5ab7faa65542990e739ec7ac,Man of Steel (film),228,0,0,0.8182,0.303,True,False,False,56
5a8c52e25542995e66a475bc,Occupy Seattle,144,0,0,0.95,0.45,True,False,False,17
5a8c52e25542995e66a475bc,Arab Spring,376,0,0,0.5778,0.0889,False,False,False,120
5ac48d5c5542997ea680ca82,The Tiger Makes Out,164,0,0,0.96,0.52,True,False,False,3
5ac48d5c5542997ea680ca82,The Tiger Makes Out,62,0,0,0.6364,0.3636,False,False,False,3
5ac48d5c5542997ea680ca82,Dustin Hoffman,136,0,0,0.6364,0.0909,False,False,False,88
5ac48d5c5542997ea680ca82,Dustin Hoffman,100,0,0,0.75,0.125,False,False,False,88
5ae4a00b5542995dadf2437e,"Willard, Missouri",60,1,1,1.0,0.6,True,False,False,12
5ae4a00b5542995dadf2437e,"Springfield, Missouri",100,0,0,0.8571,0.0,False,False,False,116
5a7d53a05542991319bc93ac,Skin (Rihanna song),202,1,1,1.0,0.3333,True,False,False,11
5a7d53a05542991319bc93ac,Loud Tour,59,0,0,0.8889,0.1111,True,False,False,15
5a733cc95542991f9a20c6ba,Asian Africans,148,0,0,0.5417,0.0417,False,False,False,20
5a733cc95542991f9a20c6ba,Idi Amin,143,0,0,0.8333,0.25,True,False,False,61
5ab8c6d355429916710eb0ba,Pietro Antonio Lorenzoni,294,0,0,0.9756,1.0,True,False,False,1
5ab8c6d355429916710eb0ba,Leopold Mozart,120,0,0,0.9444,0.5,True,False,False,37
5ab8c6d355429916710eb0ba,Leopold Mozart,150,0,0,1.0,0.3182,True,False,False,37
5a803dbf554299485f598598,Zoey Deutch,40,0,0,0.6667,0.0,False,False,False,22
5a803dbf554299485f598598,Why Him?,200,0,0,1.0,0.5,True,False,False,21
5adce9935542992c1e3a24a5,The Place Beyond the Pines,195,0,0,0.8621,0.4483,True,False,False,29
5adce9935542992c1e3a24a5,Dane DeHaan,458,0,0,0.6833,0.4,False,False,False,12
5a79acd25542996c55b2dc31,Acids in wine,79,0,0,1.0,0.1667,True,False,False,17
5a79acd25542996c55b2dc31,Citric acid,81,0,0,0.75,0.1667,False,False,False,36
5a79acd25542996c55b2dc31,Citric acid,37,1,1,1.0,0.1667,True,True,False,36
5abe4a005542991f66106121,Groningen (province),170,0,0,0.8095,0.0,False,False,False,45
5abe4a005542991f66106121,Wadden Sea,157,0,0,1.0,0.6364,True,False,False,13
5ac173b35542994ab5c67d47,Dallas M. Fitzgerald,196,0,0,0.6875,0.3125,False,False,False,3
5ac173b35542994ab5c67d47,Terry Jones,125,0,0,0.7368,0.3158,False,False,False,38
5a85ab725542997175ce1fed,My Moment (Rebecca Black song),132,1,1,1.0,0.35,True,False,False,8
5a85ab725542997175ce1fed,Friday (Rebecca Black song),138,0,0,1.0,0.55,True,False,False,31
5add94925542990dbb2f7e75,James Durham (baseball),50,1,1,1.0,1.0,True,False,False,1
5add94925542990dbb2f7e75,New in Town,155,0,0,1.0,0.6154,True,False,False,9
5ab328a6554299753aec5951,Anna Alyabyeva,94,0,0,1.0,0.5714,True,False,False,5
5ab328a6554299753aec5951,Astana,66,0,0,0.875,0.0,False,False,False,75
5abfa7b95542997ec76fd41f,Lambert's Cove Beach,138,0,0,1.0,0.5238,True,False,False,2
5abfa7b95542997ec76fd41f,Martha's Vineyard,182,0,0,0.8462,0.2692,True,False,False,64
5ae754155542997b22f6a6de,Robot Chicken (season 6),148,0,0,0.875,0.4583,True,False,False,4
5ae754155542997b22f6a6de,Robot Chicken DC Comics Special,189,0,0,0.9677,0.6129,True,False,False,33
5adee9a95542995ec70e8f42,Adrianna Bertola,177,0,0,0.9643,0.4286,True,False,False,4
5adee9a95542995ec70e8f42,Adrianna Bertola,127,0,0,0.8947,0.1053,True,False,False,4
5adee9a95542995ec70e8f42,Child actor,260,0,0,0.7576,0.303,False,False,False,25
5adee9a95542995ec70e8f42,Child actor,97,0,0,1.0,0.6429,True,False,False,25
5adfe080554299025d62a371,Robyville Bridge,68,1,1,1.0,0.3,True,False,False,3
5adfe080554299025d62a371,Robyville Bridge,100,1,1,1.0,0.3333,True,False,False,3
5adfe080554299025d62a371,Kenduskeag Stream,65,0,0,0.7857,0.2857,False,False,False,3
5adfe080554299025d62a371,Kenduskeag Stream,41,1,1,1.0,0.625,True,False,False,3
5a7d085355429909bec76909,The Best Exotic Marigold Hotel,91,1,1,1.0,0.375,True,False,False,28
5a7d085355429909bec76909,The Best Exotic Marigold Hotel,380,0,0,1.0,0.5818,True,False,False,28
5a7d085355429909bec76909,Judi Dench,176,0,0,1.0,0.3913,True,False,False,62
5ae49f725542995ad6573dc3,Larry Ahern,108,0,1,1.0,0.4444,True,False,False,4
5ae49f725542995ad6573dc3,The Curse of Monkey Island,95,0,0,0.7143,0.0,False,False,False,27
5abd91f055429924427fd05c,Lance Shane King,175,1,1,1.0,1.0,True,False,False,1
5abd91f055429924427fd05c,Australian Youth Olympic Festival,33,1,1,1.0,0.5714,True,True,False,2
5a721a2455429971e9dc926f,Tell Me Why (M.I.A. song),102,0,1,1.0,0.7895,True,False,False,2
5a721a2455429971e9dc926f,Maya (M.I.A. album),198,0,0,0.9091,0.3333,True,False,False,23
5ab7295255429928e1fe3821,CustomMade,39,1,1,1.0,0.5,True,True,False,12
5ab7295255429928e1fe3821,CustomMade,135,0,0,0.9167,0.5417,True,False,False,12
5ab7295255429928e1fe3821,Wayfair,70,0,0,1.0,0.6667,True,False,False,31
5ab7295255429928e1fe3821,Wayfair,114,0,0,0.75,0.4,False,False,False,31
5ae13a2b55429920d5234330,Donald Engelman,169,1,1,1.0,0.4545,True,False,False,5
5ae13a2b55429920d5234330,Brookhaven National Laboratory,229,0,0,0.9697,0.3939,True,False,False,30
5ab3e8f755429976abd1bce9,Live and at Large,136,1,1,1.0,0.6,True,False,False,2
5ab3e8f755429976abd1bce9,Jimmy Webb,88,1,1,1.0,0.5,True,False,False,54
5a85012b5542994c784ddac8,Dream High,188,0,0,0.6875,0.0625,False,False,False,23
5a85012b5542994c784ddac8,Ok Taec-yeon,142,1,1,1.0,0.6667,True,False,False,32
5a800d055542992bc0c4a693,Dallas M. Fitzgerald,196,0,0,0.6875,0.3125,False,False,False,3
5a800d055542992bc0c4a693,Dallas M. Fitzgerald,77,0,1,1.0,0.7143,True,False,False,3
5a800d055542992bc0c4a693,Edgar Selwyn,142,0,0,0.9565,0.6522,True,False,False,5
5a8cff2c554299441c6b9fa5,2011 Sabha clashes,247,1,1,1.0,0.4688,True,False,False,5
5a8cff2c554299441c6b9fa5,Muammar Gaddafi,145,0,0,0.8,0.15,True,False,False,107
5a7225a955429971e9dc92eb,Henri Conneau,102,0,0,0.8667,0.4667,True,False,False,2
5a7225a955429971e9dc92eb,Napoleon III,97,0,0,0.9167,0.0,False,False,False,212
5ae29e2e5542992decbdcd59,Dream chord,43,0,0,0.9091,0.6364,True,False,False,3
5ae29e2e5542992decbdcd59,La Monte Young,160,0,0,0.9565,0.5652,True,False,False,74
5a7a54255542996c55b2dd56,Georgi Bolshakov,158,0,0,1.0,0.72,True,False,False,3
5a7a54255542996c55b2dd56,Georgi Bolshakov,291,1,1,1.0,0.7297,True,False,False,3
5a7a54255542996c55b2dd56,Nikita Khrushchev,318,0,0,0.7561,0.2439,False,False,False,149
5ae1e089554299422ee996b7,Bert Bradley,92,1,1,1.0,1.0,True,False,False,1
5ae1e089554299422ee996b7,Rickey Henderson,258,0,0,0.9487,0.3846,True,False,False,66
5a88ec4e554299206df2b3ae,Farallon Capital,43,0,0,0.8889,0.0,False,False,False,16
5a88ec4e554299206df2b3ae,Tom Steyer,142,0,0,0.9474,0.6842,True,False,False,56
5a8b539a55429971feec46c8,NFL Top 100 Players of 2013,67,1,1,1.0,1.0,True,False,False,1
5a8b539a55429971feec46c8,NFL Top 100 Players of 2013,106,0,0,0.9412,1.0,True,False,False,1
5a8b539a55429971feec46c8,Adrian Peterson,146,0,0,0.6818,0.2273,False,False,False,67
5ab1e3c6554299722f9b4c97,Alex Cox,221,0,0,0.6,0.2667,False,False,False,26
5ab1e3c6554299722f9b4c97,Yannis Smaragdis,70,0,0,0.5714,0.1429,False,False,False,23
5ac29a16554299218029dab7,AN/UYK-44,76,1,1,1.0,0.6154,True,False,False,3
5ac29a16554299218029dab7,AN/UYK-44,101,1,1,1.0,0.6,True,False,False,3
5ac29a16554299218029dab7,Sperry Corporation,154,0,0,0.9565,0.4348,True,False,False,21
5a7d65d75542995f4f402269,Rebelle (fragrance),70,1,1,1.0,0.3636,True,False,False,5
5a7d65d75542995f4f402269,Rebelle (fragrance),83,1,1,1.0,0.6667,True,False,False,5
5a7d65d75542995f4f402269,Reb'l Fleur,77,1,1,1.0,0.5455,True,False,False,9
5a83a4885542992ef85e233b,Larisa Mikhalchenko,131,0,0,0.9333,1.0,True,False,False,1
5a83a4885542992ef85e233b,Lviv,297,0,0,0.4615,0.0769,False,False,False,207
5a8b551f55429971feec46d6,Peter Straker,88,0,0,0.4615,0.0,False,False,False,7
5a8b551f55429971feec46d6,Freddie Mercury,182,0,0,0.9286,0.4286,True,False,False,78
5ab644dd5542995eadeeff93,Tervel Pulev,97,0,0,0.7273,0.0909,False,False,False,11
5ab644dd5542995eadeeff93,Tervel Pulev,78,0,0,0.6667,0.0833,False,False,False,11
5ab644dd5542995eadeeff93,Kubrat Pulev,105,0,0,1.0,0.4167,True,False,False,37
5ab644dd5542995eadeeff93,Kubrat Pulev,140,0,0,0.9474,0.4211,True,False,False,37
5ae38dfc5542994393b9e6f9,Lil Debbie,133,0,0,1.0,0.5909,True,False,False,6
5ae38dfc5542994393b9e6f9,Riff Raff (rapper),161,0,0,0.88,0.4,True,False,False,29
5a81d98b554299676cceb0fd,Poe (singer),91,0,0,1.0,0.5385,True,False,False,50
5a81d98b554299676cceb0fd,The Contortionist,83,1,1,1.0,0.4545,True,False,False,18
5ac3bfd0554299204fd21e2e,Who's Leaving Who,130,1,1,1.0,0.4091,True,False,False,6
5ac3bfd0554299204fd21e2e,Anne Murray,233,0,0,0.7059,0.3529,False,False,False,43
5a82544b55429940e5e1a84f,2012–13 FC Bayern Munich season,231,1,1,1.0,0.4828,True,False,False,14
5a82544b55429940e5e1a84f,2012–13 FC Bayern Munich season,122,1,1,1.0,0.4444,True,False,False,14
5a82544b55429940e5e1a84f,Javi Martínez,174,0,0,0.8519,0.3704,True,False,False,23
5abed5425542990832d3a0e3,Cécile Corbel,133,0,1,1.0,0.2727,True,False,False,11
5abed5425542990832d3a0e3,Studio Ghibli,155,0,0,0.6111,0.2222,False,False,False,61
5a846842554299123d8c223f,Æthelgeard,32,1,1,1.0,0.5,True,True,False,2
5a846842554299123d8c223f,Æthelgeard,132,1,1,1.0,0.4091,True,False,False,2
5a846842554299123d8c223f,Eadwig,139,0,0,0.8333,0.2917,True,False,False,41
5ab28f27554299449642c8f5,Bajaj Priya,153,0,0,1.0,0.56,True,False,False,4
5ab28f27554299449642c8f5,Vespa,66,0,0,1.0,0.3,True,False,False,70
5ab28f27554299449642c8f5,Vespa,31,1,1,1.0,0.5,True,True,False,70
5ae200895542994d89d5b2f5,Cethlenn,174,0,0,0.8095,0.3333,True,False,False,16
5ae200895542994d89d5b2f5,Balor,111,0,0,0.75,0.3125,False,False,False,39
5ae200895542994d89d5b2f5,Balor,74,0,0,0.7692,0.2308,False,False,False,39
5ab5a1175542997d4ad1f195,Maghery Country Park,131,0,0,1.0,1.0,True,False,False,1
5ab5a1175542997d4ad1f195,Craigavon,82,0,0,0.4,1.0,False,False,False,1
5ab5a1175542997d4ad1f195,Craigavon,131,0,0,0.4762,1.0,False,False,False,1
5a7711e65542994aec3b71d9,Beer nuts,139,0,0,0.8,1.0,True,False,False,1
5a7711e65542994aec3b71d9,Peanut,156,0,0,0.9545,0.4091,True,False,False,75
5ae71acf554299572ea546e0,America Olivo,292,0,0,0.925,0.55,True,False,False,9
5ae71acf554299572ea546e0,Maniac (2012 film),156,0,0,0.8182,0.4091,True,False,False,31
5a8f260355429918e830d1a9,834th Airlift Division,79,1,1,1.0,0.4167,True,False,False,38
5a8f260355429918e830d1a9,834th Airlift Division,166,1,1,1.0,0.44,True,False,False,38
5a8f260355429918e830d1a9,Hickam Air Force Base,138,0,0,1.0,0.4737,True,False,False,22
5adf3e0d5542993a75d2643f,"Thebes, Greece",190,1,1,1.0,0.4167,True,False,False,35
5adf3e0d5542993a75d2643f,Oedipus,113,0,0,0.6667,0.1333,False,False,False,44
5ae4972855429913cc2044ac,Russell Willson,255,1,1,1.0,0.6216,True,False,False,10
5ae4972855429913cc2044ac,"Chevy Chase, Maryland",122,0,0,1.0,0.55,True,False,False,17
5ae01a6a554299025d62a3f9,"Ridge Wood Heights, Florida",97,1,1,1.0,0.6,True,False,False,7
5ae01a6a554299025d62a3f9,"Bradenton, Florida",62,0,0,1.0,0.1,True,False,False,50
5a8c4ae95542996e8ac88a51,Beyond the Call,118,1,1,1.0,0.619,True,False,False,4
5a8c4ae95542996e8ac88a51,"Just, Melvin: Just Evil",199,0,0,1.0,0.4615,True,False,False,14
5a8c4ae95542996e8ac88a51,"Just, Melvin: Just Evil",128,0,1,1.0,0.6,True,False,False,14
5ac0482f554299294b218f72,City of Bath Male Choir,264,0,0,0.5,0.05,False,False,False,11
5ac0482f554299294b218f72,Alfie Boe,131,0,0,0.95,0.6,True,False,False,66
5a89077b554299515336126c,Uddel,112,1,1,1.0,0.3846,True,False,False,3
5a89077b554299515336126c,Apeldoorn,50,0,0,0.5,0.0,False,False,False,42
5ade0e195542995b365fabf4,Gopichand Badminton Academy,245,0,0,0.8182,0.4545,True,False,False,10
5ade0e195542995b365fabf4,P. V. Sindhu,139,0,0,0.8636,0.4545,True,False,False,48
5add28b35542994ed6169ca0,Dani Nieto,105,0,0,0.8947,0.6842,True,False,False,8
5add28b35542994ed6169ca0,CD Numancia,132,0,0,0.9524,0.5238,True,False,False,8
5adf362c5542992d7e9f92d1,Megan Amram,72,0,0,0.9167,0.4167,True,False,False,8
5adf362c5542992d7e9f92d1,Megan Amram,134,0,0,0.6667,0.2381,False,False,False,8
5adf362c5542992d7e9f92d1,Disney Channel,342,0,0,0.5,0.0263,False,False,False,44
5ae35c4c5542992e3233c3bb,The High Deeds of Finn MacCool,336,1,1,1.0,0.7436,True,False,False,3
5ae35c4c5542992e3233c3bb,Fairy tale,146,0,0,0.5217,0.0435,False,False,False,92
5ade58d0554299728e26c6da,WJDX-FM,131,0,0,0.6667,0.0556,False,False,False,7
5ade58d0554299728e26c6da,WJDX-FM,94,1,1,1.0,0.8462,True,False,False,7
5ade58d0554299728e26c6da,"Kosciusko, Mississippi",65,0,0,1.0,0.5,True,False,False,15
5ade58d0554299728e26c6da,"Kosciusko, Mississippi",44,1,1,1.0,0.25,True,False,False,15
5a7cccf7554299683c1c6384,The State of Marriage,265,0,1,1.0,0.4412,True,False,False,4
5a7cccf7554299683c1c6384,Beth Robinson,120,0,0,0.9,0.3,True,False,False,13
5a88d0595542993b751ca85f,Where the Stars and Stripes and the Eagle Fly,172,1,1,1.0,0.5833,True,False,False,4
5a88d0595542993b751ca85f,Where the Stars and Stripes and the Eagle Fly,183,0,1,1.0,0.5667,True,False,False,4
5a88d0595542993b751ca85f,Where Were You (When the World Stopped Turning),115,0,0,0.9444,0.2222,True,False,False,17
5a88d0595542993b751ca85f,Where Were You (When the World Stopped Turning),97,0,1,1.0,0.4375,True,False,False,17
5a88d0595542993b751ca85f,Where Were You (When the World Stopped Turning),121,1,1,1.0,0.3889,True,False,False,17
5adc8ce3554299438c868df1,Elektor TV Games Computer,110,0,0,1.0,0.5882,True,False,False,2
5adc8ce3554299438c868df1,Exidy Sorcerer,104,0,0,0.8125,0.3125,True,False,False,29
5ac512e45542994611c8b366,Israelite School of Universal Practical Knowledge,137,0,0,0.8947,0.5789,True,False,False,5
5ac512e45542994611c8b366,Black supremacy,172,0,0,0.84,0.2,True,False,False,12
5ab8174055429916710eafe6,Micah Hauptman,225,0,0,1.0,0.6207,True,False,False,4
5ab8174055429916710eafe6,Parker (2013 film),164,0,0,1.0,0.5,True,False,False,23
5a905f3855429933b8a204fc,2011–12 Kansas Jayhawks men's basketball team,191,1,1,1.0,0.5,True,False,False,5
5a905f3855429933b8a204fc,2011–12 Kansas Jayhawks men's basketball team,89,1,1,1.0,0.5,True,False,False,5
5a905f3855429933b8a204fc,2011–12 Kentucky Wildcats men's basketball team,132,1,1,1.0,0.6667,True,False,False,6
5a905f3855429933b8a204fc,2011–12 Kentucky Wildcats men's basketball team,141,1,1,1.0,0.6087,True,False,False,6
5a8b6ff455429950cd6afd02,Royal Medal of Recompense,86,0,0,1.0,0.3077,True,False,False,4
5a8b6ff455429950cd6afd02,Christian IX of Denmark,81,1,1,1.0,0.3077,True,False,False,47
5a81ea8755429926c1cdadc0,IJscolf,113,1,1,1.0,1.0,True,False,False,1
5a81ea8755429926c1cdadc0,Low Countries,273,0,0,0.5278,0.1667,False,False,False,26
5a7e7cb555429949594199d9,Tommy Pope,139,0,0,0.2917,0.0417,False,False,False,9
5a7e7cb555429949594199d9,Tommy Pope,72,0,0,0.3333,0.0,False,False,False,9
5a7e7cb555429949594199d9,Planes (film),134,0,0,0.9,0.3,True,False,False,30
5a7e7cb555429949594199d9,Planes (film),94,0,0,0.8889,0.1111,True,False,False,30
5a7789565542997042120a9a,Giuseppe Cobolli Gigli,195,0,0,0.9032,0.3226,True,False,False,8
5a7789565542997042120a9a,Benito Mussolini,345,0,0,0.551,0.0612,False,False,False,159
5adcb89a554299438c868e12,2011 North Texas Mean Green football team,136,1,1,1.0,1.0,True,False,False,1
5adcb89a554299438c868e12,Sun Belt Conference,123,0,0,1.0,0.4211,True,False,False,46
5a828b2b55429940e5e1a8ee,"Stonington, Maine",107,0,0,1.0,0.1667,True,False,False,16
5a828b2b55429940e5e1a8ee,"Stonington, Maine",44,0,0,1.0,0.25,True,False,False,16
5a828b2b55429940e5e1a8ee,"Stonington, Maine",193,0,0,0.5357,0.0714,False,False,False,16
5a828b2b55429940e5e1a8ee,"Isle au Haut, Maine",112,0,0,1.0,0.2381,True,False,False,14
5a828b2b55429940e5e1a8ee,"Isle au Haut, Maine",41,0,0,1.0,0.2857,True,False,False,14
5a8c7130554299585d9e36a3,Wapping,95,0,0,0.8462,0.2308,True,False,False,44
5a8c7130554299585d9e36a3,Prospect of Whitby,88,1,1,1.0,0.6,True,False,False,11
5a792ab1554299148911fa15,Aretha Franklin,82,0,0,0.9231,0.2308,True,False,False,67
5a792ab1554299148911fa15,Hahm Eun-jung,135,0,0,0.8696,0.4783,True,False,False,18
5abdb70155429933744ab816,Brook Lopez,123,0,0,0.9048,0.1905,True,False,False,26
5abdb70155429933744ab816,Robin Lopez,140,0,0,0.65,0.15,False,False,False,24
5a7275285542994cef4bc2ae,"Easton, Pennsylvania",91,0,0,1.0,0.2857,True,False,False,46
5a7275285542994cef4bc2ae,"Easton, Pennsylvania",148,0,0,0.7143,0.0476,False,False,False,46
5a7275285542994cef4bc2ae,Delaware River,110,0,0,0.7895,0.1579,False,False,False,54
5a8d5ca1554299585d9e37c3,Nathan Chapman (record producer),86,1,1,1.0,0.6,True,False,False,3
5a8d5ca1554299585d9e37c3,Nathan Chapman (record producer),138,0,0,1.0,0.5789,True,False,False,3
5a8d5ca1554299585d9e37c3,Speak Now,79,0,0,1.0,0.3077,True,False,False,39
5a8d5ca1554299585d9e37c3,Speak Now,60,0,0,0.9091,0.0909,True,False,False,39
5a8d5ca1554299585d9e37c3,Speak Now,130,0,0,0.619,0.0952,False,False,False,39
5a8d5ca1554299585d9e37c3,Speak Now,192,0,0,0.5172,0.0345,False,False,False,39
5a7a37195542996a35c17135,"McCarthy Building (Troy, New York)",127,1,1,1.0,0.4762,True,False,False,4
5a7a37195542996a35c17135,"McCarthy Building (Troy, New York)",112,1,1,1.0,0.5294,True,False,False,4
5a7a37195542996a35c17135,"Cannon Building (Troy, New York)",93,1,1,1.0,0.5625,True,False,False,6
5a7a37195542996a35c17135,"Cannon Building (Troy, New York)",61,1,1,1.0,0.6364,True,False,False,6
5a8cdced554299441c6b9f35,Humberto Cruz,194,0,0,1.0,0.7576,True,False,False,3
5a8cdced554299441c6b9f35,Humberto Cruz,63,0,0,0.6364,0.0909,False,False,False,3
5a8cdced554299441c6b9f35,Cheetah,149,0,0,0.5909,0.0455,False,False,False,85
5a8b37be5542995d1e6f1310,WOWD-LP,268,0,0,1.0,0.6364,True,False,False,3
5a8b37be5542995d1e6f1310,"Takoma Park, Maryland",53,0,0,1.0,0.1111,True,False,False,81
5ab7e3115542995dae37e9d9,From Sydney with Love,75,1,1,1.0,0.4615,True,False,False,3
5ab7e3115542995dae37e9d9,Sohail Sen,83,0,1,1.0,0.1429,True,False,False,10
5a7b3dd355429927d897bf60,Maria Aragon,83,0,0,0.8571,0.4286,True,False,False,8
5a7b3dd355429927d897bf60,Maria Aragon,98,1,1,1.0,0.2778,True,False,False,8
5a7b3dd355429927d897bf60,Born This Way (song),122,1,1,1.0,0.3043,True,False,False,53
5a8fb16655429918e830d2b0,Allison Road (video game),121,0,0,0.8947,0.4737,True,False,False,8
5a8fb16655429918e830d2b0,P.T. (video game),178,0,0,0.8462,0.3462,True,False,False,31
5a76fe955542993569682c95,Richard Dalton (editor),103,1,1,1.0,0.8571,True,False,False,2
5a76fe955542993569682c95,InformationWeek,123,0,0,0.9444,0.6667,True,False,False,10
5a79ca785542994bb94570aa,Shawnee State Fishing Lake,127,0,0,0.875,0.375,True,False,False,3
5a79ca785542994bb94570aa,"Shawnee County, Kansas",101,0,0,0.8235,0.2941,True,False,False,44
5a77db9855429967ab1052d5,Happy Home (song),144,0,0,0.95,0.55,True,False,False,4
5a77db9855429967ab1052d5,Hitlisten,115,0,0,0.7778,0.4444,False,False,False,21
5a7fd5c155429969796c1b85,Alex Flett,134,0,0,1.0,0.7,True,False,False,3
5a7fd5c155429969796c1b85,Cleethorpes Town F.C.,103,1,1,1.0,0.5385,True,False,False,4
5ac26a2c55429921a00aaf62,Robot Chicken (season 6),148,0,0,0.875,0.4583,True,False,False,4
5ac26a2c55429921a00aaf62,Robot Chicken DC Comics Special,189,0,0,0.9677,0.6129,True,False,False,33
5ab8a3cc55429919ba4e233f,The Scorch Trials,70,0,0,0.9091,0.2727,True,False,False,24
5ab8a3cc55429919ba4e233f,The Death Cure,181,0,0,0.9259,0.5185,True,False,False,22
5ac2add9554299657fa2900e,Rosamund Hanson,266,0,1,1.0,0.5,True,False,False,4
5ac2add9554299657fa2900e,This Is England,83,1,1,1.0,0.5714,True,False,False,17
5a8dac0b554299068b959d8c,Gediminas Vičius,187,1,1,1.0,0.7,True,False,False,5
5a8dac0b554299068b959d8c,I Lyga,101,0,0,0.6667,0.0667,False,False,False,10
5a7f740055429969796c1a5c,Foshan Lingnan Mingzhu Gymnasium,62,1,1,1.0,1.0,True,False,False,1
5a7f740055429969796c1a5c,Boxing at the 2010 Asian Games,107,0,0,0.9444,1.0,True,False,False,1
5a8394235542996488c2e464,"Kintore, Western Australia",177,0,0,0.9091,0.5909,True,False,False,2
5a8394235542996488c2e464,Ghost town,107,0,0,0.9375,0.375,True,False,False,61
5ac433215542991943173942,Gilbert Kurland,110,1,1,1.0,0.625,True,False,False,2
5ac433215542991943173942,Bride of Frankenstein,176,0,0,0.9048,0.3333,True,False,False,47
5ae0ac0f55429945ae95940f,Diplocyclos,80,1,1,1.0,0.5385,True,False,False,2
5ae0ac0f55429945ae95940f,Edgeworthia,74,1,1,1.0,0.5833,True,False,False,2
5ae4ccbe55429960a22e01ec,Battle of Hühnerwasser,75,0,0,1.0,0.4,True,False,False,4
5ae4ccbe55429960a22e01ec,Austro-Prussian War,457,0,0,0.8372,0.2326,True,False,False,51
5a7fbcb75542995d8a8ddf09,Sungkyunkwan Scandal,127,0,0,1.0,0.35,True,False,False,6
5a7fbcb75542995d8a8ddf09,Yoo Ah-in,268,0,0,0.973,0.4865,True,False,False,46
5abafab65542992ccd8e7e8f,John Boyega,127,0,0,0.7143,0.1905,False,False,False,17
5abafab65542992ccd8e7e8f,Attack the Block,179,0,0,0.9259,0.4815,True,False,False,36
5ae059ff554299603e418401,Jadeite Cabbage,182,1,1,1.0,0.381,True,False,False,6
5ae059ff554299603e418401,Napa cabbage,45,0,0,0.8571,0.1429,True,False,False,43
5ae059ff554299603e418401,Napa cabbage,166,0,0,1.0,0.5417,True,False,False,43
5a77a5b95542992a6e59df51,Reactor Institute Delft,161,0,0,0.8889,0.4444,True,False,False,3
5a77a5b95542992a6e59df51,Delft University of Technology,192,0,0,0.7143,0.0952,False,False,False,86
5a7bbe62554299294a54aaad,Hadım Sinan Pasha,227,0,0,0.8,0.28,True,False,False,5
5a7bbe62554299294a54aaad,Hadım Sinan Pasha,22,0,0,0.6,0.0,False,True,False,5
5a7bbe62554299294a54aaad,Eunuch,159,0,0,0.48,0.04,False,False,False,109
5abcfef455429965836004e8,"History of Albany, New York (prehistory–1664)",104,1,1,1.0,0.1111,True,False,False,9
5abcfef455429965836004e8,Castle Island (New York),166,0,0,0.8421,0.1579,True,False,False,6
5adfe70b55429906c02daa86,Woltermann Memorial Airport,150,0,0,0.8571,0.619,True,False,False,4
5adfe70b55429906c02daa86,"Columbus, Montana",44,0,0,1.0,0.25,True,False,False,21
5abb11ae554299232ef4a3c5,George Toomey,82,1,1,1.0,1.0,True,False,False,1
5abb11ae554299232ef4a3c5,George Toomey,91,1,1,1.0,1.0,True,False,False,1
5abb11ae554299232ef4a3c5,"Cottonwood Falls, Kansas",77,0,0,1.0,0.25,True,False,False,27
5a8089ad5542992bc0c4a764,The World (nightclub),302,0,0,1.0,0.8158,True,False,False,4
5a8089ad5542992bc0c4a764,RuPaul,171,0,0,0.6522,0.2174,False,False,False,48
5a749ea755429979e28829c7,Loyalist Volunteer Force,132,1,1,1.0,0.375,True,False,False,67
5a749ea755429979e28829c7,Billy Wright (loyalist),176,0,0,0.7692,0.1923,False,False,False,65
5ab681f65542995eadef0018,Duchy of Genoa,171,0,0,0.8182,0.4545,True,False,False,7
5ab681f65542995eadef0018,Congress of Vienna,290,0,0,0.6316,0.2105,False,False,False,73
5abbd42055429931dba1458f,John Lisnik,77,1,1,1.0,0.8333,True,False,False,2
5abbd42055429931dba1458f,Caribou High School,39,0,0,0.3333,0.0,False,True,False,4
5a8a28415542992d82986ed0,"Oosterwolde, Gelderland",80,1,1,1.0,0.6923,True,False,False,2
5a8a28415542992d82986ed0,Zwolle,92,0,0,1.0,0.2727,True,False,False,26
5ae64eb55542992ae0d162c8,Walang Hanggan (2012 TV series),249,0,0,0.875,0.4375,True,False,False,21
5ae64eb55542992ae0d162c8,Wuthering Heights,160,0,0,0.5,0.125,False,False,False,106
5a7602eb554299109176e5fc,Pontotoc County Courthouse,73,1,1,1.0,1.0,True,False,False,1
5a7602eb554299109176e5fc,"Ada, Oklahoma",88,0,0,0.9231,0.3077,True,False,False,30
5adf678e5542992d7e9f9338,Greg Gianforte,121,0,0,0.75,0.05,False,False,False,63
5adf678e5542992d7e9f9338,Ryan Zinke,186,0,0,0.8462,0.4231,True,False,False,59
5ae653035542992ae0d162d8,The Words (film),132,0,0,1.0,0.5714,True,False,False,20
5ae653035542992ae0d162d8,The Words (film),111,1,1,1.0,0.8235,True,False,False,20
5ae653035542992ae0d162d8,Ben Barnes (actor),340,0,0,0.4444,0.0278,False,False,False,21
5abf9bb05542997ec76fd401,James Ponsoldt,197,0,1,1.0,0.6522,True,False,False,13
5abf9bb05542997ec76fd401,The Circle (2017 film),164,0,0,0.9583,0.4167,True,False,False,18
5a7f4ef85542992e7d278ceb,Interstate 90,84,0,0,0.7857,0.2143,False,False,False,52
5a7f4ef85542992e7d278ceb,Homestake Pass,89,1,1,1.0,0.4615,True,False,False,6
5ac09405554299294b219011,How Starbucks Saved My Life,108,1,1,1.0,0.75,True,False,False,3
5ac09405554299294b219011,Tom Hanks,76,1,1,1.0,0.2308,True,False,False,68
5adccb8655429947343537a4,Cody Hodges,217,0,0,1.0,0.5833,True,False,False,9
5adccb8655429947343537a4,Cody Hodges,122,1,1,1.0,0.2778,True,False,False,9
5adccb8655429947343537a4,Cody Hodges,256,1,1,1.0,0.4865,True,False,False,9
5adccb8655429947343537a4,Seth Doege,129,0,0,0.8824,0.5294,True,False,False,17
5adccb8655429947343537a4,Seth Doege,59,0,0,0.9,0.3,True,False,False,17
5ae1e9c75542997283cd22d6,Idrissa Sylla,147,0,0,0.6818,0.3182,False,False,False,7
5ae1e9c75542997283cd22d6,Idrissa Sylla,95,1,1,1.0,0.75,True,False,False,7
5ae1e9c75542997283cd22d6,Chris Waddle,148,0,0,0.8947,0.5263,True,False,False,35
5a83c9385542990548d0b233,Boston Express,108,0,0,0.9412,0.6471,True,False,False,2
5a83c9385542990548d0b233,Concord Coach Lines,125,0,0,1.0,0.6111,True,False,False,8
5ac30176554299218029dbba,2012–13 Washington Huskies men's basketball team,123,1,1,1.0,1.0,True,False,False,1
5ac30176554299218029dbba,Pac-12 Conference,197,0,0,0.875,0.4167,True,False,False,94
5ae541665542990ba0bbb241,Keyway Air Transport,285,1,1,1.0,1.0,True,False,False,1
5ae541665542990ba0bbb241,Boeing 707,136,0,0,0.5217,0.1304,False,False,False,84
5ae541665542990ba0bbb241,Boeing 707,92,0,0,0.6667,0.0667,False,False,False,84
5a8b41cf5542997f31a41cc8,Pavel Křížkovský,118,0,0,1.0,0.5263,True,False,False,3
5a8b41cf5542997f31a41cc8,Choir,89,1,1,1.0,0.3571,True,False,False,50
5ae010a0554299025d62a3dd,Christoph Willibald Gluck,149,0,0,1.0,0.4167,True,False,False,63
5ae010a0554299025d62a3dd,Camille Saint-Saëns,179,0,0,0.88,0.32,True,False,False,62
5ae682355542996d980e7bb6,The Color Purple,161,0,0,0.9583,0.125,True,False,False,27
5ae682355542996d980e7bb6,Alice Walker,111,0,0,1.0,0.4706,True,False,False,48
5ae8193755429952e35eaa14,Clayton Mark,296,1,1,1.0,0.5789,True,False,False,9
5ae8193755429952e35eaa14,Marktown,221,1,1,1.0,0.6129,True,False,False,6
5abe9dc75542991f661061b2,Gilles Caussade,89,1,1,1.0,0.7857,True,False,False,3
5abe9dc75542991f661061b2,Amélie,184,0,0,0.5556,0.0741,False,False,False,25
5a811b1955429938b61422c8,Old Style Saloon No. 10,80,1,1,1.0,0.5,True,False,False,4
5a811b1955429938b61422c8,"Deadwood, South Dakota",144,0,0,1.0,0.6522,True,False,False,41
5ab4f52b5542991779162d31,The Story of Us (song),139,0,1,1.0,0.125,True,False,False,16
5ab4f52b5542991779162d31,Speak Now,60,0,0,0.9091,0.0909,True,False,False,39
5a72118255429971e9dc923b,University of New South Wales,152,0,0,0.7895,0.0526,False,False,False,88
5a72118255429971e9dc923b,University of New South Wales,204,0,0,0.6897,0.1724,False,False,False,88
5a72118255429971e9dc923b,Batangas State University,127,0,0,1.0,0.3529,True,False,False,17
5a8b99035542997f31a41d7d,Never (Past Tense),128,0,0,0.913,0.3913,True,False,False,2
5a8b99035542997f31a41d7d,Tina Arena,184,0,0,0.875,0.5,True,False,False,145
5ade08575542990dbb2f7f32,Jed Prouty Tavern and Inn,117,1,1,1.0,0.45,True,False,False,4
5ade08575542990dbb2f7f32,"Hancock County, Maine",129,0,0,1.0,0.6111,True,False,False,17
5ab731cf5542993667793f7f,Peter Jackson,144,0,0,0.8095,0.381,True,False,False,65
5ab731cf5542993667793f7f,Pam Veasey,96,0,0,0.3333,0.0667,False,False,False,6
5a8b41b655429949d91db511,My Little Red Book,162,0,0,0.48,0.04,False,False,False,18
5a8b41b655429949d91db511,British Invasion,274,0,0,0.9722,0.4444,True,False,False,31
5a7586145542992db9473673,Ainulindalë,184,0,0,0.9524,0.4286,True,False,False,20
5a7586145542992db9473673,The Silmarillion,202,0,0,0.8621,0.2414,True,False,False,59
5a80b65c5542992bc0c4a7c6,Heaven Can Wait (Charlotte Gainsbourg song),93,0,1,1.0,0.7692,True,False,False,3
5a80b65c5542992bc0c4a7c6,Beck,159,0,0,0.9091,0.4091,True,False,False,61
5a80b65c5542992bc0c4a7c6,Beck,85,0,0,0.7333,0.2,False,False,False,61
5a8087d55542992bc0c4a757,Liam Neeson,74,0,0,0.4615,0.0,False,False,False,40
5a8087d55542992bc0c4a757,Next of Kin (1989 film),87,1,1,1.0,0.6,True,False,False,16
5a82636b55429954d2e2eb25,Blue Sky Mining,149,0,0,0.88,0.32,True,False,False,4
5a82636b55429954d2e2eb25,Midnight Oil,230,0,0,0.7714,0.0571,False,False,False,72
5a7fe6e35542994857a7683b,Chains Around My Heart,143,0,0,0.75,1.0,False,False,False,1
5a7fe6e35542994857a7683b,Richard Marx,177,0,0,0.8148,0.5185,True,False,False,44
5ac5050a5542994611c8b31b,Applied Physics A,153,0,1,1.0,0.6316,True,False,False,4
5ac5050a5542994611c8b31b,Applied Physics B,118,1,1,1.0,0.6471,True,False,False,2
5a8bac875542996e8ac889a6,Less Deep Inside Keeps,107,0,0,0.9444,1.0,True,False,False,1
5a8bac875542996e8ac889a6,Ian MacKaye,139,0,0,0.8,0.35,True,False,False,37
5a77092f5542994aec3b71c9,2010 Hungaroring GP2 Series round,111,0,0,0.4444,0.0,False,False,False,3
5a77092f5542994aec3b71c9,Esteban Gutiérrez,116,0,0,0.9524,0.4286,True,False,False,34
5ac1d7045542991316484bc4,Miniatürk,101,0,0,0.8333,0.4444,True,False,False,3
5ac1d7045542991316484bc4,"Church of SS Peter and Paul, Istanbul",189,0,0,0.5,0.1429,False,False,False,9
5ac2b165554299218029daf7,"Raymond, Montana",103,0,0,0.9286,0.7143,True,False,False,3
5ac2b165554299218029daf7,"Plentywood, Montana",87,1,1,1.0,0.5,True,False,False,24
5a77722255429966f1a36d50,Papyrus Oxyrhynchus 32,37,1,1,1.0,0.5714,True,True,False,2
5a77722255429966f1a36d50,Bodleian Library,128,0,0,1.0,0.3333,True,False,False,56
5a882fd85542994846c1ce0c,Jim Price (tight end),196,0,0,0.8966,0.4828,True,False,False,12
5a882fd85542994846c1ce0c,"Englewood, New Jersey",72,0,0,0.9167,0.25,True,False,False,56
5a889253554299206df2b2fd,Lino Facioli,156,0,0,0.8,0.2,True,False,False,4
5a889253554299206df2b2fd,Get Him to the Greek,151,0,0,0.9583,0.3333,True,False,False,25
5ae72484554299572ea54729,"Auburn, Kansas",58,1,1,1.0,0.4,True,False,False,20
5ae72484554299572ea54729,"Shawnee County, Kansas",113,0,0,0.875,0.3125,True,False,False,44
5ab402a6554299753aec5a1d,Maurice Davis,214,1,1,1.0,0.5862,True,False,False,12
5ab402a6554299753aec5a1d,Lyndon B. Johnson,127,0,0,0.8235,0.0588,True,False,False,136
5a770add55429972597f141a,Back from Earth,77,0,0,0.9231,1.0,True,False,False,1
5a770add55429972597f141a,Back from Earth,75,1,1,1.0,1.0,True,False,False,1
5a770add55429972597f141a,Back from Earth,103,0,1,1.0,1.0,True,False,False,1
5a770add55429972597f141a,Megalithic Symphony,144,0,0,0.9545,0.8182,True,False,False,5
5a770add55429972597f141a,Megalithic Symphony,69,1,1,1.0,0.6923,True,False,False,5
5ab950f5554299753720f7f2,Crowdrise,113,1,1,1.0,0.75,True,False,False,3
5ab950f5554299753720f7f2,Shauna Robertson,63,0,0,0.9,0.4,True,False,False,6
5ab950f5554299753720f7f2,Shauna Robertson,221,0,0,0.9655,0.2759,True,False,False,6
5a81489355429938b6142323,SpongeBob SquarePants (season 9),335,0,0,0.8636,0.4318,True,False,False,18
5a81489355429938b6142323,Extreme Spots,159,0,0,0.6,0.04,False,False,False,11
5a81489355429938b6142323,Extreme Spots,120,0,0,0.3333,0.0952,False,False,False,11
5ac255bc55429951e9e68552,Holland Roden,127,0,0,0.8696,0.4348,True,False,False,8
5ac255bc55429951e9e68552,Teen Wolf (2011 TV series),75,0,0,1.0,0.4615,True,False,False,41
5ac48640554299204fd21f7a,Songhor Lagoon,140,1,1,1.0,0.5217,True,False,False,9
5ac48640554299204fd21f7a,Ada Foah,71,0,0,0.6429,0.0,False,False,False,16
5a8cdad5554299441c6b9f29,Clark Mountain (Maine),79,1,1,1.0,1.0,True,False,False,1
5a8cdad5554299441c6b9f29,"Androscoggin County, Maine",67,0,0,0.9167,0.1667,True,False,False,17
5a8cdad5554299441c6b9f29,"Androscoggin County, Maine",59,0,0,0.9091,0.1818,True,False,False,17
5a81378355429926c1cdad18,Colin Sauer,107,1,1,1.0,1.0,True,False,False,1
5a81378355429926c1cdad18,Adrian Boult,83,1,1,1.0,0.1538,True,False,False,52
5a84d57a5542992a431d1aaf,The Urban Lawyer,174,0,1,1.0,0.5238,True,False,False,11
5a84d57a5542992a431d1aaf,University of Missouri–Kansas City School of Law,199,0,0,0.9,0.2,True,False,False,31
5ae7abcc55429952e35ea9b4,Cars Land,116,1,1,1.0,0.2632,True,False,False,14
5ae7abcc55429952e35ea9b4,Radiator Springs Racers,118,0,0,0.8421,0.3158,True,False,False,8
5ae235b85542994d89d5b396,Pianomania,183,1,1,1.0,0.5357,True,False,False,15
5ae235b85542994d89d5b396,Alfred Brendel,180,0,0,0.8,0.32,True,False,False,19
5ab214d2554299722f9b4ca8,Pakistani cricket team in Ireland in 2011,139,1,1,1.0,1.0,True,False,False,1
5ab214d2554299722f9b4ca8,Saeed Ajmal,56,1,1,1.0,0.4545,True,False,False,22
5ae18e755542997283cd222b,"Maplewood Park, Ohio",90,0,0,0.8571,0.6429,True,False,False,5
5ae18e755542997283cd222b,"Youngstown, Ohio",141,0,0,0.6667,0.0,False,False,False,90
5a8cfba5554299441c6b9f9a,"Fords Branch, Kentucky",92,1,1,1.0,1.0,True,False,False,1
5a8cfba5554299441c6b9f9a,"Pike County, Kentucky",29,1,1,1.0,0.4,True,True,False,27
5a845a5e554299123d8c221b,Hungarian Rhapsody: Queen Live in Budapest,134,0,0,1.0,1.0,True,False,False,1
5a845a5e554299123d8c221b,Hungarian Rhapsody: Queen Live in Budapest,132,0,1,1.0,1.0,True,False,False,1
5a845a5e554299123d8c221b,Bohemian Rhapsody,61,0,0,1.0,0.0909,True,False,False,76
5a845a5e554299123d8c221b,Bohemian Rhapsody,83,0,0,0.875,0.125,True,False,False,76
5ae32a5b5542994393b9e63b,Sean Masterson,199,0,1,1.0,0.4483,True,False,False,7
5ae32a5b5542994393b9e63b,Sean Masterson,78,0,0,1.0,0.1667,True,False,False,7
5ae32a5b5542994393b9e63b,Drew Carey's Improv-A-Ganza,133,0,0,1.0,0.3636,True,False,False,7
5a81d968554299676cceb0fb,Jim Betts (politician),57,1,1,1.0,1.0,True,False,False,1
5a81d968554299676cceb0fb,John Glenn,81,0,0,0.9286,0.2857,True,False,False,80
5a84656d5542990548d0b2ae,Kkakdugi,73,0,0,1.0,0.25,True,False,False,13
5a84656d5542990548d0b2ae,Kkakdugi,163,0,0,0.5217,0.0435,False,False,False,13
5a84656d5542990548d0b2ae,Napa cabbage,45,0,0,0.8571,0.1429,True,False,False,43
5a84656d5542990548d0b2ae,Napa cabbage,166,0,0,1.0,0.5417,True,False,False,43
5abc52255542996583600440,Straight blast,127,1,1,1.0,0.6364,True,False,False,5
5abc52255542996583600440,Jeet Kune Do,165,0,0,0.7727,0.1364,False,False,False,33
5a73e2a755429905862fe0f0,BAR 004,103,0,0,1.0,0.25,True,False,False,6
5a73e2a755429905862fe0f0,BAR 004,54,0,0,0.6667,0.0,False,False,False,6
5a73e2a755429905862fe0f0,Jacques Villeneuve,214,0,0,0.6429,0.1071,False,False,False,48
5adead9955429975fa854f69,Jeffrey Shaw,73,0,0,0.8333,0.3333,True,False,False,71
5adead9955429975fa854f69,Jeffrey Shaw,199,0,0,0.4815,0.0,False,False,False,71
5adead9955429975fa854f69,University of New South Wales,152,0,0,0.7895,0.0526,False,False,False,88
5adead9955429975fa854f69,University of New South Wales,204,0,0,0.6897,0.1724,False,False,False,88
5ac240c255429951e9e684ed,No.8 rifle,163,0,0,1.0,0.625,True,False,False,3
5ac240c255429951e9e684ed,Lee–Enfield,199,0,0,0.931,0.2759,True,False,False,108
5ac1e76d5542991316484bc7,Martin Schröder (aviator),174,1,1,1.0,0.7037,True,False,False,4
5ac1e76d5542991316484bc7,Martinair,159,0,0,1.0,0.5909,True,False,False,25
5a884af955429938390d3f24,Gold Mountain Casino,198,1,1,1.0,1.0,True,False,False,1
5a884af955429938390d3f24,WinStar World Casino,145,0,0,0.75,0.5417,False,False,False,8
5a845f30554299123d8c2225,Dan Lozano,89,0,0,0.9286,0.4286,True,False,False,8
5a845f30554299123d8c2225,Dan Lozano,193,0,0,1.0,0.4333,True,False,False,8
5a845f30554299123d8c2225,Joey Votto,151,1,1,1.0,0.5,True,False,False,62
5ae1438b55429920d523435c,Manifesto of the Fascist Intellectuals,218,0,0,0.7727,0.2727,False,False,False,6
5ae1438b55429920d523435c,Manifesto of the Fascist Intellectuals,333,0,1,1.0,0.675,True,False,False,6
5ae1438b55429920d523435c,Benito Mussolini,345,0,0,0.551,0.0612,False,False,False,159
5a7bb6cc5542997c3ec97260,"Eaton School (Norridgewock, Maine)",164,1,1,1.0,0.4783,True,False,False,4
5a7bb6cc5542997c3ec97260,"Eaton School (Norridgewock, Maine)",193,0,0,1.0,0.2424,True,False,False,4
5a7bb6cc5542997c3ec97260,"Somerset County, Maine",80,0,0,0.9167,0.25,True,False,False,13
5a7bb6cc5542997c3ec97260,"Somerset County, Maine",49,0,0,1.0,0.3333,True,False,False,13
5a80c0705542992bc0c4a813,Roger Craig Smith,97,0,0,0.7647,0.2353,False,False,False,5
5a80c0705542992bc0c4a813,Avengers Assemble (TV series),134,1,1,1.0,0.4444,True,False,False,27
5a80c0705542992bc0c4a813,Avengers Assemble (TV series),146,0,0,1.0,0.4211,True,False,False,27
5a903f8e5542990a984935ba,Egon Bondy's Happy Hearts Club Banned,90,0,1,1.0,0.7333,True,False,False,2
5a903f8e5542990a984935ba,Sgt. Pepper's Lonely Hearts Club Band,98,0,0,1.0,0.25,True,False,False,112
5ae273dc5542992decbdcd08,William Sellers,226,0,0,0.9688,0.6875,True,False,False,7
5ae273dc5542992decbdcd08,Joseph Whitworth,138,1,1,1.0,0.6316,True,False,False,23
5a8e3c7f5542995085b373ff,2005–06 Detroit Pistons season,161,1,1,1.0,0.6316,True,False,False,3
5a8e3c7f5542995085b373ff,2005–06 Detroit Pistons season,341,0,0,0.9756,0.7561,True,False,False,3
5a8e3c7f5542995085b373ff,2005–06 Miami Heat season,122,1,1,1.0,0.5385,True,False,False,19
5a8e3c7f5542995085b373ff,2005–06 Miami Heat season,83,0,0,0.9375,0.375,True,False,False,19
5a8675575542994775f60770,The Best Exotic Marigold Hotel,380,0,0,1.0,0.5818,True,False,False,28
5a8675575542994775f60770,Dev Patel,51,0,0,0.8,0.0,False,False,False,22
5a8675575542994775f60770,Dev Patel,242,0,0,0.5946,0.1351,False,False,False,22
5a79e5b85542994f819ef0f9,John Rankine,300,0,0,0.05,1.0,False,False,False,1
5a79e5b85542994f819ef0f9,Anthony Burgess,196,0,0,0.7037,0.2963,False,False,False,62
5a8ffe625542995651fb5099,Bear Hands,159,0,0,1.0,0.7692,True,False,False,6
5a8ffe625542995651fb5099,Matchbox Twenty,78,0,0,1.0,0.5,True,False,False,26
5a763b3e554299109176e6c6,Iolaus alexanderi,85,0,0,1.0,1.0,True,False,False,1
5a763b3e554299109176e6c6,Iolaus alexanderi,47,1,1,1.0,1.0,True,False,False,1
5a763b3e554299109176e6c6,Ivory Coast,119,0,0,0.875,0.1875,True,False,False,84
5ab9229555429934fafe6e67,Waltz 2 (XO),70,1,1,1.0,0.6667,True,False,False,4
5ab9229555429934fafe6e67,Elliott Smith,147,0,0,0.913,0.3913,True,False,False,66
5ab9229555429934fafe6e67,Elliott Smith,167,0,0,1.0,0.6364,True,False,False,66
5ae747f95542997b22f6a672,Black Spurs,141,0,0,1.0,0.5217,True,False,False,5
5ae747f95542997b22f6a672,Lon Chaney Jr.,59,0,0,1.0,0.1818,True,False,False,48
5adc31bd5542994650320caa,Katy Garretson,252,0,0,0.7838,0.3514,False,False,False,8
5adc31bd5542994650320caa,Fuller House (TV series),164,0,0,1.0,0.48,True,False,False,31
5ae379205542992f92d822ca,Lagarosiphon,71,1,1,1.0,0.7273,True,False,False,5
5ae379205542992f92d822ca,Agave,51,0,0,1.0,0.4444,True,False,False,30
5a8f5d2a5542992414482a7c,William Traylor,188,1,1,1.0,0.4516,True,False,False,12
5a8f5d2a5542992414482a7c,Sean Penn,96,0,0,0.8,0.4,True,False,False,51
5a8f5d2a5542992414482a7c,Sean Penn,117,0,0,0.95,0.1,True,False,False,51
5a7faba65542995d8a8ddeeb,The Artists' Studio,240,0,0,0.6757,0.4054,False,False,False,8
5a7faba65542995d8a8ddeeb,The Music Man,124,1,1,1.0,0.2778,True,False,False,48
5a7a00475542996c55b2dccc,Dieter Zorc,84,0,0,0.9231,1.0,True,False,False,1
5a7a00475542996c55b2dccc,Michael Zorc,101,0,0,0.9375,0.6875,True,False,False,7
5a907e245542995651fb516d,Fletcher v. Peck,157,0,0,0.9583,0.5,True,False,False,7
5a907e245542995651fb516d,Brown v. Board of Education,237,0,0,0.8108,0.1892,True,False,False,77
5ab918f25542991b5579f0f6,Home (2015 film),152,0,0,0.8636,0.4091,True,False,False,25
5ab918f25542991b5579f0f6,Home (2015 film),179,0,0,0.9286,0.3214,True,False,False,25
5ab918f25542991b5579f0f6,Jim Parsons,64,1,1,1.0,0.6364,True,False,False,22
5ab852db55429934fafe6d5e,Lego Harry Potter: Years 5–7,392,0,0,1.0,0.6111,True,False,False,8
5ab852db55429934fafe6d5e,Harry Potter and the Deathly Hallows – Part 1,141,0,0,0.7727,0.0909,False,False,False,56
5ae7e9be5542993210983fb9,Glencull,112,0,0,0.5625,0.375,False,False,False,2
5ae7e9be5542993210983fb9,County Tyrone,126,0,0,0.5263,0.0,False,False,False,20
5a7cbc3a55429909bec767e9,Brook Lopez,123,0,0,0.9048,0.1905,True,False,False,26
5a7cbc3a55429909bec767e9,Robin Lopez,159,1,1,1.0,0.3913,True,False,False,24
5a8303d855429966c78a6ae6,Under Siege,162,0,0,0.6774,0.1613,False,False,False,27
5a8303d855429966c78a6ae6,USS Missouri (BB-63),169,0,0,0.875,0.3333,True,False,False,62
5ac560505542993e66e82399,Seo Young-hee,141,0,1,1.0,1.0,True,False,False,1
5ac560505542993e66e82399,Bedevilled (2010 film),133,0,0,0.96,0.56,True,False,False,7
5ae36f0f5542990afbd1e144,The Hunger Games (film),158,0,0,0.88,0.32,True,False,False,52
5ae36f0f5542990afbd1e144,The Hunger Games (film),153,1,1,1.0,0.25,True,False,False,52
5ae36f0f5542990afbd1e144,The Hunger Games (film),366,0,0,0.6875,0.3125,False,False,False,52
5ae36f0f5542990afbd1e144,Liam Hemsworth,61,1,1,1.0,0.6,True,False,False,20
5ae36f0f5542990afbd1e144,Liam Hemsworth,139,0,0,0.9048,0.0,False,False,False,20
5ae36f0f5542990afbd1e144,Liam Hemsworth,163,0,0,1.0,0.5909,True,False,False,20
5adc1ca6554299438c868d61,String Quartet No. 14 (Dvořák),46,0,0,0.9,0.3,True,False,False,2
5adc1ca6554299438c868d61,String Quartet No. 14 (Dvořák),178,0,0,0.9643,0.8214,True,False,False,2
5adc1ca6554299438c868d61,Antonín Dvořák,83,0,0,1.0,0.4667,True,False,False,89
5adc1ca6554299438c868d61,Antonín Dvořák,89,0,0,0.5714,0.0714,False,False,False,89
5a7df4795542990b8f503b08,Maurice Elvey,105,0,0,0.9412,0.6471,True,False,False,7
5a7df4795542990b8f503b08,Chester Erskine,112,0,0,0.375,0.1875,False,False,False,5
5ae29ff65542992decbdcd5f,Operation Sinaloa,236,1,1,1.0,0.52,True,False,False,20
5ae29ff65542992decbdcd5f,Federal Police (Mexico),215,0,0,0.65,0.2,False,False,False,25
5add17465542990d50227dd7,Hagbard and Signe,329,0,0,0.7333,1.0,False,False,False,1
5add17465542990d50227dd7,Saxo Grammaticus,119,0,0,0.8235,0.2941,True,False,False,19
5ab3b4fb554299753aec59be,Æthelgeard,132,1,1,1.0,0.4091,True,False,False,2
5ab3b4fb554299753aec59be,Eadwig,139,0,0,0.8333,0.2917,True,False,False,41
5a85c6c65542992a431d1b9d,Plain Pat,194,0,0,0.8929,0.3929,True,False,False,7
5a85c6c65542992a431d1b9d,Plain Pat,236,1,1,1.0,0.625,True,False,False,7
5a85c6c65542992a431d1b9d,Ja Rule,198,0,0,0.7333,0.2333,False,False,False,54
5a80ce0155429938b61421f2,Joanna of Castile,141,0,0,0.7826,0.3043,False,False,False,45
5a80ce0155429938b61421f2,Joanna of Castile,54,0,0,1.0,0.3333,True,False,False,45
5a80ce0155429938b61421f2,Philip I of Castile,145,0,0,0.8261,0.3043,True,False,False,61
5a80ce0155429938b61421f2,Philip I of Castile,329,0,0,0.5366,0.0488,False,False,False,61
5a71181e5542994082a3e580,Houghton County Courthouse,112,1,1,1.0,0.4667,True,False,False,4
5a71181e5542994082a3e580,"Houghton, Michigan",136,0,0,1.0,0.3684,True,False,False,49
5a73ad0155429978a71e9079,Voices of the Lifestream,168,0,1,1.0,0.4231,True,False,False,8
5a73ad0155429978a71e9079,Nobuo Uematsu,182,0,0,0.6296,0.0741,False,False,False,16
5a73ad0155429978a71e9079,Nobuo Uematsu,138,0,0,0.7273,0.2273,False,False,False,16
5ab1f65e554299706120959d,Young's interference experiment,213,1,1,1.0,0.5455,True,False,False,15
5ab1f65e554299706120959d,Young's interference experiment,90,1,1,1.0,0.4286,True,False,False,15
5ab1f65e554299706120959d,Thomas Young (scientist),80,0,0,0.6429,0.2143,False,False,False,44
5abc46e8554299114383a109,2010–11 Dallas Mavericks season,104,0,0,0.7143,0.0,False,False,False,34
5abc46e8554299114383a109,2010–11 Miami Heat season,213,1,1,1.0,0.1613,True,False,False,50
5abc7b8f5542993a06baf8ee,Nakajima Ki-87,84,1,1,1.0,0.4667,True,False,False,7
5abc7b8f5542993a06baf8ee,Interceptor aircraft,193,0,0,0.8636,0.3182,True,False,False,32
5ae181de55429901ffe4aeda,"Pixley, Kansas",43,0,0,0.75,1.0,False,False,False,1
5ae181de55429901ffe4aeda,"Medicine Lodge, Kansas",104,0,0,0.875,0.1875,True,False,False,23
5ab3e9e1554299233954ffea,Kyle Balda,181,0,0,0.9615,0.5385,True,False,False,7
5ab3e9e1554299233954ffea,Kyle Balda,104,0,0,1.0,0.4706,True,False,False,7
5ab3e9e1554299233954ffea,Kyle Balda,87,0,0,0.75,0.1667,False,False,False,7
5ab3e9e1554299233954ffea,The Lorax (film),212,0,0,0.9032,0.1935,True,False,False,24
5ab3e9e1554299233954ffea,The Lorax (film),97,0,0,0.75,0.0625,False,False,False,24
5ab3e9e1554299233954ffea,The Lorax (film),199,0,0,1.0,0.5833,True,False,False,24
5ab3e9e1554299233954ffea,The Lorax (film),92,0,0,0.8667,0.4,True,False,False,24
5ae43f875542995dadf242fd,Turn It Up!,75,0,0,1.0,0.625,True,False,False,12
5ae43f875542995dadf242fd,Alan Goodman,107,0,0,0.6154,0.3077,False,False,False,9
5ae012a0554299025d62a3e1,Les Six,93,0,0,1.0,0.5333,True,False,False,21
5ae012a0554299025d62a3e1,Maurice Ravel,104,0,0,1.0,0.5625,True,False,False,70
5a771e145542993569682cca,Duffy's Tavern (film),115,1,1,1.0,0.5789,True,False,False,4
5a771e145542993569682cca,Duffy's Tavern (film),131,1,1,1.0,0.0,False,False,False,4
5a771e145542993569682cca,Eddie Bracken,84,1,1,1.0,0.3846,True,False,False,10
5a771e145542993569682cca,Eddie Bracken,213,0,0,1.0,0.5333,True,False,False,10
5a8a371555429930ff3c0d06,Maurice Richard,241,0,0,0.9091,0.4545,True,False,False,42
5a8a371555429930ff3c0d06,Maurice Richard,170,0,0,1.0,0.3333,True,False,False,42
5a8a371555429930ff3c0d06,Hart Memorial Trophy,168,0,0,0.8182,0.2273,True,False,False,7
5adff57c554299603e4183d3,Şahan Arzruni,187,0,0,0.7826,0.3913,False,False,False,13
5adff57c554299603e4183d3,Shavo Odadjian,205,0,0,0.5,0.1818,False,False,False,39
5adff57c554299603e4183d3,Shavo Odadjian,132,0,0,0.619,0.1429,False,False,False,39
5a7222ad55429971e9dc92c3,Hideaway Pizza,81,1,1,1.0,0.5455,True,False,False,3
5a7222ad55429971e9dc92c3,Aurelio's Pizza,89,1,1,1.0,0.4167,True,False,False,4
5a7c616d55429935c91b5182,"Saint Helens, Kentucky",157,1,1,1.0,1.0,True,False,False,1
5a7c616d55429935c91b5182,"Shively, Kentucky",145,0,0,1.0,0.5714,True,False,False,17
5a7c616d55429935c91b5182,"Shively, Kentucky",115,1,1,1.0,0.3333,True,False,False,17
5ac199f255429964131be251,Jonas C. Heartt,143,0,0,0.619,0.2857,False,False,False,3
5ac199f255429964131be251,"Troy, New York",131,0,0,0.9524,0.5238,True,False,False,84
5ac0636b5542992a796ded13,Oklahoma Defenders,146,1,1,1.0,0.375,True,False,False,6
5ac0636b5542992a796ded13,Oklahoma Defenders,91,1,1,1.0,0.5714,True,False,False,6
5ac0636b5542992a796ded13,"Tulsa, Oklahoma",107,0,0,0.875,0.125,True,False,False,139
5ac0636b5542992a796ded13,"Tulsa, Oklahoma",105,0,0,0.4737,0.0,False,False,False,139
5a79ce74554299148911fa5d,Villa Leopolda,213,0,0,1.0,0.5806,True,False,False,11
5a79ce74554299148911fa5d,Marella Agnelli,191,0,0,0.8846,0.5,True,False,False,15
5a8259d055429940e5e1a86c,2014 All-Pac-12 Conference football team,107,1,1,1.0,1.0,True,False,False,1
5a8259d055429940e5e1a86c,Marcus Mariota,154,0,0,1.0,0.5238,True,False,False,52
5ac39de3554299741d48a2b5,Rhodes Brothers,182,1,1,1.0,0.4783,True,False,False,3
5ac39de3554299741d48a2b5,Lakewood Towne Center,88,1,1,1.0,0.5,True,False,False,6
5a7a33bc5542996c55b2dd3c,Love the Way You Lie (Part II),113,0,1,1.0,0.2857,True,False,False,9
5a7a33bc5542996c55b2dd3c,Only Girl (In the World),101,0,1,1.0,0.2222,True,False,False,20
5ab7483a554299110f219af3,Fantastic Beasts and Where to Find Them (film),207,0,0,0.8065,0.2903,True,False,False,51
5ab7483a554299110f219af3,Ezra Miller,78,0,0,0.9231,0.0,False,False,False,32
5adc30445542994650320ca6,Sean Ringgold,120,0,1,1.0,0.4211,True,False,False,3
5adc30445542994650320ca6,Billions (TV series),202,0,0,0.7931,0.3448,False,False,False,28
5a8a9d595542996c9b8d5f39,Me and My Dick (soundtrack),255,0,1,1.0,0.8788,True,False,False,2
5a8a9d595542996c9b8d5f39,StarKid Productions,194,0,0,0.9333,0.4,True,False,False,14
5ac3ca63554299657fa29127,Malcolm Lowry,213,0,0,1.0,0.5833,True,False,False,35
5ac3ca63554299657fa29127,Carlos Castaneda,104,0,0,0.7222,0.1667,False,False,False,41
5a7d075855429907fabef0ac,Kari Kimmel,92,0,0,0.8889,0.5,True,False,False,10
5a7d075855429907fabef0ac,AJ Lee,119,0,0,0.8333,0.2778,True,False,False,34
5a827a0955429940e5e1a8ca,The Party Boys (album),75,0,0,1.0,1.0,True,False,False,1
5a827a0955429940e5e1a8ca,The Party Boys (album),274,0,0,1.0,1.0,True,False,False,1
5a827a0955429940e5e1a8ca,Swanee (singer),143,0,0,0.5714,0.0952,False,False,False,14
5a710dae5542994082a3e529,Frederick Douglass and the White Negro,163,0,0,0.4545,0.0909,False,False,False,2
5a710dae5542994082a3e529,Fear of a Black Republican,192,1,1,1.0,0.5833,True,False,False,6
5abea53a5542993f32c2a18c,Don't Stop the Party (Pitbull song),116,0,1,1.0,0.5,True,False,False,15
5abea53a5542993f32c2a18c,Global Warming (Pitbull album),79,0,0,1.0,0.25,True,False,False,17
5ae540e65542992663a4f1a4,Nico Constantine,166,1,1,1.0,0.5833,True,False,False,7
5ae540e65542992663a4f1a4,Biters (band),45,0,0,0.875,0.375,True,False,False,2
5ae540e65542992663a4f1a4,Biters (band),65,0,0,0.9091,0.8182,True,False,False,2
5ae1e5ba5542997f29b3c17e,"Logan County, Kansas",43,0,0,1.0,0.5,True,False,False,15
5ae1e5ba5542997f29b3c17e,"Oakley, Kansas",53,0,0,1.0,0.2,True,False,False,17
5abd654255429933744ab7af,James A. Nicholas,235,0,0,1.0,0.8571,True,False,False,2
5abd654255429933744ab7af,James A. Nicholas,158,1,1,1.0,0.7143,True,False,False,2
5abd654255429933744ab7af,New York Rangers,79,1,1,1.0,0.3846,True,False,False,69
5abd654255429933744ab7af,New York Rangers,101,0,0,0.5294,0.0,False,False,False,69
5adff1c155429925eb1afb60,Kyle Newman,538,0,0,0.3971,0.2206,False,False,False,10
5adff1c155429925eb1afb60,Sophie Turner,172,0,0,0.75,0.1667,False,False,False,14
5ac2dce855429921a00ab089,Naked Women's Wrestling League,141,0,0,0.85,0.2,True,False,False,5
5ac2dce855429921a00ab089,Penthouse (magazine),128,0,0,0.8824,0.5882,True,False,False,39
5a7d50665542997cc2c47453,Punk fashion,110,0,0,0.9231,0.2308,True,False,False,41
5a7d50665542997cc2c47453,Punk fashion,165,1,1,1.0,0.5,True,False,False,41
5a7d50665542997cc2c47453,Punk fashion,157,0,0,0.9091,0.5,True,False,False,41
5a7d50665542997cc2c47453,Vivienne Westwood,230,0,0,0.6765,0.3235,False,False,False,63
5a8b9c675542997f31a41d89,Beyond Our Ken,132,0,0,0.8824,0.4118,True,False,False,10
5a8b9c675542997f31a41d89,Hugh Paddick,241,0,0,0.8788,0.4545,True,False,False,7
5abcd39355429965836004bc,2015 Clemson Tigers football team,117,1,1,1.0,0.4286,True,False,False,9
5abcd39355429965836004bc,2015 Clemson Tigers football team,210,1,1,1.0,0.44,True,False,False,9
5abcd39355429965836004bc,2015 Orange Bowl,149,1,1,1.0,0.6667,True,False,False,10
5ac3271a5542995ef918c13e,Pakistani cricket team in Ireland in 2011,139,1,1,1.0,1.0,True,False,False,1
5ac3271a5542995ef918c13e,Saeed Ajmal,88,0,0,0.9167,0.5833,True,False,False,22
5a8a037855429970aeb70202,Mary Tyler Moore: The 20th Anniversary Show,215,0,0,0.84,0.28,True,False,False,5
5a8a037855429970aeb70202,The Mary Tyler Moore Show,202,0,0,0.9062,0.5,True,False,False,51
5a85d3bc5542997175ce2048,Whitney Able,71,1,1,1.0,0.6154,True,False,False,7
5a85d3bc5542997175ce2048,Whitney Able,124,0,0,1.0,0.4286,True,False,False,7
5a85d3bc5542997175ce2048,Monsters (2010 film),133,0,0,0.95,0.35,True,False,False,25
5a7bd0685542990527d55421,Heath Caper,169,1,1,1.0,0.8696,True,False,False,3
5a7bd0685542990527d55421,Edward Heath,239,0,0,0.9167,0.4722,True,False,False,134
5a798770554299148911fa34,Gen. Alexander Campbell House,101,1,1,1.0,0.1875,True,False,False,3
5a798770554299148911fa34,"Cherryfield, Maine",49,0,0,1.0,0.2222,True,False,False,10
5ae536065542990ba0bbb227,Logarithmic spiral,167,0,0,0.95,0.4,True,False,False,23
5ae536065542990ba0bbb227,Jacob Bernoulli,175,0,0,0.7143,0.3571,False,False,False,18
5ae536065542990ba0bbb227,Jacob Bernoulli,123,0,0,0.9412,0.4706,True,False,False,18
5ae8155b55429952e35eaa01,Encuentro por Guatemala,144,1,1,1.0,0.6111,True,False,False,7
5ae8155b55429952e35eaa01,Reuters,73,0,0,0.7,0.0,False,False,False,37
5abdb21255429965af743dd5,Frank Monte,133,1,1,1.0,1.0,True,False,False,1
5abdb21255429965af743dd5,Philadelphia crime family,284,0,0,0.96,0.4,True,False,False,88
5a7aa7d75542995eb53be88a,Hot Summer Days,248,1,1,1.0,1.0,True,False,False,1
5a7aa7d75542995eb53be88a,Maggie Cheung,72,0,0,1.0,0.3077,True,False,False,19
5abb0b385542996cc5e49f78,Kate Murtagh,165,0,0,0.96,0.64,True,False,False,16
5abb0b385542996cc5e49f78,The Munsters,355,0,0,0.8431,0.3725,True,False,False,41
5a7430c355429929fddd83ed,Uppsala University Choir,119,0,0,0.8889,1.0,True,False,False,1
5a7430c355429929fddd83ed,The Flowers of War,204,0,0,1.0,0.6129,True,False,False,17
5a779cac5542992a6e59df25,Ross University School of Medicine,81,0,0,0.8333,0.0833,True,False,False,28
5a779cac5542992a6e59df25,Ross University School of Medicine,149,0,0,0.6364,0.1818,False,False,False,28
5a779cac5542992a6e59df25,"Miramar, Florida",60,0,0,0.8,0.1,True,False,False,20
5a8d12765542994ba4e3dbe1,Paul Livingstone,100,1,1,1.0,0.6875,True,False,False,9
5a8d12765542994ba4e3dbe1,Ravi Shankar,218,0,0,0.5806,0.1613,False,False,False,44
5ab32b1c55429976abd1bc73,Larry Buttrose,141,0,1,1.0,0.381,True,False,False,20
5ab32b1c55429976abd1bc73,Saroo Brierley,140,0,0,0.9,0.45,True,False,False,16
5adf841c5542995ec70e9027,"John, Count of Chalon",110,1,1,1.0,0.6875,True,False,False,13
5adf841c5542995ec70e9027,William II of Holland,101,0,0,0.875,0.4375,True,False,False,8
5ac3c2d95542995ef918c22c,Brison D. Gooch,91,0,0,0.4667,0.0667,False,False,False,11
5ac3c2d95542995ef918c22c,Napoleon III,209,0,0,0.8929,0.2857,True,False,False,212
5a8c075d5542995e66a47531,Miss America 1952,131,1,1,1.0,0.8,True,False,False,2
5a8c075d5542995e66a47531,Miss America 1952,196,1,1,1.0,0.8333,True,False,False,2
5a8c075d5542995e66a47531,"Atlantic City, New Jersey",125,0,0,0.8333,0.1667,True,False,False,173
5a76126155429976ec32bcfd,"Stillwater County, Montana",67,0,0,0.9167,0.5,True,False,False,6
5a76126155429976ec32bcfd,"Stillwater County, Montana",28,1,1,1.0,0.6,True,True,False,6
5a76126155429976ec32bcfd,"Columbus, Montana",87,1,1,1.0,0.4286,True,False,False,21
5a76126155429976ec32bcfd,"Columbus, Montana",44,0,0,1.0,0.25,True,False,False,21
5ae4eba85542990ba0bbb19a,2016 FIFA Extraordinary Congress,248,1,1,1.0,0.5517,True,False,False,18
5ae4eba85542990ba0bbb19a,Sepp Blatter,186,0,0,0.7586,0.3448,False,False,False,49
5a7348825542991f9a20c6df,Chuck Phelps,80,1,1,1.0,0.7692,True,False,False,2
5a7348825542991f9a20c6df,Chuck Phelps,92,1,1,1.0,0.6,True,False,False,2
5a7348825542991f9a20c6df,Trinity Baptist Church sex scandal,291,0,0,0.8889,0.3333,True,False,False,10
5ae059f655429945ae95933a,2015–16 Coppa Italia,101,1,1,1.0,0.9375,True,False,False,5
5ae059f655429945ae95933a,Álvaro Morata,154,0,0,0.96,0.6,True,False,False,43
5ac54dd45542993e66e822e5,A Christmas Fantasy Parade,410,0,0,0.9615,0.7308,True,False,False,19
5ac54dd45542993e66e822e5,Tigger,109,0,0,1.0,0.2941,True,False,False,26
5ac3a9b855429939154138a0,Hugh Freeze,157,0,0,0.9091,0.2727,True,False,False,30
5ac3a9b855429939154138a0,Greg Hardy,86,0,0,1.0,0.6429,True,False,False,49
5ac3a9b855429939154138a0,Greg Hardy,130,0,0,0.7917,0.0417,False,False,False,49
5aba642755429955dce3ee01,Hackensack Water Company Complex,243,1,1,1.0,0.5,True,False,False,11
5aba642755429955dce3ee01,"Hackensack, New Jersey",96,0,0,0.875,0.1875,True,False,False,157
5aba642755429955dce3ee01,"Hackensack, New Jersey",107,0,0,0.9375,0.3125,True,False,False,157
5a8348905542996488c2e3f8,Joel Kinnaman,373,0,0,0.7255,0.2353,False,False,False,13
5a8348905542996488c2e3f8,Joel Kinnaman,235,0,0,0.8571,0.2571,True,False,False,13
5a8348905542996488c2e3f8,RoboCop (2014 film),149,0,0,0.9048,0.4286,True,False,False,30
5a8348905542996488c2e3f8,RoboCop (2014 film),163,0,0,1.0,0.04,False,False,False,30
5a7af35155429927d897bf1a,Greenlight Capital,68,1,1,1.0,0.25,True,False,False,12
5a7af35155429927d897bf1a,David Einhorn (hedge fund manager),106,0,0,0.9375,0.625,True,False,False,23
5a79628555429907847277fa,Elisabeth Marschall,122,0,0,1.0,0.4706,True,False,False,2
5a79628555429907847277fa,Nazi human experimentation,222,0,0,0.625,0.1562,False,False,False,45
5ae165fb5542997b2ef7d1d3,A Glass and a Cigarette,105,0,0,0.9231,0.6154,True,False,False,2
5ae165fb5542997b2ef7d1d3,Dalida,168,0,0,0.7391,0.3478,False,False,False,101
5a7b0dfa554299042af8f6c1,Larry Buttrose,95,1,1,1.0,0.6429,True,False,False,20
5a7b0dfa554299042af8f6c1,Larry Buttrose,141,0,1,1.0,0.381,True,False,False,20
5a7b0dfa554299042af8f6c1,Saroo Brierley,140,0,0,0.9,0.45,True,False,False,16
5a7b0dfa554299042af8f6c1,Saroo Brierley,96,0,0,0.9375,0.3125,True,False,False,16
5a84bf615542994c784dda22,William Stevenson (Scottish writer),143,1,1,1.0,0.5,True,False,False,11
5a84bf615542994c784dda22,Elizabeth Gaskell,54,0,1,1.0,0.0,False,False,False,28
5a75f7eb5542992db947370f,Eudora Plantation,105,0,1,1.0,0.7895,True,False,False,2
5a75f7eb5542992db947370f,Jamie Lee Curtis,270,0,0,0.6765,0.0882,False,False,False,47
5a75f7eb5542992db947370f,Jamie Lee Curtis,318,0,0,0.7907,0.1395,False,False,False,47
5a82c0ae55429954d2e2ebb7,Nikos Kazantzakis,100,0,0,1.0,0.4545,True,False,False,53
5a82c0ae55429954d2e2ebb7,Nikos Kazantzakis,129,0,0,1.0,0.2105,True,False,False,53
5a82c0ae55429954d2e2ebb7,Mario Puzo,107,0,0,1.0,0.2941,True,False,False,11
5a88443a55429938390d3f0f,Wende Museum,126,0,0,0.8889,0.2778,True,False,False,35
5a88443a55429938390d3f0f,"Culver City, California",59,0,0,0.6364,0.1818,False,False,False,38
5ae0be2955429906c02dab1a,KFRM,127,0,0,0.85,0.3,True,False,False,22
5ae0be2955429906c02dab1a,"Clay Center, Kansas",53,0,0,1.0,0.2,True,False,False,16
5a712d465542994082a3e62b,Honoo-no Taiiku-kai TV,163,0,0,1.0,1.0,True,False,False,1
5a712d465542994082a3e62b,Ronda Rousey,102,0,0,1.0,0.25,True,False,False,87
5ab9b91f55429970cfb8eb7f,George O. Stacy House,96,1,1,1.0,1.0,True,False,False,1
5ab9b91f55429970cfb8eb7f,"Gloucester, Massachusetts",86,0,0,1.0,0.4286,True,False,False,76
5a8dc05e55429941ae14e04e,2011 Mumbai bombings,193,0,0,0.9355,0.5161,True,False,False,27
5a8dc05e55429941ae14e04e,2011 Mumbai bombings,121,1,1,1.0,0.5294,True,False,False,27
5a8dc05e55429941ae14e04e,Royal Opera House (Mumbai),112,0,0,0.9333,0.3333,True,False,False,14
5ade0a7b5542997545bbbe2e,Lindeman's,67,1,1,1.0,0.6364,True,False,False,4
5ade0a7b5542997545bbbe2e,Treasury Wine Estates,159,0,0,0.6667,0.1667,False,False,False,15
5ae7fe475542994a481bbe67,"Noble, Oklahoma",71,1,1,1.0,0.3333,True,False,False,21
5ae7fe475542994a481bbe67,"Norman, Oklahoma",46,0,0,0.875,0.125,True,False,False,84
5abbc67055429931dba1450c,Sara Alström,90,1,1,1.0,1.0,True,False,False,1
5abbc67055429931dba1450c,Hanna Alström,64,0,0,0.8333,0.4167,True,False,False,2
5ae3a4845542992f92d82320,Xinjiang University,167,0,0,0.75,0.2,False,False,False,10
5ae3a4845542992f92d82320,Polytechnic University of the Philippines,154,0,0,0.5,0.0,False,False,False,62
5ae3a4845542992f92d82320,Polytechnic University of the Philippines,156,0,0,0.7273,0.3182,False,False,False,62
5ac2d4c0554299218029db80,Moritz Memorial Airport,201,0,0,0.9,0.7,True,False,False,3
5ac2d4c0554299218029db80,"Beloit, Kansas",75,0,0,1.0,0.25,True,False,False,22
5adc1252554299438c868d35,Dolf Jansen,151,0,0,0.9231,0.7692,True,False,False,3
5adc1252554299438c868d35,Marathon,158,0,0,0.6,0.08,False,False,False,92
5ac164415542991316484b07,Revolution (Nina Simone song),80,0,1,1.0,1.0,True,False,False,1
5ac164415542991316484b07,Revolution (Beatles song),428,0,0,0.98,0.54,True,False,False,48
5a8dbfb455429941ae14e049,Fort de Cindey,187,1,1,1.0,0.6,True,False,False,5
5a8dbfb455429941ae14e049,National Redoubt (Switzerland),252,0,0,0.6333,0.2,False,False,False,41
5ab2bd915542991669774085,Francesco Maria Scala,170,0,0,0.8846,0.5769,True,False,False,14
5ab2bd915542991669774085,Francesco Maria Scala,46,1,1,1.0,0.5556,True,False,False,14
5ab2bd915542991669774085,Marines' Hymn,70,1,1,1.0,0.7273,True,False,False,13
5ae7aaf15542997ec27276cd,Between Shades of Gray,106,0,0,0.9412,0.3529,True,False,False,23
5ae7aaf15542997ec27276cd,Ruta Sepetys,113,0,0,0.75,0.4375,False,False,False,28
5abb06745542996cc5e49f4f,Failure in the Saddle,319,1,1,1.0,0.7353,True,False,False,3
5abb06745542996cc5e49f4f,Nathan Bedford Forrest,178,0,0,0.75,0.0417,False,False,False,91
5a7338d05542991f29ee2d66,Kevin Kelley (musician),119,1,1,1.0,0.4706,True,False,False,16
5a7338d05542991f29ee2d66,The Flying Burrito Brothers,148,0,0,0.8696,0.1739,True,False,False,33
5a7338d05542991f29ee2d66,The Flying Burrito Brothers,259,0,0,0.9706,0.5588,True,False,False,33
5a89f4b35542993b751ca9c4,Lord Voldemort,161,0,0,0.8077,0.0769,True,False,False,57
5a89f4b35542993b751ca9c4,Lord Voldemort,99,0,0,0.9333,0.2667,True,False,False,57
5a89f4b35542993b751ca9c4,Harry Potter and the Philosopher's Stone,160,0,0,0.85,0.1,True,False,False,55
5adf4f315542995534e8c783,"John, Count of Chalon",110,1,1,1.0,0.6875,True,False,False,13
5adf4f315542995534e8c783,William II of Holland,101,0,0,0.875,0.4375,True,False,False,8
5a7fbde75542994857a767f4,Merkaz Omen,101,0,0,0.25,1.0,False,False,False,1
5a7fbde75542994857a767f4,Israel,278,0,0,0.6667,0.0952,False,False,False,135
5adeeb015542993344016bbb,Richard J. Daly,113,0,0,1.0,0.0625,True,False,False,5
5adeeb015542993344016bbb,Broadridge Financial Solutions,157,0,0,0.7391,0.2609,False,False,False,6
5adfdc77554299025d62a365,Leader II,66,0,0,0.8333,0.5833,True,False,False,2
5adfdc77554299025d62a365,Leader II,91,0,1,1.0,0.7333,True,False,False,2
5adfdc77554299025d62a365,Leader II,46,1,1,1.0,0.7143,True,False,False,2
5adfdc77554299025d62a365,Gary Glitter,153,0,0,0.8462,0.3462,True,False,False,64
5adf91125542993344016d15,Cody Hodges,256,1,1,1.0,0.4865,True,False,False,9
5adf91125542993344016d15,Seth Doege,130,1,1,1.0,0.4545,True,False,False,17
5adf91125542993344016d15,Seth Doege,74,1,1,1.0,0.1538,True,False,False,17
5adbd52f55429947ff17383e,Min Kyu-dong,308,0,1,1.0,0.6667,True,False,False,9
5adbd52f55429947ff17383e,All About My Wife,236,1,1,1.0,0.5676,True,False,False,3
5a7f358b5542992e7d278c8d,Bob Schooley,108,0,0,0.8889,0.6111,True,False,False,2
5a7f358b5542992e7d278c8d,Monsters vs. Aliens (TV series),111,0,0,1.0,0.5,True,False,False,5
5ae0c0b755429906c02dab29,2011–12 Baylor Bears basketball team,126,1,1,1.0,0.5625,True,False,False,17
5ae0c0b755429906c02dab29,2011–12 Baylor Bears basketball team,113,1,1,1.0,0.5909,True,False,False,17
5ae0c0b755429906c02dab29,2011–12 Baylor Bears basketball team,197,1,1,1.0,0.56,True,False,False,17
5ae0c0b755429906c02dab29,2011–12 Iowa State Cyclones men's basketball team,100,1,1,1.0,0.5882,True,False,False,3
5abba2c1554299642a094ae7,Roger Hillary,67,1,1,1.0,0.4286,True,False,False,4
5abba2c1554299642a094ae7,Roger Hillary,182,1,1,1.0,0.6786,True,False,False,4
5abba2c1554299642a094ae7,Edward II of England,115,1,1,1.0,0.4375,True,False,False,94
5ac1a9385542994ab5c67dbf,Tim O'Kelly,147,0,0,0.5833,0.2083,False,False,False,4
5ac1a9385542994ab5c67dbf,Charles Whitman,182,0,0,0.9333,0.5,True,False,False,41
5add6a115542992200553b06,Can I Go Now,92,0,0,1.0,0.7647,True,False,False,2
5add6a115542992200553b06,Jennifer Love Hewitt,131,0,0,0.9,0.1,True,False,False,35
5a8599935542992a431d1b64,On the Road Again (TV series),83,1,1,1.0,0.8,True,False,False,2
5a8599935542992a431d1b64,On the Road Again (TV series),55,1,1,1.0,0.8182,True,False,False,2
5a8599935542992a431d1b64,Wayne Rostad,115,0,0,1.0,0.7222,True,False,False,12
5ae7c4375542993210983f3e,The Promise (2010 play),207,0,0,0.9375,0.9062,True,False,False,3
5ae7c4375542993210983f3e,H. H. Asquith,186,0,0,0.6429,0.0714,False,False,False,205
5a74c12f5542996c70cfadd6,My Week with Marilyn,118,0,0,1.0,0.5294,True,False,False,30
5a74c12f5542996c70cfadd6,Emma Watson,92,0,0,0.8,0.0667,True,False,False,54
5a87ba9b5542996e4f3088f5,2015–16 Florida Panthers season,142,1,1,1.0,0.5714,True,False,False,12
5a87ba9b5542996e4f3088f5,2015–16 New York Islanders season,192,1,1,1.0,0.6429,True,False,False,15
5adc2ab45542994650320c99,Johannes Bergion,170,1,1,1.0,0.6538,True,False,False,2
5adc2ab45542994650320c99,Diablo Swing Orchestra,74,0,0,1.0,0.3846,True,False,False,20
5ac164195542994d76dcce07,Pakistani cricket team in Ireland in 2011,98,1,1,1.0,1.0,True,False,False,1
5ac164195542994d76dcce07,Pakistani cricket team in Ireland in 2011,113,1,1,1.0,1.0,True,False,False,1
5ac164195542994d76dcce07,Pakistani cricket team in Ireland in 2011,139,1,1,1.0,1.0,True,False,False,1
5ac164195542994d76dcce07,Saeed Ajmal,88,0,0,0.9167,0.5833,True,False,False,22
5ac164195542994d76dcce07,Saeed Ajmal,56,1,1,1.0,0.4545,True,False,False,22
5abb14185542996cc5e49f8d,A Ballerina's Tale,155,1,1,1.0,0.4091,True,False,False,7
5abb14185542996cc5e49f8d,Misty Copeland,187,1,1,1.0,0.44,True,False,False,46
5ae3e6235542994393b9e7a2,Teddy Bear (2012 film),170,0,0,0.875,0.5833,True,False,False,8
5ae3e6235542994393b9e7a2,Teddy Bear (2012 film),88,1,1,1.0,0.2727,True,False,False,8
5ae3e6235542994393b9e7a2,Kim Kold,85,1,1,1.0,0.7143,True,False,False,4
5a7e1afc5542991319bc942f,Tom Degnan,54,0,0,0.9,0.7,True,False,False,2
5a7e1afc5542991319bc942f,Limitless (TV series),101,0,0,0.9375,0.5,True,False,False,8
5a7b7b5d5542997c3ec971ba,Tyne–Tees derby,116,0,0,0.7222,0.3333,False,False,False,3
5a7b7b5d5542997c3ec971ba,Newcastle United F.C.,191,0,0,0.7273,0.1364,False,False,False,69
5a7b7b5d5542997c3ec971ba,Newcastle United F.C.,167,0,0,0.8077,0.0769,True,False,False,69
5a75df0b554299109176e5af,Psychiatric Institute of Washington,163,1,1,1.0,0.5714,True,False,False,6
5a75df0b554299109176e5af,St. Elizabeths Hospital,113,0,0,0.9286,0.3571,True,False,False,43
5ab806315542991d32223809,Operation Sinaloa,236,1,1,1.0,0.52,True,False,False,20
5ab806315542991d32223809,Federal Police (Mexico),215,0,0,0.65,0.2,False,False,False,25
5a89cd2455429946c8d6e9c2,Rachel Renée Russell,127,0,0,0.9474,0.5263,True,False,False,25
5a89cd2455429946c8d6e9c2,Dork Diaries,98,0,0,0.5294,0.0588,False,False,False,23
5a71232a5542994082a3e5c6,Anglo-Soviet Treaty of 1942,271,0,0,0.6857,0.2571,False,False,False,10
5a71232a5542994082a3e5c6,Anglo-Soviet Treaty of 1942,139,0,0,1.0,0.6667,True,False,False,10
5a71232a5542994082a3e5c6,Anthony Eden,247,0,0,0.7692,0.359,False,False,False,137
5a7fe3025542992097ad2fc6,Call Out the Marines,128,0,1,1.0,0.5714,True,False,False,4
5a7fe3025542992097ad2fc6,Victor McLaglen,85,0,1,1.0,0.0769,True,False,False,43
5ab85af955429919ba4e22c0,Kerry Ellis Sings the Great British Songbook,161,1,1,1.0,1.0,True,False,False,1
5ab85af955429919ba4e22c0,Brian May,190,0,0,0.7931,0.3448,False,False,False,101
5ae340c85542992e3233c33c,Kurt von Plettenberg,177,0,0,0.8846,0.4615,True,False,False,10
5ae340c85542992e3233c33c,Kurt von Plettenberg,124,1,1,1.0,0.6667,True,False,False,10
5ae340c85542992e3233c33c,20 July plot,198,0,0,0.4839,0.0323,False,False,False,75
5a71652a5542994082a3e810,Peggy Holmes,113,0,1,1.0,1.0,True,False,False,1
5a71652a5542994082a3e810,Secret of the Wings,223,1,1,1.0,0.8235,True,False,False,11
5ac4f8f655429924173fb52c,Maine School Administrative District 12,158,1,1,1.0,1.0,True,False,False,1
5ac4f8f655429924173fb52c,"Jackman, Maine",59,1,1,1.0,0.5,True,False,False,11
5ac4f8f655429924173fb52c,"Jackman, Maine",42,0,0,1.0,0.2857,True,False,False,11
5abf19735542993fe9a41dd6,Enrique Palacios,165,0,0,0.92,0.68,True,False,False,3
5abf19735542993fe9a41dd6,Enrique Palacios,86,1,1,1.0,0.8571,True,False,False,3
5abf19735542993fe9a41dd6,Naomi Campbell,73,0,0,0.9231,0.2308,True,False,False,53
5abf19735542993fe9a41dd6,Naomi Campbell,234,0,0,0.5806,0.0968,False,False,False,53
5ae348905542994393b9e66c,Anchor point,156,1,1,1.0,1.0,True,False,False,1
5ae348905542994393b9e66c,Anchor point,243,1,1,1.0,1.0,True,False,False,1
5ae348905542994393b9e66c,Strawberry Fields Forever,75,0,0,1.0,0.0833,True,False,False,62
5ae348905542994393b9e66c,Strawberry Fields Forever,97,0,0,0.8462,0.1538,True,False,False,62
5ac27a9855429921a00aafa9,Vector (band),126,0,0,0.95,0.65,True,False,False,4
5ac27a9855429921a00aafa9,Coldplay,163,0,0,0.7917,0.2083,False,False,False,82
5a7dd6b45542995f4f4022cc,Cameron Diaz,128,0,0,0.7895,0.2632,False,False,False,35
5a7dd6b45542995f4f4022cc,What Happens in Vegas,143,0,0,0.9565,0.5217,True,False,False,15
5a8f472d55429918e830d1e8,"Oh, Men! Oh, Women!",51,1,1,1.0,0.7778,True,False,False,3
5a8f472d55429918e830d1e8,David Niven,88,0,0,1.0,0.1429,True,False,False,53
5a7d5d4a5542991319bc93b3,This Century,221,0,0,0.7941,0.1176,False,False,False,15
5a7d5d4a5542991319bc93b3,Residual Kid,72,0,0,1.0,0.4615,True,False,False,11
5a7d5d4a5542991319bc93b3,Residual Kid,156,0,1,1.0,0.6087,True,False,False,11
5ae3d4755542992f92d82388,"Lamar County, Mississippi",26,1,1,1.0,0.4,True,True,False,6
5ae3d4755542992f92d82388,"Purvis, Mississippi",38,0,0,1.0,0.1429,True,True,False,28
5adf5a2a5542995ec70e8fcd,The Book Job,186,1,1,1.0,0.2581,True,False,False,13
5adf5a2a5542995ec70e8fcd,Professor Frink,143,0,0,0.8947,0.2632,True,False,False,15
5ab2dc9d554299194fa9354e,Gomugomuwa,75,1,1,1.0,1.0,True,False,False,1
5ab2dc9d554299194fa9354e,Coconut,128,0,0,1.0,0.4375,True,False,False,134
5a7f10ea55429934daa2fcbc,Gail Godwin,80,1,1,1.0,0.5,True,False,False,43
5a7f10ea55429934daa2fcbc,D. H. Lawrence,139,0,0,0.8,0.35,True,False,False,141
5a7f10ea55429934daa2fcbc,D. H. Lawrence,106,0,0,0.5,0.0714,False,False,False,141
5a820542554299676cceb1e8,Mr Hudson,136,0,0,0.9524,0.5714,True,False,False,34
5a820542554299676cceb1e8,Makethisrelate,112,0,0,0.4444,0.0556,False,False,False,7
5a8c6e9f554299585d9e369c,Dobara Phir Se,112,0,0,1.0,0.6842,True,False,False,4
5a8c6e9f554299585d9e369c,Dobara Phir Se,78,1,1,1.0,0.5,True,False,False,4
5a8c6e9f554299585d9e369c,Salman Iqbal,88,1,1,1.0,0.7333,True,False,False,2
5ae7fbef5542993210983ffb,Toyoko Tokiwa,264,0,0,0.8788,0.5758,True,False,False,27
5ae7fbef5542993210983ffb,Occupation of Japan,183,0,0,1.0,0.5,True,False,False,65
5ae2e3065542991a06ce98ed,The Bulldog Breed,100,1,1,1.0,0.4706,True,False,False,8
5ae2e3065542991a06ce98ed,Norman Wisdom,162,0,0,1.0,0.3846,True,False,False,57
5aba722f55429955dce3ee2b,Altamount Road,192,1,1,1.0,0.72,True,False,False,6
5aba722f55429955dce3ee2b,Antilia (building),124,0,0,0.4762,0.1429,False,False,False,20
5a845167554299123d8c2200,Chucklefish,106,0,0,0.8,0.6,True,False,False,2
5a845167554299123d8c2200,Chucklefish,220,0,0,0.8125,0.4688,True,False,False,2
5a845167554299123d8c2200,Stardew Valley,139,0,0,0.6316,0.1053,False,False,False,20
5a78d4b6554299148911f980,"Um Mitternacht, WAB 90",111,0,0,0.9,0.3,True,False,False,10
5a78d4b6554299148911f980,Anton Bruckner,135,0,0,0.8421,0.4211,True,False,False,71
5a8b11d555429949d91db4a2,Eystein Orre,143,0,0,1.0,0.2727,True,False,False,4
5a8b11d555429949d91db4a2,Battle of Stamford Bridge,94,0,0,1.0,0.375,True,False,False,15
5a7158095542994082a3e7ef,The Big Doe Rehab,155,0,0,0.9615,0.3846,True,False,False,15
5a7158095542994082a3e7ef,Masta Killa,147,0,0,1.0,0.4815,True,False,False,8
5a78c210554299078472775c,McLellan House,83,1,1,1.0,0.3571,True,False,False,3
5a78c210554299078472775c,"Gorham, Maine",60,1,1,1.0,0.4,True,False,False,18
5a78c210554299078472775c,"Gorham, Maine",45,0,0,1.0,0.375,True,False,False,18
5adcd8115542994d58a2f6fb,"Reed Point, Montana",91,1,1,1.0,0.7143,True,False,False,12
5adcd8115542994d58a2f6fb,"Stillwater County, Montana",48,0,0,1.0,0.3333,True,False,False,6
5a7e06ed5542995f4f40239e,Weer en Verkeer,168,1,1,1.0,1.0,True,False,False,1
5a7e06ed5542995f4f40239e,Wageningen,112,0,0,0.9286,0.2143,True,False,False,19
5adbf4905542996e68525281,Flippity and Flop,208,0,0,1.0,0.6296,True,False,False,2
5adbf4905542996e68525281,Sylvester the Cat,229,0,0,0.6765,0.3235,False,False,False,48
5abae1ed554299660624165a,Clark Mountain (Maine),79,1,1,1.0,1.0,True,False,False,1
5abae1ed554299660624165a,"Androscoggin County, Maine",26,0,0,1.0,0.4,True,True,False,17
5a8d0540554299441c6b9fbf,"Louisburg, Kansas",59,1,1,1.0,0.5,True,False,False,25
5a8d0540554299441c6b9fbf,"Miami County, Kansas",73,0,0,1.0,0.3636,True,False,False,30
5abcccb055429959677d6ae8,2015 North Carolina Tar Heels football team,110,1,1,1.0,0.45,True,False,False,4
5abcccb055429959677d6ae8,Larry Fedora,186,0,0,0.96,0.56,True,False,False,20
5a810f6d55429926c1cdacde,"Hurstville, New York",65,1,1,1.0,0.5,True,False,False,3
5a810f6d55429926c1cdacde,"Hurstville, New York",39,1,1,1.0,0.5,True,True,False,3
5a810f6d55429926c1cdacde,"Bethlehem, New York",52,0,0,0.9,0.1,True,False,False,35
5a7b3e075542992d025e67b8,The Movement of the Free Spirit,353,0,0,0.8696,0.7391,True,False,False,2
5a7b3e075542992d025e67b8,Situationist International,242,0,0,1.0,0.4828,True,False,False,78
5a7277cf5542991f9a20c487,William Floyd House,191,0,0,0.9583,0.4167,True,False,False,4
5a7277cf5542991f9a20c487,"Mastic Beach, New York",117,0,0,0.9444,0.4444,True,False,False,13
5ae281c45542996483e649d1,Andy Muschietti,231,0,0,0.7188,0.375,False,False,False,14
5ae281c45542996483e649d1,Mama (2013 film),164,0,0,0.84,0.48,True,False,False,15
5ab497a85542996a3a969f9c,A New Kind of Science,117,0,0,0.7895,0.2632,False,False,False,31
5ab497a85542996a3a969f9c,A New Kind of Science,97,1,1,1.0,0.2857,True,False,False,31
5ab497a85542996a3a969f9c,Stephen Wolfram,78,0,0,0.8462,0.3846,True,False,False,18
5a763b1055429976ec32bd81,Psychiatric Institute of Washington,163,1,1,1.0,0.5714,True,False,False,6
5a763b1055429976ec32bd81,St. Elizabeths Hospital,113,0,0,0.9286,0.3571,True,False,False,43
5a763b1055429976ec32bd81,St. Elizabeths Hospital,203,0,0,0.931,0.5517,True,False,False,43
5ae15d4a5542997b2ef7d1a8,Georgi Todorov (general),304,0,0,0.95,0.65,True,False,False,8
5ae15d4a5542997b2ef7d1a8,Sofia,91,0,0,0.6154,0.1538,False,False,False,87
5a7e7e0555429949594199df,Polynices,88,0,0,0.625,0.25,False,False,False,7
5a7e7e0555429949594199df,Oedipus,190,1,1,1.0,0.3704,True,False,False,44
5abfa4275542990832d3a17d,Ammi (plant),67,0,0,0.8571,0.5714,True,False,False,3
5abfa4275542990832d3a17d,Geranium,130,0,0,0.95,0.4,True,False,False,12
5ae1611d55429901ffe4ae8e,Barney Gumble,96,0,0,0.8462,0.2308,True,False,False,18
5ae1611d55429901ffe4ae8e,Barney Gumble,130,0,0,1.0,0.35,True,False,False,18
5ae1611d55429901ffe4ae8e,Simpsons Roasting on an Open Fire,134,0,0,0.8235,0.0,False,False,False,22
5adf2b225542993a75d2640a,"Sunburg, Minnesota",84,0,0,0.25,0.0833,False,False,False,9
5adf2b225542993a75d2640a,Lutefisk,209,0,0,0.48,0.04,False,False,False,20
5ae606f855429929b0807a6c,Ohio State Route 362,256,1,1,1.0,0.1562,True,False,False,4
5ae606f855429929b0807a6c,Lake Loramie State Park,75,0,0,0.6364,0.1818,False,False,False,3
5ac312cb5542995ef918c0ea,Londonderry Borough Police,186,0,0,1.0,0.4167,True,False,False,4
5ac312cb5542995ef918c0ea,County Londonderry,143,0,0,1.0,0.5714,True,False,False,33
5ae644da55429908198fa569,"Manor Township, Lancaster County, Pennsylvania",91,0,0,1.0,0.25,True,False,False,16
5ae644da55429908198fa569,"Manor Township, Lancaster County, Pennsylvania",127,0,0,1.0,0.45,True,False,False,16
5ae644da55429908198fa569,William Penn,274,0,0,0.4,0.0333,False,False,False,83
5a7fb11555429969796c1b27,Cristin Milioti,73,0,0,0.9167,0.3333,True,False,False,7
5a7fb11555429969796c1b27,Cristin Milioti,195,0,0,0.9355,0.1613,True,False,False,7
5a7fb11555429969796c1b27,The Wolf of Wall Street (2013 film),194,0,0,1.0,0.5517,True,False,False,47
5a7753c25542994aec3b7290,Dana Fox,192,0,0,0.9333,0.4667,True,False,False,6
5a7753c25542994aec3b7290,What Happens in Vegas,143,0,0,0.9565,0.5217,True,False,False,15
5a867a7755429960ec39b6b3,Messiah Part III,121,1,1,1.0,0.5,True,False,False,22
5a867a7755429960ec39b6b3,Structure of Handel's Messiah,191,1,1,1.0,0.6429,True,False,False,13
5a79f7c95542996a35c17058,Metcalf South Shopping Center,228,1,1,1.0,0.7188,True,False,False,12
5a79f7c95542996a35c17058,Hancock Fabrics,108,1,1,1.0,0.4667,True,False,False,7
5a79f7c95542996a35c17058,Hancock Fabrics,91,1,1,1.0,0.4615,True,False,False,7
5ae670505542992ae0d1634b,Comic Relief USA,141,1,1,1.0,0.6087,True,False,False,10
5ae670505542992ae0d1634b,Comic Relief USA,251,1,1,1.0,0.6486,True,False,False,10
5ae670505542992ae0d1634b,Robin Williams,102,0,0,0.7647,0.2941,False,False,False,74
5ae670505542992ae0d1634b,Robin Williams,136,0,0,0.5909,0.0909,False,False,False,74
5ae60c2a554299546bf83033,Sons of Abraham,97,1,1,1.0,1.0,True,False,False,1
5ae60c2a554299546bf83033,Straight edge,229,0,0,0.9688,0.375,True,False,False,26
5ab444d35542991751b4d718,Edgar Linton,82,0,0,1.0,0.3846,True,False,False,4
5ab444d35542991751b4d718,Wuthering Heights,47,0,0,1.0,0.125,True,False,False,106
5ab444d35542991751b4d718,Wuthering Heights,160,0,0,0.5,0.125,False,False,False,106
5a76052c554299109176e60b,Robert Ludlum,180,0,1,1.0,0.6667,True,False,False,13
5a76052c554299109176e60b,Ivo Andrić,185,0,0,0.931,0.4828,True,False,False,41
5a730a2155429901807daf71,Grand Admiral Thrawn,193,0,0,0.8148,0.2963,True,False,False,46
5a730a2155429901807daf71,Lando Calrissian,170,0,0,0.6923,0.0769,False,False,False,49
5ae7369d5542991e8301cbe2,Siege of Brahan,219,1,1,1.0,0.3103,True,False,False,6
5ae7369d5542991e8301cbe2,Brahan Castle,83,0,0,0.8,0.4667,True,False,False,6
5ae4abfc5542995ad6573e15,"Leopold I, Holy Roman Emperor",177,0,0,1.0,0.5,True,False,False,30
5ae4abfc5542995ad6573e15,"Ferdinand III, Holy Roman Emperor",186,0,0,0.8276,0.3448,True,False,False,38
5ae48f6e5542995ad6573d8d,Treaty of Fontainebleau (1785),193,1,1,1.0,1.0,True,False,False,1
5ae48f6e5542995ad6573d8d,"Joseph II, Holy Roman Emperor",172,0,0,0.9231,0.5385,True,False,False,73
5a714c575542994082a3e798,Callisto (moon),76,0,0,1.0,0.3636,True,False,False,43
5a714c575542994082a3e798,Callisto (moon),174,0,0,0.7143,0.1905,False,False,False,43
5a714c575542994082a3e798,Saturn,108,0,0,0.8,0.3333,True,False,False,58
5a86eb4e5542991e7718168f,Tom Wilson (actor),76,0,0,0.3846,1.0,False,False,False,1
5a86eb4e5542991e7718168f,Tom Wilson (actor),68,0,0,1.0,1.0,True,False,False,1
5a86eb4e5542991e7718168f,"Helena, Montana",102,0,0,1.0,0.2,True,False,False,44
5a7a5f9a55429941d65f25eb,Jennifer Jones,167,0,0,0.84,0.44,True,False,False,27
5a7a5f9a55429941d65f25eb,Jennifer Jones,77,0,0,0.5385,0.0,False,False,False,27
5a7a5f9a55429941d65f25eb,David O. Selznick,116,0,0,1.0,0.5882,True,False,False,29
5a7a5f9a55429941d65f25eb,David O. Selznick,132,0,0,0.8095,0.2857,True,False,False,29
5a77316f5542993735360211,John Irving (basketball),161,1,1,1.0,0.8276,True,False,False,2
5a77316f5542993735360211,John Irving (basketball),205,1,1,1.0,0.7,True,False,False,2
5a77316f5542993735360211,Detroit Pistons,92,0,0,0.9167,0.1667,True,False,False,78
5a77316f5542993735360211,Detroit Pistons,134,0,0,0.8947,0.2632,True,False,False,78
5a7758b955429972597f1504,Timeline of the 2015 Atlantic hurricane season,187,0,0,0.8929,0.5,True,False,False,75
5a7758b955429972597f1504,Timeline of the 2015 Atlantic hurricane season,157,0,0,1.0,0.5789,True,False,False,75
5a7758b955429972597f1504,Tropical Storm Ana (2015),118,0,0,0.7647,0.0588,False,False,False,9
5a7758b955429972597f1504,Tropical Storm Ana (2015),108,0,0,0.875,0.1875,True,False,False,9
5abf647a5542997ec76fd3ec,MS Vereshchagino,132,0,1,1.0,0.1905,True,False,False,7
5abf647a5542997ec76fd3ec,Sevastopol,189,0,0,0.7143,0.0952,False,False,False,61
5ac488e55542997ea680ca7b,Rogers Fort Hill Park Historic District,162,1,1,1.0,1.0,True,False,False,1
5ac488e55542997ea680ca7b,"Lowell, Massachusetts",59,0,0,0.9091,0.0909,True,False,False,116
5ac488e55542997ea680ca7b,"Lowell, Massachusetts",164,0,0,0.7273,0.2273,False,False,False,116
5a72c82b5542991f29ee2cd6,Spaced,408,0,0,0.8814,0.5254,True,False,False,21
5a72c82b5542991f29ee2cd6,Simon Pegg,113,0,0,0.9412,0.3529,True,False,False,20
5a74dd1755429974ef308c81,Allen Wikgren,524,1,1,1.0,0.62,True,False,False,5
5a74dd1755429974ef308c81,"Belleville, Kansas",53,0,0,1.0,0.2,True,False,False,13
5a810b64554299260e20a21e,Cody Hodges,217,0,0,1.0,0.5833,True,False,False,9
5a810b64554299260e20a21e,Cody Hodges,256,1,1,1.0,0.4865,True,False,False,9
5a810b64554299260e20a21e,Seth Doege,129,0,0,0.8824,0.5294,True,False,False,17
5a810b64554299260e20a21e,Seth Doege,130,1,1,1.0,0.4545,True,False,False,17
5a810b64554299260e20a21e,Seth Doege,59,0,0,0.9,0.3,True,False,False,17
5a8b4c7655429949d91db538,Great Salt Lake,185,0,0,0.9545,0.4091,True,False,False,68
5a8b4c7655429949d91db538,Lake Vostok,78,0,0,0.6154,0.0,False,False,False,35
5a8a504955429970aeb70288,Burretiokentia,96,1,1,1.0,1.0,True,False,False,1
5a8a504955429970aeb70288,Iris (plant),81,0,0,0.7857,0.1429,False,False,False,56
5ae16f2a5542990adbacf793,The Kingsmen In Person,90,1,1,1.0,0.4167,True,False,False,11
5ae16f2a5542990adbacf793,The Kingsmen In Person,61,1,1,1.0,0.5,True,False,False,11
5ae16f2a5542990adbacf793,Louie Louie,140,0,0,1.0,0.4091,True,False,False,230
5a7b74b25542997c3ec97192,V. D. Krishnaswami,227,0,0,1.0,0.6207,True,False,False,3
5a7b74b25542997c3ec97192,V. D. Krishnaswami,184,0,0,0.9643,0.6786,True,False,False,3
5a7b74b25542997c3ec97192,Mortimer Wheeler,128,0,0,1.0,0.45,True,False,False,91
5a8f70dc55429918e830d228,Alan McCullough (loyalist),140,1,1,1.0,0.4545,True,False,False,16
5a8f70dc55429918e830d228,Johnny Adair,237,0,0,0.9706,0.5294,True,False,False,37
5ab53cdf554299637185c52b,Introduction and Allegro (Ravel),185,0,0,0.625,0.0833,False,False,False,19
5ab53cdf554299637185c52b,Maurice Ravel,95,1,1,1.0,0.3333,True,False,False,70
5a8ca3a25542996e8ac88afa,Johann Joseph Abert,90,0,0,0.8235,0.3529,True,False,False,9
5a8ca3a25542996e8ac88afa,Sudetenland,211,0,0,0.8077,0.3077,True,False,False,46
5ae100a9554299422ee995b8,Denmark–Netherlands relations,101,1,1,1.0,0.6429,True,False,False,21
5ae100a9554299422ee995b8,Willem-Alexander of the Netherlands,114,0,0,0.7857,0.0714,False,False,False,36
5ae8381e5542997ec2727779,Stage Left (film),163,1,1,1.0,0.8182,True,False,False,2
5ae8381e5542997ec2727779,Stage Left (film),224,1,1,1.0,0.9091,True,False,False,2
5ae8381e5542997ec2727779,Robin Williams,102,0,0,0.7647,0.2941,False,False,False,74
5ae515d055429913cc204586,Johanna Debreczeni,120,0,0,0.8333,0.6111,True,False,False,4
5ae515d055429913cc204586,Tampere,80,0,0,0.8,0.1,True,False,False,88
5adcccb55542990d50227d28,Who Is Clark Rockefeller?,250,1,1,1.0,0.5676,True,False,False,8
5adcccb55542990d50227d28,Christian Gerhartsreiter,265,0,0,0.9189,0.5405,True,False,False,27
5ae2f2175542991a06ce990f,Richard Keith (writer/actor/director),245,0,1,1.0,0.2353,True,False,False,2
5ae2f2175542991a06ce990f,Fuller House (TV series),164,0,0,1.0,0.48,True,False,False,31
5ae2188d5542994d89d5b347,Das Veilchen,172,0,0,0.931,0.4828,True,False,False,8
5ae2188d5542994d89d5b347,Johann Wolfgang von Goethe,101,0,0,1.0,0.5,True,False,False,84
5ae2188d5542994d89d5b347,Johann Wolfgang von Goethe,184,0,0,0.5217,0.1739,False,False,False,84
5a71281b5542994082a3e5eb,Alaska Wilderness Lake,86,1,1,1.0,1.0,True,False,False,1
5a71281b5542994082a3e5eb,Alaska Wilderness Lake,67,1,1,1.0,1.0,True,False,False,1
5a71281b5542994082a3e5eb,Umbrella (film),91,0,1,1.0,0.5625,True,False,False,6
5a8b3ae055429950cd6afc87,Ali Qushji,304,0,0,0.878,0.4146,True,False,False,9
5a8b3ae055429950cd6afc87,Ali Qushji,309,0,0,0.9767,0.4186,True,False,False,9
5a8b3ae055429950cd6afc87,Samarkand,217,0,0,0.72,0.2,False,False,False,103
5a8128995542995ce29dcbd3,Where's Poppa?,138,0,0,0.7273,0.5455,False,False,False,12
5a8128995542995ce29dcbd3,Garrett Morris,130,0,0,0.9091,0.3182,True,False,False,13
5a80dcad55429938b6142220,Some Type of Love,82,1,1,1.0,1.0,True,False,False,1
5a80dcad55429938b6142220,Charlie Puth,104,0,0,1.0,0.4375,True,False,False,21
5a80dcad55429938b6142220,Charlie Puth,166,0,0,0.8621,0.3103,True,False,False,21
5a84a5335542991dd0999d58,John Lustig,197,0,0,0.9333,0.6,True,False,False,2
5a84a5335542991dd0999d58,John Lustig,77,1,1,1.0,0.6154,True,False,False,2
5a84a5335542991dd0999d58,Duck family (Disney),95,1,1,1.0,0.2857,True,False,False,82
5a8a5f9955429930ff3c0db8,The Fells,137,1,1,1.0,0.619,True,False,False,10
5a8a5f9955429930ff3c0db8,"Newbury, New Hampshire",44,0,0,0.75,0.125,False,False,False,9
5ae3e5395542994393b9e79a,James Watt (loyalist),173,1,1,1.0,0.3333,True,False,False,12
5ae3e5395542994393b9e79a,Ulster Volunteer Force,94,0,0,1.0,0.2308,True,False,False,82
5a883ef35542994846c1ce5e,Whitney Section House,117,1,1,1.0,0.7647,True,False,False,2
5a883ef35542994846c1ce5e,Whitney Section House,187,1,1,1.0,0.8462,True,False,False,2
5a883ef35542994846c1ce5e,Elmendorf Air Force Base,141,0,0,0.5455,0.0909,False,False,False,39
5ac51be85542994611c8b3a1,Mia Goth,165,0,0,0.5714,0.0476,False,False,False,12
5ac51be85542994611c8b3a1,A Cure for Wellness,66,1,1,1.0,0.5,True,False,False,33
5a723b3655429971e9dc9367,WMFX,127,0,0,0.8333,0.4444,True,False,False,7
5a723b3655429971e9dc9367,"Columbia, South Carolina",134,0,0,0.8182,0.1818,True,False,False,163
5a8a44ee55429970aeb70281,2009–10 VfL Wolfsburg season,140,1,1,1.0,1.0,True,False,False,1
5a8a44ee55429970aeb70281,Armin Veh,92,0,0,0.9333,0.5333,True,False,False,16
5a8a44ee55429970aeb70281,Armin Veh,74,1,1,1.0,0.4167,True,False,False,16
5ac3bcdc5542993915413923,Jerry Kupcinet,112,0,1,1.0,0.7857,True,False,False,7
5ac3bcdc5542993915413923,Richard Simmons,102,0,0,0.8125,0.25,True,False,False,37
5ab702ee5542991d32223745,1921 PGA Championship,148,1,1,1.0,0.8182,True,False,False,2
5ab702ee5542991d32223745,"Inwood, New York",95,0,0,1.0,0.5625,True,False,False,19
5a769c425542993569682c58,Stella Gibson,173,0,0,0.6923,0.3462,False,False,False,9
5a769c425542993569682c58,Gillian Anderson,160,0,0,0.6818,0.2727,False,False,False,70
5a769c425542993569682c58,Gillian Anderson,281,0,0,0.85,0.35,True,False,False,70
5ac3c3c9554299204fd21e40,Tecomanthe,103,1,1,1.0,1.0,True,False,False,1
5ac3c3c9554299204fd21e40,Pyrrosia,85,0,1,1.0,1.0,True,False,False,1
5ab70e38554299110f219aa6,Sun Records,106,0,0,1.0,0.375,True,False,False,13
5ab70e38554299110f219aa6,Sun Records,97,0,0,0.9412,0.0,False,False,False,13
5ab70e38554299110f219aa6,Jerry Lee Lewis,139,0,0,0.6364,0.0,False,False,False,62
5ab70e38554299110f219aa6,Jerry Lee Lewis,62,0,0,0.8333,0.0,False,False,False,62
5a82fc2355429954d2e2ebe6,Musa Khan Ahmadzai,48,1,1,1.0,0.7778,True,False,False,2
5a82fc2355429954d2e2ebe6,Musa Khan Ahmadzai,128,0,0,1.0,0.7059,True,False,False,2
5a82fc2355429954d2e2ebe6,Peshawar,119,0,0,0.6667,0.0,False,False,False,120
5ae53a8a55429960a22e027d,A Christmas Fantasy Parade,410,0,0,0.9615,0.7308,True,False,False,19
5ae53a8a55429960a22e027d,Snow White (Disney character),149,0,0,1.0,0.3684,True,False,False,39
5ae64aa755429908198fa577,Crampton's Gap Historic District,196,1,1,1.0,0.6667,True,False,False,2
5ae64aa755429908198fa577,Crampton's Gap Historic District,138,1,1,1.0,0.6,True,False,False,2
5ae64aa755429908198fa577,"Burkittsville, Maryland",69,0,0,0.9,0.4,True,False,False,18
5ae64aa755429908198fa577,"Burkittsville, Maryland",42,0,0,1.0,0.2857,True,False,False,18
5adcfd7d5542990d50227d8f,Kate Micucci,127,0,0,0.7059,0.5294,False,False,False,13
5adcfd7d5542990d50227d8f,Kate Micucci,245,0,0,0.7143,0.3714,False,False,False,13
5adcfd7d5542990d50227d8f,Milo Murphy's Law,228,0,0,0.8788,0.4545,True,False,False,34
5a83136555429954d2e2ec05,With Shaking Hands,32,1,1,1.0,0.1667,True,True,False,3
5a83136555429954d2e2ec05,With Shaking Hands,81,0,1,1.0,0.0,False,False,False,3
5a83136555429954d2e2ec05,"Fort Worth, Texas",106,0,0,0.8,0.0,False,False,False,112
5ae0574255429945ae95931e,William P. Taulbee,100,1,1,1.0,0.5625,True,False,False,8
5ae0574255429945ae95931e,United States House of Representatives,169,0,0,0.8125,0.125,True,False,False,93
5ac1c5dd5542994ab5c67e10,Good Work (talk show),253,1,1,1.0,0.6061,True,False,False,3
5ac1c5dd5542994ab5c67e10,RuPaul,171,0,0,0.6522,0.2174,False,False,False,48
5abdbc025542993062266cdb,American Oxygen,130,0,0,1.0,0.0,False,False,False,16
5abdbc025542993062266cdb,Tidal (service),189,0,0,0.625,0.0833,False,False,False,37
5ae60c22554299546bf83032,Lewis Way,116,0,0,0.8947,0.3158,True,False,False,9
5ae60c22554299546bf83032,Lewis Way,106,1,1,1.0,0.5,True,False,False,9
5ae60c22554299546bf83032,South Sea Company,329,0,0,0.9737,0.5,True,False,False,84
5a8e207955429917b4a5bd3b,A Touch of Blue,53,0,0,0.9091,1.0,True,False,False,1
5a8e207955429917b4a5bd3b,David Cassidy,105,0,0,0.6875,0.3125,False,False,False,38
5abe81d75542993f32c2a136,Showtime Championship Boxing,79,1,1,1.0,0.3333,True,False,False,21
5abe81d75542993f32c2a136,Mauro Ranallo,95,0,0,1.0,0.5714,True,False,False,18
5abe81d75542993f32c2a136,Mauro Ranallo,275,0,0,0.6923,0.2308,False,False,False,18
5ae1397e5542997b2ef7d13e,Wolfram's 2-state 3-symbol Turing machine,235,0,0,0.9655,0.4828,True,False,False,22
5ae1397e5542997b2ef7d13e,Stephen Wolfram,53,0,0,0.9,0.1,True,False,False,18
5ab5928b554299488d4d99e4,Chisholm Trail Casino,83,1,1,1.0,0.5833,True,False,False,3
5ab5928b554299488d4d99e4,Chisholm Trail Casino,137,1,1,1.0,0.7895,True,False,False,3
5ab5928b554299488d4d99e4,WinStar World Casino,203,0,0,0.6552,0.1724,False,False,False,8
5ac43bea5542995c82c4ad03,Alek Keshishian,184,0,0,0.9048,0.5714,True,False,False,10
5ac43bea5542995c82c4ad03,Tony Petrossian,126,0,0,0.15,0.1,False,False,False,4
5a7b8b23554299042af8f77e,Revolution (Nina Simone song),84,0,0,1.0,1.0,True,False,False,1
5a7b8b23554299042af8f77e,Revolution (Nina Simone song),112,0,0,0.8889,1.0,True,False,False,1
5a7b8b23554299042af8f77e,Revolution (Beatles song),428,0,0,0.98,0.54,True,False,False,48
5ae6ace355429908198fa678,Lacey Street Theatre,170,1,1,1.0,0.8261,True,False,False,3
5ae6ace355429908198fa678,"Fairbanks, Alaska",115,1,1,1.0,0.1667,True,False,False,97
5a88f1605542997e5c09a6d4,Show Us Yours Tour,125,0,1,1.0,0.45,True,False,False,2
5a88f1605542997e5c09a6d4,Show Us Yours Tour,207,1,1,1.0,0.7308,True,False,False,2
5a88f1605542997e5c09a6d4,The Ting Tings,77,0,0,1.0,0.5385,True,False,False,18
5ade154f55429939a52fe800,Michael Cremo,200,0,0,0.8519,0.4074,True,False,False,10
5ade154f55429939a52fe800,Richard L. Thompson,404,0,0,0.8627,0.5686,True,False,False,3
5a72279755429971e9dc92ff,Fortification Range,87,1,1,1.0,0.6154,True,False,False,2
5a72279755429971e9dc92ff,"Lincoln County, Nevada",63,0,0,0.9167,0.0833,True,False,False,15
5a72279755429971e9dc92ff,"Lincoln County, Nevada",48,0,0,1.0,0.2222,True,False,False,15
5a7797cb5542997042120aaf,Republic of the Congo (Léopoldville),167,0,0,0.7619,0.1905,False,False,False,14
5a7797cb5542997042120aaf,Belgian Congo,188,0,0,0.6667,0.2083,False,False,False,72
5ae2c5105542996483e64a4e,2012–13 FC Bayern Munich season,122,1,1,1.0,0.4444,True,False,False,14
5ae2c5105542996483e64a4e,Javi Martínez,174,0,0,0.8519,0.3704,True,False,False,23
5ab93ddb554299131ca422dc,The Boys Club,204,0,0,0.9667,0.7667,True,False,False,4
5ab93ddb554299131ca422dc,Devon Sawa,63,1,1,1.0,0.2727,True,False,False,6
5ab4799a5542991751b4d787,Platycarya,207,0,0,0.4286,0.0,False,False,False,3
5ab4799a5542991751b4d787,Houttuynia,81,1,1,1.0,1.0,True,False,False,1
5a72b4fe5542991f9a20c578,William Batty,326,1,1,1.0,0.6585,True,False,False,6
5a72b4fe5542991f9a20c578,Being for the Benefit of Mr. Kite!,41,0,0,1.0,0.0,False,False,False,11
5a839afe5542992ef85e2329,Gunhilda of Denmark,193,0,0,0.7333,0.3333,False,False,False,9
5a839afe5542992ef85e2329,House of Knýtlinga,134,1,1,1.0,0.4,True,False,False,14
5a82117f554299676cceb202,Church of St. George of Samatya,175,0,0,1.0,0.619,True,False,False,13
5a82117f554299676cceb202,Gülhane Park,244,0,0,0.75,0.3125,False,False,False,7
5abf819d5542994516f454ba,Battle of Mount Chimborazo,182,0,0,0.5926,0.2963,False,False,False,4
5abf819d5542994516f454ba,Francisco Pizarro,80,0,0,0.6667,0.1667,False,False,False,51
5ae5eb2f554299546bf82fd4,"Springfield, Missouri",101,0,0,0.875,0.25,True,False,False,116
5ae5eb2f554299546bf82fd4,U.S. Route 66,185,0,0,0.76,0.16,False,False,False,66
5aba042555429939ce03dc51,War Song,93,1,1,1.0,0.4118,True,False,False,3
5aba042555429939ce03dc51,Neil Young,159,0,0,0.619,0.1905,False,False,False,123
5aba042555429939ce03dc51,Neil Young,154,0,0,0.76,0.08,False,False,False,123
5ae6105b5542996de7b71b19,James Dewar (baker),98,0,0,0.9333,0.4667,True,False,False,6
5ae6105b5542996de7b71b19,Twinkie,92,0,0,0.9286,0.3571,True,False,False,21
5ae6105b5542996de7b71b19,Twinkie,55,1,1,1.0,0.3333,True,False,False,21
5ae6105b5542996de7b71b19,Twinkie,226,0,0,0.931,0.6207,True,False,False,21
5a85ccb75542991dd0999e9f,Selena,201,0,0,0.5417,0.0417,False,False,False,77
5a85ccb75542991dd0999e9f,MAC Cosmetics,100,0,0,0.8824,0.2353,True,False,False,10
5a84717c554299123d8c2254,Joonas Donskoi,177,0,0,0.7778,0.4444,False,False,False,11
5a84717c554299123d8c2254,San Jose Sharks,85,1,1,1.0,0.2308,True,False,False,74
5ae164c35542997b2ef7d1cc,George Maran,102,1,1,1.0,0.7647,True,False,False,14
5ae164c35542997b2ef7d1cc,George Maran,134,1,1,1.0,0.4286,True,False,False,14
5ae164c35542997b2ef7d1cc,Paul Hindemith,131,0,0,0.7778,0.2778,False,False,False,44
5ae164c35542997b2ef7d1cc,Paul Hindemith,162,0,0,0.9615,0.3462,True,False,False,44
5a80d76d55429938b6142208,We Are Never Ever Getting Back Together,146,0,0,0.9583,0.2083,True,False,False,24
5a80d76d55429938b6142208,We Are Never Ever Getting Back Together,69,0,0,0.8333,0.0833,True,False,False,24
5a80d76d55429938b6142208,Red (Taylor Swift album),236,0,0,0.6774,0.2258,False,False,False,39
5adf92e2554299025d62a2c8,Dirk Gently (TV series),169,0,1,1.0,0.3478,True,False,False,34
5adf92e2554299025d62a2c8,Dirk Gently's Holistic Detective Agency,112,0,0,0.9412,0.2941,True,False,False,38
5adf92e2554299025d62a2c8,Dirk Gently's Holistic Detective Agency,139,1,1,1.0,0.6667,True,False,False,38
5a73e35d5542993a88ae2e89,Laura Slade Wiggins,106,0,1,1.0,0.5625,True,False,False,5
5a73e35d5542993a88ae2e89,Rings (2017 film),265,0,0,0.9737,0.5263,True,False,False,22
5adf8b385542993344016ceb,Ernst John von Freyend,181,0,0,1.0,0.6333,True,False,False,3
5adf8b385542993344016ceb,Wilhelm Keitel,154,0,0,0.6818,0.0455,False,False,False,27
5ac412815542997ea680c9de,Folkways: The Original Vision,247,1,1,1.0,1.0,True,False,False,1
5ac412815542997ea680c9de,Folkways: The Original Vision,311,1,1,1.0,1.0,True,False,False,1
5ac412815542997ea680c9de,U2,53,0,0,1.0,0.3636,True,False,False,87
5ae2154c5542994d89d5b336,Denise Borino-Quinn,219,0,0,0.9118,0.4118,True,False,False,4
5ae2154c5542994d89d5b336,The Sopranos,81,1,1,1.0,0.3077,True,False,False,136
5a8e45575542995a26add4b4,"Terra Mar, Florida",88,1,1,1.0,0.6429,True,False,False,7
5a8e45575542995a26add4b4,"Terra Mar, Florida",124,1,1,1.0,0.7647,True,False,False,7
5a8e45575542995a26add4b4,"Pompano Beach, Florida",142,0,0,0.9091,0.3182,True,False,False,38
5adc039c5542996e685252a9,Non-brewed condiment,102,0,0,0.8235,0.2353,True,False,False,4
5adc039c5542996e685252a9,Fish and chips,102,0,0,0.7857,0.0714,False,False,False,46
5a8aed0055429950cd6afbf0,Donald's Crime,116,0,0,1.0,0.4737,True,False,False,6
5a8aed0055429950cd6afbf0,Donald's Crime,149,1,1,1.0,0.52,True,False,False,6
5a8aed0055429950cd6afbf0,Donald Duck,78,0,0,0.8462,0.0769,True,False,False,99
5a8aed0055429950cd6afbf0,Donald Duck,82,1,1,1.0,0.5,True,False,False,99
5ab5eb655542997d4ad1f24d,The Art of War,152,0,0,0.8889,0.4074,True,False,False,28
5ab5eb655542997d4ad1f24d,Sun Tzu,170,0,0,0.96,0.4,True,False,False,28
5ae0c6815542993d6555ec5e,Degesch,160,0,0,0.9167,0.4167,True,False,False,6
5ae0c6815542993d6555ec5e,Zyklon B,126,0,0,1.0,0.2778,True,False,False,19
5a8c9c9c5542996e8ac88aed,Southern Pacific class AC-9,222,0,0,0.9688,0.6562,True,False,False,3
5a8c9c9c5542996e8ac88aed,"Sparks, Nevada",45,0,0,0.8889,0.3333,True,False,False,25
5a73326b5542992359bc3282,2011–12 Dynamo Dresden season,129,1,1,1.0,0.9091,True,False,False,2
5a73326b5542992359bc3282,Mickaël Poté,100,0,0,0.875,0.6875,True,False,False,3
5a7732f355429966f1a36cae,Meji Mwamba,147,1,1,1.0,1.0,True,False,False,1
5a7732f355429966f1a36cae,Magomedrasul Majidov,287,0,0,0.625,0.3438,False,False,False,7
5adc8ad35542994d58a2f643,Greg McAdoo,113,1,1,1.0,0.7222,True,False,False,3
5adc8ad35542994d58a2f643,Bump (application),170,1,1,1.0,0.375,True,False,False,19
5abd432e55429924427fcf56,Holding the Man (film),175,1,1,1.0,0.5769,True,False,False,12
5abd432e55429924427fcf56,Sarah Snook,160,0,0,0.5833,0.0417,False,False,False,9
5ab6397f55429953192ad2a9,Somewhere to Run (song),85,0,0,0.7857,0.5,False,False,False,4
5ab6397f55429953192ad2a9,Krewella,104,0,0,0.9375,0.4375,True,False,False,44
5add5fa55542997545bbbd49,Christmas in Paradise,289,1,1,1.0,0.2857,True,False,False,3
5add5fa55542997545bbbd49,Kenton Duty,95,0,0,0.8235,0.2941,True,False,False,12
5ae373215542994393b9e6c0,Kim Hyun-seok (filmmaker),83,1,1,1.0,0.4667,True,False,False,10
5ae373215542994393b9e6c0,Cyrano Agency,146,0,0,1.0,0.2917,True,False,False,9
5a84d65e5542992a431d1ab1,Greenlight Capital,68,1,1,1.0,0.25,True,False,False,12
5a84d65e5542992a431d1ab1,Greenlight Capital,101,1,1,1.0,0.6923,True,False,False,12
5a84d65e5542992a431d1ab1,David Einhorn (hedge fund manager),106,0,0,0.9375,0.625,True,False,False,23
5a8499ba5542992a431d1a6f,Jonathan Brookins,121,0,1,1.0,0.4211,True,False,False,20
5a8499ba5542992a431d1a6f,Jonathan Brookins,112,1,1,1.0,0.6316,True,False,False,20
5a8499ba5542992a431d1a6f,Michael Johnson (fighter),158,0,0,0.8696,0.4783,True,False,False,43
5a8499ba5542992a431d1a6f,Michael Johnson (fighter),67,0,0,0.5385,0.0769,False,False,False,43
5abd149e55429933744ab713,Dan Masterson,165,0,0,0.4167,0.2083,False,False,False,5
5abd149e55429933744ab713,Robert Ludlum,180,0,1,1.0,0.6667,True,False,False,13
5abd149e55429933744ab713,Robert Ludlum,92,0,0,0.9333,0.5333,True,False,False,13
5adfc154554299025d62a349,Lone Scherfig,122,0,0,1.0,0.3158,True,False,False,27
5adfc154554299025d62a349,One Day (2011 film),126,0,0,0.85,0.5,True,False,False,14
5a845fc65542990548d0b28e,"Lincoln County, Montana",25,1,1,1.0,0.4,True,True,False,7
5a845fc65542990548d0b28e,"Lincoln County, Montana",71,1,1,1.0,0.4167,True,False,False,7
5a845fc65542990548d0b28e,"Libby, Montana",66,0,0,1.0,0.3333,True,False,False,24
5a845fc65542990548d0b28e,"Libby, Montana",44,0,0,1.0,0.25,True,False,False,24
5ae704255542995703ce8bb8,U.S. Route 75 in Kansas,151,1,1,1.0,0.35,True,False,False,5
5ae704255542995703ce8bb8,"Sabetha, Kansas",53,0,0,1.0,0.2,True,False,False,14
5adc19db55429947ff1738f9,Concurso de Cante Jondo,198,0,0,0.7097,0.129,False,False,False,38
5adc19db55429947ff1738f9,Concurso de Cante Jondo,145,0,0,0.7826,0.3043,False,False,False,38
5adc19db55429947ff1738f9,Federico García Lorca,171,0,0,1.0,0.3462,True,False,False,56
5a89ec4755429946c8d6ea10,2010 FA Community Shield,160,1,1,1.0,0.72,True,False,False,2
5a89ec4755429946c8d6ea10,Javier Hernández,170,0,0,0.7586,0.2759,False,False,False,64
5ae732ea5542991e8301cbc8,Metcalf South Shopping Center,228,1,1,1.0,0.7188,True,False,False,12
5ae732ea5542991e8301cbc8,Hancock Fabrics,108,1,1,1.0,0.4667,True,False,False,7
5a7c5c6955429935c91b5174,European Commissioner for Health and Food Safety,85,1,1,1.0,0.25,True,False,False,4
5a7c5c6955429935c91b5174,European Commissioner for Health and Food Safety,77,0,0,0.7273,0.2727,False,False,False,4
5a7c5c6955429935c91b5174,Vytenis Andriukaitis,190,0,0,0.9615,0.5385,True,False,False,33
5a79f8e35542996a35c17061,Carlos Castaneda,104,0,0,0.7222,0.1667,False,False,False,41
5a79f8e35542996a35c17061,Lu Xun,149,0,0,0.84,0.44,True,False,False,79
5ac02c34554299294b218f37,"Ballynahatty, County Down",74,0,0,0.6667,0.25,False,False,False,2
5ac02c34554299294b218f37,County Tyrone,126,0,0,0.5263,0.0,False,False,False,20
5ae63d4455429908198fa535,Tibetan Language Institute,110,1,1,1.0,1.0,True,False,False,1
5ae63d4455429908198fa535,"Hamilton, Montana",105,0,0,0.6667,0.2222,False,False,False,23
5a8f99a7554299458435d68d,Piano Sonata No. 1 (Rachmaninoff),64,1,1,1.0,0.3636,True,False,False,14
5a8f99a7554299458435d68d,Sergei Rachmaninoff,317,0,0,0.4865,0.1351,False,False,False,79
5a7d170c554299452d57badd,Adams of Eagle Lake,85,1,1,1.0,0.5882,True,False,False,4
5a7d170c554299452d57badd,Adams of Eagle Lake,126,0,0,0.9524,0.4286,True,False,False,4
5a7d170c554299452d57badd,Andy Griffith,130,0,0,0.95,0.6,True,False,False,47
5a7d170c554299452d57badd,Andy Griffith,347,0,0,1.0,0.5,True,False,False,47
5ab3470255429969a97a8126,Stuart H. Singer,96,0,0,0.9474,1.0,True,False,False,1
5ab3470255429969a97a8126,Byron White,179,0,0,0.8519,0.4074,True,False,False,43
5a762270554299109176e651,Loin de Paname,79,1,1,1.0,1.0,True,False,False,1
5a762270554299109176e651,Loin de Paname,80,1,1,1.0,1.0,True,False,False,1
5a762270554299109176e651,Édith Piaf,256,0,0,0.6857,0.3429,False,False,False,40
5ae7bbac5542993210983f1b,Antoine de Saint-Exupéry,166,0,0,0.9615,0.4231,True,False,False,107
5ae7bbac5542993210983f1b,Antoine de Saint-Exupéry,169,0,0,0.8636,0.2727,True,False,False,107
5ae7bbac5542993210983f1b,The Little Prince,195,0,0,0.7143,0.1429,False,False,False,129
5ae0b9d355429924de1b7153,Anglo-German Friendship Committee,103,0,0,0.8125,0.5625,True,False,False,2
5ae0b9d355429924de1b7153,Bertha von Suttner,182,0,0,0.8462,0.3846,True,False,False,49
5a8590c25542994c784ddb26,Spendthrift (film),141,0,0,0.9524,0.7619,True,False,False,2
5a8590c25542994c784ddb26,Henry Fonda,125,0,0,0.8182,0.4091,True,False,False,54
5a89f5265542992e4fca84ae,"Glee: The Music, The Christmas Album",296,0,0,0.7561,0.3659,False,False,False,28
5a89f5265542992e4fca84ae,Darren Criss,238,0,0,0.8966,0.2414,True,False,False,52
5ab495a95542991779162cf5,Radiator Springs Racers,118,0,0,0.8421,0.3158,True,False,False,8
5ab495a95542991779162cf5,Cars Land,126,0,0,0.8636,0.1364,True,False,False,14
5ac386b0554299741d48a27d,Thirumanikkoodam,190,0,0,0.96,0.52,True,False,False,8
5ac386b0554299741d48a27d,Vishnu,142,0,0,0.6842,0.0526,False,False,False,77
5ae1368e55429901ffe4adf4,Tech Support (Beavis and Butt-Head),141,0,1,1.0,0.5789,True,False,False,4
5ae1368e55429901ffe4adf4,Daughter's Hand,143,0,1,1.0,0.5,True,False,False,3
5a7e979a5542994959419a1b,Stanner E.V. Taylor,119,0,0,1.0,0.55,True,False,False,5
5a7e979a5542994959419a1b,Herbert Selpin,139,1,1,1.0,0.4545,True,False,False,12
5a861a305542994775f606f3,Foxcatcher,437,0,0,0.88,0.44,True,False,False,29
5a861a305542994775f606f3,Mark Schultz (wrestler),300,0,0,0.9697,0.4545,True,False,False,20
5ab29626554299545a2cf9b6,Lehigh University,96,0,0,0.7273,0.1818,False,False,False,43
5ab29626554299545a2cf9b6,North Carolina State University,166,0,0,0.7143,0.0952,False,False,False,86
5a795f985542994bb9457008,Kerrie Brown,94,0,1,1.0,1.0,True,False,False,1
5a795f985542994bb9457008,Babe (film),126,0,0,0.8947,0.4737,True,False,False,22
5adbe1e1554299438c868cc5,Frederik Bouttats the Younger,72,0,0,1.0,1.0,True,False,False,1
5adbe1e1554299438c868cc5,Antwerp,145,0,0,0.6471,0.0588,False,False,False,123
5adbe1e1554299438c868cc5,Antwerp,77,0,0,0.8,0.2,True,False,False,123
5a8a4a2955429930ff3c0d76,Sheriff Rosco P. Coltrane,189,0,0,0.6923,0.1154,False,False,False,16
5a8a4a2955429930ff3c0d76,The Dukes of Hazzard,129,0,0,1.0,0.4783,True,False,False,92
5a81bdf65542990a1d231e88,Paranoia (2013 film),68,0,0,0.8462,0.0769,True,False,False,10
5a81bdf65542990a1d231e88,Liam Hemsworth,163,0,0,1.0,0.5909,True,False,False,20
5a75df605542994ccc918645,Violent Femmes,107,0,0,0.75,0.3125,False,False,False,25
5a75df605542994ccc918645,Violent Femmes,37,0,0,0.75,0.0,False,True,False,25
5a75df605542994ccc918645,Alex Clare,139,0,0,0.3182,0.0455,False,False,False,18
5ae56c915542992663a4f1f5,Charles Jordan (baritone),109,1,1,1.0,0.6875,True,False,False,5
5ae56c915542992663a4f1f5,William Shatner,165,0,0,0.8261,0.1739,True,False,False,92
5ae5255e5542990ba0bbb1cb,Alan James,93,0,0,1.0,1.0,True,False,False,1
5ae5255e5542990ba0bbb1cb,T. Arthur Cottam,70,1,1,1.0,0.1818,True,False,False,6
5ade996f554299728e26c75b,VCU Rams women's basketball,134,0,0,0.9375,0.625,True,False,False,3
5ade996f554299728e26c75b,VCU Rams women's basketball,44,1,1,1.0,0.1429,True,False,False,3
5ade996f554299728e26c75b,Atlantic 10 Conference,160,1,1,1.0,0.4444,True,False,False,21
5ade15c555429939a52fe803,Sissy Spacek,219,0,0,0.8966,0.069,True,False,False,20
5ade15c555429939a52fe803,Coal Miner's Daughter (film),92,0,0,0.7647,0.3529,False,False,False,29
5a8970be55429951533612fa,MTV1987,142,0,1,1.0,0.5909,True,False,False,5
5a8970be55429951533612fa,Kevin Abstract,162,0,0,0.8077,0.4615,True,False,False,26
5ab9403d554299131ca422e2,Mount Baldy (Nevada),77,1,1,1.0,0.2727,True,False,False,2
5ab9403d554299131ca422e2,Mount Baldy (Nevada),164,0,0,0.8,0.44,True,False,False,2
5ab9403d554299131ca422e2,"Incline Village, Nevada",109,0,0,1.0,0.4211,True,False,False,17
5ab9403d554299131ca422e2,"Incline Village, Nevada",44,1,1,1.0,0.0,False,False,False,17
5a8a067a55429970aeb70216,Gediminas Vičius,187,1,1,1.0,0.7,True,False,False,5
5a8a067a55429970aeb70216,I Lyga,237,0,0,0.871,0.4839,True,False,False,10
5a82f8d155429954d2e2ebdd,Dedication 4,39,0,0,1.0,0.125,True,True,False,6
5a82f8d155429954d2e2ebdd,Dedication 3,158,0,0,0.9524,1.0,True,False,False,1
5adc91555542994ed6169b91,"Maui County, Hawaii",88,0,0,0.9231,0.1538,True,False,False,14
5adc91555542994ed6169b91,"Maui County, Hawaii",27,1,1,1.0,0.4,True,True,False,14
5adc91555542994ed6169b91,Molokini,213,0,0,0.871,0.5484,True,False,False,15
5ac42895554299076e296d76,Third Time Lucky (1949 film),207,1,1,1.0,0.7576,True,False,False,3
5ac42895554299076e296d76,Glynis Johns,118,0,0,0.7778,0.1111,False,False,False,57
5a85d36b5542994c784ddb84,Hugh Freeze,157,0,0,0.9091,0.2727,True,False,False,30
5a85d36b5542994c784ddb84,Greg Hardy,86,0,0,1.0,0.6429,True,False,False,49
5a88e7295542997e5c09a6c5,Thomas Farnall,203,1,1,1.0,1.0,True,False,False,1
5a88e7295542997e5c09a6c5,Thomas Farnall,139,1,1,1.0,1.0,True,False,False,1
5a88e7295542997e5c09a6c5,Watford F.C.,130,0,0,0.8095,0.1905,True,False,False,47
5aba9df05542994dbf019983,Builth Castle,133,0,0,0.7368,0.2105,False,False,False,7
5aba9df05542994dbf019983,Edward I of England,170,0,0,0.8889,0.3704,True,False,False,61
5ac31c2e554299741d48a1fe,Avon Saxon,271,0,1,1.0,0.475,True,False,False,12
5ac31c2e554299741d48a1fe,Arthur Sullivan,89,0,0,0.9333,0.4,True,False,False,78
5ac438555542995c82c4acf6,New York Rangers,135,0,0,0.8947,0.2632,True,False,False,69
5ac438555542995c82c4acf6,New York Islanders,81,0,0,0.9231,0.1538,True,False,False,103
5adfcbed554299025d62a35a,WJKX,136,1,1,1.0,0.6,True,False,False,3
5adfcbed554299025d62a35a,"Ellisville, Mississippi",94,0,0,0.9333,0.2,True,False,False,16
5ae4ac7455429913cc2044c9,Mission San Diego de Alcalá,114,0,0,1.0,0.2941,True,False,False,15
5ae4ac7455429913cc2044c9,Mission San Diego de Alcalá,159,0,0,1.0,0.4444,True,False,False,15
5ae4ac7455429913cc2044c9,Junípero Serra,391,0,0,0.7843,0.451,False,False,False,155
5a8d8115554299068b959d12,1964 New York Yankees season,37,1,1,1.0,0.6667,True,True,False,10
5a8d8115554299068b959d12,Yogi Berra,128,0,0,1.0,0.5,True,False,False,59
5a7a8faf55429927d897becb,2011 Tour,97,1,1,1.0,0.625,True,False,False,22
5a7a8faf55429927d897becb,Kevin Jonas,78,0,0,0.8571,0.0714,True,False,False,19
5a7a8faf55429927d897becb,Kevin Jonas,158,0,0,0.5217,0.0435,False,False,False,19
5a7402ad55429979e2882891,Jean Francisque Coignet,225,1,1,1.0,0.6,True,False,False,5
5a7402ad55429979e2882891,Kobe,105,0,0,0.7647,0.2353,False,False,False,56
5a775a965542993569682d63,Julian and Sandy,223,0,1,1.0,0.5484,True,False,False,18
5a775a965542993569682d63,Hugh Paddick,241,0,0,0.8788,0.4545,True,False,False,7
5a732e405542991f29ee2d3c,Georges Ladoux,60,0,0,1.0,1.0,True,False,False,1
5a732e405542991f29ee2d3c,Mata Hari,271,0,0,0.9767,0.5116,True,False,False,59
5ae37cba5542991a06ce99d1,"Greenwood, Minnesota",65,0,0,0.9,0.3,True,False,False,9
5ae37cba5542991a06ce99d1,"Hennepin County, Minnesota",51,0,0,1.0,0.3,True,False,False,36
5a8e911c5542990e94052b59,John Sprunt Hill House,135,1,1,1.0,0.6842,True,False,False,2
5a8e911c5542990e94052b59,"Durham, North Carolina",39,0,0,0.8571,0.0,False,True,False,105
5a891cca554299669944a4b9,Raventhorp,211,1,1,1.0,0.1538,True,False,False,3
5a891cca554299669944a4b9,Raventhorp,145,1,1,1.0,0.1739,True,False,False,3
5a891cca554299669944a4b9,"Southwest Harbor, Maine",67,1,1,1.0,0.3636,True,False,False,15
5a891cca554299669944a4b9,"Southwest Harbor, Maine",76,0,0,0.8462,0.2308,True,False,False,15
5adc3a6e55429944faac247e,Amy Morton,93,0,1,1.0,0.125,True,False,False,13
5adc3a6e55429944faac247e,Chicago P.D. (TV series),170,0,0,1.0,0.4,True,False,False,72
5abdbf885542993f32c2a04a,Schindler's List,147,0,0,0.8571,0.381,True,False,False,56
5abdbf885542993f32c2a04a,Schindler's List,137,1,1,1.0,0.4286,True,False,False,56
5abdbf885542993f32c2a04a,Amon Göth,291,0,0,0.9286,0.381,True,False,False,26
5ac2dd69554299218029db88,Crying (Beavis and Butt-Head),135,0,0,0.9444,0.4444,True,False,False,4
5ac2dd69554299218029db88,Werewolves of Highland,150,0,0,1.0,0.5789,True,False,False,6
5a86ff0a554299211dda2b85,Monadnock Regional High School,121,1,1,1.0,0.75,True,False,False,2
5a86ff0a554299211dda2b85,"Richmond, New Hampshire",68,1,1,1.0,0.3636,True,False,False,13
5a7bd8025542997c3ec9728e,Soleil Moon Frye,92,0,0,1.0,0.6429,True,False,False,21
5a7bd8025542997c3ec9728e,Henrik Malyan,161,0,0,1.0,0.6842,True,False,False,3
5ae6288c5542992663a4f270,Dayton's Devils,51,0,0,0.2,0.0,False,False,False,3
5ae6288c5542992663a4f270,Mike Farrell,169,0,0,1.0,0.4688,True,False,False,25
5a8aee8555429950cd6afc05,Dievas,190,0,0,0.9643,0.5357,True,False,False,15
5a8aee8555429950cd6afc05,Sudovian language,124,0,0,0.8235,0.2353,True,False,False,30
5ac0e647554299294b21904a,Mick Betancourt,247,0,0,1.0,0.7059,True,False,False,3
5ac0e647554299294b21904a,Chicago P.D. (TV series),170,0,0,1.0,0.4,True,False,False,72
5ab2d591554299545a2cfaba,Transparent (film),88,1,1,1.0,0.4615,True,False,False,12
5ab2d591554299545a2cfaba,6th Marine Division on Okinawa,154,1,1,1.0,0.6316,True,False,False,4
5ae210c95542997283cd23a3,Dyana Liu,84,0,0,0.9333,0.0667,True,False,False,2
5ae210c95542997283cd23a3,Tower Prep,72,0,0,0.3846,0.0769,False,False,False,19
5ae4f6885542993aec5ec105,Jermaine Love,165,0,0,0.7917,0.5833,False,False,False,7
5ae4f6885542993aec5ec105,Jermaine Love,290,0,0,0.9762,0.6429,True,False,False,7
5ae4f6885542993aec5ec105,Jermaine Love,44,1,1,1.0,0.6,True,False,False,7
5ae4f6885542993aec5ec105,BC Nevėžis,180,0,0,0.6316,0.0,False,False,False,3
5a7e71355542991319bc94b7,Joel Kinnaman,235,0,0,0.8571,0.2571,True,False,False,13
5a7e71355542991319bc94b7,RoboCop (2014 film),149,0,0,0.9048,0.4286,True,False,False,30
5a8baa705542996e8ac88998,Politics of Berlin,145,0,0,0.9474,0.5789,True,False,False,17
5a8baa705542996e8ac88998,President of Germany,179,0,0,0.625,0.0,False,False,False,68
5ade106955429939a52fe7e2,Truck Yeah,225,0,0,1.0,0.8182,True,False,False,4
5ade106955429939a52fe7e2,Chris Janson,91,0,0,0.7143,0.1429,False,False,False,9
5a8b70225542997f31a41d2e,Last Recording,196,0,0,0.7143,0.2857,False,False,False,9
5a8b70225542997f31a41d2e,Billie Holiday,129,0,0,0.95,0.4,True,False,False,76
5ae786a855429952e35ea961,Who Is Clark Rockefeller?,122,1,1,1.0,0.55,True,False,False,8
5ae786a855429952e35ea961,Christian Gerhartsreiter,265,0,0,0.9189,0.5405,True,False,False,27
5a7a5f1955429941d65f25e7,My Generation (2000 film),233,1,1,1.0,1.0,True,False,False,1
5a7a5f1955429941d65f25e7,Pumping Iron,156,0,0,1.0,0.4091,True,False,False,17
5a8d371f5542994ba4e3dc1f,Helena Barlow,178,0,0,0.7742,0.2581,False,False,False,7
5a8d371f5542994ba4e3dc1f,Harry Potter and the Deathly Hallows – Part 2,141,0,0,0.7727,0.0455,False,False,False,47
5a8d371f5542994ba4e3dc1f,Harry Potter and the Deathly Hallows – Part 2,170,0,0,0.7273,0.2727,False,False,False,47
5a79436e554299029c4b5f41,Kenny Warren,81,0,0,1.0,0.75,True,False,False,6
5a79436e554299029c4b5f41,Jerry Seinfeld,118,0,0,0.8824,0.5294,True,False,False,40
5ae66aaf5542992ae0d1633d,Mohammad Shafiq,68,1,1,1.0,0.5455,True,False,False,3
5ae66aaf5542992ae0d1633d,Bahrain,77,0,0,0.7143,0.2143,False,False,False,154
5a79c19f5542994bb9457069,Joy Division (2006 film),136,0,1,1.0,0.5882,True,False,False,16
5a79c19f5542994bb9457069,Cannes Film Festival,123,1,1,1.0,0.4737,True,False,False,55
5a74694b55429974ef308bf4,Moranbong Sports Club,109,1,1,1.0,1.0,True,False,False,1
5a74694b55429974ef308bf4,Pyongyang,199,0,0,0.4231,0.0385,False,False,False,58
5abf57a75542997719eab684,"Reformed Church, Copenhagen",138,1,1,1.0,0.5238,True,False,False,15
5abf57a75542997719eab684,Christian V of Denmark,108,1,1,1.0,0.4,True,False,False,15
5a80968d5542996402f6a57d,Sergio Marchionne,224,0,0,0.5769,0.0769,False,False,False,26
5a80968d5542996402f6a57d,Maserati,99,0,0,1.0,0.5,True,False,False,71
5ac16d5055429964131be1ec,Cryogenic storage dewar,218,0,0,1.0,0.6562,True,False,False,8
5ac16d5055429964131be1ec,James Dewar,155,0,0,0.8696,0.3043,True,False,False,20
5a8b59eb55429949d91db565,Seo Young-hee,141,0,1,1.0,1.0,True,False,False,1
5a8b59eb55429949d91db565,Bedevilled (2010 film),133,0,0,0.96,0.56,True,False,False,7
5abe4ca65542991f66106130,George J. Gruen,139,1,1,1.0,1.0,True,False,False,1
5abe4ca65542991f66106130,Dietrich Gruen,169,0,0,0.96,0.52,True,False,False,7
5ab5bf015542997d4ad1f1d4,A Passage to Bangkok,66,0,0,1.0,0.1538,True,False,False,7
5ab5bf015542997d4ad1f1d4,2112 (album),94,0,0,1.0,0.4,True,False,False,23
5a7a7b0155429941d65f266f,Miss Universe 2013,145,0,0,0.8571,0.2381,True,False,False,13
5a7a7b0155429941d65f266f,Crocus City Hall,227,0,0,0.88,0.56,True,False,False,2
5add7e335542992ae4cec588,Spirit Mountain (Nevada),162,0,0,0.9583,0.5,True,False,False,4
5add7e335542992ae4cec588,"Laughlin, Nevada",144,0,0,0.9545,0.4091,True,False,False,32
5ab3126355429976abd1bc4f,Rocket League,82,1,1,1.0,0.3077,True,False,False,52
5ab3126355429976abd1bc4f,Rocket League,115,0,0,0.75,0.1,False,False,False,52
5ab3126355429976abd1bc4f,Nintendo Switch,173,0,0,0.75,0.2917,False,False,False,121
5a73ea225542993a88ae2e91,Andrew Rodriguez (American football),141,1,1,1.0,0.6957,True,False,False,3
5a73ea225542993a88ae2e91,Army Black Knights,121,0,0,0.8125,0.1875,True,False,False,18
5a833ec955429954d2e2ec66,Beautiful Heartache,141,1,1,1.0,0.3333,True,False,False,9
5a833ec955429954d2e2ec66,Oksana Grigorieva,123,0,0,1.0,0.5,True,False,False,12
5ae61107554299546bf83060,Juan Pablo Vaulet,73,0,0,0.25,0.0833,False,False,False,8
5ae61107554299546bf83060,Manu Ginóbili,180,0,0,0.88,0.36,True,False,False,40
5ae4992355429970de88d9c5,Michael Clarke Duncan,113,0,0,0.85,0.05,False,False,False,17
5ae4992355429970de88d9c5,Green Lantern (film),98,1,1,1.0,0.3529,True,False,False,61
5abd095e55429965836004fc,Wonder Party,77,0,0,0.8462,0.1538,True,False,False,4
5abd095e55429965836004fc,Wonder Girls,69,0,0,0.6667,0.0833,False,False,False,32
5a8d8493554299068b959d23,"Vesta, Indiana",92,0,0,0.1538,1.0,False,False,False,1
5a8d8493554299068b959d23,"Clark County, Indiana",128,0,0,1.0,0.3684,True,False,False,32
5a8d8493554299068b959d23,"Clark County, Indiana",34,1,1,1.0,0.2,True,True,False,32
5a8f4fb95542997ba9cb3231,Hera Ammonia,192,1,1,1.0,1.0,True,False,False,1
5a8f4fb95542997ba9cb3231,Amun,155,0,0,1.0,0.5652,True,False,False,34
5a8f43035542997ba9cb3203,"Deming, New Mexico",155,0,0,0.7407,0.1111,False,False,False,27
5a8f43035542997ba9cb3203,"Las Cruces, New Mexico",111,0,0,0.7895,0.1579,False,False,False,113
5ae53f7a55429908b63265a7,Anglo-Soviet Treaty of 1942,139,0,0,1.0,0.6667,True,False,False,10
5ae53f7a55429908b63265a7,Anthony Eden,247,0,0,0.7692,0.359,False,False,False,137
5a80a1575542995d8a8ddfb6,Al-Meshkhab District,55,1,1,1.0,1.0,True,False,False,1
5a80a1575542995d8a8ddfb6,Date palm,115,0,0,0.6471,0.2941,False,False,False,37
5a8cb0d1554299240d9c21df,1912 Cleveland Naps season,90,1,1,1.0,0.5333,True,False,False,7
5a8cb0d1554299240d9c21df,Shoeless Joe Jackson,210,0,0,0.8667,0.3333,True,False,False,37
5a7a16ee5542996a35c170c8,Walker Percy,22,0,0,0.6,0.0,False,True,False,55
5a7a16ee5542996a35c170c8,Eudora Welty,135,0,0,1.0,0.5909,True,False,False,39
5a77f5db55429949eeb29fc3,Blue Bloods (season 1),178,0,0,1.0,0.4286,True,False,False,13
5a77f5db55429949eeb29fc3,Blue Bloods (season 1),162,0,0,1.0,0.04,False,False,False,13
5a77f5db55429949eeb29fc3,Blue Bloods (TV series),95,0,0,0.8125,0.1875,True,False,False,28
5a77f5db55429949eeb29fc3,Blue Bloods (TV series),222,0,0,1.0,0.5294,True,False,False,28
5ae29055554299495565dac3,Robbie Coltrane,98,0,0,0.6875,0.0,False,False,False,23
5ae29055554299495565dac3,Robbie Coltrane,258,0,0,0.5294,0.0294,False,False,False,23
5ae29055554299495565dac3,Rubeus Hagrid,98,0,0,1.0,0.4118,True,False,False,44
5ae29055554299495565dac3,Rubeus Hagrid,204,0,0,0.9643,0.3571,True,False,False,44
5ab35ae655429976abd1bc98,Murder of Pearl Bryan,139,0,0,1.0,0.1905,True,False,False,12
5ab35ae655429976abd1bc98,"Fort Thomas, Kentucky",159,1,1,1.0,0.4286,True,False,False,14
5abd5fd155429933744ab79d,Erick Zonca,186,0,0,0.6786,0.5357,False,False,False,3
5abd5fd155429933744ab79d,Ted Demme,111,0,0,0.9412,0.5294,True,False,False,10
5a7c6c0655429907fabeef7f,Last Dinosaurs,154,0,0,0.8889,0.2222,True,False,False,30
5a7c6c0655429907fabeef7f,Primal Scream,119,0,0,0.9474,0.4211,True,False,False,33
5a7c6c0655429907fabeef7f,Primal Scream,138,0,0,0.8421,0.4211,True,False,False,33
5ab28c34554299449642c8f0,Fort Pickering,93,1,1,1.0,0.3571,True,False,False,12
5ab28c34554299449642c8f0,Anglo-Dutch Wars,397,0,0,0.4857,0.1714,False,False,False,46
5a762f975542992d0ec06058,"Kalvesta, Kansas",64,0,0,0.75,0.4167,False,False,False,3
5a762f975542992d0ec06058,"Cimarron, Kansas",80,1,1,1.0,0.3571,True,False,False,14
5ae4db4855429908b6326491,Noname (rapper),138,0,0,0.9091,0.1818,True,False,False,29
5ae4db4855429908b6326491,Acid Rap,105,1,1,1.0,0.7333,True,False,False,18
5ab934975542996be202043f,BMW X2,77,0,0,0.5385,0.1538,False,False,False,10
5ab934975542996be202043f,BMW X2,75,0,0,0.6667,0.2,False,False,False,10
5ab934975542996be202043f,BMW X1,99,0,0,0.75,0.1875,False,False,False,15
5abc105b5542993a06baf841,"Sarah, Duchess of York",86,0,0,0.9333,0.4667,True,False,False,62
5abc105b5542993a06baf841,Susan Barrantes,204,0,0,0.9259,0.6296,True,False,False,10
5adf32f75542993a75d2641c,The Weapon Master's Choice,95,0,1,1.0,0.5625,True,False,False,4
5adf32f75542993a75d2641c,Shannara,247,0,0,0.7941,0.3529,False,False,False,38
5ab738875542993667793f96,Sosong-guyok,83,0,0,0.9333,0.6,True,False,False,2
5ab738875542993667793f96,Pyongyang,199,0,0,0.4231,0.0385,False,False,False,58
5a8139f155429926c1cdad1d,"Hester Maria Elphinstone, Viscountess Keith",161,1,1,1.0,0.55,True,False,False,8
5a8139f155429926c1cdad1d,"Hester Maria Elphinstone, Viscountess Keith",151,1,1,1.0,0.55,True,False,False,8
5a8139f155429926c1cdad1d,Samuel Johnson,283,0,0,0.8286,0.4571,True,False,False,75
5a8139f155429926c1cdad1d,Samuel Johnson,187,0,0,0.7308,0.1923,False,False,False,75
5a750b595542993748c897a6,"Leopold I, Holy Roman Emperor",177,0,0,1.0,0.5,True,False,False,30
5a750b595542993748c897a6,"Ferdinand III, Holy Roman Emperor",186,0,0,0.8276,0.3448,True,False,False,38
5adfbbdb55429942ec259b26,Decode (song),114,0,0,0.9444,0.2222,True,False,False,17
5adfbbdb55429942ec259b26,Twilight (2008 film),108,0,0,0.9474,0.3158,True,False,False,40
5adfbbdb55429942ec259b26,Twilight (2008 film),225,0,0,0.8966,0.3793,True,False,False,40
5ac50a745542996feb3fe9df,Wind of Change (speech),182,0,0,0.9286,0.2857,True,False,False,32
5ac50a745542996feb3fe9df,Harold Macmillan,78,0,0,1.0,0.4545,True,False,False,168
5a855bdd5542991dd0999e55,Old Grist Mill,94,1,1,1.0,0.25,True,False,False,4
5a855bdd5542991dd0999e55,"Lebanon, Maine",55,1,1,1.0,0.4,True,False,False,12
5a8b48be55429949d91db52a,Quid Pro Quo (album),235,1,1,1.0,0.7778,True,False,False,3
5a8b48be55429949d91db52a,Tesco,158,0,0,0.8095,0.381,True,False,False,112
5a7ebac955429934daa2fc55,Darby O'Gill and the Little People,221,0,0,0.6571,0.2,False,False,False,12
5a7ebac955429934daa2fc55,Darby O'Gill and the Little People,142,0,0,0.75,0.4,False,False,False,12
5a7ebac955429934daa2fc55,College Road Trip,132,0,0,0.9545,0.3182,True,False,False,24
5a8b02a955429971feec45f9,African University College of Communications,372,1,1,1.0,0.5946,True,False,False,12
5a8b02a955429971feec45f9,Adabraka,103,0,0,0.8462,0.4615,True,False,False,4
5a78cac955429974737f7893,2600: The Hacker Quarterly,329,0,1,1.0,0.675,True,False,False,14
5a78cac955429974737f7893,Tiger Beat,131,0,0,0.95,0.4,True,False,False,5
5ae847e85542997ec2727791,Adam Adamowicz,166,0,0,1.0,0.4231,True,False,False,2
5ae847e85542997ec2727791,Bethesda Game Studios,154,0,0,0.75,0.25,False,False,False,9
5ae847e85542997ec2727791,Bethesda Game Studios,52,0,0,0.7778,0.3333,False,False,False,9
5ac45ca4554299076e296db3,"Travelers Hotel (Noonan, North Dakota)",93,1,1,1.0,1.0,True,False,False,1
5ac45ca4554299076e296db3,James J. Hill,151,0,0,1.0,0.5238,True,False,False,57
5ab5b5b95542992aa134a398,Stand by Me (film),156,0,0,0.9615,0.4231,True,False,False,53
5ab5b5b95542992aa134a398,Stand by Me (film),280,0,0,0.7045,0.3409,False,False,False,53
5ab5b5b95542992aa134a398,Wil Wheaton,193,0,0,0.8276,0.3448,True,False,False,32
5ae235ef5542992decbdcc66,179th Tunnelling Company,156,0,0,0.8,0.2,True,False,False,22
5ae235ef5542992decbdcc66,Battle of the Somme,245,0,0,0.9655,0.4138,True,False,False,52
5a7b3a615542995eb53be8d0,Captain Cuts,85,1,1,1.0,0.5,True,False,False,5
5a7b3a615542995eb53be8d0,Captain Cuts,240,0,0,0.875,0.75,True,False,False,5
5a7b3a615542995eb53be8d0,Grouplove,229,0,0,0.9667,0.3,True,False,False,24
5abebb385542997719eab599,Tahseen Bashir,206,1,1,1.0,0.8667,True,False,False,6
5abebb385542997719eab599,Anwar Sadat,257,0,0,0.8,0.3429,True,False,False,47
5ab29d5b554299545a2cf9d7,Shot in the Dark (Within Temptation song),93,0,1,1.0,0.6667,True,False,False,5
5ab29d5b554299545a2cf9d7,The Unforgiving,140,0,0,0.95,0.45,True,False,False,26
5a78ea47554299148911f997,"Jackson, Montana",84,1,1,1.0,0.7273,True,False,False,4
5a78ea47554299148911f997,"Wisdom, Montana",68,1,1,1.0,0.3636,True,False,False,10
5add26b55542992ae4cec4b1,Lefties,47,0,1,1.0,0.75,True,False,False,2
5add26b55542992ae4cec4b1,Thatcherism,201,0,0,0.6538,0.1154,False,False,False,48
5ae171095542990adbacf796,Rage (Attila album),71,0,0,0.75,0.4167,False,False,False,2
5ae171095542990adbacf796,Attila (metalcore band),75,0,0,0.9167,0.4167,True,False,False,37
5ae171095542990adbacf796,Attila (metalcore band),55,0,0,0.7,0.4,False,False,False,37
5a80a1815542996402f6a5c1,Perry Index,171,1,1,1.0,0.5385,True,False,False,3
5a80a1815542996402f6a5c1,Aesop,179,0,0,0.8,0.28,True,False,False,66
5ae7921855429952e35ea97a,The Internship,143,1,1,1.0,0.5789,True,False,False,18
5ae7921855429952e35ea97a,The Watch (2012 film),182,0,0,1.0,0.4231,True,False,False,30
5ab3cf9f5542992ade7c6eb2,Jack Ely,154,1,1,1.0,0.52,True,False,False,17
5ab3cf9f5542992ade7c6eb2,Louie Louie,140,0,0,1.0,0.4091,True,False,False,230
5ae16d9c55429920d52343cf,Edward Hutchinson (mercer),236,1,1,1.0,0.1515,True,False,False,26
5ae16d9c55429920d52343cf,Antinomian Controversy,159,1,1,1.0,0.2727,True,False,False,78
5ae361965542991a06ce99ac,Huckleberry Finn (1931 film),88,0,0,0.7692,0.0769,False,False,False,4
5ae361965542991a06ce99ac,Tom Sawyer,147,0,1,1.0,0.6,True,False,False,3
5a8efadb5542997ba9cb315f,Graham v. Florida,211,0,0,1.0,0.5294,True,False,False,10
5a8efadb5542997ba9cb315f,District of Columbia v. Heller,518,0,0,0.875,0.3194,True,False,False,93
5a8898c9554299206df2b308,Gbegbe,104,0,0,1.0,1.0,True,False,False,1
5a8898c9554299206df2b308,Ga South Municipal District,21,0,0,1.0,1.0,True,True,False,1
5aded2cd5542993344016ba5,Kristina Svechinskaya,142,0,0,1.0,0.6429,True,False,False,3
5aded2cd5542993344016ba5,Kristina Svechinskaya,147,0,0,0.3636,0.0455,False,False,False,3
5aded2cd5542993344016ba5,Anna Chapman,231,0,0,0.8,0.3333,True,False,False,29
5a7cfe89554299683c1c6403,Counting Cars,179,0,1,1.0,0.04,False,False,False,10
5a7cfe89554299683c1c6403,American Restoration,92,1,1,1.0,0.3333,True,False,False,20
5a7c479c55429935c91b514d,Benjamin Spock,161,0,0,0.9286,0.5,True,False,False,37
5a7c479c55429935c91b514d,Alex Haley,133,0,0,0.9524,0.4762,True,False,False,35
5a79c5945542994bb9457086,Rescue of Bat 21 Bravo,201,0,0,0.9643,0.4286,True,False,False,86
5a79c5945542994bb9457086,Iceal Hambleton,233,0,0,0.8286,0.4571,True,False,False,9
5aba953d5542994dbf019956,Comedy Theatre (New York City),238,0,1,1.0,0.3333,True,False,False,10
5aba953d5542994dbf019956,Caesar (Mercury Theatre),252,1,1,1.0,0.4839,True,False,False,22
5ab5cd105542997d4ad1f1df,Leo Abrahams,97,1,1,1.0,0.6667,True,False,False,18
5ab5cd105542997d4ad1f1df,Leo Abrahams,152,0,0,1.0,0.5,True,False,False,18
5ab5cd105542997d4ad1f1df,Paul Simon,97,0,0,0.8667,0.4,True,False,False,101
5ab5cd105542997d4ad1f1df,Paul Simon,179,0,0,0.5185,0.037,False,False,False,101
5ac263a25542992f1f2b38a3,"Grant County, Kansas",78,1,1,1.0,0.4286,True,False,False,15
5ac263a25542992f1f2b38a3,"Ulysses, Kansas",75,0,0,1.0,0.5385,True,False,False,33
5add5ff45542992ae4cec532,The Hunger Games (film),158,0,0,0.88,0.32,True,False,False,52
5add5ff45542992ae4cec532,The Hunger Games (novel),82,1,1,1.0,0.3077,True,False,False,22
5ade518d55429975fa854ea5,Marc Pickering,159,0,0,0.84,0.52,True,False,False,8
5ade518d55429975fa854ea5,Sleepy Hollow (film),255,0,0,0.973,0.5676,True,False,False,49
5a77538955429966f1a36d06,Peter Nevill,205,0,0,0.8621,0.4828,True,False,False,10
5a77538955429966f1a36d06,Peter Nevill,117,0,0,1.0,0.4,True,False,False,10
5a77538955429966f1a36d06,2015 Ashes series,103,0,0,1.0,0.25,True,False,False,24
5a73fe635542993a88ae2ee1,Whitney Avalon,100,0,0,0.3889,0.0556,False,False,False,6
5a73fe635542993a88ae2ee1,Fuck You (CeeLo Green song),113,0,0,1.0,0.4737,True,False,False,16
5abb04d3554299232ef4a3b0,Austin Powers: International Man of Mystery,159,0,0,0.68,0.12,False,False,False,20
5abb04d3554299232ef4a3b0,Mike Myers,183,0,0,0.8387,0.2581,True,False,False,37
5a7922b655429974737f79a3,The Bolt Who Screwed Christmas,98,0,0,1.0,0.5,True,False,False,5
5a7922b655429974737f79a3,Tress MacNeille,88,0,0,0.5714,0.2143,False,False,False,7
5ab2dd03554299194fa93551,Telegraph Avenue (novel),79,1,1,1.0,0.7692,True,False,False,10
5ab2dd03554299194fa93551,Michael Chabon,66,0,0,1.0,0.5,True,False,False,66
5ab29fb5554299545a2cf9e5,Diocesan Museum (Cortona),75,1,1,1.0,0.4,True,False,False,3
5ab29fb5554299545a2cf9e5,Diocesan Museum (Cortona),119,1,1,1.0,0.6667,True,False,False,3
5ab29fb5554299545a2cf9e5,Dionysus,190,0,0,0.8182,0.3182,True,False,False,207
5a7796005542995d831811fe,Prairie Band Potawatomi Indian Reservation,145,0,0,1.0,1.0,True,False,False,1
5a7796005542995d831811fe,Prairie Band Potawatomi Nation,181,0,0,1.0,0.5263,True,False,False,9
5ab40eae55429976abd1bd4a,Elymus (plant),150,1,1,1.0,0.8,True,False,False,2
5ab40eae55429976abd1bd4a,Macropidia,104,1,1,1.0,0.3077,True,False,False,10
5ae6621b55429908198fa5b7,2012–13 Grasshopper Club Zürich season,69,0,0,1.0,0.5333,True,False,False,2
5ae6621b55429908198fa5b7,2012–13 Grasshopper Club Zürich season,192,1,1,1.0,0.7419,True,False,False,2
5ae6621b55429908198fa5b7,2012–13 Grasshopper Club Zürich season,37,1,1,1.0,1.0,True,True,False,2
5ae6621b55429908198fa5b7,Roman Bürki,129,0,0,0.85,0.55,True,False,False,8
5ae6621b55429908198fa5b7,Roman Bürki,148,0,0,0.5357,0.1071,False,False,False,8
5abd38355542993062266c1b,Heath Schroyer,84,0,0,0.9231,0.4615,True,False,False,7
5abd38355542993062266c1b,UNLV Runnin' Rebels basketball,164,0,0,0.7857,0.2143,False,False,False,55
5a8cda5455429941ae14df15,John Robinson (drummer),154,0,0,0.96,0.32,True,False,False,34
5a8cda5455429941ae14df15,Off the Wall,175,0,0,0.8,0.24,True,False,False,28
5ae5337e55429908b6326574,Juan Hernandez (political advisor),96,1,1,1.0,0.4286,True,False,False,5
5ae5337e55429908b6326574,Juan Hernandez (political advisor),169,1,1,1.0,0.625,True,False,False,5
5ae5337e55429908b6326574,John McCain,169,0,0,0.7143,0.2857,False,False,False,167
5ae5337e55429908b6326574,John McCain,117,0,0,1.0,0.2778,True,False,False,167
5ae5e38c55429929b08079ee,American College of Monaco,172,0,0,0.7407,0.4444,False,False,False,2
5ae5e38c55429929b08079ee,Monte Carlo Casino,123,0,0,1.0,0.25,True,False,False,21
5a7cf94655429907fabef079,On the Road Again (TV series),83,1,1,1.0,0.8,True,False,False,2
5a7cf94655429907fabef079,On the Road Again (TV series),55,1,1,1.0,0.8182,True,False,False,2
5a7cf94655429907fabef079,Wayne Rostad,115,0,0,1.0,0.7222,True,False,False,12
5a85c5f05542992a431d1b9b,Hella Joof,67,1,1,1.0,0.5,True,False,False,4
5a85c5f05542992a431d1b9b,Hella Joof,165,0,1,1.0,0.7857,True,False,False,4
5a85c5f05542992a431d1b9b,Hella Joof,161,0,1,1.0,0.75,True,False,False,4
5a85c5f05542992a431d1b9b,Constance (1998 film),158,0,0,0.92,0.52,True,False,False,7
5a8215245542990a1d231f43,Smoke and Mirrors (Spooks),193,0,1,1.0,0.4783,True,False,False,10
5a8215245542990a1d231f43,Tomas Arana,90,0,0,0.7857,0.5,False,False,False,3
5a7f41655542992e7d278ccb,Tahseen Bashir,124,1,1,1.0,0.65,True,False,False,6
5a7f41655542992e7d278ccb,Anwar Sadat,257,0,0,0.8,0.3429,True,False,False,47
5ae6237c5542992ae0d1623f,Kitty (rapper),136,0,0,0.4545,0.0909,False,False,False,30
5ae6237c5542992ae0d1623f,Riff Raff (rapper),161,0,0,0.88,0.4,True,False,False,29
5ae04a7455429924de1b7092,Invest in Love,126,0,0,0.9474,0.0,False,False,False,3
5ae04a7455429924de1b7092,Life as We Know It (film),134,0,0,0.9565,0.4348,True,False,False,13
5a76ae325542993735360154,"Warren, Maine",158,1,1,1.0,0.45,True,False,False,20
5a76ae325542993735360154,Maine State Prison,95,1,1,1.0,0.2143,True,False,False,12
5a76ae325542993735360154,Maine State Prison,110,1,1,1.0,0.6667,True,False,False,12
5a806c485542996402f6a507,2015 Tanhuato–Ecuandureo shootout,203,0,0,1.0,0.3438,True,False,False,14
5a806c485542996402f6a507,2015 Tanhuato–Ecuandureo shootout,99,1,1,1.0,0.3125,True,False,False,14
5a806c485542996402f6a507,2015 Tanhuato–Ecuandureo shootout,122,1,1,1.0,0.5556,True,False,False,14
5a806c485542996402f6a507,Federal Police (Mexico),215,0,0,0.65,0.2,False,False,False,25
5ab7276b55429928e1fe3816,Lindsey Islands,113,0,0,0.7647,0.4118,False,False,False,4
5ab7276b55429928e1fe3816,Lindsey Islands,133,0,0,1.0,0.7,True,False,False,4
5ab7276b55429928e1fe3816,Alton A. Lindsey,250,1,1,1.0,0.6667,True,False,False,4
5ab2a056554299194fa93481,Terry Nelson (musician),211,0,0,0.9333,0.7333,True,False,False,2
5ab2a056554299194fa93481,William Calley,226,0,0,0.9737,0.4737,True,False,False,34
5adf307b5542995ec70e8f8a,Edwin Greenwood,73,0,0,0.1818,1.0,False,False,False,1
5adf307b5542995ec70e8f8a,Nicolas Roeg,132,0,0,0.6,0.1,False,False,False,24
5ab26db9554299722f9b4d22,Requiem (Rouse),127,1,1,1.0,0.4211,True,False,False,5
5ab26db9554299722f9b4d22,Requiem (Rouse),119,1,1,1.0,0.4706,True,False,False,5
5ab26db9554299722f9b4d22,Hector Berlioz,197,0,0,0.6786,0.25,False,False,False,82
5abbe1d8554299642a094ba6,Fog's End Distillery,76,0,0,0.8571,0.5,True,False,False,4
5abbe1d8554299642a094ba6,Moonshine,87,0,0,0.7857,0.2857,False,False,False,30
5a732a005542994cef4bc48a,Hermiston-McCauley Mine,129,1,1,1.0,0.5294,True,False,False,4
5a732a005542994cef4bc48a,Hermiston-McCauley Mine,90,1,1,1.0,0.5385,True,False,False,4
5a732a005542994cef4bc48a,Big Dan Mine,127,0,0,0.9091,0.4545,True,False,False,12
5ae70e0d5542991bbc9761ac,William Crispin,165,0,0,0.7727,0.4091,False,False,False,9
5ae70e0d5542991bbc9761ac,William Penn,274,0,0,0.4,0.0333,False,False,False,83
5a745f3f55429979e288292a,Jessica Steen,247,0,0,1.0,0.5455,True,False,False,14
5a745f3f55429979e288292a,Heartland (Canadian TV series),96,0,0,1.0,0.4,True,False,False,41
5ade992d5542997c77adee80,Tim Jackson (businessman),106,1,1,1.0,0.7778,True,False,False,5
5ade992d5542997c77adee80,"Merton College, Oxford",171,1,1,1.0,0.4375,True,False,False,50
5ae238cc554299495565da43,Johannes Agricola in Meditation,91,1,1,1.0,0.6923,True,False,False,2
5ae238cc554299495565da43,Robert Browning,168,0,0,0.7692,0.3462,False,False,False,45
5a7da4e45542995f4f40229c,Center for Reproductive Rights,100,1,1,1.0,0.7059,True,False,False,7
5a7da4e45542995f4f40229c,Janet Benshoof,134,0,0,0.7143,0.1905,False,False,False,15
5a84df715542997175ce1f24,Flying Lizard Motorsports,118,1,1,1.0,0.4211,True,False,False,34
5a84df715542997175ce1f24,Seth Neiman,152,1,1,1.0,0.7619,True,False,False,11
5a72b1c05542991f9a20c56c,The Mysterious Origins of Man,104,0,0,1.0,0.5294,True,False,False,5
5a72b1c05542991f9a20c56c,The Mysterious Origins of Man,234,0,0,0.9688,0.7188,True,False,False,5
5a72b1c05542991f9a20c56c,Richard L. Thompson,404,0,0,0.8627,0.5686,True,False,False,3
5a909d5c5542995651fb51ba,"West Kennebunk, Maine",112,1,1,1.0,0.7059,True,False,False,5
5a909d5c5542995651fb51ba,"York County, Maine",132,0,0,0.8947,0.3684,True,False,False,17
5a7cbe845542990527d5551d,Morgan Carroll,196,1,1,1.0,0.5,True,False,False,13
5a7cbe845542990527d5551d,Mike Coffman,134,0,0,0.75,0.3,False,False,False,49
5ab32a48554299233954ff3b,Florence Reece,86,0,0,1.0,0.6154,True,False,False,13
5ab32a48554299233954ff3b,Florence Reece,55,0,2,1.0,0.0,False,False,False,13
5ab32a48554299233954ff3b,Florence Reece,59,0,0,1.0,0.2,True,False,False,13
5ab32a48554299233954ff3b,Which Side Are You On?,24,7,8,1.0,0.0,False,True,False,21
5ab32a48554299233954ff3b,Which Side Are You On?,141,0,0,1.0,0.3182,True,False,False,21
5ae2133d5542997283cd23b5,"Roundaway, Coahoma County, Mississippi",98,0,0,0.8125,1.0,True,False,False,1
5ae2133d5542997283cd23b5,"Clarksdale, Mississippi",76,0,0,1.0,0.0833,True,False,False,50
5abbedff5542993f40c73c1c,Helen Boatwright,257,0,0,1.0,0.6154,True,False,False,7
5abbedff5542993f40c73c1c,Charles Ives,89,0,0,1.0,0.5385,True,False,False,44
5a8913f455429951533612b4,Ultimate Live Lounge,175,1,1,1.0,1.0,True,False,False,1
5a8913f455429951533612b4,Stronger (Kanye West song),131,0,1,1.0,0.2857,True,False,False,35
5abfde715542997719eab6f3,The Inquirer,169,0,0,0.9615,0.5,True,False,False,10
5abfde715542997719eab6f3,The Register,146,0,0,0.8333,0.5,True,False,False,13
5a88b15b5542994846c1ceba,Chino Moreno,79,0,0,1.0,0.6667,True,False,False,24
5a88b15b5542994846c1ceba,Needtobreathe,120,0,0,0.8667,0.4667,True,False,False,24
5ae7693a5542991e8301cc90,Carlisle Adams,98,1,1,1.0,1.0,True,False,False,1
5ae7693a5542991e8301cc90,Carlisle Adams,176,1,1,1.0,1.0,True,False,False,1
5ae7693a5542991e8301cc90,University of Ottawa,147,0,0,0.8421,0.2105,True,False,False,71
5ae7693a5542991e8301cc90,University of Ottawa,120,0,0,0.8095,0.0952,True,False,False,71
5ae7693a5542991e8301cc90,University of Ottawa,89,1,1,1.0,0.0,False,False,False,71
5a8eda3155429917b4a5bddf,The Three Revolutions,153,1,1,1.0,1.0,True,False,False,1
5a8eda3155429917b4a5bddf,Gamal Abdel Nasser,172,0,0,0.913,0.3478,True,False,False,140
5a7a373a5542994f819ef15d,Bernards Heath,140,0,0,1.0,0.6667,True,False,False,2
5a7a373a5542994f819ef15d,Second Battle of St Albans,119,0,0,0.8235,0.1765,True,False,False,17
5ab21874554299722f9b4cac,Omar Fadel,165,0,0,0.9583,0.5833,True,False,False,6
5ab21874554299722f9b4cac,The Dictator (2012 film),112,0,1,1.0,0.4118,True,False,False,31
5adbf4f35542996e68525282,Bayt 'Itab,102,0,0,0.9286,0.2857,True,False,False,25
5adbf4f35542996e68525282,Samson,301,0,0,0.8438,0.4375,True,False,False,38
5aba8e6855429901930fa82f,Derry Session House and Enclosure,153,1,1,1.0,1.0,True,False,False,1
5aba8e6855429901930fa82f,Milton S. Hershey,126,0,0,0.6,0.0,False,False,False,22
5a79156955429974737f7975,Kurt von Plettenberg,177,0,0,0.8846,0.4615,True,False,False,10
5a79156955429974737f7975,Kurt von Plettenberg,124,1,1,1.0,0.6667,True,False,False,10
5a79156955429974737f7975,20 July plot,121,0,0,0.875,0.5,True,False,False,75
5ab9162f5542991b5579f0ee,British Hong Kong,160,0,0,0.75,0.05,False,False,False,48
5ab9162f5542991b5579f0ee,Second Opium War,250,0,0,0.9231,0.3462,True,False,False,52
5add033f5542992c1e3a250e,Swimming at the 1994 Asian Games,126,1,1,1.0,1.0,True,False,False,1
5add033f5542992c1e3a250e,Hiroshima,166,0,0,0.6111,0.0,False,False,False,49
5ae5c18a5542990ba0bbb2d0,Scratchgravel Hills,28,1,1,1.0,1.0,True,True,False,1
5ae5c18a5542990ba0bbb2d0,Scratchgravel Hills,47,1,1,1.0,1.0,True,False,False,1
5ae5c18a5542990ba0bbb2d0,Bitterroot,83,0,0,1.0,0.4167,True,False,False,12
5adbe220554299438c868cc7,2002 Ole Miss Rebels football team,131,1,1,1.0,1.0,True,False,False,1
5adbe220554299438c868cc7,"Oxford, Mississippi",163,0,0,0.5,0.0455,False,False,False,42
5a89dcdf5542992e4fca83f9,Andrew Wood of Largo,64,1,1,1.0,0.5833,True,False,False,6
5a89dcdf5542992e4fca83f9,James III of Scotland,85,0,0,0.9412,0.1765,True,False,False,46
5a8a06c155429970aeb70219,Matador (cocktail),165,0,1,1.0,0.6522,True,False,False,3
5a8a06c155429970aeb70219,Glowtini,179,0,0,0.7586,0.4138,False,False,False,3
5a77d5d555429949eeb29f78,Diarmait Ó Conchobair,65,0,0,0.4444,0.2222,False,False,False,3
5a77d5d555429949eeb29f78,Connacht,135,0,0,0.7059,0.0588,False,False,False,50
5ae65d8d5542996d980e7b16,Nike Flywire,107,0,0,0.9444,0.2778,True,False,False,6
5ae65d8d5542996d980e7b16,"Nike, Inc.",210,0,0,0.5417,0.125,False,False,False,101
5a8b316d5542995d1e6f1308,Paul Dudley Sargent,194,1,1,1.0,0.4815,True,False,False,14
5a8b316d5542995d1e6f1308,"Sullivan, Maine",59,1,1,1.0,0.2,True,False,False,25
5add8cbb5542992200553b51,"East Chicago, Indiana",45,0,0,1.0,0.25,True,False,False,31
5add8cbb5542992200553b51,Marktown,221,1,1,1.0,0.6129,True,False,False,6
5ab9c096554299131ca423ef,William Kite,142,0,0,1.0,0.25,True,False,False,5
5ab9c096554299131ca423ef,Being for the Benefit of Mr. Kite!,110,0,0,0.9474,0.5263,True,False,False,11
5a793f37554299029c4b5f39,Mine (Taylor Swift song),82,0,0,0.9231,0.2308,True,False,False,21
5a793f37554299029c4b5f39,Mine (Taylor Swift song),155,0,0,0.88,0.16,True,False,False,21
5a793f37554299029c4b5f39,Speak Now,79,0,0,1.0,0.3077,True,False,False,39
5a793f37554299029c4b5f39,Speak Now,60,0,0,0.9091,0.0909,True,False,False,39
5a8323b95542990548d0b181,ShopBack,201,0,0,0.2857,0.0714,False,False,False,11
5a8323b95542990548d0b181,Paytm,89,0,0,0.5,0.0625,False,False,False,29
5ab4189555429969a97a8240,SkyBridge Capital,111,0,0,0.4706,0.0588,False,False,False,9
5ab4189555429969a97a8240,Anthony Scaramucci,119,0,0,0.6667,0.0556,False,False,False,41
5a8b879355429949d91db5cd,Silvia Legrand,137,0,0,0.8636,1.0,True,False,False,1
5a8b879355429949d91db5cd,Argentines,253,0,0,0.9706,0.4412,True,False,False,35
5ab69fae55429953192ad33c,2012 Ironman 70.3 World Championship,134,1,1,1.0,0.4091,True,False,False,5
5ab69fae55429953192ad33c,"Henderson, Nevada",133,0,0,0.8421,0.2105,True,False,False,42
5ab69fae55429953192ad33c,"Henderson, Nevada",97,0,0,0.7692,0.3846,False,False,False,42
5a81b5685542995ce29dcc41,Robert Schumann in Three Pieces,318,0,1,1.0,0.7895,True,False,False,2
5a81b5685542995ce29dcc41,Robert Browning,168,0,0,0.7692,0.3462,False,False,False,45
5ab6a536554299710c8d1f1b,Telomian,50,0,0,0.7,0.3,False,False,False,4
5ab6a536554299710c8d1f1b,Wirehaired Pointing Griffon,180,0,0,1.0,0.44,True,False,False,9
5ab6a536554299710c8d1f1b,Wirehaired Pointing Griffon,119,1,1,1.0,0.5556,True,False,False,9
5ab6a536554299710c8d1f1b,Wirehaired Pointing Griffon,129,1,1,1.0,0.55,True,False,False,9
5adc7d2b5542994d58a2f616,Katy Perry discography,242,1,1,1.0,0.3235,True,False,False,4
5adc7d2b5542994d58a2f616,E.T. (song),72,0,0,1.0,0.1667,True,False,False,22
5a7fb0ed5542994857a767ba,Jahméne,116,1,1,1.0,0.6316,True,False,False,12
5a7fb0ed5542994857a767ba,Jahméne,83,0,1,1.0,0.125,True,False,False,12
5a7fb0ed5542994857a767ba,James Arthur,154,0,0,0.8519,0.037,False,False,False,29
5a7fb0ed5542994857a767ba,James Arthur,185,0,0,0.8966,0.2759,True,False,False,29
5abeca1b5542997ec76fd367,2015 North Carolina Tar Heels football team,156,0,0,1.0,0.55,True,False,False,4
5abeca1b5542997ec76fd367,2015 North Carolina Tar Heels football team,110,1,1,1.0,0.45,True,False,False,4
5abeca1b5542997ec76fd367,2015 North Carolina Tar Heels football team,92,0,0,1.0,0.625,True,False,False,4
5abeca1b5542997ec76fd367,Larry Fedora,93,0,0,0.9286,0.2857,True,False,False,20
5a7b550e5542992d025e6808,Sandy Vee,178,0,0,0.9286,0.3571,True,False,False,8
5a7b550e5542992d025e6808,Only Girl (In the World),65,0,0,0.9,0.2,True,False,False,20
5a8ce8e4554299585d9e3762,Taleh,107,0,0,0.7333,0.1333,False,False,False,38
5a8ce8e4554299585d9e3762,Somaliland,321,0,0,0.4815,0.037,False,False,False,137
5ae6608a5542992ae0d16308,Minister for Defence Industry,147,0,0,0.619,0.1905,False,False,False,6
5ae6608a5542992ae0d16308,Christopher Pyne,178,0,0,0.6538,0.1154,False,False,False,29
5a749d1d55429929fddd847f,Lehigh University,53,0,0,0.8889,0.5556,True,False,False,43
5a749d1d55429929fddd847f,Duke University,83,0,0,0.9091,0.0,False,False,False,102
5a749d1d55429929fddd847f,Duke University,113,0,0,1.0,0.0556,True,False,False,102
5ac1f7395542991316484bd6,King of Rock (song),116,0,0,0.6842,0.4211,False,False,False,3
5ac1f7395542991316484bd6,Live Aid,114,0,0,0.85,0.3,True,False,False,96
5ae682345542996d980e7bb5,Kate Knuth,329,0,0,0.45,0.225,False,False,False,9
5ae682345542996d980e7bb5,"New Brighton, Minnesota",34,1,1,1.0,0.375,True,True,False,18
5ac325b85542995ef918c131,Yoshihiro Nakao,117,0,0,1.0,0.6957,True,False,False,4
5ac325b85542995ef918c131,Antônio Silva (fighter),144,0,0,0.9565,0.6087,True,False,False,39
5a78bf965542990784727750,Amanuel Melles,108,1,1,1.0,0.7368,True,False,False,6
5a78bf965542990784727750,Jane Jacobs,225,0,0,0.7097,0.3226,False,False,False,89
5ade177e55429975fa854e33,Jo Han-sun,157,0,1,1.0,1.0,True,False,False,1
5ade177e55429975fa854e33,A Better Tomorrow (2010 film),72,0,1,1.0,0.5,True,False,False,14
5a8366445542992ef85e22aa,Moose Mountain (New Hampshire),96,0,0,0.875,0.625,True,False,False,3
5a8366445542992ef85e22aa,Appalachian Trail,229,0,0,0.7143,0.1071,False,False,False,89
5ae63ef35542992ae0d1629e,The Butler Arms Hotel,184,0,0,0.6071,0.2143,False,False,False,21
5ae63ef35542992ae0d1629e,Catherine Zeta-Jones,73,0,0,1.0,0.1667,True,False,False,37
5ae31d315542990afbd1e0b0,Matt Starr,166,0,0,0.92,0.64,True,False,False,5
5ae31d315542990afbd1e0b0,Whitesnake,128,0,0,0.5789,0.0,False,False,False,89
5ae235ef5542992decbdcc67,Crash Landing (1958 film),74,0,0,0.6667,0.1333,False,False,False,13
5ae235ef5542992decbdcc67,Pan Am Flight 6,214,0,0,0.9394,0.5758,True,False,False,15
5ae5fcd85542996de7b71ab0,2012–13 Charlotte 49ers men's basketball team,167,1,1,1.0,1.0,True,False,False,1
5ae5fcd85542996de7b71ab0,Conference USA,139,0,0,0.8947,0.4211,True,False,False,44
5ae266fc5542994d89d5b412,"William de Botreaux, 1st Baron Botreaux",150,0,0,0.9565,0.6087,True,False,False,5
5ae266fc5542994d89d5b412,Richard II of England,158,0,0,0.7308,0.2692,False,False,False,49
5ade8be555429939a52fe8ef,Jacob Veldhuyzen van Zanten,158,0,0,0.7143,0.0476,False,False,False,8
5ade8be555429939a52fe8ef,Tenerife airport disaster,281,0,0,0.8974,0.4359,True,False,False,67
5a7726f25542993569682d05,Crow Dog,119,0,0,1.0,0.6842,True,False,False,8
5a7726f25542993569682d05,Crow Dog,144,1,1,1.0,0.4348,True,False,False,8
5a7726f25542993569682d05,Crow Dog,70,0,0,1.0,0.4167,True,False,False,8
5a7726f25542993569682d05,Crow Dog,182,0,0,1.0,0.5714,True,False,False,8
5a7726f25542993569682d05,Crow Dog,183,1,1,1.0,0.6154,True,False,False,8
5a7726f25542993569682d05,"Deadwood, South Dakota",144,0,0,1.0,0.6522,True,False,False,41
5ae22f1a554299234fd0441c,Frank Roman,226,0,0,0.9688,0.5312,True,False,False,3
5ae22f1a554299234fd0441c,Georgia Tech Yellow Jacket Marching Band,158,1,1,1.0,0.375,True,False,False,33
5a80a5f7554299485f598677,Ken Mora,128,0,0,0.8947,0.6316,True,False,False,14
5a80a5f7554299485f598677,Robert Ellis Miller,85,0,0,0.1429,1.0,False,False,False,1
5a86ee6b5542991e77181695,Lost on Journey,110,1,1,1.0,0.5263,True,False,False,13
5a86ee6b5542991e77181695,Lost on Journey,167,0,0,0.68,0.24,False,False,False,13
5a86ee6b5542991e77181695,Chinese New Year,243,0,0,0.5556,0.037,False,False,False,129
5a86ee6b5542991e77181695,Chinese New Year,141,0,0,0.8235,0.2941,True,False,False,129
5a728d215542992359bc30eb,Paul Hindemith,131,0,0,0.7778,0.2778,False,False,False,44
5a728d215542992359bc30eb,Hector Berlioz,197,0,0,0.6786,0.25,False,False,False,82
5ae4845e55429913cc204487,Matt Asiata,144,1,1,1.0,0.4167,True,False,False,19
5ae4845e55429913cc204487,Adrian Peterson,146,0,0,0.6818,0.2273,False,False,False,67
5a772f0055429972597f1475,Juliette Pochin,108,0,0,1.0,0.6667,True,False,False,17
5a772f0055429972597f1475,Juliette Pochin,230,0,0,0.9,0.6,True,False,False,17
5a772f0055429972597f1475,Alfie Boe,131,0,0,0.95,0.6,True,False,False,66
5ae7df4b5542997ec27276f9,Led Zeppelin Scandinavian Tour 1968,106,0,0,1.0,0.3333,True,False,False,4
5ae7df4b5542997ec27276f9,The Yardbirds,65,1,1,1.0,0.3636,True,False,False,44
5ae7df4b5542997ec27276f9,The Yardbirds,204,0,0,0.8333,0.3667,True,False,False,44
5a7a1b095542990198eaf082,Twilight Struggle,130,0,0,0.7143,0.1429,False,False,False,35
5a7a1b095542990198eaf082,Diplomacy (game),107,0,0,1.0,0.4118,True,False,False,77
5abe21145542991f661060e6,The Joy Formidable,122,0,0,0.8947,0.3158,True,False,False,10
5abe21145542991f661060e6,Morning Parade,132,0,0,0.9524,0.4286,True,False,False,11
5ae0914255429945ae9593c6,Pepsi Orange Streak,142,1,1,1.0,0.5714,True,False,False,6
5ae0914255429945ae9593c6,Mall of America,149,0,0,0.6667,0.1905,False,False,False,37
5a87099455429960ec39b704,"Carle Place, New York",50,1,1,1.0,0.3,True,False,False,18
5a87099455429960ec39b704,"Nassau County, New York",108,0,0,0.8421,0.1579,True,False,False,77
5ab97ed9554299131ca42345,Gary Cornish,68,0,0,1.0,0.6364,True,False,False,8
5ab97ed9554299131ca42345,Anthony Joshua,150,0,0,0.9524,0.3333,True,False,False,66
5adcd1b25542994d58a2f6e7,Hans Wilhelm König,156,0,0,0.375,0.0,False,False,False,6
5adcd1b25542994d58a2f6e7,Josef Mengele,157,0,0,0.9565,0.3478,True,False,False,37
5add44c55542997545bbbd0b,Jonathan Carney,326,0,0,0.1163,0.0698,False,False,False,3
5add44c55542997545bbbd0b,Paul Hindemith,131,0,0,0.7778,0.2778,False,False,False,44
5ac4f78455429924173fb521,Hu Yun,112,0,0,0.8947,0.5789,True,False,False,3
5ac4f78455429924173fb521,Hu Yun,73,1,1,1.0,0.7692,True,False,False,3
5ac4f78455429924173fb521,Badminton at the 2010 Asian Games,107,0,0,1.0,1.0,True,False,False,2
5a7bbd6455429927d897c023,History of hypertension,124,0,0,1.0,0.5789,True,False,False,6
5a7bbd6455429927d897c023,Thomas Young (scientist),80,0,0,0.6429,0.2143,False,False,False,44
5ab425e55542991751b4d69a,Fouquieria,98,1,1,1.0,0.4286,True,False,False,6
5ab425e55542991751b4d69a,Clematis,74,0,0,0.9167,0.4167,True,False,False,45
5ab425e55542991751b4d69a,Clematis,178,0,0,0.913,0.4783,True,False,False,45
5ab425e55542991751b4d69a,Clematis,378,0,0,0.3529,0.0196,False,False,False,45
5abcfbc65542993a06baf9d2,Frank Oz,117,0,0,0.9375,0.375,True,False,False,25
5abcfbc65542993a06baf9d2,Frank Oz,202,0,0,0.9655,0.069,True,False,False,25
5abcfbc65542993a06baf9d2,Andrzej Wajda,96,0,0,1.0,0.5,True,False,False,35
5a733c8e5542994cef4bc4ed,Sounds of Silence,96,0,0,1.0,0.4375,True,False,False,19
5a733c8e5542994cef4bc4ed,Sounds of Silence,166,1,1,1.0,0.2593,True,False,False,19
5a733c8e5542994cef4bc4ed,Paul Simon,97,0,0,0.8667,0.4,True,False,False,101
5a733c8e5542994cef4bc4ed,Paul Simon,179,0,0,0.5185,0.037,False,False,False,101
5ab92929554299753720f761,"Garfield County, Montana",65,1,1,1.0,0.3333,True,False,False,9
5ab92929554299753720f761,"Garfield County, Montana",48,0,0,1.0,0.2222,True,False,False,9
5ab92929554299753720f761,"Jordan, Montana",83,1,1,1.0,0.2857,True,False,False,15
5ab92929554299753720f761,"Jordan, Montana",42,0,0,1.0,0.2857,True,False,False,15
5a7953fc5542994bb9457004,Esmeralda (1905 film),140,0,0,0.9091,0.6364,True,False,False,2
5a7953fc5542994bb9457004,The Hunchback of Notre-Dame,127,0,0,0.9474,0.1053,True,False,False,87
5a7e04465542995f4f402386,Johnny Simmons,252,0,0,1.0,0.2821,True,False,False,5
5a7e04465542995f4f402386,The Perks of Being a Wallflower (film),76,0,0,1.0,0.3077,True,False,False,33
5a7c5d1e55429935c91b5176,Pope Damasus II,72,1,1,1.0,0.25,True,False,False,14
5a7c5d1e55429935c91b5176,"Henry III, Holy Roman Emperor",135,0,0,0.9524,0.381,True,False,False,52
5a8e0a935542995085b373a7,"East Nassau, New York",71,1,1,1.0,0.5833,True,False,False,9
5a8e0a935542995085b373a7,"Rensselaer County, New York",24,1,1,1.0,0.2,True,True,False,20
5a74b58c55429929fddd84c6,Japan Professional Sports Grand Prize,88,1,1,1.0,0.8333,True,False,False,2
5a74b58c55429929fddd84c6,Ichiro Suzuki,69,0,0,0.7143,0.0,False,False,False,97
5a884c985542997e5c09a5bb,Seeking Major Tom,64,1,1,1.0,0.5455,True,False,False,5
5a884c985542997e5c09a5bb,William Shatner,90,0,0,0.7143,0.1429,False,False,False,92
5a884c985542997e5c09a5bb,William Shatner,165,0,0,0.8261,0.1739,True,False,False,92
5a74b8a05542996c70cfadbc,University Teaching Hospital of Yaounde,215,0,0,0.9615,1.0,True,False,False,1
5a74b8a05542996c70cfadbc,Yaoundé,183,0,0,0.8333,0.375,True,False,False,26
5ae5ac1e554299546bf82f1a,K-150 (Kansas highway),73,0,0,0.9286,0.2143,True,False,False,8
5ae5ac1e554299546bf82f1a,K-150 (Kansas highway),172,1,1,1.0,0.6786,True,False,False,8
5ae5ac1e554299546bf82f1a,"Hillsboro, Kansas",60,1,1,1.0,0.2,True,False,False,38
5ae5ac1e554299546bf82f1a,"Hillsboro, Kansas",83,1,1,1.0,0.0769,True,False,False,38
5a7e9062554299306751357e,Live on BBC Radio 1,171,1,1,1.0,1.0,True,False,False,1
5a7e9062554299306751357e,The Smiths,66,0,0,1.0,0.2727,True,False,False,57
5ab457445542991751b4d748,Princess Benedikte of Denmark,109,0,0,0.5,0.0714,False,False,False,14
5ab457445542991751b4d748,Princess Benedikte of Denmark,125,1,1,1.0,0.3125,True,False,False,14
5ab457445542991751b4d748,Frederick IX of Denmark,139,0,0,0.7273,0.2727,False,False,False,27
5ae8380d5542997ec2727778,Perfect High,45,1,1,1.0,0.5,True,False,False,5
5ae8380d5542997ec2727778,Bella Thorne,80,0,0,1.0,0.3077,True,False,False,28
5ae8380d5542997ec2727778,Bella Thorne,182,0,0,0.75,0.25,False,False,False,28
5ae8380d5542997ec2727778,Bella Thorne,127,0,0,0.8421,0.4211,True,False,False,28
5ae8380d5542997ec2727778,Bella Thorne,91,0,0,0.7857,0.3571,False,False,False,28
5ae8380d5542997ec2727778,Bella Thorne,73,0,0,0.75,0.0833,False,False,False,28
5abdea0455429976d4830a21,Rosedene,77,1,1,1.0,0.3077,True,False,False,7
5abdea0455429976d4830a21,Rosedene,147,1,1,1.0,0.4,True,False,False,7
5abdea0455429976d4830a21,Chartism,101,0,0,0.8824,0.1765,True,False,False,71
5a7fc76655429969796c1b5a,James Earl Coleman,73,0,0,1.0,0.3571,True,False,False,10
5a7fc76655429969796c1b5a,Ted Bundy,142,0,0,0.8333,0.2917,True,False,False,139
5a85cead5542997175ce2030,Oliver Lavigilante,46,1,1,1.0,1.0,True,False,False,1
5a85cead5542997175ce2030,Oliver Lavigilante,115,1,1,1.0,1.0,True,False,False,1
5a85cead5542997175ce2030,Duke Micah,64,0,0,1.0,0.8182,True,False,False,4
5a85cead5542997175ce2030,Duke Micah,90,0,0,0.8125,0.375,True,False,False,4
5a8ca73c5542996e8ac88b05,Herbert Büchs,204,1,1,1.0,0.4286,True,False,False,4
5a8ca73c5542996e8ac88b05,Herbert Büchs,164,1,1,1.0,0.7143,True,False,False,4
5a8ca73c5542996e8ac88b05,Alfred Jodl,232,0,0,0.9429,0.5143,True,False,False,16
5a906b0f5542990a98493634,Battle of Iwo Jima,221,0,0,1.0,0.4242,True,False,False,83
5a906b0f5542990a98493634,Battle of Shiloh,188,0,0,1.0,0.36,True,False,False,83
5ae397f05542992f92d82314,Kumawu,103,1,1,1.0,0.4667,True,False,False,5
5ae397f05542992f92d82314,Kumawu,58,1,1,1.0,0.6667,True,False,False,5
5ae397f05542992f92d82314,Sekyere Afram Plains District,107,0,0,0.8125,1.0,True,False,False,1
5ae397f05542992f92d82314,Sekyere Afram Plains District,22,0,0,1.0,1.0,True,True,False,1
5ab88b7155429916710eb08a,Counting Cars,179,0,1,1.0,0.04,False,False,False,10
5ab88b7155429916710eb08a,American Restoration,92,1,1,1.0,0.3333,True,False,False,20
5ae848c15542997ec2727793,Millicent Sowerby,371,0,0,1.0,0.4878,True,False,False,3
5ae848c15542997ec2727793,Alice's Adventures in Wonderland,194,0,0,0.64,0.12,False,False,False,58
5adc20425542994650320c84,Demons Never Die,161,0,0,1.0,0.4583,True,False,False,8
5adc20425542994650320c84,Robert Sheehan,105,0,0,0.6111,0.3333,False,False,False,13
5adc20425542994650320c84,Robert Sheehan,160,0,0,0.8,0.16,True,False,False,13
5aba789355429955dce3ee4a,The Venus Model,183,1,1,1.0,0.7241,True,False,False,3
5aba789355429955dce3ee4a,"Fort Lee, New Jersey",164,0,0,0.76,0.12,False,False,False,105
5ae60d0055429929b0807ab5,"I Love to Tell the Story, A Hymns Collection",103,1,1,1.0,0.8333,True,False,False,3
5ae60d0055429929b0807ab5,Mark Lowry,85,0,0,0.9286,0.5714,True,False,False,14
5ab81a0a5542990e739ec822,Blues to the Bush,185,1,1,1.0,1.0,True,False,False,1
5ab81a0a5542990e739ec822,Blues to the Bush,144,1,1,1.0,1.0,True,False,False,1
5ab81a0a5542990e739ec822,EBay,101,0,0,1.0,0.3684,True,False,False,76
5ab577465542997d4ad1f13f,Halid Ziya Uşaklıgil,126,0,0,1.0,0.619,True,False,False,7
5ab577465542997d4ad1f13f,Halid Ziya Uşaklıgil,127,1,1,1.0,0.381,True,False,False,7
5ab577465542997d4ad1f13f,Abdul Hamid II,257,0,0,0.7059,0.2941,False,False,False,78
5ab577465542997d4ad1f13f,Abdul Hamid II,113,0,0,0.55,0.05,False,False,False,78
5a7f6ba75542994857a76738,Corrado Zambelli,183,0,0,1.0,0.6429,True,False,False,4
5a7f6ba75542994857a76738,Corrado Zambelli,189,0,1,1.0,0.7083,True,False,False,4
5a7f6ba75542994857a76738,Otello,133,0,0,1.0,0.381,True,False,False,68
5ade53ae5542992fa25da74c,Leea,78,0,0,0.6667,0.4167,False,False,False,3
5ade53ae5542992fa25da74c,Gillenia,84,0,0,1.0,0.5385,True,False,False,5
5ac3bdd5554299204fd21e24,Laurin Pepper,177,0,0,0.9286,0.3214,True,False,False,5
5ac3bdd5554299204fd21e24,"Ocean Springs, Mississippi",125,0,0,0.9,0.45,True,False,False,17
5ae6968a5542992ae0d16367,All of the Above (J-Live album),78,1,1,1.0,0.6,True,False,False,3
5ae6968a5542992ae0d16367,John Coltrane,129,0,0,0.8,0.3,True,False,False,60
5a7357b655429901807dafcc,2010–11 Texas Tech Red Raiders basketball team,149,0,0,0.8947,1.0,True,False,False,1
5a7357b655429901807dafcc,2010–11 Texas Tech Red Raiders basketball team,106,0,0,1.0,1.0,True,False,False,1
5a7357b655429901807dafcc,2010–11 Texas Tech Red Raiders basketball team,116,1,1,1.0,1.0,True,False,False,1
5a7357b655429901807dafcc,Big 12 Conference,100,0,0,0.7857,0.2143,False,False,False,83
5a7357b655429901807dafcc,Big 12 Conference,211,0,0,0.9231,0.4615,True,False,False,83
5a7357b655429901807dafcc,Big 12 Conference,85,0,0,0.7143,0.1429,False,False,False,83
5a8326ed5542990548d0b199,Ricardo Cortés (illustrator),114,0,1,1.0,0.8636,True,False,False,2
5a8326ed5542990548d0b199,Go the Fuck to Sleep,106,0,0,1.0,0.2632,True,False,False,22
5a865a03554299211dda2b06,Albert Ward (film director),69,1,1,1.0,1.0,True,False,False,1
5a865a03554299211dda2b06,Albert Ward (film director),117,0,1,1.0,1.0,True,False,False,1
5a865a03554299211dda2b06,Johnny Depp,90,0,0,0.9333,0.2667,True,False,False,74
5ab974485542996be20204fe,GridIron Master,107,1,1,1.0,0.6471,True,False,False,3
5ab974485542996be20204fe,Twister (game),158,0,0,0.6923,0.1923,False,False,False,16
5ab974485542996be20204fe,Twister (game),74,1,1,1.0,0.5,True,False,False,16
5ab7ffd8554299366779409a,Cathie Pelletier,150,0,0,0.8636,0.4545,True,False,False,6
5ab7ffd8554299366779409a,"Allagash, Maine",46,0,0,1.0,0.125,True,False,False,7
5a76ce645542994aec3b717e,Mission San Rafael Arcángel,95,1,1,1.0,0.6,True,False,False,8
5a76ce645542994aec3b717e,Alta California,185,0,0,0.6538,0.0385,False,False,False,35
5a7dae265542991319bc93e7,"Stormstown, Pennsylvania",76,1,1,1.0,0.4545,True,False,False,6
5a7dae265542991319bc93e7,"Stormstown, Pennsylvania",44,1,1,1.0,0.0,False,False,False,6
5a7dae265542991319bc93e7,"State College, Pennsylvania",95,0,0,0.9286,0.2143,True,False,False,66
5a7dae265542991319bc93e7,"State College, Pennsylvania",324,0,0,0.9189,0.5405,True,False,False,66
5a7dae265542991319bc93e7,"State College, Pennsylvania",183,0,0,0.9583,0.5417,True,False,False,66
5a7dae265542991319bc93e7,"State College, Pennsylvania",135,0,0,1.0,0.5789,True,False,False,66
5ae35bb55542992e3233c3b4,2005–06 Inter Milan season,169,1,1,1.0,0.6786,True,False,False,3
5ae35bb55542992e3233c3b4,Luís Figo,95,0,0,0.9333,0.6,True,False,False,33
5ae3ea065542995ad6573c96,Roger McGuinn,161,0,0,0.8421,0.4737,True,False,False,26
5ae3ea065542995ad6573c96,Roger McGuinn,77,0,0,0.9375,0.1875,True,False,False,26
5ae3ea065542995ad6573c96,Rock and Roll Hall of Fame,297,0,0,0.7222,0.3333,False,False,False,66
5ac3be8e554299204fd21e29,Margaret Ménégoz,142,0,0,1.0,1.0,True,False,False,1
5ac3be8e554299204fd21e29,Amour (2012 film),126,1,1,1.0,0.6,True,False,False,22
5a7b638855429931da12ca7b,Laila Ali,152,0,0,0.7826,0.2609,False,False,False,22
5a7b638855429931da12ca7b,Muhammad Ali,103,0,0,0.875,0.25,True,False,False,156
5a7e467d554299495941996d,Cyhi the Prynce,156,0,0,0.5769,0.2692,False,False,False,10
5a7e467d554299495941996d,"Stone Mountain, Georgia",66,1,1,1.0,0.2727,True,False,False,45
5ab79bfa5542995dae37e972,The Dark Artifices,72,0,0,0.8333,0.25,True,False,False,18
5ab79bfa5542995dae37e972,The Dark Artifices,122,0,1,1.0,0.4286,True,False,False,18
5ab79bfa5542995dae37e972,Cassandra Clare,203,0,0,1.0,0.625,True,False,False,21
5a88854e554299206df2b2de,"Vernon Hills, Illinois",110,0,0,0.7778,0.2778,False,False,False,23
5a88854e554299206df2b2de,"Vernon Hills, Illinois",144,0,0,1.0,0.6,True,False,False,23
5a88854e554299206df2b2de,"Lake Forest, Illinois",70,1,1,1.0,0.3636,True,False,False,40
5a88854e554299206df2b2de,"Lake Forest, Illinois",52,0,0,0.7273,0.0909,False,False,False,40
5a88854e554299206df2b2de,"Lake Forest, Illinois",144,0,0,0.9565,0.3913,True,False,False,40
5a88854e554299206df2b2de,"Lake Forest, Illinois",168,0,0,1.0,0.5238,True,False,False,40
5a7fc9885542992e7d278d8b,"Superior, Montana",84,0,0,1.0,0.4286,True,False,False,16
5a7fc9885542992e7d278d8b,"Superior, Montana",79,1,1,1.0,0.6364,True,False,False,16
5a7fc9885542992e7d278d8b,"Mineral County, Montana",64,1,1,1.0,0.5833,True,False,False,6
5a7fc9885542992e7d278d8b,"Mineral County, Montana",48,0,0,1.0,0.2222,True,False,False,6
5adc155e554299438c868d48,Gold Mountain Casino,114,1,1,1.0,1.0,True,False,False,1
5adc155e554299438c868d48,Gold Mountain Casino,198,1,1,1.0,1.0,True,False,False,1
5adc155e554299438c868d48,WinStar World Casino,203,0,0,0.6552,0.1724,False,False,False,8
5adc155e554299438c868d48,WinStar World Casino,170,0,0,1.0,0.6087,True,False,False,8
5a8cde71554299441c6b9f3e,Macau Wine Museum,93,0,0,0.6923,0.3077,False,False,False,3
5a8cde71554299441c6b9f3e,Macau Wine Museum,47,0,0,0.9,0.6,True,False,False,3
5a8cde71554299441c6b9f3e,Grand Prix Museum,60,0,0,0.4167,0.0833,False,False,False,3
5ac42b02554299076e296d7c,Kendall Marshall,161,0,0,0.8095,0.4762,True,False,False,20
5ac42b02554299076e296d7c,Kendall Marshall,100,1,1,1.0,0.5714,True,False,False,20
5ac42b02554299076e296d7c,2012 NBA draft,89,1,1,1.0,0.5,True,False,False,22
5a74cac055429974ef308c67,George E. Hyde,136,1,1,1.0,0.4286,True,False,False,4
5a74cac055429974ef308c67,Sioux,112,0,0,0.7895,0.1579,False,False,False,101
5a75e87c55429976ec32bc99,"Hays, Kansas",77,1,1,1.0,0.2143,True,False,False,51
5a75e87c55429976ec32bc99,"Hays, Kansas",54,0,0,1.0,0.3,True,False,False,51
5a75e87c55429976ec32bc99,"Ellis County, Kansas",56,0,0,0.8,0.2,True,False,False,16
5ae49ad455429970de88d9d1,The Daughter Also Rises,126,0,0,0.9333,0.4,True,False,False,13
5ae49ad455429970de88d9d1,The Simpsons (season 23),102,0,0,1.0,0.4706,True,False,False,6
5ac273d055429921a00aaf75,The Eclipse (James Fenimore Cooper),219,1,1,1.0,1.0,True,False,False,1
5ac273d055429921a00aaf75,"Cooperstown, New York",86,0,0,1.0,0.2857,True,False,False,49
5a7e1a7c55429965cec5ea62,The Halfway House,157,1,1,1.0,0.64,True,False,False,7
5a7e1a7c55429965cec5ea62,Glynis Johns,282,0,0,0.5581,0.0465,False,False,False,57
5ab679c655429954757d32db,Ras Rumman,81,1,1,1.0,0.6667,True,False,False,3
5ab679c655429954757d32db,Pomegranate,153,0,0,0.7083,0.25,False,False,False,71
5a89d85655429946c8d6e9de,Crying (Beavis and Butt-Head),71,0,0,1.0,0.6364,True,False,False,4
5a89d85655429946c8d6e9de,Werewolves of Highland,56,1,1,1.0,0.6667,True,False,False,6
5a850df85542994c784ddaea,Michael W. Morrissey,86,1,1,1.0,0.4167,True,False,False,3
5a850df85542994c784ddaea,"Norfolk County, Massachusetts",96,0,0,0.6923,0.3077,False,False,False,21
5abdc9b155429965af743e44,Falling Down,117,1,1,1.0,0.4444,True,False,False,33
5abdc9b155429965af743e44,Michael Douglas,81,0,0,1.0,0.5385,True,False,False,53
5ac06d475542996f0d89cbc6,Mick Jackson (director),120,0,0,0.6842,0.2105,False,False,False,4
5ac06d475542996f0d89cbc6,Drew Renaud,98,1,1,1.0,0.8571,True,False,False,4
5ab6166e554299110f2199d9,Almeron and Olive Smith House,96,0,0,0.9412,0.4118,True,False,False,2
5ab6166e554299110f2199d9,Almeron and Olive Smith House,88,0,0,0.9375,0.6875,True,False,False,2
5ab6166e554299110f2199d9,"Plandome, New York",44,1,1,1.0,0.125,True,False,False,38
5ae22ae4554299234fd0440c,Philipsdam,71,0,0,0.75,0.25,False,False,False,6
5ae22ae4554299234fd0440c,Delta Works,195,0,0,0.92,0.48,True,False,False,25
5a7e4854554299495941997b,Johnetta Elzie,170,0,1,1.0,0.6087,True,False,False,7
5a7e4854554299495941997b,DeRay Mckesson,65,0,0,0.9,0.3,True,False,False,19
5abbf3655542993f40c73c2d,No. 1 Commando,136,1,1,1.0,0.5238,True,False,False,17
5abbf3655542993f40c73c2d,Operation Torch,206,0,0,0.7778,0.2593,False,False,False,61
5a8a17995542992d82986ea9,Case 219,114,1,1,1.0,0.7222,True,False,False,3
5a8a17995542992d82986ea9,Taylor Nichols,146,0,1,1.0,0.6667,True,False,False,4
5a88d91d5542993b751ca87e,Radagast,124,0,0,0.9286,0.2857,True,False,False,16
5a88d91d5542993b751ca87e,The Silmarillion,202,0,0,0.8621,0.2414,True,False,False,59
5a74aa3055429979e28829ea,Thorstein Eiriksson,103,0,0,0.3125,0.0,False,False,False,3
5a74aa3055429979e28829ea,Erik the Red,257,0,0,0.6061,0.2121,False,False,False,13
5a81b1855542995ce29dcc30,Gold to Go,181,0,0,0.8636,0.5909,True,False,False,6
5a81b1855542995ce29dcc30,"Boca Raton, Florida",190,0,0,0.7917,0.2083,False,False,False,83
5ac3abc45542995ef918c1d8,Universal joint,253,0,0,0.7742,0.3548,False,False,False,27
5ac3abc45542995ef918c1d8,Robert Hooke,124,0,0,0.8,0.45,True,False,False,71
5ab3425f554299753aec5964,XX Corps (United States),313,1,1,1.0,0.5957,True,False,False,10
5ab3425f554299753aec5964,United States Army Central,288,0,0,0.9677,0.4516,True,False,False,66
5ab3425f554299753aec5964,United States Army Central,97,1,1,1.0,0.4211,True,False,False,66
5ab22f28554299722f9b4cc5,Mireille Perrey,53,0,0,1.0,1.0,True,False,False,1
5ab22f28554299722f9b4cc5,The Umbrellas of Cherbourg,186,0,0,0.8,0.28,True,False,False,32
5abe9c505542997ec76fd320,Politics of Georgia (U.S. state),127,1,1,1.0,0.7,True,False,False,20
5abe9c505542997ec76fd320,George II of Great Britain,219,0,0,0.9714,0.4571,True,False,False,54
5a79211155429907847277c8,John T. Lis,182,1,1,1.0,0.6667,True,False,False,4
5a79211155429907847277c8,Barbara McClintock,163,1,1,1.0,0.4583,True,False,False,39
5ac14beb5542994ab5c67cda,Xosha Roquemore,89,0,0,0.7857,0.5,False,False,False,4
5ac14beb5542994ab5c67cda,Xosha Roquemore,81,0,0,1.0,0.4375,True,False,False,4
5ac14beb5542994ab5c67cda,The Mindy Project,161,0,0,0.64,0.16,False,False,False,44
5a8f86065542992414482af4,SkyBridge Capital,111,0,0,0.4706,0.0588,False,False,False,9
5a8f86065542992414482af4,Anthony Scaramucci,119,0,0,0.6667,0.0556,False,False,False,41
5ae4c2985542995dadf243ee,Flo Rida,173,0,0,0.7778,0.2963,False,False,False,28
5ae4c2985542995dadf243ee,"Carol City, Florida",70,1,1,1.0,0.2727,True,False,False,15
5adfba39554299603e418393,Les Gold,121,0,0,0.8947,0.6316,True,False,False,11
5adfba39554299603e418393,Hardcore Pawn,292,0,0,1.0,0.5714,True,False,False,25
5ab3b2705542992ade7c6e49,Hawaii Route 93,192,0,0,1.0,0.6061,True,False,False,3
5ab3b2705542992ade7c6e49,Oahu,204,0,0,0.8667,0.5667,True,False,False,18
5a7a97fc55429927d897bee1,The River (1938 film),286,1,1,1.0,0.7429,True,False,False,6
5a7a97fc55429927d897bee1,Final Score (2007 film),177,0,0,1.0,0.5417,True,False,False,17
5a7a97fc55429927d897bee1,Final Score (2007 film),100,1,1,1.0,0.4706,True,False,False,17
5a78fe295542990784727779,Paulina Ana María Zapata Portillo,240,0,0,0.9355,0.4839,True,False,False,4
5a78fe295542990784727779,Emiliano Zapata,239,0,0,0.9655,0.5517,True,False,False,84
5a760fbc5542992db9473722,Dixit (card game),78,0,0,0.7692,0.0769,False,False,False,37
5a760fbc5542992db9473722,Fanorona,55,0,0,0.6667,0.2222,False,False,False,13
5abade48554299660624164d,Kamoha,109,1,1,1.0,0.6,True,False,False,6
5abade48554299660624164d,Israel,205,0,0,0.8077,0.2692,True,False,False,135
5a7c4bf555429907fabeef55,Dancing in the Dark (Rihanna song),112,0,1,1.0,0.1667,True,False,False,4
5a7c4bf555429907fabeef55,Home (2015 film),152,0,0,0.8636,0.4091,True,False,False,25
5a88f92d5542993b751ca8dc,Arrowverse,187,0,0,0.875,0.4583,True,False,False,74
5a88f92d5542993b751ca8dc,DC Extended Universe,153,0,0,0.5217,0.0435,False,False,False,98
5a737e8655429905862fe03d,Journal of Service Research,145,0,0,0.5263,0.2105,False,False,False,25
5a737e8655429905862fe03d,University of Miami,160,0,0,0.6522,0.1304,False,False,False,101
5a7a9cff55429941d65f26f4,The Silenced,160,0,0,0.8462,0.3846,True,False,False,5
5a7a9cff55429941d65f26f4,Park Bo-young,65,0,0,1.0,0.6667,True,False,False,26
5ae6fbfa554299572ea54660,Yoann Lemoine,108,0,0,1.0,0.5294,True,False,False,18
5ae6fbfa554299572ea54660,Yoann Lemoine,208,0,0,0.8125,0.4062,True,False,False,18
5ae6fbfa554299572ea54660,Back to December,139,0,0,1.0,0.1304,True,False,False,24
5adbf9f755429944faac23e2,Eclipse (Journey album),152,0,0,0.8696,0.3478,True,False,False,7
5adbf9f755429944faac23e2,Arnel Pineda,83,1,1,1.0,0.3846,True,False,False,26
5a87c2ad5542997e5c09a569,Mavin Records,171,0,0,0.9259,0.3333,True,False,False,6
5a87c2ad5542997e5c09a569,Mavin Records,160,0,0,0.6429,0.0,False,False,False,6
5a87c2ad5542997e5c09a569,Korede Bello,107,0,0,0.8824,0.5294,True,False,False,9
5a87c2ad5542997e5c09a569,Korede Bello,115,0,0,1.0,0.5909,True,False,False,9
5a7d653f5542991319bc93c0,Dawn of the Planet of the Apes,97,0,0,1.0,0.25,True,False,False,33
5a7d653f5542991319bc93c0,Kodi Smit-McPhee,60,1,1,1.0,0.1818,True,False,False,12
5adf427a5542993a75d2645a,No.8 rifle,163,0,0,1.0,0.625,True,False,False,3
5adf427a5542993a75d2645a,Lee–Enfield,199,0,0,0.931,0.2759,True,False,False,108
5ab2c23f554299545a2cfa5d,Bertha of Savoy,282,0,0,0.8108,0.3784,True,False,False,16
5ab2c23f554299545a2cfa5d,"Henry IV, Holy Roman Emperor",131,0,0,0.5556,0.0556,False,False,False,97
5a7f7d755542994857a76749,Honour Me,123,0,0,0.25,0.0,False,False,False,3
5a7f7d755542994857a76749,Sacred Planet,81,0,0,1.0,1.0,True,False,False,1
5ae01fcf554299025d62a412,Sebastian Strandberg,129,0,0,0.7368,0.5263,False,False,False,4
5ae01fcf554299025d62a412,Sebastian Strandberg,63,0,0,0.5,0.2,False,False,False,4
5ae01fcf554299025d62a412,Evansville IceMen,93,1,1,1.0,0.2308,True,False,False,10
5ab3554a55429969a97a8138,Lawrence Hazard,534,0,1,1.0,1.0,True,False,False,1
5ab3554a55429969a97a8138,Marlene Dietrich,152,0,0,0.8095,0.2857,True,False,False,67
5a809ab05542996402f6a596,Woman's Home Companion,85,1,1,1.0,0.1429,True,False,False,23
5a809ab05542996402f6a596,Arthur's Magazine,112,1,1,1.0,1.0,True,False,False,1
5a8863ff55429938390d3f3d,The Mysterious Origins of Man,234,0,0,0.9688,0.7188,True,False,False,5
5a8863ff55429938390d3f3d,Michael Cremo,271,0,0,0.9756,0.5854,True,False,False,10
5ae4afbe5542995dadf243b0,Josiah Bartlett House,64,1,1,1.0,0.0,False,False,False,2
5ae4afbe5542995dadf243b0,"Kingston, New Hampshire",70,1,1,1.0,0.3636,True,False,False,17
5a88b9f7554299206df2b349,Public Bath House No. 3,135,0,0,1.0,1.0,True,False,False,1
5a88b9f7554299206df2b349,"Yonkers, New York",172,0,0,0.7,0.05,False,False,False,79
5a88b9f7554299206df2b349,"Yonkers, New York",147,0,0,0.5385,0.0769,False,False,False,79
5addee6e5542997dc79070c0,Deep Rooted Tree,111,0,0,1.0,0.55,True,False,False,11
5addee6e5542997dc79070c0,Shin Se-kyung,72,0,0,1.0,0.5714,True,False,False,15
5ab9659e554299743d22eb55,Lost Highway Tour,187,0,0,0.9667,0.2667,True,False,False,15
5ab9659e554299743d22eb55,Bon Jovi,62,0,0,0.9091,0.0909,True,False,False,64
5a7c4bd55542990527d55486,Sherry Thomas,169,0,1,1.0,0.2963,True,False,False,31
5a7c4bd55542990527d55486,Not Quite a Husband,85,1,1,1.0,0.0,False,False,False,6
5adf0a1e5542995ec70e8f5c,Crash Landing (1958 film),136,0,0,0.9565,0.4783,True,False,False,13
5adf0a1e5542995ec70e8f5c,Pan Am Flight 6,214,0,0,0.9394,0.5758,True,False,False,15
5ae10f6455429920d52342b1,First Battle of Kharkov,271,0,0,0.8235,0.3235,True,False,False,24
5ae10f6455429920d52342b1,Wilhelm Keitel,207,0,0,0.7714,0.2857,False,False,False,27
5a83bbb75542990548d0b22b,"Mein Herz und deine Stimme, WAB 79",106,0,0,0.381,0.0952,False,False,False,11
5a83bbb75542990548d0b22b,Anton Bruckner,135,0,0,0.8421,0.4211,True,False,False,71
5ae1484855429920d5234384,To Be or Not to Be (play),97,0,1,1.0,0.5625,True,False,False,8
5ae1484855429920d5234384,To Be or Not to Be (1942 film),203,0,0,0.9706,0.4412,True,False,False,23
5ab592e1554299488d4d99e5,Jack Ely,154,1,1,1.0,0.52,True,False,False,17
5ab592e1554299488d4d99e5,Louie Louie,140,0,0,1.0,0.4091,True,False,False,230
5a809d845542992bc0c4a77e,Gold Mountain Casino,133,0,0,0.92,1.0,True,False,False,1
5a809d845542992bc0c4a77e,WinStar World Casino,233,0,0,0.8966,0.3793,True,False,False,8
5ac46d115542991943173988,Jonathan Fisher House,90,1,1,1.0,0.4375,True,False,False,3
5ac46d115542991943173988,"Blue Hill, Maine",44,0,0,1.0,0.25,True,False,False,14
5a86e7945542994775f6077d,Shirley Simons,137,1,1,1.0,0.65,True,False,False,13
5a86e7945542994775f6077d,"Tyler, Texas",138,0,0,0.6957,0.1739,False,False,False,67
5a7efd8255429934daa2fc88,Micah Hauptman,225,0,0,1.0,0.6207,True,False,False,4
5a7efd8255429934daa2fc88,Parker (2013 film),106,0,0,0.9412,0.3529,True,False,False,23
5a8a204a5542996c9b8d5e02,Black Face (band),277,1,1,1.0,0.6667,True,False,False,4
5a8a204a5542996c9b8d5e02,Oxbow (band),66,0,0,1.0,0.6,True,False,False,13
5a80fcd4554299260e20a1ef,East Nassau Central School,111,1,1,1.0,1.0,True,False,False,1
5a80fcd4554299260e20a1ef,"East Nassau, New York",71,1,1,1.0,0.5833,True,False,False,9
5a80fcd4554299260e20a1ef,"East Nassau, New York",42,1,1,1.0,0.2857,True,False,False,9
5addea145542997dc79070a7,Coco (2017 film),141,0,0,0.85,0.4,True,False,False,53
5addea145542997dc79070a7,Ratatouille (film),137,0,0,0.7222,0.2222,False,False,False,54
5ae14a8155429920d523439f,Goward Dolmen,150,1,1,1.0,0.7,True,False,False,2
5ae14a8155429920d523439f,County Down,117,0,0,0.4783,0.087,False,False,False,42
5a89fac35542993b751ca9d2,Unapologetic,69,1,1,1.0,0.3,True,False,False,45
5a89fac35542993b751ca9d2,Unapologetic,209,0,0,0.9355,0.2581,True,False,False,45
5a89fac35542993b751ca9d2,Talk That Talk,139,1,1,1.0,0.4545,True,False,False,42
5ac2420c55429951e9e684fe,Luc Van Hoyweghen,131,0,0,0.9583,1.0,True,False,False,1
5ac2420c55429951e9e684fe,1954 FIFA World Cup,113,0,0,0.9444,0.4444,True,False,False,38
5ab5d007554299488d4d9a39,Norman House,116,1,1,1.0,0.625,True,False,False,3
5ab5d007554299488d4d9a39,Steep Hill,94,0,0,0.8667,0.4667,True,False,False,6
5ab5d007554299488d4d9a39,Steep Hill,59,1,1,1.0,0.6,True,False,False,6
5aba9ead5542994dbf019988,Graeme Whifler,86,0,0,0.9286,0.6429,True,False,False,4
5aba9ead5542994dbf019988,Graeme Whifler,83,0,0,1.0,0.5,True,False,False,4
5aba9ead5542994dbf019988,Graeme Whifler,94,0,0,0.75,0.5,False,False,False,4
5aba9ead5542994dbf019988,Graeme Whifler,66,0,0,0.8333,0.5,True,False,False,4
5aba9ead5542994dbf019988,Graeme Whifler,175,0,0,0.9259,0.5926,True,False,False,4
5aba9ead5542994dbf019988,Yello,76,0,0,1.0,0.3077,True,False,False,12
5a7e77c955429949594199ca,Do Lafzon Ki Kahani (film),161,0,0,0.8462,0.5385,True,False,False,8
5a7e77c955429949594199ca,Do Lafzon Ki Kahani (film),109,0,1,1.0,0.5263,True,False,False,8
5a7e77c955429949594199ca,Always (2011 film),14,1,1,1.0,0.5,True,True,False,4
5a7e77c955429949594199ca,Always (2011 film),57,0,0,1.0,0.75,True,False,False,4
5ab2a47c554299545a2cf9ec,William Frederick Harris,197,0,0,1.0,0.2963,True,False,False,9
5ab2a47c554299545a2cf9ec,Battle of Chosin Reservoir,206,0,0,0.6957,0.1739,False,False,False,57
5ab4f4595542991779162d2c,Robopop,99,1,1,1.0,1.0,True,False,False,1
5ab4f4595542991779162d2c,Lana Del Rey,131,0,0,0.95,0.4,True,False,False,63
5ae4ad6a5542995ad6573e1a,Sucu Sucu,94,0,0,1.0,1.0,True,False,False,1
5ae4ad6a5542995ad6573e1a,Sucu Sucu,73,0,0,1.0,1.0,True,False,False,1
5ae4ad6a5542995ad6573e1a,Alberto Cortez,102,0,0,0.9375,0.5625,True,False,False,5
5a8dc90a5542994ba4e3dd1e,John Kennedy Toole,209,0,0,1.0,0.4516,True,False,False,46
5a8dc90a5542994ba4e3dd1e,Flannery O'Connor,139,0,1,1.0,0.4091,True,False,False,45
5a7d20a0554299452d57bb0b,Bill Gompers,117,0,0,0.7895,1.0,False,False,False,1
5a7d20a0554299452d57bb0b,Bill Gompers,152,1,1,1.0,1.0,True,False,False,1
5a7d20a0554299452d57bb0b,University of Notre Dame,211,0,0,0.7241,0.2414,False,False,False,113
5add201a5542992ae4cec48f,Loan-a Lisa,290,1,1,1.0,0.3256,True,False,False,13
5add201a5542992ae4cec48f,Grampa Simpson,126,0,0,0.8333,0.2778,True,False,False,16
5a8308df55429966c78a6aff,Marianne Schnall,162,0,0,1.0,0.7273,True,False,False,16
5a8308df55429966c78a6aff,Jane Fonda,147,0,0,0.619,0.0952,False,False,False,103
5a8308df55429966c78a6aff,Jane Fonda,89,0,0,0.7857,0.1429,False,False,False,103
5ae26e435542992decbdcd00,"East Massapequa, New York",174,0,0,0.2581,0.0,False,False,False,10
5ae26e435542992decbdcd00,Amityville Memorial High School,138,1,1,1.0,0.45,True,False,False,4
5a8026cd5542992e7d278df9,Scott Pembroke,105,1,1,1.0,1.0,True,False,False,1
5a8026cd5542992e7d278df9,André Berthomieu,96,1,1,1.0,1.0,True,False,False,1
5abe7ae05542993f32c2a127,How I Got to Be This Way,107,1,1,1.0,0.619,True,False,False,4
5abe7ae05542993f32c2a127,Justin Moore,149,1,1,1.0,0.4348,True,False,False,15
5a78f317554299078472776c,The Sign of Four (2001 film),72,0,0,0.9231,0.6154,True,False,False,4
5a78f317554299078472776c,Arthur Conan Doyle,120,0,0,0.8947,0.2632,True,False,False,80
5a72256d55429971e9dc92e7,"Theobald Walter, 1st Chief Butler of Ireland",99,1,1,1.0,0.4375,True,False,False,9
5a72256d55429971e9dc92e7,High Sheriff of Lancashire,132,1,1,1.0,0.55,True,False,False,7
5adce2d15542990d50227d53,Shane Hart,31,0,0,0.8333,0.3333,True,True,False,10
5adce2d15542990d50227d53,Shane Hart,72,0,0,1.0,0.5,True,False,False,10
5adce2d15542990d50227d53,World War Z (film),208,0,0,0.9286,0.4286,True,False,False,40
5a8b2e515542997f31a41ca7,Cédric Ciza,107,0,0,1.0,0.6316,True,False,False,2
5a8b2e515542997f31a41ca7,Bujumbura,93,0,0,1.0,0.3846,True,False,False,23
5ae370225542992e3233c401,Blanche Atkinson,100,1,1,1.0,0.5,True,False,False,10
5ae370225542992e3233c401,John Ruskin,206,0,0,0.6552,0.2069,False,False,False,210
5a8ee6c555429917b4a5be11,Route of the Oregon Trail,113,0,0,0.875,0.375,True,False,False,41
5a8ee6c555429917b4a5be11,Willamette Valley,103,0,0,0.8667,0.2,True,False,False,29
5a8ee6c555429917b4a5be11,Willamette Valley,193,0,0,0.8462,0.4231,True,False,False,29
5a835dad554299123d8c2108,Folarin Ogunsola,61,1,1,1.0,1.0,True,False,False,1
5a835dad554299123d8c2108,The Gambia,46,0,0,1.0,0.125,True,False,False,91
5a78eb5055429970f5fffdd1,Tech Support (Beavis and Butt-Head),141,0,1,1.0,0.5789,True,False,False,4
5a78eb5055429970f5fffdd1,Daughter's Hand,143,0,1,1.0,0.5,True,False,False,3
5a8a427455429930ff3c0d32,"Looking Good, Feeling Gorgeous",82,0,1,1.0,0.6429,True,False,False,6
5a8a427455429930ff3c0d32,RuPaul,171,0,0,0.6522,0.2174,False,False,False,48
5a7d1b55554299452d57baf2,2015–16 Missouri Tigers women's basketball team,147,1,1,1.0,1.0,True,False,False,1
5a7d1b55554299452d57baf2,2015–16 Missouri Tigers women's basketball team,60,1,1,1.0,1.0,True,False,False,1
5a7d1b55554299452d57baf2,Robin Pingeton,109,0,0,1.0,0.4706,True,False,False,3
5a7d1b55554299452d57baf2,Robin Pingeton,69,1,1,1.0,0.6154,True,False,False,3
5ae52c9855429908b632653f,Wanjiku Mugane,81,1,1,1.0,0.5833,True,False,False,2
5ae52c9855429908b632653f,Kenya Airways,111,0,0,0.9444,0.2778,True,False,False,31
5ac49adf5542997ea680ca97,Kerrie Brown,94,0,1,1.0,1.0,True,False,False,1
5ac49adf5542997ea680ca97,Babe (film),126,0,0,0.8947,0.4737,True,False,False,22
5ae808b3554299540e5a56f4,Invisible Touch Tour,87,1,1,1.0,0.5385,True,False,False,4
5ae808b3554299540e5a56f4,Genesis (band),91,0,0,1.0,0.4286,True,False,False,75
5a7a33175542990198eaf0d9,Luchino Visconti,165,0,0,0.8077,0.3462,True,False,False,30
5a7a33175542990198eaf0d9,Chester Erskine,112,0,0,0.375,0.1875,False,False,False,5
5ac15fab5542994d76dccdf5,Angel Pavement,116,0,0,1.0,0.3158,True,False,False,17
5ac15fab5542994d76dccdf5,J. B. Priestley,162,0,0,0.8182,0.5,True,False,False,33
5ae608c05542992663a4f245,Joseph Jesselli,141,0,0,1.0,0.5455,True,False,False,10
5ae608c05542992663a4f245,"East Northport, New York",130,1,1,1.0,0.5238,True,False,False,11
5ae608c05542992663a4f245,"East Northport, New York",45,1,1,1.0,0.0,False,False,False,11
5ac562545542993e66e823c3,Golden Ball Tavern,116,0,0,0.8889,0.2222,True,False,False,3
5ac562545542993e66e823c3,"Weston, Massachusetts",92,0,0,0.8571,0.2857,True,False,False,42
5ac562545542993e66e823c3,"Weston, Massachusetts",65,0,0,0.6667,0.0833,False,False,False,42
5a8275fc55429954d2e2eb4f,Brad Hunt (ice hockey),168,0,0,0.9167,0.5,True,False,False,15
5a8275fc55429954d2e2eb4f,Vegas Golden Knights,101,1,1,1.0,0.3333,True,False,False,41
5a7ce495554299683c1c63c3,Marion M. Ganey,33,0,0,0.8,0.6,True,True,False,6
5a7ce495554299683c1c63c3,Boys Town (organization),219,0,0,0.6897,0.0345,False,False,False,36
5add76415542992200553b2a,Matthew Marsh (actor),119,0,0,0.9412,0.5294,True,False,False,3
5add76415542992200553b2a,The Iron Lady (film),40,0,0,1.0,0.4286,True,False,False,26
5a7917a555429974737f7981,Fluellen,79,0,1,1.0,0.2308,True,False,False,13
5a7917a555429974737f7981,Henry V (play),156,1,1,1.0,0.5652,True,False,False,44
5a8477df5542992ef85e240b,KRPS (FM),104,1,1,1.0,0.5,True,False,False,6
5a8477df5542992ef85e240b,KRPS (FM),82,0,0,0.9231,0.4615,True,False,False,6
5a8477df5542992ef85e240b,"Bartlesville, Oklahoma",81,1,1,1.0,0.3571,True,False,False,36
5ab40d7b55429976abd1bd46,2008 AFL Rising Star,83,1,1,1.0,0.7143,True,False,False,2
5ab40d7b55429976abd1bd46,Rhys Palmer,160,0,0,0.9524,0.6667,True,False,False,21
5a80901e5542995d8a8ddf98,Elise Gatien,48,0,0,1.0,0.5,True,False,False,4
5a80901e5542995d8a8ddf98,Elise Gatien,102,0,1,1.0,0.2632,True,False,False,4
5a80901e5542995d8a8ddf98,Tower Prep,93,0,0,0.8667,0.2,True,False,False,19
5adea70d55429939a52fe925,Allan Bloom,226,0,1,1.0,0.4074,True,False,False,53
5adea70d55429939a52fe925,The Closing of the American Mind,199,0,0,0.9655,0.3793,True,False,False,24
5a88e1275542993b751ca8a4,"Comet, Montana",115,0,0,1.0,0.6111,True,False,False,5
5a88e1275542993b751ca8a4,"Comet, Montana",130,1,1,1.0,0.6667,True,False,False,5
5a88e1275542993b751ca8a4,"Helena, Montana",102,0,0,1.0,0.2,True,False,False,44
5a78fd02554299029c4b5edf,Buy Bye Beauty,99,1,1,1.0,0.5294,True,False,False,4
5a78fd02554299029c4b5edf,Pumping Iron,156,0,0,1.0,0.4091,True,False,False,17
5ab839e255429934fafe6d1f,Ronald Colman,111,0,0,1.0,0.6316,True,False,False,24
5ab839e255429934fafe6d1f,Ronald Colman,169,0,0,1.0,0.0455,False,False,False,24
5ab839e255429934fafe6d1f,A Double Life (1947 film),125,0,0,1.0,0.5909,True,False,False,12
5ae25cc55542994d89d5b3f7,Luan Zhili,133,1,1,1.0,1.0,True,False,False,1
5ae25cc55542994d89d5b3f7,Athletics at the 1998 Asian Games,108,1,1,1.0,1.0,True,False,False,1
5a7a2d0a5542990198eaf0b1,2015 Boston beheading plot,188,1,1,1.0,0.5172,True,False,False,8
5a7a2d0a5542990198eaf0b1,Pamela Geller,85,0,0,0.8462,0.3846,True,False,False,38
5a860f125542996432c5717f,"Vails Gate, New York",173,1,1,1.0,0.7391,True,False,False,8
5a860f125542996432c5717f,"Newark, New Jersey",114,0,0,0.85,0.2,True,False,False,157
5ae22f51554299234fd0441f,YU Yureka,125,0,0,1.0,0.6471,True,False,False,7
5ae22f51554299234fd0441f,Micromax Informatics,85,0,0,0.8182,0.3636,True,False,False,25
5a857cc05542991dd0999e59,"Flute Sonata in C major, BWV 1033",195,1,1,1.0,0.7857,True,False,False,3
5a857cc05542991dd0999e59,Carl Philipp Emanuel Bach,110,0,0,0.9412,0.2353,True,False,False,48
5ac05c435542992a796dece6,Shag Tobacco,68,0,1,1.0,0.6364,True,False,False,3
5ac05c435542992a796dece6,The Edge,233,0,0,0.9143,0.4857,True,False,False,31
5ac05c435542992a796dece6,The Edge,117,0,0,0.9524,0.4286,True,False,False,31
5a7765ff55429972597f1520,Cabine C,530,1,1,1.0,0.791,True,False,False,6
5a7765ff55429972597f1520,The Cure,145,0,0,0.8,0.35,True,False,False,55
5abb96c85542993f40c73b4d,Turner Memorial A.M.E. Church,108,0,0,1.0,0.4375,True,False,False,3
5abb96c85542993f40c73b4d,"Hyattsville, Maryland",59,0,0,0.8,0.1,True,False,False,42
5a7dbe215542997cc2c47490,WikiLeaks: Inside Julian Assange's War on Secrecy,151,0,0,0.7391,0.3478,False,False,False,7
5a7dbe215542997cc2c47490,Chelsea Manning,340,0,0,1.0,0.625,True,False,False,165
5abbc8c855429931dba14525,Mowgli's Brothers (TV special),98,1,1,1.0,0.7333,True,False,False,3
5abbc8c855429931dba14525,Mowgli's Brothers (TV special),121,0,1,1.0,0.5789,True,False,False,3
5abbc8c855429931dba14525,Rikki-Tikki-Tavi,144,0,0,0.9545,0.4545,True,False,False,8
5ac2361d55429951e9e684a3,Dieter Zorc,34,1,1,1.0,1.0,True,True,False,1
5ac2361d55429951e9e684a3,Michael Zorc,101,0,0,0.9375,0.6875,True,False,False,7
5abcf46f5542993a06baf9bc,Crying (Beavis and Butt-Head),71,0,0,1.0,0.6364,True,False,False,4
5abcf46f5542993a06baf9bc,Werewolves of Highland,56,1,1,1.0,0.6667,True,False,False,6
5a89eac0554299669944a613,Jaws (franchise),182,1,1,1.0,0.4483,True,False,False,39
5a89eac0554299669944a613,Jaws (film),125,0,0,0.913,0.3043,True,False,False,73
5ac086ca5542992a796ded36,Arthur Treacher's,60,0,0,0.6364,0.2727,False,False,False,17
5ac086ca5542992a796ded36,Long John Silver's,157,0,1,1.0,0.625,True,False,False,22
5a72aefd5542991f9a20c569,Ezra Miller,78,0,0,0.9231,0.0,False,False,False,32
5a72aefd5542991f9a20c569,Ezra Miller,166,0,0,0.8,0.12,True,False,False,32
5a72aefd5542991f9a20c569,The Perks of Being a Wallflower (film),76,0,0,1.0,0.3077,True,False,False,33
5a72aefd5542991f9a20c569,The Perks of Being a Wallflower (film),128,0,0,0.7368,0.2105,False,False,False,33
5ae143c35542997b2ef7d198,Satyajit Ray,176,0,0,0.56,0.16,False,False,False,83
5ae143c35542997b2ef7d198,Satyajit Ray,234,0,0,0.9714,0.4,True,False,False,83
5ae143c35542997b2ef7d198,Deborah Kampmeier,309,0,0,0.9211,0.6842,True,False,False,8
5ac283b25542996773102549,Annie Gravatt,111,1,1,1.0,0.6,True,False,False,16
5ac283b25542996773102549,Chestnut blight,362,0,0,0.4884,0.0465,False,False,False,29
5a8c72f8554299585d9e36a8,Run the Show,112,1,1,1.0,0.7333,True,False,False,5
5a8c72f8554299585d9e36a8,Busta Rhymes,157,0,0,0.8,0.36,True,False,False,44
5ae2dc615542991a06ce98e4,In Your House 3,263,0,0,0.9429,0.0286,False,False,False,7
5ae2dc615542991a06ce98e4,"Saginaw, Michigan",110,0,0,0.8824,0.1765,True,False,False,88
5ae2dc615542991a06ce98e4,"Saginaw, Michigan",157,0,0,0.85,0.25,True,False,False,88
5ade7cbd554299728e26c726,The Mysterious Origins of Man,104,0,0,1.0,0.5294,True,False,False,5
5ade7cbd554299728e26c726,The Mysterious Origins of Man,234,0,0,0.9688,0.7188,True,False,False,5
5ade7cbd554299728e26c726,Richard L. Thompson,304,0,1,1.0,0.1875,True,False,False,3
5abec2085542997ec76fd35a,"Bridgeport Music, Inc. v. Dimension Films",65,2,2,1.0,0.0,False,False,False,7
5abec2085542997ec76fd35a,"Bridgeport Music, Inc. v. Dimension Films",135,0,0,0.4167,0.1667,False,False,False,7
5abec2085542997ec76fd35a,Funkadelic,72,0,0,0.5833,0.0,False,False,False,14
5a8c4662554299240d9c2103,Nick DiDia,146,0,0,1.0,1.0,True,False,False,1
5a8c4662554299240d9c2103,Rage Against the Machine,86,0,0,1.0,0.4286,True,False,False,58
5ae02101554299025d62a41c,U.S. Route 98 in Florida,204,1,1,1.0,0.4815,True,False,False,44
5ae02101554299025d62a41c,"Crystal River, Florida",65,1,1,1.0,0.0909,True,False,False,22
5ac2846d55429963665199f4,Duke Micah,64,0,0,1.0,0.8182,True,False,False,4
5ac2846d55429963665199f4,Michael Conlan (boxer),88,0,0,0.8571,0.3571,True,False,False,21
5abfe1d85542997d64295913,Geneva Airport railway station,276,0,0,0.7931,0.4828,False,False,False,6
5abfe1d85542997d64295913,IATA airport code,245,0,0,1.0,0.5,True,False,False,87
5add13f55542990d50227db6,Round the Horne,230,0,0,0.5714,0.0,False,False,False,64
5add13f55542990d50227db6,Hugh Paddick,241,0,0,0.8788,0.4545,True,False,False,7
5ab295cf554299545a2cf9b2,Kellie Pickler (album),150,0,0,1.0,0.52,True,False,False,5
5ab295cf554299545a2cf9b2,Best Days of Your Life,131,0,0,0.95,0.4,True,False,False,10
5ab295cf554299545a2cf9b2,Best Days of Your Life,91,0,0,1.0,0.5,True,False,False,10
5ab295cf554299545a2cf9b2,Best Days of Your Life,247,1,1,1.0,0.4103,True,False,False,10
5a8b389055429971feec4672,Dick Costolo,55,0,0,0.6364,0.1818,False,False,False,13
5a8b389055429971feec4672,Dick Costolo,230,0,0,1.0,0.5526,True,False,False,13
5a8b389055429971feec4672,Jack Dorsey,211,0,0,0.7857,0.2143,False,False,False,40
5a729f615542991f9a20c539,ULTRA Diamonds,96,0,0,0.5714,0.0714,False,False,False,5
5a729f615542991f9a20c539,Sterling Jewelers,174,1,1,1.0,0.6667,True,False,False,11
5a770e1455429972597f141f,Showtime Championship Boxing,232,0,0,1.0,0.4839,True,False,False,21
5a770e1455429972597f141f,Mauro Ranallo,155,0,0,0.4,0.04,False,False,False,18
5ab639c055429953192ad2aa,Allison Road (video game),121,0,0,0.8947,0.4737,True,False,False,8
5ab639c055429953192ad2aa,P.T. (video game),178,0,0,0.8462,0.3462,True,False,False,31
5ab97fd9554299131ca42349,Colin Sauer,107,1,1,1.0,1.0,True,False,False,1
5ab97fd9554299131ca42349,Adrian Boult,211,1,1,1.0,0.5484,True,False,False,52
5ab267df554299722f9b4d0c,Queens,84,0,0,0.8571,0.0,False,False,False,124
5ab267df554299722f9b4d0c,Manhattan,142,0,0,0.8333,0.1667,True,False,False,150
5ab267df554299722f9b4d0c,Manhattan,288,0,0,0.7429,0.3143,False,False,False,150
5ababe7a554299232ef4a38d,Sherman Day Thacher,131,1,1,1.0,0.4737,True,False,False,13
5ababe7a554299232ef4a38d,"Ojai, California",80,0,0,0.75,0.0,False,False,False,53
5a89a73755429946c8d6e97f,Tour Postel 2001,57,1,1,1.0,1.0,True,False,False,1
5a89a73755429946c8d6e97f,Tour Postel 2001,44,1,1,1.0,1.0,True,False,False,1
5a89a73755429946c8d6e97f,Jesse Owens,159,0,0,0.88,0.44,True,False,False,57
5a7a986055429941d65f26e1,First Battle of Kharkov,271,0,0,0.8235,0.3235,True,False,False,24
5a7a986055429941d65f26e1,Wilhelm Keitel,207,0,0,0.7714,0.2857,False,False,False,27
5a7cd9a255429909bec76849,Barbara Carrasco,64,1,1,1.0,0.4545,True,False,False,22
5a7cd9a255429909bec76849,"El Paso, Texas",68,0,0,0.6154,0.0,False,False,False,154
5a891a05554299669944a4ae,"Slatington, Pennsylvania",55,1,1,1.0,0.25,True,False,False,15
5a891a05554299669944a4ae,"Slatington, Pennsylvania",84,0,0,0.6429,0.0,False,False,False,15
5a891a05554299669944a4ae,"Bethlehem, Pennsylvania",140,0,0,0.8421,0.1053,True,False,False,79
5a8119e455429938b61422c4,"Marion, Alabama",106,0,0,0.9412,0.1176,True,False,False,26
5a8119e455429938b61422c4,Francis Marion,113,0,0,0.8889,0.3889,True,False,False,32
5a8911b55542993b751ca900,Teddy Richert,123,0,0,0.9524,0.6667,True,False,False,3
5a8911b55542993b751ca900,Teddy Richert,185,0,0,0.9259,0.7037,True,False,False,3
5a8911b55542993b751ca900,Fabien Barthez,318,0,0,1.0,0.5909,True,False,False,34
5a86f45555429960ec39b6f1,"Pratt County, Kansas",55,0,0,0.8,0.0,False,False,False,12
5a86f45555429960ec39b6f1,"Pratt County, Kansas",42,0,0,1.0,0.125,True,False,False,12
5a86f45555429960ec39b6f1,"Pratt, Kansas",78,1,1,1.0,0.3077,True,False,False,15
5a86f45555429960ec39b6f1,"Pratt, Kansas",53,0,0,1.0,0.2,True,False,False,15
5adcf6ff5542992c1e3a24dc,Atsushi Abe,150,0,0,0.55,1.0,False,False,False,1
5adcf6ff5542992c1e3a24dc,Atsushi Abe,101,0,0,0.7857,1.0,False,False,False,1
5adcf6ff5542992c1e3a24dc,Another (novel),128,0,0,0.9444,0.1667,True,False,False,36
5a8f905f55429918e830d267,Augusta Daily Gazette,76,0,0,0.9,0.4,True,False,False,3
5a8f905f55429918e830d267,Augusta Daily Gazette,31,0,0,0.8333,0.5,True,True,False,3
5a8f905f55429918e830d267,"Augusta, Kansas",58,1,1,1.0,0.5,True,False,False,19
5a8f905f55429918e830d267,"Augusta, Kansas",53,0,0,1.0,0.2,True,False,False,19
5a8119e2554299260e20a240,"Sandy Point, Maine",109,1,1,1.0,1.0,True,False,False,1
5a8119e2554299260e20a240,"Stockton Springs, Maine",65,1,1,1.0,0.2727,True,False,False,12
5a8119e2554299260e20a240,"Stockton Springs, Maine",129,1,1,1.0,0.5556,True,False,False,12
5ac3f89455429919431738e5,2012–13 Udinese Calcio season,55,1,1,1.0,0.9,True,False,False,2
5ac3f89455429919431738e5,2012–13 Coppa Italia,113,0,0,0.9444,0.8333,True,False,False,2
5abbaffc5542992ccd8e7f71,Late Afternoon in the Garden of Bob and Louise,244,0,1,1.0,0.5862,True,False,False,8
5abbaffc5542992ccd8e7f71,Bob's Burgers,118,0,0,0.9,0.35,True,False,False,56
5ab3ccae5542992ade7c6ea1,Quadrant Mountain,102,0,0,0.875,1.0,True,False,False,1
5ab3ccae5542992ade7c6ea1,Gallatin Range,113,1,1,1.0,0.4118,True,False,False,6
5abdbb1f5542993f32c2a02b,A Merry Little Christmas (EP),75,0,0,0.9231,1.0,True,False,False,1
5abdbb1f5542993f32c2a02b,On This Winter's Night,66,1,1,1.0,0.6364,True,False,False,3
5ae144b355429920d5234367,Veliefendi Race Course,161,0,0,0.8421,0.4211,True,False,False,9
5ae144b355429920d5234367,Galatasaray University,369,0,0,0.9143,0.5714,True,False,False,9
5a8dbe61554299653c1aa14d,If I Had a Gun...,212,0,1,1.0,0.6071,True,False,False,9
5a8dbe61554299653c1aa14d,If I Had a Gun...,94,1,1,1.0,0.5882,True,False,False,9
5a8dbe61554299653c1aa14d,Noel Gallagher's High Flying Birds (album),133,0,0,0.8824,0.1765,True,False,False,20
5a8dbe61554299653c1aa14d,Noel Gallagher's High Flying Birds (album),150,0,0,0.9583,0.4167,True,False,False,20
5a7ca0c055429935c91b526c,Terry Nelson (musician),114,0,0,1.0,0.9412,True,False,False,2
5a7ca0c055429935c91b526c,Terry Nelson (musician),125,1,1,1.0,0.7368,True,False,False,2
5a7ca0c055429935c91b526c,William Calley,226,0,0,0.9737,0.4737,True,False,False,34
5a8681705542991e77181666,Charice (album),106,0,0,1.0,0.625,True,False,False,9
5a8681705542991e77181666,Jake Zyrus,206,0,0,0.6,0.2333,False,False,False,33
5ae69f495542992ae0d1637f,Peter und Ännchen,180,0,1,1.0,0.5926,True,False,False,6
5ae69f495542992ae0d1637f,Carl Maria von Weber,209,0,0,0.6774,0.1935,False,False,False,40
5a90b0555542990a984936a2,Underworld (band),161,0,0,0.6667,0.2083,False,False,False,28
5a90b0555542990a984936a2,Zonic Shockum,82,0,0,0.5,0.0833,False,False,False,11
5ab847f055429919ba4e229e,Joel Kinnaman,235,0,0,0.8571,0.2571,True,False,False,13
5ab847f055429919ba4e229e,RoboCop (2014 film),84,0,0,0.8125,0.1875,True,False,False,30
5ab847f055429919ba4e229e,RoboCop (2014 film),163,0,0,1.0,0.04,False,False,False,30
5ac4ea5c55429924173fb4d5,Suspending Disbelief,129,1,1,1.0,0.6667,True,False,False,4
5ac4ea5c55429924173fb4d5,Jimmy Webb,88,1,1,1.0,0.5,True,False,False,54
5adbe26755429944faac23a2,Dane DeHaan,458,0,0,0.6833,0.4,False,False,False,12
5adbe26755429944faac23a2,A Cure for Wellness,66,1,1,1.0,0.5,True,False,False,33
5ae14813554299422ee9965c,Speak Now,192,0,0,0.5172,0.0345,False,False,False,39
5ae14813554299422ee9965c,Fearless (Taylor Swift album),99,0,0,0.7333,0.0667,False,False,False,43
5ac299aa554299657fa28fcc,Jake Miller (singer),137,0,0,0.6667,0.4286,False,False,False,9
5ac299aa554299657fa28fcc,"Weston, Florida",88,0,0,0.6923,0.2308,False,False,False,41
5a83999f5542992ef85e2325,Rebelle (fragrance),70,1,1,1.0,0.3636,True,False,False,5
5a83999f5542992ef85e2325,Rebelle (fragrance),69,1,1,1.0,0.6429,True,False,False,5
5a83999f5542992ef85e2325,Rebelle (fragrance),117,0,1,1.0,0.5,True,False,False,5
5a83999f5542992ef85e2325,Reb'l Fleur,77,1,1,1.0,0.5455,True,False,False,9
5a90b8ba55429933b8a205ba,Cato Point,77,0,0,1.0,1.0,True,False,False,1
5a90b8ba55429933b8a205ba,Bouvet Island,257,0,0,0.5938,0.0625,False,False,False,43
5abd13d655429933744ab70b,Guillotine IV (The Final Chapter),111,0,0,1.0,1.0,True,False,False,1
5abd13d655429933744ab70b,Falling in Reverse,117,0,0,0.7368,0.2632,False,False,False,43
5ab85d0955429934fafe6d85,Cheetah (1989 film),136,0,0,0.9048,0.619,True,False,False,8
5ab85d0955429934fafe6d85,Prom (film),150,0,0,0.913,0.6522,True,False,False,16
5a79c02b554299148911fa46,Every Day (2010 film),133,0,0,1.0,0.619,True,False,False,5
5a79c02b554299148911fa46,Ezra Miller,64,0,0,0.7,0.2,False,False,False,32
5ab2d208554299194fa93528,Every Day (2010 film),133,0,0,1.0,0.619,True,False,False,5
5ab2d208554299194fa93528,Ezra Miller,78,0,0,0.9231,0.0,False,False,False,32
5ab2d208554299194fa93528,Ezra Miller,166,0,0,0.8,0.12,True,False,False,32
5a820fe055429926c1cdae1c,Let Yourself Go (Green Day song),109,0,0,0.9412,0.1765,True,False,False,11
5a820fe055429926c1cdae1c,Billie Joe Armstrong,243,0,0,0.8919,0.4324,True,False,False,44
5a820fe055429926c1cdae1c,Billie Joe Armstrong,165,0,0,1.0,0.4615,True,False,False,44
5a7c59d155429907fabeef66,V. S. Naipaul,132,0,0,0.7143,0.2857,False,False,False,60
5a7c59d155429907fabeef66,Margaret Atwood,177,0,0,0.8261,0.5217,True,False,False,77
5a77cab355429967ab1052a4,Thomaz Koch,193,0,0,0.7812,0.5312,False,False,False,3
5a77cab355429967ab1052a4,Andrés Gómez,118,0,0,0.8947,0.4737,True,False,False,7
5ac1c4ac55429964131be281,Invisible (Skylar Grey song),73,1,1,1.0,0.3636,True,False,False,8
5ac1c4ac55429964131be281,Invisible (Skylar Grey song),213,0,1,1.0,0.6364,True,False,False,8
5ac1c4ac55429964131be281,W.E.,140,0,0,1.0,0.3182,True,False,False,38
5ae008ee55429925eb1afbef,April Steiner Bennett,73,0,0,0.7692,0.5385,False,False,False,3
5ae008ee55429925eb1afbef,"Norman, Oklahoma",153,0,0,0.6364,0.0909,False,False,False,84
5ae5f18755429929b0807a2d,Neven Pajkić,136,0,0,0.6667,0.375,False,False,False,4
5ae5f18755429929b0807a2d,Tyson Fury,70,1,1,1.0,0.25,True,False,False,83
5a8a80325542996c9b8d5f0d,The Dictator (1935 film),292,1,1,1.0,1.0,True,False,False,1
5a8a80325542996c9b8d5f0d,Johann Friedrich Struensee,79,0,0,0.9231,0.4615,True,False,False,42
5ae81f4e55429952e35eaa34,Frank Jardine (ice hockey),154,0,0,0.9565,1.0,True,False,False,1
5ae81f4e55429952e35eaa34,1948 Winter Olympics,320,0,0,0.5,0.1579,False,False,False,25
5ac5384a5542994611c8b432,Corridor of Mirrors (film),77,0,0,0.7143,0.3571,False,False,False,4
5ac5384a5542994611c8b432,Christopher Lee,148,0,0,0.7391,0.2609,False,False,False,72
5a8a8da05542996c9b8d5f28,Elymus (plant),150,1,1,1.0,0.8,True,False,False,2
5a8a8da05542996c9b8d5f28,Nicandra,125,0,0,0.625,0.1875,False,False,False,2
5ae5df775542996de7b71a3d,Desi Lydic,154,0,0,0.6,0.0,False,False,False,5
5ae5df775542996de7b71a3d,Trevor Noah,198,0,0,0.7188,0.1875,False,False,False,31
5adcfe385542992c1e3a24ee,Global Fighting Championship,115,0,0,0.7647,0.1765,False,False,False,6
5adcfe385542992c1e3a24ee,Dewey Cooper,133,0,0,0.9474,0.5263,True,False,False,64
5a83a64c5542992ef85e2340,Allison Road (video game),156,0,0,0.8846,0.4615,True,False,False,8
5a83a64c5542992ef85e2340,Allison Road (video game),121,0,0,0.8947,0.4737,True,False,False,8
5a83a64c5542992ef85e2340,P.T. (video game),178,0,0,0.8462,0.3462,True,False,False,31
5adc26285542994650320c91,SkyPoint Observation Deck,152,0,0,0.9091,0.2727,True,False,False,6
5adc26285542994650320c91,Ardent Leisure,141,1,1,1.0,0.381,True,False,False,13
5adcff8b5542992c1e3a24fc,Keisuke Kinoshita,116,0,0,0.6667,0.1667,False,False,False,20
5adcff8b5542992c1e3a24fc,Daniel McNicoll,120,0,0,1.0,1.0,True,False,False,1
5ab3b1ce5542992ade7c6e44,Round Eyes in the Middle Kingdom,236,1,1,1.0,0.4857,True,False,False,7
5ab3b1ce5542992ade7c6e44,A Film Unfinished,410,0,0,0.7143,0.3333,False,False,False,5
5a87786c5542993e715abf56,"North Port, Florida",73,0,0,0.9167,0.3333,True,False,False,16
5a87786c5542993e715abf56,"Sarasota, Florida",81,0,0,0.75,0.0625,False,False,False,82
5a87786c5542993e715abf56,"Sarasota, Florida",99,0,0,1.0,0.25,True,False,False,82
5ae238fc5542992decbdcc81,"Atchison, Kansas",116,0,0,0.9375,0.3125,True,False,False,30
5ae238fc5542992decbdcc81,"Atchison County, Kansas",106,0,0,0.7143,0.2857,False,False,False,14
5ae21393554299234fd043d0,Alcohol laws of Kansas,280,1,1,1.0,0.5714,True,False,False,30
5ae21393554299234fd043d0,Alcohol laws of Missouri,204,1,1,1.0,0.4286,True,False,False,36
5a8bd007554299240d9c209d,Anti-Semitism in the 21st Century: The Resurgence,115,1,1,1.0,0.7368,True,False,False,2
5a8bd007554299240d9c209d,...So Goes the Nation,199,1,1,1.0,0.7586,True,False,False,3
5a7c25735542990527d55461,Hugh Riddle,138,0,0,1.0,0.625,True,False,False,6
5a7c25735542990527d55461,Battle of Britain,280,0,0,0.9091,0.3333,True,False,False,213
5add2a1e5542994ed6169ca4,Cody Hodges,217,0,0,1.0,0.5833,True,False,False,9
5add2a1e5542994ed6169ca4,Seth Doege,129,0,0,0.8824,0.5294,True,False,False,17
5a80c99155429938b61421e1,Saddle Rock Grist Mill,44,0,0,0.875,1.0,True,False,False,1
5a80c99155429938b61421e1,"Saddle Rock, New York",98,0,0,0.8889,0.1111,True,False,False,32
5ab31cca554299233954ff0d,Whitney Cummings,82,0,0,0.9231,0.3846,True,False,False,17
5ab31cca554299233954ff0d,Whitney Cummings,126,0,0,0.5556,0.2222,False,False,False,17
5ab31cca554299233954ff0d,2 Broke Girls,107,0,0,1.0,0.55,True,False,False,58
5ab31cca554299233954ff0d,2 Broke Girls,236,1,1,1.0,0.5294,True,False,False,58
5ab5eb145542997d4ad1f24c,Back from Earth,75,1,1,1.0,1.0,True,False,False,1
5ab5eb145542997d4ad1f24c,Sail (song),160,0,0,1.0,0.5909,True,False,False,25
5ae0074755429942ec259bf5,Breathe (Taylor Swift song),114,0,0,0.8889,0.4444,True,False,False,11
5ae0074755429942ec259bf5,Fearless (Taylor Swift album),83,0,0,1.0,0.3333,True,False,False,43
5ae0074755429942ec259bf5,Fearless (Taylor Swift album),68,0,0,1.0,0.0,False,False,False,43
5a7e1df155429965cec5ea7b,Tower Heist,179,0,0,1.0,0.28,True,False,False,44
5a7e1df155429965cec5ea7b,Tower Heist,252,0,0,0.7632,0.2105,False,False,False,44
5a7e1df155429965cec5ea7b,Ben Stiller,75,0,0,0.9231,0.4615,True,False,False,48
5ab3bbe655429969a97a819a,Larry King (tennis),191,0,0,0.7857,0.4286,False,False,False,11
5ab3bbe655429969a97a819a,Billie Jean King,93,1,1,1.0,0.125,True,False,False,117
5ae67f185542996d980e7b95,Luciano Vietto,144,0,0,0.7917,0.4583,False,False,False,17
5ae67f185542996d980e7b95,Atlético Madrid,90,0,0,0.8125,0.25,True,False,False,62
5a7578f95542992d0ec05fa3,Villa Leopolda,129,1,1,1.0,0.5556,True,False,False,11
5a7578f95542992d0ec05fa3,Villa Leopolda,213,0,0,1.0,0.5806,True,False,False,11
5a7578f95542992d0ec05fa3,Marella Agnelli,191,0,0,0.8846,0.5,True,False,False,15
5a7578f95542992d0ec05fa3,Marella Agnelli,74,0,0,1.0,0.5714,True,False,False,15
5abc8328554299700f9d78dc,Ganghwa massacre,111,0,0,0.8235,0.5882,True,False,False,2
5abc8328554299700f9d78dc,Bodo League massacre,278,0,0,0.8824,0.2647,True,False,False,14
5a7dec265542995f4f40230c,Larry Carriere,135,1,1,1.0,0.75,True,False,False,3
5a7dec265542995f4f40230c,Toronto Maple Leafs,77,0,0,1.0,0.0769,True,False,False,116
5ab6aeec554299110f219a4a,Trent Reznor,127,0,0,0.8947,0.3684,True,False,False,66
5ab6aeec554299110f219a4a,Ali Campbell,166,0,0,0.88,0.32,True,False,False,10
5adbcdc555429944faac2366,Ahmad D. Brooks,105,1,1,1.0,0.1765,True,False,False,14
5adbcdc555429944faac2366,Longhorn Network,265,0,0,0.9412,0.4412,True,False,False,31
5abb3fe9554299642a094a79,Leader II,66,0,0,0.8333,0.5833,True,False,False,2
5abb3fe9554299642a094a79,Gary Glitter,164,0,0,0.931,0.4138,True,False,False,64
5a8aec515542992d82986fcc,The Party Boys (album),274,0,0,1.0,1.0,True,False,False,1
5a8aec515542992d82986fcc,Swanee (singer),143,0,0,0.5714,0.0952,False,False,False,14
5a77d6025542995d83181301,Andrew Gimson,60,1,1,1.0,0.6667,True,False,False,3
5a77d6025542995d83181301,Boris Johnson,138,0,0,0.7895,0.2105,False,False,False,202
5a7df7bb5542997cc2c474d7,Oyez Project,208,0,0,0.8148,0.1111,True,False,False,8
5a7df7bb5542997cc2c474d7,Oyez Project,141,1,1,1.0,0.3684,True,False,False,8
5a7df7bb5542997cc2c474d7,Illinois Institute of Technology,324,0,0,0.7568,0.2162,False,False,False,67
5adfc45e55429942ec259b41,Brett Gelman,239,0,0,0.6667,0.0303,False,False,False,18
5adfc45e55429942ec259b41,Eagleheart (TV series),115,0,1,1.0,0.6471,True,False,False,5
5a8397ca5542992ef85e2320,Paul Éluard,161,0,0,1.0,0.5417,True,False,False,33
5a8397ca5542992ef85e2320,William Styron,141,1,1,1.0,0.5833,True,False,False,40
5a8ba490554299240d9c2052,United Airlines Flight 696,153,0,0,1.0,0.48,True,False,False,2
5a8ba490554299240d9c2052,Boeing 727,41,0,0,1.0,0.25,True,False,False,71
5ae05d535542993d6555eb0b,Maria Campbell,123,0,0,0.95,0.55,True,False,False,22
5ae05d535542993d6555eb0b,Maria Campbell,85,0,0,0.9231,0.3846,True,False,False,22
5ae05d535542993d6555eb0b,Michif,303,0,0,0.8857,0.5143,True,False,False,53
5ae67aa15542991bbc9760e6,SkyBridge Capital,111,0,0,0.4706,0.0588,False,False,False,9
5ae67aa15542991bbc9760e6,Anthony Scaramucci,119,0,0,0.6667,0.0556,False,False,False,41
5a886dd85542993e715ac034,Eight Arms to Hold You (song),91,0,1,1.0,0.6429,True,False,False,2
5a886dd85542993e715ac034,The Goonies,115,0,0,0.8889,0.3889,True,False,False,41
5abd5a1255429933744ab786,Mount Rainier Historic District,283,1,1,1.0,0.6757,True,False,False,2
5abd5a1255429933744ab786,"Mount Rainier, Maryland",75,0,0,1.0,0.2308,True,False,False,32
5adeeabe5542992d7e9f9265,Go to Blazes (1962 film),183,0,0,1.0,0.7586,True,False,False,12
5adeeabe5542992d7e9f9265,Maggie Smith,101,0,0,0.5882,0.1765,False,False,False,45
5ab9703c55429970cfb8eaee,Bursaria,82,0,0,0.8,0.0667,True,False,False,3
5ab9703c55429970cfb8eaee,Boykinia,62,1,1,1.0,1.0,True,False,False,1
5ae75fa25542995703ce8bfc,Steven Horsford,173,0,0,0.8519,0.4444,True,False,False,36
5ae75fa25542995703ce8bfc,Nevada's 4th congressional district,102,0,0,0.9412,0.5294,True,False,False,3
5ab5f156554299637185c62c,Kim Joo-hyuk,195,0,0,0.9677,0.6452,True,False,False,4
5ab5f156554299637185c62c,My Wife Got Married,167,1,1,1.0,0.8,True,False,False,3
5ac1c00a5542994ab5c67dfd,Modest Mussorgsky,198,0,0,0.6087,0.2174,False,False,False,58
5ac1c00a5542994ab5c67dfd,Carl Maria von Weber,209,0,0,0.6774,0.1935,False,False,False,40
5a8db24b554299068b959db9,Kiril Metkov,79,0,0,0.6429,0.4286,False,False,False,2
5a8db24b554299068b959db9,Sofia,94,0,0,0.8333,0.0833,True,False,False,87
5a8db24b554299068b959db9,Sofia,91,0,0,0.6154,0.1538,False,False,False,87
5a762d405542992d0ec0604d,Stranger Things,214,0,0,0.6071,0.0357,False,False,False,119
5a762d405542992d0ec0604d,Stranger Things,235,0,0,0.8235,0.0882,True,False,False,119
5a762d405542992d0ec0604d,David Harbour,222,0,0,0.7931,0.2069,False,False,False,13
5ae7db3a5542993210983f99,It's That Man Again,43,0,0,0.5,0.125,False,False,False,62
5ae7db3a5542993210983f99,George VI,194,0,0,1.0,0.5185,True,False,False,40
5a79963f554299029c4b5f58,Scandalous John,38,1,1,1.0,0.8571,True,True,False,3
5a79963f554299029c4b5f58,The Light in the Forest (film),127,0,0,0.913,0.3913,True,False,False,21
5a79963f554299029c4b5f58,The Light in the Forest (film),121,0,0,0.9444,0.5,True,False,False,21
5a837078554299123d8c2126,The Tide Will Swallow Us Whole,62,1,1,1.0,0.8182,True,False,False,2
5a837078554299123d8c2126,Trenches (band),81,0,0,0.8571,0.1429,True,False,False,5
5ae33af85542992f92d82255,A Room with a View,125,0,0,1.0,0.3684,True,False,False,43
5ae33af85542992f92d82255,E. M. Forster,229,0,0,0.4545,0.0606,False,False,False,54
5ab27c3f554299706120962a,Merlyna Lim,199,0,0,0.9615,0.6923,True,False,False,17
5ab27c3f554299706120962a,University of Twente,83,0,0,0.4,0.0,False,False,False,22
5ae1005e554299422ee995b7,Konstantin Orbelyan,231,0,0,0.9091,0.6818,True,False,False,3
5ae1005e554299422ee995b7,Haig P. Manoogian,209,0,0,0.9091,0.6364,True,False,False,2
5a7cdfdb55429909bec7685f,Friend Like Me,63,0,0,0.9167,0.25,True,False,False,9
5a7cdfdb55429909bec7685f,Aladdin (1992 Disney film),150,0,0,0.9,0.4,True,False,False,49
5a7fca705542992e7d278d94,Musica ricercata,70,1,1,1.0,0.5,True,False,False,22
5a7fca705542992e7d278d94,György Ligeti,150,0,0,1.0,0.5789,True,False,False,64
5ae490df55429913cc2044a3,Sounds Good Feels Good,94,0,0,1.0,0.25,True,False,False,22
5ae490df55429913cc2044a3,5 Seconds of Summer,67,0,0,0.8462,0.0,False,False,False,56
5adde0155542997dc790707c,Tyspanodes suasalis,54,0,0,1.0,0.8889,True,False,False,2
5adde0155542997dc790707c,Tyspanodes suasalis,42,1,1,1.0,1.0,True,False,False,2
5adde0155542997dc790707c,Tyspanodes suasalis,32,1,1,1.0,1.0,True,True,False,2
5adde0155542997dc790707c,Veracruz,320,0,0,0.7812,0.375,False,False,False,119
5adde0155542997dc790707c,Veracruz,76,0,0,0.9231,0.2308,True,False,False,119
5ab9721155429970cfb8eaf9,Kosti Vehanen,150,1,1,1.0,0.619,True,False,False,3
5ab9721155429970cfb8eaf9,Marian Anderson,150,0,0,0.5909,0.0909,False,False,False,57
5a88db9d5542993b751ca88d,Emmett O'Donnell Jr.,212,1,1,1.0,0.4412,True,False,False,15
5a88db9d5542993b751ca88d,Emmett O'Donnell Jr.,82,1,1,1.0,0.3333,True,False,False,15
5a88db9d5542993b751ca88d,Bombing of Tokyo,178,0,0,0.7037,0.2593,False,False,False,24
5a88db9d5542993b751ca88d,Bombing of Tokyo,147,0,0,0.9167,0.3333,True,False,False,24
5a88db9d5542993b751ca88d,Bombing of Tokyo,61,0,0,0.6,0.1,False,False,False,24
5ac315b95542995ef918c108,Hans Morten Hansen,189,1,1,1.0,0.4483,True,False,False,3
5ac315b95542995ef918c108,Hans Morten Hansen,69,1,1,1.0,0.4545,True,False,False,3
5ac315b95542995ef918c108,Trollhunter,173,0,0,0.9048,0.4762,True,False,False,21
5ac315b95542995ef918c108,Trollhunter,161,0,0,0.9565,0.4783,True,False,False,21
5a8b66e155429949d91db598,Ashley Miller (screenwriter),162,0,0,1.0,0.5,True,False,False,10
5a8b66e155429949d91db598,Andromeda (TV series),246,0,0,0.8571,0.4286,True,False,False,46
5a90da8355429916514e759a,Pashtunistan,73,0,0,0.625,0.25,False,False,False,42
5a90da8355429916514e759a,Pashtunistan,209,0,0,0.76,0.24,False,False,False,42
5a90da8355429916514e759a,Pashtunistan,138,0,0,0.5714,0.1905,False,False,False,42
5a90da8355429916514e759a,Name of Afghanistan,178,0,0,0.8889,0.5556,True,False,False,12
5ab9015e55429934fafe6e3e,Duke Micah,90,0,0,0.8125,0.375,True,False,False,4
5ab9015e55429934fafe6e3e,Michael Conlan (boxer),88,0,0,0.8571,0.3571,True,False,False,21
5a8099bb5542992097ad3003,French Expeditionary Corps (1943–44),356,0,0,0.6579,0.2632,False,False,False,19
5a8099bb5542992097ad3003,Free France,296,0,0,0.5789,0.0789,False,False,False,119
5ae1b48d554299492dc91b76,Eight Arms to Hold You (song),91,0,1,1.0,0.6429,True,False,False,2
5ae1b48d554299492dc91b76,The Goonies,115,0,0,0.8889,0.3889,True,False,False,41
5ae4b24655429913cc2044d3,Liu Ye (artist),220,1,1,1.0,0.5,True,False,False,14
5ae4b24655429913cc2044d3,Miffy,140,0,0,0.9048,0.4286,True,False,False,29
5ae00e1555429942ec259c0c,Compass Light,67,1,1,1.0,0.6364,True,False,False,8
5ae00e1555429942ec259c0c,"Camden, Maine",44,0,0,1.0,0.375,True,False,False,25
5a86642355429960ec39b68a,Bloom Festival,196,0,0,0.3929,0.1786,False,False,False,5
5a86642355429960ec39b68a,Phoenix Park,147,0,0,0.7083,0.2917,False,False,False,41
5ae0d5f5554299603e41846b,"Unman, Wittering and Zigo (film)",147,0,0,0.9048,0.6667,True,False,False,10
5ae0d5f5554299603e41846b,Tony Haygarth,114,0,0,0.9444,0.6111,True,False,False,11
5ab3dbb9554299753aec59ce,Abramo dall'Arpa,101,1,1,1.0,0.9333,True,False,False,2
5ab3dbb9554299753aec59ce,Abramo dall'Arpa,106,1,1,1.0,0.9444,True,False,False,2
5ab3dbb9554299753aec59ce,"Ferdinand I, Holy Roman Emperor",115,0,0,0.875,0.3125,True,False,False,54
5a86428a554299211dda2ad2,Gaius Plancius Varus,83,1,1,1.0,0.4615,True,False,False,4
5a86428a554299211dda2ad2,Pamphylia,193,0,0,0.9259,0.5185,True,False,False,17
5add0e545542992c1e3a252d,The Power of Six,156,0,0,1.0,0.625,True,False,False,18
5add0e545542992c1e3a252d,The Power of Six,101,0,1,1.0,0.6111,True,False,False,18
5add0e545542992c1e3a252d,I Am Number Four,171,0,1,1.0,0.4286,True,False,False,19
5ae820eb55429952e35eaa40,John McConnell Rice,140,1,1,1.0,0.5,True,False,False,3
5ae820eb55429952e35eaa40,"Pikeville, Kentucky",87,0,0,1.0,0.2857,True,False,False,21
5adfaaf5554299025d62a32e,Sandy Vee,178,0,0,0.9286,0.3571,True,False,False,8
5adfaaf5554299025d62a32e,Only Girl (In the World),101,0,1,1.0,0.2222,True,False,False,20
5ae4cafa5542996836b02d28,Estelle Kohler,244,0,1,1.0,0.8857,True,False,False,2
5ae4cafa5542996836b02d28,The Winter's Tale,99,1,1,1.0,0.1176,True,False,False,52
5a89307e554299669944a4f2,2015 Clemson Tigers football team,210,1,1,1.0,0.44,True,False,False,9
5a89307e554299669944a4f2,2015 Orange Bowl,149,1,1,1.0,0.6667,True,False,False,10
5a7cd6ee55429909bec7683a,Jeffrey Lau,87,0,0,1.0,1.0,True,False,False,1
5a7cd6ee55429909bec7683a,William Blake Herron,124,0,0,0.7778,0.2222,False,False,False,4
5a8e2e8b5542995085b373c8,The Fox and the Child,115,0,0,1.0,0.7,True,False,False,10
5a8e2e8b5542995085b373c8,The Fox and the Child,68,1,1,1.0,0.6,True,False,False,10
5a8e2e8b5542995085b373c8,The Fox and the Child,60,1,1,1.0,0.6,True,False,False,10
5a8e2e8b5542995085b373c8,Kate Winslet,402,0,0,0.5814,0.1395,False,False,False,58
5ae0f34e554299422ee99574,Mary Stuart (1605–1607),65,1,1,1.0,0.2727,True,False,False,17
5ae0f34e554299422ee99574,Frederick II of Denmark,121,0,0,1.0,0.381,True,False,False,87
5a7aa3b855429941d65f2714,The Ridiculous 6,92,0,0,0.8571,0.0714,True,False,False,28
5a7aa3b855429941d65f2714,Taylor Lautner,127,0,0,0.5909,0.0,False,False,False,20
5a87015d554299211dda2b98,49th Air Transport Squadron,76,1,1,1.0,0.5833,True,False,False,5
5a87015d554299211dda2b98,49th Air Transport Squadron,140,1,1,1.0,0.65,True,False,False,5
5a87015d554299211dda2b98,Hickam Air Force Base,138,0,0,1.0,0.4737,True,False,False,22
5a81a5075542990a1d231e3e,"Pass Christian, Mississippi",64,1,1,1.0,0.6,True,False,False,34
5a81a5075542990a1d231e3e,"Pass Christian, Mississippi",44,0,0,0.625,0.25,False,False,False,34
5a81a5075542990a1d231e3e,"Biloxi, Mississippi",68,0,0,1.0,0.2,True,False,False,54
5a81a5075542990a1d231e3e,"Biloxi, Mississippi",113,0,0,0.4706,0.0588,False,False,False,54
5a81a5075542990a1d231e3e,"Biloxi, Mississippi",86,0,0,0.7692,0.1538,False,False,False,54
5aba9a8655429955dce3eea0,Go North (film),106,1,1,1.0,0.5,True,False,False,3
5aba9a8655429955dce3eea0,Go North (film),92,1,1,1.0,0.0769,True,False,False,3
5aba9a8655429955dce3eea0,Patrick Schwarzenegger,63,0,0,1.0,0.1818,True,False,False,15
5ab3fa995542992ade7c6f0f,Mongolia at the 2002 Asian Games,109,1,1,1.0,1.0,True,False,False,1
5ab3fa995542992ade7c6f0f,2002 Asian Games medal table,153,1,1,1.0,0.5833,True,False,False,8
5a8908e7554299515336126f,Kill Switch (2008 film),147,0,0,0.64,0.36,False,False,False,4
5a8908e7554299515336126f,Steven Seagal,174,0,0,0.6957,0.2609,False,False,False,56
5a7591875542992d0ec05fba,Women in Music (periodical),226,0,0,0.9697,0.6061,True,False,False,27
5a7591875542992d0ec05fba,Women in Music (periodical),40,1,1,1.0,0.6667,True,False,False,27
5a7591875542992d0ec05fba,Holland's Magazine,156,0,1,1.0,0.4737,True,False,False,11
5a8900145542993b751ca8e7,Bridget O'Connor,202,0,0,0.4643,0.1429,False,False,False,11
5a8900145542993b751ca8e7,Tinker Tailor Soldier Spy (film),88,0,0,0.9333,0.3333,True,False,False,27
5a89e8db5542992e4fca8472,Margaret Tudor,196,0,0,0.6667,0.0417,False,False,False,47
5a89e8db5542992e4fca8472,Elizabeth of York,191,0,0,0.6538,0.1154,False,False,False,30
5a80ccf455429938b61421ef,Songhor Lagoon,140,1,1,1.0,0.5217,True,False,False,9
5a80ccf455429938b61421ef,Ada Foah,71,0,0,0.6429,0.0,False,False,False,16
5a80ccf455429938b61421ef,Ada Foah,78,0,0,0.8462,0.3077,True,False,False,16
5ae32a975542992f92d82234,Casualty (series 16),134,0,0,0.9565,1.0,True,False,False,1
5ae32a975542992f92d82234,Queen Elizabeth The Queen Mother,182,0,0,0.8462,0.3462,True,False,False,52
5ac4facd5542996feb3fe9b6,1932 Portsmouth Spartans season,146,0,0,1.0,0.5789,True,False,False,3
5ac4facd5542996feb3fe9b6,History of the Detroit Lions,97,0,0,0.8125,0.3125,True,False,False,69
5ac437bc5542995c82c4acf3,Jason Eckardt,147,1,1,1.0,0.7083,True,False,False,14
5ac437bc5542995c82c4acf3,Anton Webern,115,0,0,1.0,0.5625,True,False,False,77
5ac437bc5542995c82c4acf3,Anton Webern,222,0,0,0.7188,0.25,False,False,False,77
5a7f675f55429969796c1a36,Vanishing on 7th Street,167,0,0,0.9583,0.2917,True,False,False,17
5a7f675f55429969796c1a36,Hayden Christensen,74,0,0,0.9167,0.3333,True,False,False,24
5a7f675f55429969796c1a36,Hayden Christensen,121,0,0,1.0,0.4737,True,False,False,24
5a7f675f55429969796c1a36,Hayden Christensen,135,0,0,0.8182,0.2273,True,False,False,24
5ae50f4d55429908b6326501,Golmaal Again,107,0,0,0.6875,0.25,False,False,False,12
5ae50f4d55429908b6326501,Golmaal Again,139,0,0,0.8571,0.2857,True,False,False,12
5ae50f4d55429908b6326501,Parineeti Chopra,92,0,0,0.9333,0.4,True,False,False,36
5ae50f4d55429908b6326501,Parineeti Chopra,121,0,0,0.9412,0.3529,True,False,False,36
5adf18d25542995ec70e8f6f,Struga Poetry Evenings,595,0,0,1.0,0.631,True,False,False,16
5adf18d25542995ec70e8f6f,Seamus Heaney,135,0,0,0.85,0.45,True,False,False,67
5adf18d25542995ec70e8f6f,Seamus Heaney,47,1,1,1.0,0.125,True,False,False,67
5add51215542997545bbbd33,Tower to the People,157,1,1,1.0,0.5238,True,False,False,4
5add51215542997545bbbd33,Tower to the People,229,1,1,1.0,0.7097,True,False,False,4
5add51215542997545bbbd33,Tesla Science Center at Wardenclyffe,219,0,0,1.0,0.4074,True,False,False,15
5ab7b12e5542992aa3b8c844,Tamir Kahlon,105,0,0,0.9333,1.0,True,False,False,1
5ab7b12e5542992aa3b8c844,Israel,214,0,0,0.76,0.08,False,False,False,135
5abc046855429965836003e9,Harry E. Donnell House,188,0,0,1.0,0.8182,True,False,False,4
5abc046855429965836003e9,"Eatons Neck, New York",125,0,0,1.0,0.6667,True,False,False,9
5adbff2f55429944faac23eb,John Cabess,179,0,0,1.0,0.4643,True,False,False,10
5adbff2f55429944faac23eb,Komenda Wars,218,0,0,0.9677,0.4194,True,False,False,12
5a7e06a45542995f4f40239a,Adams and Sickles Building,91,1,1,1.0,1.0,True,False,False,1
5a7e06a45542995f4f40239a,"Trenton, New Jersey",97,0,0,1.0,0.2667,True,False,False,101
5ae84ac25542997ec272779c,Matthew Morrison (album),105,0,1,1.0,0.4375,True,False,False,2
5ae84ac25542997ec272779c,Matthew Morrison (album),452,0,1,1.0,0.6393,True,False,False,2
5ae84ac25542997ec272779c,Gwyneth Paltrow,95,0,0,0.8,0.1333,True,False,False,54
5ae84ac25542997ec272779c,Gwyneth Paltrow,299,0,0,0.7838,0.2973,False,False,False,54
5ab7d6955542995dae37e9b2,Danny Worsnop,180,0,0,0.8571,0.3571,True,False,False,25
5ab7d6955542995dae37e9b2,Mina Caputo,173,0,0,0.931,0.3103,True,False,False,15
5ae52ce655429908b6326541,"Deerfield Beach, Florida",55,0,0,0.9091,0.4545,True,False,False,14
5ae52ce655429908b6326541,"Palm Beach County, Florida",96,0,0,0.7857,0.0,False,False,False,63
5ae52ce655429908b6326541,"Palm Beach County, Florida",105,0,0,0.7778,0.2778,False,False,False,63
5ab95bb5554299131ca422ff,Loud (Rihanna album),162,0,0,0.9565,0.4783,True,False,False,32
5ab95bb5554299131ca422ff,Love the Way You Lie (Part II),113,0,1,1.0,0.2857,True,False,False,9
5ab8908c55429919ba4e2322,Uncharted 3: Drake's Deception,59,0,0,0.7,0.3,False,False,False,84
5ab8908c55429919ba4e2322,T. E. Lawrence,123,0,0,0.9444,0.4444,True,False,False,111
5a84ecbc5542994c784dda89,Baupost Group,86,1,1,1.0,0.7059,True,False,False,8
5a84ecbc5542994c784dda89,Seth Klarman,104,0,0,0.9375,0.4375,True,False,False,33
5a7339ba5542992359bc329a,Lamborghini Reventón,156,0,0,0.2857,0.0,False,False,False,9
5a7339ba5542992359bc329a,Lamborghini Sesto Elemento,95,0,0,0.6667,0.2,False,False,False,6
5ae239d35542992decbdcc86,United Traction Company Building,95,1,1,1.0,0.4286,True,False,False,10
5ae239d35542992decbdcc86,Marcus T. Reynolds,107,1,1,1.0,0.3529,True,False,False,6
5ae13ed45542997b2ef7d163,When I Came Home,179,0,0,0.9643,0.5357,True,False,False,3
5ae13ed45542997b2ef7d163,When I Came Home,96,1,1,1.0,0.6923,True,False,False,3
5ae13ed45542997b2ef7d163,The Queens of Comedy,133,0,0,0.8947,0.6316,True,False,False,5
5a8b8bd755429971feec4736,Sylvan Beach Union Chapel,84,0,1,1.0,1.0,True,False,False,1
5a8b8bd755429971feec4736,Liza Minnelli,77,0,0,1.0,0.3846,True,False,False,49
5a8b8bd755429971feec4736,Liza Minnelli,212,0,0,0.5938,0.0938,False,False,False,49
5a7b7d7c5542997c3ec971c3,Alex da Kid,128,0,0,0.9524,0.5714,True,False,False,8
5a7b7d7c5542997c3ec971c3,Alex da Kid,401,0,0,0.9464,0.75,True,False,False,8
5a7b7d7c5542997c3ec971c3,I Need a Doctor,102,0,0,0.8235,0.1765,True,False,False,11
5a7b7d7c5542997c3ec971c3,I Need a Doctor,171,0,0,0.8571,0.4286,True,False,False,11
5ade2f1f5542997c77adeda3,Rainbow Girl,206,0,0,0.7097,0.3226,False,False,False,5
5ade2f1f5542997c77adeda3,Action Comics,150,0,0,0.8636,0.2727,True,False,False,49
5ae6414255429908198fa54f,Bigger Picture Music Group,136,1,1,1.0,1.0,True,False,False,1
5ae6414255429908198fa54f,Alice Cooper,144,0,0,0.8696,0.4348,True,False,False,106
5adeb0ec55429939a52fe95d,"Helena Valley Southeast, Montana",109,1,1,1.0,0.4118,True,False,False,8
5adeb0ec55429939a52fe95d,"Lewis and Clark County, Montana",49,0,0,1.0,0.3333,True,False,False,9
5a83c0985542996488c2e4af,Thomas Tull,69,0,0,1.0,0.6364,True,False,False,12
5a83c0985542996488c2e4af,Thomas Tull,100,0,0,0.9286,0.3571,True,False,False,12
5a83c0985542996488c2e4af,Thomas Tull,171,0,0,0.6667,0.375,False,False,False,12
5a83c0985542996488c2e4af,Man of Steel (film),63,1,1,1.0,0.4,True,False,False,56
5a7b6abe5542997c3ec9715b,Fun (band),152,0,0,0.7273,0.0455,False,False,False,14
5a7b6abe5542997c3ec9715b,Nate Ruess,48,1,1,1.0,0.1111,True,False,False,27
5ab2b2f3554299194fa934c2,"Geoffrey Plantagenet, Count of Anjou",236,0,0,0.8788,0.4848,True,False,False,12
5ab2b2f3554299194fa934c2,"Geoffrey Plantagenet, Count of Anjou",306,0,0,0.6579,0.0789,False,False,False,12
5ab2b2f3554299194fa934c2,Empress Matilda,130,0,0,0.8636,0.2727,True,False,False,67
5ab312f65542991669774193,Bück dich,211,0,0,1.0,0.6667,True,False,False,6
5ab312f65542991669774193,Du hast,84,0,0,0.8462,0.2308,True,False,False,6
5ab312f65542991669774193,Du hast,80,0,1,1.0,0.5,True,False,False,6
5a79f63c5542996a35c17052,The Village Barbershop,132,0,0,1.0,0.6,True,False,False,6
5a79f63c5542996a35c17052,John Ratzenberger,45,0,0,0.8889,0.1111,True,False,False,13
5ae60a7b5542996de7b71b0c,Earth Shaker Rock,170,0,0,1.0,1.0,True,False,False,1
5ae60a7b5542996de7b71b0c,Doro (musician),170,0,0,0.8,0.24,True,False,False,50
5a74b41255429929fddd84be,My Homies Still,167,0,0,0.8519,0.2222,True,False,False,9
5a74b41255429929fddd84be,My Homies Still,72,0,1,1.0,0.25,True,False,False,9
5a74b41255429929fddd84be,Dedication 4,39,0,0,1.0,0.125,True,True,False,6
5ae6940455429908198fa637,Link-richness,209,0,0,1.0,0.5161,True,False,False,3
5ae6940455429908198fa637,Craigslist,218,0,0,0.931,0.5172,True,False,False,53
5ae1089d55429920d5234298,Matt Hannaford,82,0,0,0.8462,0.3846,True,False,False,8
5ae1089d55429920d5234298,Matt Hannaford,204,0,0,0.4375,0.0312,False,False,False,8
5ae1089d55429920d5234298,Josh Donaldson,154,0,0,1.0,0.5217,True,False,False,36
5adc58ea5542996e68525321,Tony Hayward,114,0,1,1.0,0.55,True,False,False,27
5adc58ea5542996e68525321,Bob Dudley,88,0,0,0.9333,0.4,True,False,False,12
5adc58ea5542996e68525321,Bob Dudley,210,0,0,0.9355,0.3226,True,False,False,12
5a8afc7055429949d91db460,Palatka Water Works,75,1,1,1.0,1.0,True,False,False,1
5a8afc7055429949d91db460,"Palatka, Florida",84,0,0,0.7143,0.2143,False,False,False,39
5a8afc7055429949d91db460,"Palatka, Florida",45,1,1,1.0,0.25,True,False,False,39
5a8a311655429930ff3c0cec,The Help (film),146,0,0,0.96,0.4,True,False,False,40
5a8a311655429930ff3c0cec,Tate Taylor,95,0,0,0.7333,0.3333,False,False,False,7
5a8a311655429930ff3c0cec,Tate Taylor,104,0,0,0.9412,0.1176,True,False,False,7
5abd00975542993a06baf9f7,Newfound Regional High School,120,0,0,1.0,0.3125,True,False,False,27
5abd00975542993a06baf9f7,"Hebron, New Hampshire",65,1,1,1.0,0.3636,True,False,False,11
5abd00975542993a06baf9f7,"Hebron, New Hampshire",42,0,0,0.7143,0.0,False,False,False,11
5a7d19b455429909bec76950,John Sinklo,142,0,0,1.0,0.7619,True,False,False,8
5a7d19b455429909bec76950,John Sinklo,141,0,1,1.0,0.5714,True,False,False,8
5a7d19b455429909bec76950,Titus Andronicus,151,0,0,0.7826,0.0,False,False,False,198
5ab40e2f5542996a3a969f01,SkyBridge Capital,111,0,0,0.4706,0.0588,False,False,False,9
5ab40e2f5542996a3a969f01,Anthony Scaramucci,119,0,0,0.6667,0.0556,False,False,False,41
5a82186455429926c1cdae3f,Adrian Pracon,202,0,0,1.0,0.5714,True,False,False,3
5a82186455429926c1cdae3f,Anders Behring Breivik,160,0,0,0.8,0.36,True,False,False,125
5ae61e935542995703ce8b0f,The Dark Tower (2017 film),374,0,0,0.9434,0.4717,True,False,False,42
5ae61e935542995703ce8b0f,Matthew McConaughey,106,0,0,0.8,0.2667,True,False,False,32
5a883aba5542994846c1ce46,Violin Concerto (Khachaturian),183,0,0,0.5769,0.1538,False,False,False,5
5a883aba5542994846c1ce46,David Oistrakh,139,0,0,0.65,0.3,False,False,False,21
5ade6af5554299728e26c71b,Somebody's Somebody,149,0,1,1.0,0.4783,True,False,False,2
5ade6af5554299728e26c71b,Prince (musician),91,0,0,0.8235,0.0,False,False,False,121
5a77046e55429937353601b2,Nayer,130,0,0,0.75,0.0417,False,False,False,12
5a77046e55429937353601b2,Give Me Everything,186,0,0,0.8077,0.2692,True,False,False,12
5a792059554299148911fa02,Shute Park Plaza,88,0,0,0.8125,0.125,True,False,False,7
5a792059554299148911fa02,"Hillsboro, Oregon",107,0,0,0.8571,0.0714,True,False,False,66
5abe403d5542993f32c2a0cf,Spandau Prison,147,0,0,0.96,0.08,True,False,False,27
5abe403d5542993f32c2a0cf,Rudolf Hess,118,0,0,1.0,0.2222,True,False,False,69
5a8cfe32554299585d9e3790,The Grey Hounded Hare,78,0,1,1.0,0.7333,True,False,False,7
5a8cfe32554299585d9e3790,The Grey Hounded Hare,52,1,1,1.0,0.6667,True,False,False,7
5a8cfe32554299585d9e3790,Mel Blanc,130,0,0,0.7,0.3,False,False,False,55
5abc09db5542993f40c73c60,Larsson–Noak Historic District,117,1,1,1.0,0.4706,True,False,False,5
5abc09db5542993f40c73c60,"New Sweden, Maine",63,1,1,1.0,0.3636,True,False,False,18
5ae4d4995542990ba0bbb167,Counting Cars,109,0,0,1.0,0.0,False,False,False,10
5ae4d4995542990ba0bbb167,Counting Cars,179,0,1,1.0,0.04,False,False,False,10
5ae4d4995542990ba0bbb167,American Restoration,92,1,1,1.0,0.3333,True,False,False,20
5ae4d4995542990ba0bbb167,American Restoration,306,0,1,1.0,0.587,True,False,False,20
5ae7eed85542993210983fc4,Grindstone Mountain (Nevada),93,0,0,1.0,1.0,True,False,False,1
5ae7eed85542993210983fc4,"Elko County, Nevada",49,0,0,1.0,0.3333,True,False,False,22
5a81d1cf55429926c1cdad91,William Fitzsimmons (musician),230,0,0,0.4722,0.1667,False,False,False,10
5a81d1cf55429926c1cdad91,William Fitzsimmons (musician),460,0,0,0.7414,0.5345,False,False,False,10
5a81d1cf55429926c1cdad91,Teen Wolf (2011 TV series),282,0,0,0.4889,0.0222,False,False,False,41
5a7d00b055429907fabef0a5,Mount Kathleen,138,1,1,1.0,1.0,True,False,False,1
5a7d00b055429907fabef0a5,Ernest Shackleton,144,0,0,0.9565,0.2609,True,False,False,85
5a78ed9a55429970f5fffdda,Jean de la Barrière,68,0,0,0.75,0.0833,False,False,False,8
5a78ed9a55429970f5fffdda,Jean de la Barrière,74,1,1,1.0,0.5,True,False,False,8
5a78ed9a55429970f5fffdda,Henry III of France,54,0,0,0.7778,0.1111,False,False,False,49
5a8278d855429940e5e1a8c6,Victor Urbancic,169,1,1,1.0,0.7692,True,False,False,3
5a8278d855429940e5e1a8c6,Vienna,113,0,0,0.8571,0.2143,True,False,False,138
5a8278d855429940e5e1a8c6,Vienna,208,0,0,0.7931,0.3103,False,False,False,138
5a8c5187554299585d9e3667,The King and I,111,0,0,0.7059,0.1176,False,False,False,84
5a8c5187554299585d9e3667,Richard Rodgers,147,0,0,0.875,0.5,True,False,False,36
5a8cec5255429941ae14df48,Sol (musician),103,0,0,1.0,0.7333,True,False,False,10
5a8cec5255429941ae14df48,Macklemore,171,0,0,0.88,0.48,True,False,False,27
5a8cec5255429941ae14df48,Macklemore,82,0,0,0.4615,0.0769,False,False,False,27
5a791fe355429974737f799b,Holland Roden,67,0,0,0.5455,0.2727,False,False,False,8
5a791fe355429974737f799b,Teen Wolf (2011 TV series),75,0,0,1.0,0.4615,True,False,False,41
5a881cfe55429938390d3ee9,The Globe (London newspaper),150,0,0,0.9048,0.5714,True,False,False,9
5a881cfe55429938390d3ee9,Jeremy Bentham,179,0,0,1.0,0.5185,True,False,False,79
5ae6d4515542996d980e7c86,1981 Kansas State Wildcats football team,97,1,1,1.0,1.0,True,False,False,1
5ae6d4515542996d980e7c86,Jim Dickey,94,1,1,1.0,0.8,True,False,False,3
5ab7fc675542990e739ec7b3,Omar Fadel,165,0,0,0.9583,0.5833,True,False,False,6
5ab7fc675542990e739ec7b3,The Dictator (2012 film),165,0,0,0.9259,0.3704,True,False,False,31
5ab7fc675542990e739ec7b3,The Dictator (2012 film),112,0,1,1.0,0.4118,True,False,False,31
5abaed3c55429939ce03dd69,"Ouray County, Colorado",69,0,0,0.75,0.1667,False,False,False,15
5abaed3c55429939ce03dd69,"Ouray County, Colorado",25,1,1,1.0,0.2,True,True,False,15
5abaed3c55429939ce03dd69,"Ouray, Colorado",126,0,0,0.8889,0.3889,True,False,False,25
5abaed3c55429939ce03dd69,"Ouray, Colorado",45,1,1,1.0,0.625,True,False,False,25
5ae346eb5542992e3233c35d,The Flying Doctor,143,1,1,1.0,0.5,True,False,False,19
5ae346eb5542992e3233c35d,The Flying Doctor,68,0,0,0.4,0.1,False,False,False,19
5ae346eb5542992e3233c35d,Don Bradman,184,0,0,0.8929,0.4643,True,False,False,133
5ae346eb5542992e3233c35d,Don Bradman,126,0,0,0.9091,0.3636,True,False,False,133
5a8e82925542995a26add4e1,Ga East Municipal District,92,0,0,0.8667,0.0667,True,False,False,5
5a8e82925542995a26add4e1,Abokobi,112,0,0,0.9412,0.2941,True,False,False,3
5a78ad46554299148911f915,"Callaway, Florida",89,1,1,1.0,0.6154,True,False,False,7
5a78ad46554299148911f915,"Panama City Beach, Florida",52,0,0,0.8182,0.1818,True,False,False,26
5ae7f9c65542993210983feb,2012–13 Toronto Raptors season,105,0,0,1.0,1.0,True,False,False,1
5ae7f9c65542993210983feb,Jonas Valančiūnas,81,0,0,1.0,0.1429,True,False,False,32
5abccf405542993a06baf96e,Ralph Ellison,108,0,0,0.8824,0.4118,True,False,False,34
5abccf405542993a06baf96e,Erich Fromm,171,0,0,1.0,0.5,True,False,False,41
5a7345375542991f9a20c6cf,2015 Pacific typhoon season,139,0,0,0.9,0.15,True,False,False,94
5a7345375542991f9a20c6cf,2014 Pacific typhoon season,133,0,0,0.8421,0.2105,True,False,False,81
5ab6766c5542995eadeefffa,Roy Lechthaler,115,1,1,1.0,1.0,True,False,False,1
5ab6766c5542995eadeefffa,"Mercersburg, Pennsylvania",44,0,0,0.75,0.375,False,False,False,20
5a88e3ea5542993b751ca8b3,"South Huntington, New York",136,0,0,1.0,0.619,True,False,False,12
5a88e3ea5542993b751ca8b3,"Huntington Station, New York",108,0,0,1.0,0.3529,True,False,False,7
5ab9adc5554299131ca423c8,Mohsen al-Fanagry,122,1,1,1.0,1.0,True,False,False,1
5ab9adc5554299131ca423c8,Hosni Mubarak,236,0,0,0.6389,0.2222,False,False,False,79
5adfef8455429906c02daa8e,Fred Hirsch,193,0,0,0.1481,1.0,False,False,False,1
5adfef8455429906c02daa8e,London School of Economics,269,0,0,0.9394,0.5152,True,False,False,107
5a714fed5542994082a3e7b6,Magnet (album),81,0,0,1.0,1.0,True,False,False,1
5a714fed5542994082a3e7b6,Robin Gibb,225,0,0,0.8286,0.2857,True,False,False,47
5a775add5542993569682d65,Andre Stojka,61,0,0,0.6364,0.2727,False,False,False,4
5a775add5542993569682d65,Andre Stojka,166,0,0,0.7826,0.3913,False,False,False,4
5a775add5542993569682d65,Winnie-the-Pooh,120,0,0,0.9375,0.3125,True,False,False,71
5ab2ec1b55429929539468bf,Goose Creek Mountains,73,1,1,1.0,1.0,True,False,False,1
5ab2ec1b55429929539468bf,Goose Creek Mountains,41,0,0,1.0,1.0,True,False,False,1
5ab2ec1b55429929539468bf,"Elko County, Nevada",49,0,0,1.0,0.3333,True,False,False,22
5a8d8db2554299441c6b9ffc,Uma Thurman,130,0,0,1.0,0.2,True,False,False,47
5a8d8db2554299441c6b9ffc,Dangerous Liaisons,258,0,0,0.6765,0.2353,False,False,False,31
5ab95fef55429970cfb8ea99,Kenneth de Courcy,176,0,0,0.84,0.52,True,False,False,9
5ab95fef55429970cfb8ea99,Edward VIII,259,0,0,0.9474,0.5263,True,False,False,64
5a738e8f5542992d56e7e367,Jewish Princess (song),282,0,0,0.7692,0.5128,False,False,False,4
5a738e8f5542992d56e7e367,Anti-Defamation League,181,0,0,0.8696,0.3478,True,False,False,72
5a72bc725542992359bc318e,Dave Coskunian,137,0,0,0.9167,0.5,True,False,False,4
5a72bc725542992359bc318e,Constantine Orbelian,215,0,0,1.0,0.45,True,False,False,11
5a7a8b5c554299042af8f667,Lee Yeon-hee,223,0,0,0.9412,0.5,True,False,False,11
5a7a8b5c554299042af8f667,A Millionaire's First Love,127,1,1,1.0,0.6957,True,False,False,3
5add738e5542992ae4cec56d,2013 NHL Entry Draft,54,1,1,1.0,0.1429,True,False,False,107
5add738e5542992ae4cec56d,2013 NHL Entry Draft,106,1,1,1.0,0.5263,True,False,False,107
5add738e5542992ae4cec56d,2013 NHL Entry Draft,90,0,0,0.9231,0.6923,True,False,False,107
5add738e5542992ae4cec56d,Nathan MacKinnon,185,0,0,0.875,0.4167,True,False,False,23
5add738e5542992ae4cec56d,Nathan MacKinnon,82,1,1,1.0,0.0769,True,False,False,23
5a8e28f15542995a26add46d,Modec,169,1,1,1.0,0.6957,True,False,False,17
5a8e28f15542995a26add46d,Tesco,173,0,0,0.6923,0.1923,False,False,False,112
5a7a315f5542990783324eb3,"Turn Around (5, 4, 3, 2, 1)",121,0,0,1.0,0.6087,True,False,False,9
5a7a315f5542990783324eb3,"Turn Around (5, 4, 3, 2, 1)",126,1,1,1.0,0.75,True,False,False,9
5a7a315f5542990783324eb3,Yello,76,0,0,1.0,0.3077,True,False,False,12
5ae01c59554299025d62a3ff,Carina Caicedo,73,0,0,0.3571,1.0,False,False,False,1
5ae01c59554299025d62a3ff,2015 FIFA Women's World Cup,121,0,0,0.9474,0.4211,True,False,False,32
5a7ca9ec554299683c1c632e,"1,000 Hours",65,0,0,0.9286,0.3571,True,False,False,2
5a7ca9ec554299683c1c632e,Green Day,130,0,0,0.9545,0.3182,True,False,False,67
5ab4048e55429976abd1bd32,Meji Mwamba,147,1,1,1.0,1.0,True,False,False,1
5ab4048e55429976abd1bd32,Magomedrasul Majidov,287,0,0,0.625,0.3438,False,False,False,7
5a7e34e15542995ed0d166d0,2015–16 Missouri Tigers women's basketball team,60,1,1,1.0,1.0,True,False,False,1
5a7e34e15542995ed0d166d0,Robin Pingeton,69,1,1,1.0,0.6154,True,False,False,3
5a73da7f554299623ed4ac79,Kalyani (raga),132,0,0,0.8889,0.3333,True,False,False,13
5a73da7f554299623ed4ac79,Yaman (raga),152,0,0,0.7727,0.3182,False,False,False,27
5ac3df7e554299204fd21ea9,The Feather Men,152,0,0,0.7083,0.3333,False,False,False,9
5ac3df7e554299204fd21ea9,The Feather Men,77,1,1,1.0,0.5,True,False,False,9
5ac3df7e554299204fd21ea9,Killer Elite (film),117,0,0,0.8947,0.1053,True,False,False,24
5ac3df7e554299204fd21ea9,Killer Elite (film),110,0,1,1.0,0.3529,True,False,False,24
5ae1c554554299234fd042f1,Michael Conlan (boxer),47,0,0,0.375,0.0,False,False,False,21
5ae1c554554299234fd042f1,Top Rank,92,0,0,0.9375,0.125,True,False,False,7
5abf19a85542997ec76fd3bf,Secret of the Incas,140,0,0,1.0,0.4545,True,False,False,15
5abf19a85542997ec76fd3bf,Charlton Heston,145,0,0,0.85,0.35,True,False,False,78
5a84ae895542991dd0999d79,Jimmy Webb,88,1,1,1.0,0.5,True,False,False,54
5a84ae895542991dd0999d79,Jimmy Webb,207,0,0,1.0,0.5172,True,False,False,54
5a84ae895542991dd0999d79,By the Time I Get to Phoenix,63,1,1,1.0,0.2308,True,False,False,10
5a84ae895542991dd0999d79,By the Time I Get to Phoenix,138,0,0,0.9565,0.5652,True,False,False,10
5a8913df55429951533612b3,Timeless Tales from Hallmark,165,0,0,0.9167,0.5417,True,False,False,4
5a8913df55429951533612b3,Olivia Newton-John,117,0,0,0.625,0.125,False,False,False,119
5abb042155429939ce03dd8d,North Star Deserter,167,1,1,1.0,0.84,True,False,False,2
5abb042155429939ce03dd8d,Post-rock,235,0,0,0.5,0.0,False,False,False,20
5ac0774c554299294b218ff0,Jim Shockley,64,1,1,1.0,0.6,True,False,False,3
5ac0774c554299294b218ff0,Jim Shockley,86,1,1,1.0,0.5,True,False,False,3
5ac0774c554299294b218ff0,"Victor, Montana",84,1,1,1.0,0.6154,True,False,False,8
5a8897d15542994846c1ce90,"Cockrum, Mississippi",114,0,0,0.8235,1.0,True,False,False,1
5a8897d15542994846c1ce90,"Olive Branch, Mississippi",68,0,0,1.0,0.2727,True,False,False,13
5a778c565542997042120aa0,Nathan Chapman (record producer),86,1,1,1.0,0.6,True,False,False,3
5a778c565542997042120aa0,Fearless (Taylor Swift album),99,0,0,0.7333,0.0667,False,False,False,43
5ab975e05542996be2020505,Ana Mulvoy-Ten,114,0,1,1.0,0.4706,True,False,False,3
5ab975e05542996be2020505,House of Anubis,136,0,0,1.0,0.5,True,False,False,17
5a8f8aad5542997ba9cb32a9,Belvin Perry,155,0,0,1.0,0.5833,True,False,False,5
5a8f8aad5542997ba9cb32a9,Belvin Perry,75,1,1,1.0,0.5,True,False,False,5
5a8f8aad5542997ba9cb32a9,Death of Caylee Anthony,241,0,0,0.8235,0.4118,True,False,False,56
5a8f8aad5542997ba9cb32a9,Death of Caylee Anthony,80,0,0,0.9286,0.1429,True,False,False,56
5a8f8b8c5542997ba9cb32ac,Esperanza Martínez,93,1,1,1.0,0.3571,True,False,False,7
5a8f8b8c5542997ba9cb32ac,Diego Rivera,70,0,0,0.9091,0.3636,True,False,False,50
5a8b5de755429950cd6afcd5,Thaandavam,190,0,0,0.8214,0.4286,True,False,False,10
5a8b5de755429950cd6afcd5,G. V. Prakash Kumar,43,0,0,0.75,0.25,False,False,False,12
5ae688135542996d980e7bed,"Irvington, New York",156,0,0,0.9091,0.3182,True,False,False,121
5ae688135542996d980e7bed,"Irvington, New York",173,1,1,1.0,0.1765,True,False,False,121
5ae688135542996d980e7bed,"Dobbs Ferry, New York",57,0,0,1.0,0.2,True,False,False,35
5ae688135542996d980e7bed,"Dobbs Ferry, New York",30,1,1,1.0,0.5,True,True,False,35
5a7d07e455429909bec76906,George W. Smith Homestead,88,1,1,1.0,0.3333,True,False,False,3
5a7d07e455429909bec76906,"Mattawamkeag, Maine",129,1,1,1.0,0.4667,True,False,False,13
5ac3a467554299391541386b,"Arrow Creek, Montana",96,1,1,1.0,0.6875,True,False,False,2
5ac3a467554299391541386b,"Judith Basin County, Montana",48,0,0,1.0,0.2222,True,False,False,7
5ac042605542997d642959e9,Hear Me (song),142,0,1,1.0,0.4091,True,False,False,6
5ac042605542997d642959e9,Imagine Dragons,199,0,0,0.8571,0.25,True,False,False,44
5adf718e5542993a75d264e6,Daniel C. Taylor,112,0,0,1.0,0.5882,True,False,False,22
5adf718e5542993a75d264e6,Yeti,95,0,0,0.5385,0.0,False,False,False,81
5ac2dfec554299657fa290b4,Henry P. H. Bromwell,139,1,1,1.0,0.75,True,False,False,15
5ac2dfec554299657fa290b4,Henry P. H. Bromwell,166,0,1,1.0,0.1429,True,False,False,15
5ac2dfec554299657fa290b4,Sacred geometry,191,1,1,1.0,0.6087,True,False,False,23
5abba1a15542996cc5e4a02d,Thomas Lutz,226,0,0,1.0,0.6154,True,False,False,25
5abba1a15542996cc5e4a02d,Darmstadt,143,0,0,1.0,0.2632,True,False,False,62
5abba1a15542996cc5e4a02d,Darmstadt,49,0,0,0.625,0.125,False,False,False,62
5ab55d875542997d4ad1f10d,Die Hochzeit des Camacho,204,0,0,0.9,0.4667,True,False,False,8
5ab55d875542997d4ad1f10d,Felix Mendelssohn,208,0,0,0.8929,0.3929,True,False,False,97
5a72971e5542991f29ee2cc7,Sonny Wool,110,0,0,0.8889,0.3889,True,False,False,4
5a72971e5542991f29ee2cc7,Paul the Octopus,156,0,0,0.7619,0.2857,False,False,False,21
5ae0feba554299422ee995ad,Viktor Lebedev,217,0,0,0.96,0.68,True,False,False,4
5ae0feba554299422ee995ad,Yakutsk,168,0,0,0.65,0.25,False,False,False,28
5adc6af9554299438c868db5,44th Primetime Emmy Awards,141,1,1,1.0,0.7778,True,False,False,6
5adc6af9554299438c868db5,Scott Bakula,301,0,0,0.9091,0.2727,True,False,False,18
5ae0fcfb55429920d5234262,Turn Around (Conor Maynard song),151,1,1,1.0,0.8571,True,False,False,3
5ae0fcfb55429920d5234262,Diamonds (Rihanna song),110,0,1,1.0,0.3125,True,False,False,31
5ab3f9665542992ade7c6f07,Full Scale Assault,161,1,1,1.0,0.875,True,False,False,2
5ab3f9665542992ade7c6f07,The Stooges,207,0,0,1.0,0.3448,True,False,False,52
5ab8b22b55429916710eb0af,Bryce Dejean-Jones,187,1,1,1.0,0.5217,True,False,False,10
5ab8b22b55429916710eb0af,UNLV Runnin' Rebels basketball,164,0,0,0.7857,0.2143,False,False,False,55
5a81f0aa5542995ce29dcc91,"Frankfort, Maine",89,1,1,1.0,0.4667,True,False,False,16
5a81f0aa5542995ce29dcc91,"Waldo County, Maine",154,0,0,1.0,0.6818,True,False,False,11
5adbdefa5542996e6852526a,JK Jalgpallihaigla,89,1,1,1.0,0.4286,True,False,False,2
5adbdefa5542996e6852526a,Estonia,247,0,0,0.4839,0.0645,False,False,False,169
5a7210fe55429971e9dc9238,Kurt Gouveia,73,1,1,1.0,0.6923,True,False,False,10
5a7210fe55429971e9dc9238,Las Vegas Outlaws (XFL),105,1,1,1.0,0.5,True,False,False,13
5a7f8a0a55429969796c1a9e,Murdered by My Boyfriend,108,0,0,0.7619,0.4762,False,False,False,13
5a7f8a0a55429969796c1a9e,Georgina Campbell,171,0,0,0.7407,0.2593,False,False,False,5
5ae76c0755429952e35ea90f,Little Things (One Direction song),120,0,1,1.0,0.2381,True,False,False,15
5ae76c0755429952e35ea90f,Little Things (One Direction song),81,1,1,1.0,0.0,False,False,False,15
5ae76c0755429952e35ea90f,Ed Sheeran,149,0,0,0.65,0.15,False,False,False,70
5ae6915e55429908198fa628,Sylvia's Lovers,114,0,0,0.95,0.45,True,False,False,4
5ae6915e55429908198fa628,Elizabeth Gaskell,179,0,0,1.0,0.6154,True,False,False,28
5ae53c825542992663a4f18d,Andy Holt (Hollyoaks),119,0,0,1.0,0.7368,True,False,False,8
5ae53c825542992663a4f18d,Warren Brown (actor),295,0,0,0.6087,0.3478,False,False,False,11
5a87a3bd5542996e4f308898,Duke Micah,64,0,0,1.0,0.8182,True,False,False,4
5a87a3bd5542996e4f308898,Michael Conlan (boxer),88,0,0,0.8571,0.3571,True,False,False,21
5a72a0775542992359bc3142,Alone in This World,73,0,0,0.8462,0.2308,True,False,False,2
5a72a0775542992359bc3142,Alone in This World,222,0,0,0.875,0.8125,True,False,False,2
5a72a0775542992359bc3142,The Notorious B.I.G.,169,0,0,1.0,0.5714,True,False,False,62
5a832fca5542990548d0b1c2,Stephen Lovell,71,1,1,1.0,0.8333,True,False,False,6
5a832fca5542990548d0b1c2,Stephen Lovell,134,1,1,1.0,0.6316,True,False,False,6
5a832fca5542990548d0b1c2,"King's College, Cambridge",93,0,0,0.9167,0.0,False,False,False,58
5a832fca5542990548d0b1c2,"King's College, Cambridge",170,1,1,1.0,0.5652,True,False,False,58
5add17535542994734353840,1996 Houston Oilers season,122,0,0,0.7727,0.4091,False,False,False,8
5add17535542994734353840,Eddie George,179,0,0,0.9259,0.5926,True,False,False,19
5ae74be15542997b22f6a691,90210 (season 4),103,0,0,0.6875,0.0625,False,False,False,15
5ae74be15542997b22f6a691,Ringer (TV series),113,0,0,1.0,0.3,True,False,False,33
5a757b695542992d0ec05fa7,8th Cavalry Brigade (United Kingdom),81,1,1,1.0,0.3846,True,False,False,6
5a757b695542992d0ec05fa7,8th Cavalry Brigade (United Kingdom),101,1,1,1.0,0.1111,True,False,False,6
5a757b695542992d0ec05fa7,Western Front (World War I),73,0,0,0.9091,0.0909,True,False,False,55
5a794d085542994bb9456ff0,Triple (novel),69,1,1,1.0,0.75,True,False,False,9
5a794d085542994bb9456ff0,Triple (novel),140,0,0,1.0,0.5909,True,False,False,9
5a794d085542994bb9456ff0,Mossad,313,0,0,0.5,0.1429,False,False,False,116
5a8eadaa5542995085b37475,Caroline Amalie of Augustenburg,187,0,0,0.9643,0.4643,True,False,False,14
5a8eadaa5542995085b37475,Christian VIII of Denmark,147,0,0,0.9545,0.3636,True,False,False,23
5abc2e0b554299114383a0f5,Leo Koretz,128,0,0,1.0,0.4737,True,False,False,10
5abc2e0b554299114383a0f5,Charles Ponzi,166,0,0,0.9615,0.4615,True,False,False,48
5adffd4d55429942ec259bbf,Kumawu,103,1,1,1.0,0.4667,True,False,False,5
5adffd4d55429942ec259bbf,Sekyere Afram Plains District,107,0,0,0.8125,1.0,True,False,False,1
5abd02e7554299700f9d795a,Vince Staples,91,0,0,1.0,0.3125,True,False,False,20
5abd02e7554299700f9d795a,Odd Future,209,0,0,0.6452,0.3548,False,False,False,28
5adce7295542994ed6169c1a,Kon-Tiki (1950 film),236,0,0,0.9667,0.7333,True,False,False,2
5adce7295542994ed6169c1a,The Other Side of AIDS,67,0,0,0.9231,0.3077,True,False,False,10
5a8fb5f85542995b44242091,Bernie (2011 film),262,0,0,0.9143,0.4857,True,False,False,34
5a8fb5f85542995b44242091,Bernie Tiede,101,0,0,0.8,0.3333,True,False,False,25
5a8752395542996432c57267,Ours (song),127,0,0,1.0,0.0476,False,False,False,14
5a8752395542996432c57267,Speak Now,60,0,0,0.9091,0.0909,True,False,False,39
5adf34385542993344016c28,Honolulu House,148,0,0,0.96,0.68,True,False,False,4
5adf34385542993344016c28,James Buchanan,158,0,0,0.8333,0.375,True,False,False,82
5ac1a0e15542994ab5c67dab,304th Sustainment Brigade (United States),89,1,1,1.0,0.5455,True,False,False,4
5ac1a0e15542994ab5c67dab,304th Sustainment Brigade (United States),73,1,1,1.0,0.8182,True,False,False,4
5ac1a0e15542994ab5c67dab,March Air Reserve Base,182,0,0,0.9565,0.2609,True,False,False,75
5ac1a0e15542994ab5c67dab,March Air Reserve Base,84,1,1,1.0,0.4375,True,False,False,75
5abc24b15542993a06baf898,Wechiau,115,0,0,1.0,1.0,True,False,False,1
5abc24b15542993a06baf898,Wa West District,165,0,0,0.9474,0.5263,True,False,False,2
5ab8f5415542991b5579f095,The Mower,80,0,0,1.0,0.6667,True,False,False,4
5ab8f5415542991b5579f095,The Mower,88,0,1,1.0,0.6923,True,False,False,4
5ab8f5415542991b5579f095,Philip Larkin,99,0,0,1.0,0.5,True,False,False,93
5ab8f5415542991b5579f095,Philip Larkin,315,0,0,1.0,0.4146,True,False,False,93
5a7119ed5542994082a3e58d,Teen Choice Award for Choice Music – Male Artist,61,1,1,1.0,1.0,True,False,False,1
5a7119ed5542994082a3e58d,Aaron Carter,182,0,0,0.8387,0.5161,True,False,False,40
5ac27aba55429963665199d5,Leonard Hofstadter,126,0,0,0.8889,0.2222,True,False,False,41
5ac27aba55429963665199d5,Jim Parsons,64,1,1,1.0,0.6364,True,False,False,22
5a9085785542995651fb5182,Better Than Ezra,117,0,0,0.95,0.25,True,False,False,24
5a9085785542995651fb5182,Better Than Ezra,50,0,0,1.0,0.0,False,False,False,24
5a9085785542995651fb5182,The Breeders,128,0,0,0.7619,0.1429,False,False,False,24
5abd26ef55429924427fcf20,August Perk,158,1,1,1.0,0.5714,True,False,False,8
5abd26ef55429924427fcf20,Erich Maria Remarque,92,0,0,1.0,0.2667,True,False,False,23
5a79549d5542994bb9457005,"Haverhill, New Hampshire",155,1,1,1.0,0.4706,True,False,False,14
5a79549d5542994bb9457005,"Woodsville, New Hampshire",44,0,0,0.875,0.125,True,False,False,13
5abdabb955429965af743db5,A-Haunting We Will Go (1966 film),103,0,0,0.8824,0.5882,True,False,False,7
5abdabb955429965af743db5,A-Haunting We Will Go (1966 film),141,1,1,1.0,0.55,True,False,False,7
5abdabb955429965af743db5,Speedy Gonzales,128,0,0,0.9474,0.2632,True,False,False,31
5abdabb955429965af743db5,Speedy Gonzales,189,0,0,0.9286,0.5,True,False,False,31
5aba8e5255429901930fa82d,Patxi's Chicago Pizza,157,0,0,0.5714,0.1429,False,False,False,5
5aba8e5255429901930fa82d,Russo's New York Pizzeria,98,0,0,0.9375,0.4375,True,False,False,2
5ac2c8fe554299657fa29056,Queen of Soul: The Atlantic Recordings,252,0,1,1.0,0.675,True,False,False,5
5ac2c8fe554299657fa29056,Aretha Franklin,82,0,0,0.9231,0.2308,True,False,False,67
5ae7aa045542993210983ee0,Songs for a Tailor,195,1,1,1.0,0.4375,True,False,False,16
5ae7aa045542993210983ee0,Cream (band),102,0,0,0.9333,0.2,True,False,False,38
5a8350f55542993344745ff8,"Heber-Overgaard, Arizona",92,1,1,1.0,0.4286,True,False,False,60
5a8350f55542993344745ff8,"Phoenix, Arizona",223,0,0,0.6,0.0,False,False,False,148
5adde51e5542997dc7907093,2011 MLS All-Star Game,182,1,1,1.0,0.7,True,False,False,3
5adde51e5542997dc7907093,Danny Welbeck,167,0,0,0.6923,0.3462,False,False,False,43
5adc672d5542994650320cdb,Neven Pajkić,136,0,0,0.6667,0.375,False,False,False,4
5adc672d5542994650320cdb,Tyson Fury,70,1,1,1.0,0.25,True,False,False,83
5abadc7755429901930fa8c6,Derezzed,143,0,0,1.0,0.55,True,False,False,2
5abadc7755429901930fa8c6,Derezzed,87,0,0,1.0,0.5385,True,False,False,2
5abadc7755429901930fa8c6,The Glitch Mob,82,0,0,1.0,0.3846,True,False,False,4
5abadc7755429901930fa8c6,The Glitch Mob,78,0,0,1.0,0.5833,True,False,False,4
5ab2cc37554299340b525552,Marsha Garces Williams,92,1,1,1.0,0.6429,True,False,False,6
5ab2cc37554299340b525552,Marsha Garces Williams,60,0,0,0.6364,0.0909,False,False,False,6
5ab2cc37554299340b525552,Robin Williams,102,0,0,0.7647,0.2941,False,False,False,74
5ab8734455429934fafe6dc4,Another Earth,63,0,0,0.9,0.3,True,False,False,21
5ab8734455429934fafe6dc4,Brit Marling,271,0,0,0.6389,0.1667,False,False,False,10
5ac1679f5542994d76dcce13,Symphony for Classical Orchestra (Shapero),129,1,1,1.0,0.5789,True,False,False,9
5ac1679f5542994d76dcce13,Symphony for Classical Orchestra (Shapero),251,1,1,1.0,0.6774,True,False,False,9
5ac1679f5542994d76dcce13,Aaron Copland,166,0,0,1.0,0.4348,True,False,False,74
5ac1679f5542994d76dcce13,Aaron Copland,85,0,1,1.0,0.2,True,False,False,74
5a7d5ac05542995f4f402266,Stephen Oremus,119,0,1,1.0,0.7222,True,False,False,6
5a7d5ac05542995f4f402266,65th Tony Awards,120,1,1,1.0,0.7368,True,False,False,36
5abbd557554299642a094b54,Where Have All the Flowers Gone? (film),32,1,1,1.0,1.0,True,True,False,1
5abbd557554299642a094b54,Where Have All the Flowers Gone? (film),131,1,1,1.0,1.0,True,False,False,1
5abbd557554299642a094b54,San Francisco State University,357,0,0,0.6585,0.1707,False,False,False,36
5ac0c738554299012d1db631,Lightning (song),89,1,1,1.0,0.6875,True,False,False,5
5ac0c738554299012d1db631,We Found Love,116,0,0,0.9474,0.1579,True,False,False,35
5ae361425542994393b9e699,2015 Clemson Tigers football team,210,1,1,1.0,0.44,True,False,False,9
5ae361425542994393b9e699,2015 Orange Bowl,149,1,1,1.0,0.6667,True,False,False,10
5a7cbb3e554299683c1c6359,A Diary for Timothy,87,1,1,1.0,0.4615,True,False,False,4
5a7cbb3e554299683c1c6359,The Age of Stupid,185,0,0,0.6923,0.1923,False,False,False,35
5ae7fa9c5542994a481bbe5c,Sōjirō Motoki,124,0,1,1.0,0.6111,True,False,False,3
5ae7fa9c5542994a481bbe5c,Throne of Blood,125,0,0,0.65,0.1,False,False,False,26
5a820f3955429926c1cdae18,Bole2Harlem,101,1,1,1.0,0.5333,True,False,False,4
5a820f3955429926c1cdae18,Bole2Harlem,178,1,1,1.0,0.3462,True,False,False,4
5a820f3955429926c1cdae18,Addis Ababa,230,0,0,0.5172,0.069,False,False,False,82
5ae6b0f855429908198fa681,Ranulf I of Caiazzo,214,1,1,1.0,0.6667,True,False,False,4
5ae6b0f855429908198fa681,Benevento,147,0,0,0.7778,0.2778,False,False,False,56
5a7dd8625542990b8f503ae8,Zoey Deutch,77,0,0,1.0,0.25,True,False,False,22
5a7dd8625542990b8f503ae8,Zoey Deutch,144,0,0,0.5,0.05,False,False,False,22
5a7dd8625542990b8f503ae8,Why Him?,200,0,0,1.0,0.5,True,False,False,21
5a7dd8625542990b8f503ae8,Why Him?,124,1,1,1.0,0.4286,True,False,False,21
5adc65665542994650320cd8,Yolanda Be Cool,115,0,0,0.6842,0.2632,False,False,False,6
5adc65665542994650320cd8,Pulp Fiction,150,0,0,0.8182,0.1364,True,False,False,106
5a85e23e5542994775f6067e,Magic Circle Music,160,0,0,0.92,0.72,True,False,False,2
5a85e23e5542994775f6067e,Manowar,66,1,1,1.0,0.5,True,False,False,38
5ae14b2255429920d52343a8,1960 New York Yankees season,38,1,1,1.0,0.8571,True,True,False,8
5ae14b2255429920d52343a8,Casey Stengel,266,0,0,0.9429,0.4857,True,False,False,90
5ae0d5c8554299603e41846a,John Balliol,127,0,0,0.9524,0.381,True,False,False,19
5ae0d5c8554299603e41846a,Auld Alliance,136,0,0,0.875,0.0,False,False,False,26
5a84c7fa5542997b5ce3ff63,Johnny Lee (actor),181,0,0,0.9688,1.0,True,False,False,1
5a84c7fa5542997b5ce3ff63,Song of the South,130,0,0,1.0,0.3182,True,False,False,66
5a84c7fa5542997b5ce3ff63,Song of the South,128,0,0,0.95,0.25,True,False,False,66
5a84c7fa5542997b5ce3ff63,Song of the South,188,0,0,0.8333,0.0,False,False,False,66
5ae10cb9554299422ee995e4,Exidy Sorcerer,104,0,0,0.8125,0.3125,True,False,False,29
5ae10cb9554299422ee995e4,Heathkit H11,87,0,0,1.0,0.9231,True,False,False,2
5a73d1af55429978a71e90a0,"La Frontera (Round Rock, Texas)",233,0,0,0.4118,0.0294,False,False,False,14
5a73d1af55429978a71e90a0,Interstate 35,182,0,0,0.9167,0.4583,True,False,False,30
5a7f66765542994857a76728,David Barrera,243,0,0,1.0,0.8333,True,False,False,5
5a7f66765542994857a76728,Grimm (TV series),158,0,0,1.0,0.4286,True,False,False,46
5ab27507554299706120960a,Ksenia Stolbova,115,0,0,1.0,0.4167,True,False,False,25
5ab27507554299706120960a,Fedor Klimov,114,0,0,1.0,0.3333,True,False,False,26
5ab71b265542993667793f39,The Lottery (1989 film),200,0,0,1.0,0.6364,True,False,False,4
5ab71b265542993667793f39,Studio Backlot Tour,154,0,0,0.9545,0.3182,True,False,False,19
5abbfe3a55429931dba1460a,Pat Gorman,244,0,0,0.9143,0.6286,True,False,False,2
5abbfe3a55429931dba1460a,The Elephant Man (film),167,0,0,1.0,0.5833,True,False,False,47
5a8d44665542994ba4e3dc48,Berkhamsted Place,124,1,1,1.0,0.25,True,False,False,23
5a8d44665542994ba4e3dc48,Berkhamsted Castle,89,1,1,1.0,0.1538,True,False,False,31
5abed46d5542994516f45445,A Very Potter Musical,216,1,1,1.0,0.4643,True,False,False,28
5abed46d5542994516f45445,Darren Criss,215,0,0,0.6875,0.25,False,False,False,52
5a7a47695542990783324ee8,Kodaline,31,0,0,1.0,0.4,True,True,False,11
5a7a47695542990783324ee8,Cracker (band),101,0,0,0.875,0.375,True,False,False,18
5a81ccfa5542990a1d231ecd,"Turn Around (5, 4, 3, 2, 1)",121,0,0,1.0,0.6087,True,False,False,9
5a81ccfa5542990a1d231ecd,"Turn Around (5, 4, 3, 2, 1)",126,1,1,1.0,0.75,True,False,False,9
5a81ccfa5542990a1d231ecd,Yello,76,0,0,1.0,0.3077,True,False,False,12
5ab3a4c2554299233954ff70,Haejang-guk,116,0,0,0.8824,0.3529,True,False,False,7
5ab3a4c2554299233954ff70,Haejang-guk,86,1,1,1.0,0.4667,True,False,False,7
5ab3a4c2554299233954ff70,Napa cabbage,45,0,0,0.8571,0.1429,True,False,False,43
5ab3a4c2554299233954ff70,Napa cabbage,166,0,0,1.0,0.5417,True,False,False,43
5add47ac5542997545bbbd16,"Ocean Grove, New Jersey",153,0,0,0.9524,0.4762,True,False,False,56
5add47ac5542997545bbbd16,"Asbury Park, New Jersey",145,0,0,0.8636,0.1364,True,False,False,174
5a79de285542994bb9457108,Olivier Megaton,197,0,0,0.8462,0.3462,True,False,False,4
5a79de285542994bb9457108,Taken 2,201,0,0,0.9118,0.5882,True,False,False,20
5abc5762554299114383a111,Spartacus: Vengeance,216,0,0,0.9677,0.6452,True,False,False,22
5abc5762554299114383a111,Liam McIntyre,47,0,0,0.4444,0.1111,False,False,False,4
5ab80bd455429916710eafd5,Matt Pini,137,0,0,1.0,0.85,True,False,False,5
5ab80bd455429916710eafd5,Canberra,33,1,1,1.0,0.0,False,True,False,126
5ae34faa5542994393b9e674,Bob Lloyd,137,1,1,1.0,0.4545,True,False,False,3
5ae34faa5542994393b9e674,Brooklyn Nets,130,0,0,1.0,0.4118,True,False,False,56
5a74781355429929fddd843c,Lee Ranaldo,207,0,0,0.7879,0.4545,False,False,False,32
5a74781355429929fddd843c,Lee Ranaldo,99,0,1,1.0,0.7059,True,False,False,32
5a74781355429929fddd843c,Ozzy Osbourne,96,0,0,0.9333,0.4,True,False,False,87
5a74781355429929fddd843c,Ozzy Osbourne,100,0,0,0.8824,0.2353,True,False,False,87
5adf23c85542993344016bf8,Baldwin City Signal,65,1,1,1.0,1.0,True,False,False,1
5adf23c85542993344016bf8,"Lawrence, Kansas",79,0,0,1.0,0.2308,True,False,False,119
5a8353285542996488c2e40d,Over the Rainbow (2006 TV series),118,0,0,0.9524,0.6667,True,False,False,4
5a8353285542996488c2e40d,Seo Ji-hye,279,0,0,0.6154,1.0,False,False,False,1
5a88ed4d554299206df2b3b2,Vladimir Kostenko,254,0,1,1.0,0.6207,True,False,False,5
5a88ed4d554299206df2b3b2,Vladimir Kostenko,2,0,5,0.0,0.0,False,True,False,5
5a88ed4d554299206df2b3b2,Oklahoma!,9,27,27,1.0,0.0,False,True,False,74
5a88ed4d554299206df2b3b2,Oklahoma!,105,0,0,0.75,0.0625,False,False,False,74
5a88ed4d554299206df2b3b2,Oklahoma!,71,0,1,1.0,0.1667,True,False,False,74
5ae3d23e5542994393b9e779,Penetanguishene Bay Purchase,120,1,1,1.0,0.619,True,False,False,5
5ae3d23e5542994393b9e779,Lake Huron,82,0,0,0.9231,0.3077,True,False,False,21
5ac4c593554299076e296df6,Gustav Heinemann,229,0,0,0.88,0.32,True,False,False,31
5ac4c593554299076e296df6,President of Germany,179,0,0,0.625,0.0,False,False,False,68
5ae1fdac5542997f29b3c1eb,The Naughty Flirt,142,1,1,1.0,0.5417,True,False,False,5
5ae1fdac5542997f29b3c1eb,Myrna Loy,125,1,1,1.0,0.4211,True,False,False,39
5ab63c725542995eadeeff8d,Gaius Cassius Longinus,196,0,0,0.8276,0.3793,True,False,False,22
5ab63c725542995eadeeff8d,Gaius Cassius Longinus,205,1,1,1.0,0.4444,True,False,False,22
5ab63c725542995eadeeff8d,Battle of Philippi,290,0,0,0.8387,0.2903,True,False,False,28
5ac31953554299741d48a1da,Dalga Arena,92,1,1,1.0,0.875,True,False,False,2
5ac31953554299741d48a1da,Sepp Blatter,186,0,0,0.7586,0.3448,False,False,False,49
5ac18e5a55429964131be226,Dalga Arena,92,1,1,1.0,0.875,True,False,False,2
5ac18e5a55429964131be226,Sepp Blatter,186,0,0,0.7586,0.3448,False,False,False,49
5ac3983c55429939154137fd,Bolivarian Museum,124,0,1,1.0,0.6111,True,False,False,5
5ac3983c55429939154137fd,Bolivarian Museum,37,1,1,1.0,0.5,True,True,False,5
5ac3983c55429939154137fd,Simón Bolívar,381,0,0,0.7885,0.3077,False,False,False,65
5ab9293355429934fafe6e6f,Agloves,42,0,0,0.8571,0.4286,True,False,False,3
5ab9293355429934fafe6e6f,"Boulder, Colorado",190,0,0,0.6842,0.1053,False,False,False,78
5ae000e355429942ec259bd1,Niamh (mythology),62,0,0,0.75,0.1667,False,False,False,12
5ae000e355429942ec259bd1,Manannán mac Lir,222,0,0,0.5312,0.125,False,False,False,73
5ab56d19554299637185c58e,Dicksonia Plantation,134,1,1,1.0,0.7273,True,False,False,5
5ab56d19554299637185c58e,Annie Leibovitz,90,0,0,0.9231,0.2308,True,False,False,59
5a7da89a5542990b8f503a0b,James Ronald Warren,146,1,1,1.0,0.4762,True,False,False,9
5a7da89a5542990b8f503a0b,Battle of the Bulge,147,0,0,0.9565,0.3043,True,False,False,138
5a8b54e655429971feec46d4,When Ladies Meet (1941 film),226,0,0,0.8235,0.7059,True,False,False,5
5a8b54e655429971feec46d4,Joan Crawford,112,0,0,0.6316,0.1579,False,False,False,92
5a8b692655429950cd6afce1,Tap Roots,133,1,1,1.0,0.7083,True,False,False,5
5a8b692655429950cd6afce1,Newton Knight,127,0,0,0.9474,0.3684,True,False,False,36
5a810876554299260e20a211,Waithe,102,1,1,1.0,0.5294,True,False,False,6
5a810876554299260e20a211,Waithe,93,0,0,0.8125,0.5625,True,False,False,6
5a810876554299260e20a211,Holton-le-Clay,170,0,0,0.7037,0.1481,False,False,False,18
5a8db3c7554299441c6ba03e,Stuart Piper,257,0,0,0.6857,0.3429,False,False,False,26
5a8db3c7554299441c6ba03e,Micky Flanagan,146,0,1,1.0,0.5714,True,False,False,17
5a8db3c7554299441c6ba03e,Micky Flanagan,41,0,0,1.0,0.0,False,False,False,17
5a7d72a25542995f4f40227a,Reggie Carter,210,0,0,1.0,1.0,True,False,False,1
5a7d72a25542995f4f40227a,"Brookville, New York",104,0,0,1.0,0.375,True,False,False,18
5a7779315542997042120a7d,Norman Jewison,61,0,0,0.75,0.4167,False,False,False,37
5a7779315542997042120a7d,Tom Hanks,76,1,1,1.0,0.2308,True,False,False,68
5a7779315542997042120a7d,Tom Hanks,523,0,0,0.4789,0.0,False,False,False,68
5a7ca9b95542996dd594b96c,TWA Flight 841 (1979),202,0,0,0.96,0.56,True,False,False,23
5a7ca9b95542996dd594b96c,TWA Flight 841 (1979),227,1,1,1.0,0.5641,True,False,False,23
5a7ca9b95542996dd594b96c,Boeing 727,135,0,0,0.5238,0.0,False,False,False,71
5a81e075554299676cceb128,Bob Monkhouse,106,0,0,0.8235,0.4118,True,False,False,36
5a81e075554299676cceb128,Patricia Highsmith,195,0,0,0.7,0.2667,False,False,False,108
5a81e075554299676cceb128,Patricia Highsmith,118,0,0,0.6111,0.0556,False,False,False,108
5a79e3445542996c55b2dc8d,Wilco Melissant,171,0,0,1.0,0.9583,True,False,False,2
5a79e3445542996c55b2dc8d,Lesley Selander,113,1,1,1.0,0.7222,True,False,False,2
5a79e3445542996c55b2dc8d,Lesley Selander,98,0,0,0.9412,0.6471,True,False,False,2
5ae7fc215542993210983ffd,Dennis Courtney,190,0,0,1.0,0.7037,True,False,False,3
5ae7fc215542993210983ffd,It Shoulda Been You,101,1,1,1.0,0.1176,True,False,False,21
5ade5c0b5542997c77adee12,Dave Gahan,190,0,0,0.8966,0.4828,True,False,False,29
5ade5c0b5542997c77adee12,Hahm Eun-jung,135,0,0,0.8696,0.4783,True,False,False,18
5adcd1a55542990d50227d3b,Model 1913 Cavalry Saber,181,0,0,1.0,0.375,True,False,False,16
5adcd1a55542990d50227d3b,George S. Patton,352,0,0,0.7143,0.2449,False,False,False,118
5ab55158554299488d4d9928,Barnstable Academy,178,0,0,0.8636,0.7273,True,False,False,2
5ab55158554299488d4d9928,"Bergen County, New Jersey",74,1,1,1.0,0.0769,True,False,False,112
5ade07e85542997dc790712f,Ernst John von Freyend,181,0,0,1.0,0.6333,True,False,False,3
5ade07e85542997dc790712f,Wilhelm Keitel,207,0,0,0.7714,0.2857,False,False,False,27
5ae3f0585542995ad6573cad,Raining Men (Rihanna song),105,0,0,0.8824,0.0588,True,False,False,11
5ae3f0585542995ad6573cad,Loud (Rihanna album),76,1,1,1.0,0.4286,True,False,False,32
5a810ff7554299260e20a229,With a Little Help from My Friends,190,0,0,0.871,0.1935,True,False,False,19
5a810ff7554299260e20a229,Paul McCartney,148,0,0,0.6667,0.3333,False,False,False,121
5add3ca55542997545bbbce4,Euphorbia deltoidea,38,1,1,1.0,0.25,True,True,False,2
5add3ca55542997545bbbce4,"Miami-Dade County, Florida",92,0,0,1.0,0.3333,True,False,False,82
5a7650a55542992db9473759,Robbie Coltrane,98,0,0,0.6875,0.0,False,False,False,23
5a7650a55542992db9473759,Robbie Coltrane,258,0,0,0.5294,0.0294,False,False,False,23
5a7650a55542992db9473759,Rubeus Hagrid,98,0,0,1.0,0.4118,True,False,False,44
5a85f3865542996432c57142,Khama Billiat,187,0,0,0.7037,0.2222,False,False,False,9
5a85f3865542996432c57142,Harare,185,0,0,0.6538,0.1923,False,False,False,88
5addffc05542995b365fabb2,Michigan Technological University,172,0,0,0.7,0.15,False,False,False,61
5addffc05542995b365fabb2,Michigan Technological University,186,0,0,0.6,0.08,False,False,False,61
5addffc05542995b365fabb2,All Nations University,70,1,1,1.0,0.4167,True,False,False,3
5addffc05542995b365fabb2,All Nations University,60,0,0,0.8889,0.5556,True,False,False,3
5ae217a7554299495565d9fd,Cisilia,149,0,1,1.0,1.0,True,False,False,1
5ae217a7554299495565d9fd,Hitlisten,115,0,0,0.7778,0.4444,False,False,False,21
5a7be2e9554299294a54ab47,Jane Urquhart,120,0,0,0.6667,0.0,False,False,False,17
5a7be2e9554299294a54ab47,Paul Éluard,161,0,0,1.0,0.5417,True,False,False,33
5adea7b455429975fa854f4d,Jack Bartholomew,96,1,1,1.0,0.5833,True,False,False,5
5adea7b455429975fa854f4d,Eric Morecambe,204,0,0,0.9032,0.3548,True,False,False,38
5add8ed25542997dc7907000,Dahlia,90,0,0,1.0,0.3571,True,False,False,54
5add8ed25542997dc7907000,Rondeletia (plant),66,1,1,1.0,0.5455,True,False,False,9
5a83fd2a5542990548d0b24b,Peter Theroux,134,1,1,1.0,0.4737,True,False,False,11
5a83fd2a5542990548d0b24b,Alexander Theroux,306,0,0,0.8571,0.6429,True,False,False,19
5a8a07895542992d82986e5c,Jenny McCarthy,115,0,1,1.0,0.2727,True,False,False,50
5a8a07895542992d82986e5c,BASEketball,243,0,0,1.0,0.6571,True,False,False,17
5ab54075554299637185c53e,"Canton, Kansas",60,1,1,1.0,0.3,True,False,False,21
5ab54075554299637185c53e,"McPherson County, Kansas",61,0,0,0.9091,0.4545,True,False,False,28
5a729b765542992359bc3136,Ratatouille (film),137,0,0,0.7222,0.2222,False,False,False,54
5a729b765542992359bc3136,The Best of Walt Disney's True-Life Adventures,216,1,1,1.0,0.4667,True,False,False,3
5ae122c95542997b2ef7d0f5,"Sunburg, Minnesota",84,0,0,0.25,0.0833,False,False,False,9
5ae122c95542997b2ef7d0f5,Lutefisk,209,0,0,0.48,0.04,False,False,False,20
5ae122c95542997b2ef7d0f5,Lutefisk,71,0,0,1.0,0.3636,True,False,False,20
5ac3a3e4554299657fa29106,From Here to Eternity,189,0,0,1.0,0.7308,True,False,False,42
5ac3a3e4554299657fa29106,Deborah Kerr,139,0,0,0.6842,0.1579,False,False,False,57
5a85d4d95542997175ce2052,Michael Clarke Duncan,157,0,0,0.9091,0.2727,True,False,False,17
5a85d4d95542997175ce2052,Armageddon (1998 film),152,0,0,1.0,0.55,True,False,False,27
5ae6dace5542996d980e7c99,Orange walk,149,0,0,0.8846,0.5,True,False,False,28
5ae6dace5542996d980e7c99,Battle of the Boyne,298,0,0,0.775,0.2,False,False,False,36
5adf9b3e554299025d62a2d9,Geranium,130,0,0,0.95,0.4,True,False,False,12
5adf9b3e554299025d62a2d9,Fouquieria,98,1,1,1.0,0.4286,True,False,False,6
5ac0a2c05542992a796ded43,Jonas Čepulis,172,0,0,0.72,0.44,False,False,False,3
5ac0a2c05542992a796ded43,George Foreman,97,0,0,1.0,0.4375,True,False,False,68
5a8322fc55429940e5e1a97b,Jake and the Never Land Pirates,256,0,0,0.8125,0.3125,True,False,False,45
5a8322fc55429940e5e1a97b,Peter and Wendy,214,0,0,0.9394,0.4242,True,False,False,62
5a7da4bc5542990b8f5039ef,Kkakdugi,73,0,0,1.0,0.25,True,False,False,13
5a7da4bc5542990b8f5039ef,Kkakdugi,163,0,0,0.5217,0.0435,False,False,False,13
5a7da4bc5542990b8f5039ef,Kkakdugi,74,0,1,1.0,0.5,True,False,False,13
5a7da4bc5542990b8f5039ef,Napa cabbage,45,0,0,0.8571,0.1429,True,False,False,43
5ab3c38155429969a97a81b5,The Dam Short Film Festival,114,1,1,1.0,0.4375,True,False,False,4
5ab3c38155429969a97a81b5,"Boulder City, Nevada",47,0,0,1.0,0.125,True,False,False,40
5ac4b636554299076e296dd8,Gus: The Theatre Cat,96,1,1,1.0,0.3684,True,False,False,9
5ac4b636554299076e296dd8,Old Possum's Book of Practical Cats,161,0,0,1.0,0.5652,True,False,False,12
5ae48b095542995ad6573d6a,2015–16 Missouri Tigers women's basketball team,60,1,1,1.0,1.0,True,False,False,1
5ae48b095542995ad6573d6a,Robin Pingeton,69,1,1,1.0,0.6154,True,False,False,3
5a72ce735542991f9a20c5a1,Laura Slade Wiggins,103,0,0,0.7857,0.5714,False,False,False,5
5a72ce735542991f9a20c5a1,Laura Slade Wiggins,106,0,1,1.0,0.5625,True,False,False,5
5a72ce735542991f9a20c5a1,Rings (2017 film),265,0,0,0.9737,0.5263,True,False,False,22
5ac48bb05542995c82c4ad60,The Other Side of AIDS,67,0,0,0.9231,0.3077,True,False,False,10
5ac48bb05542995c82c4ad60,Salesman (1969 film),153,0,0,1.0,0.4545,True,False,False,13
5a8cd99c554299441c6b9f24,Count's 77,54,1,1,1.0,0.25,True,False,False,10
5a8cd99c554299441c6b9f24,Count's 77,119,0,0,1.0,0.3889,True,False,False,10
5a8cd99c554299441c6b9f24,Count's 77,133,1,1,1.0,0.5,True,False,False,10
5a8cd99c554299441c6b9f24,Counting Cars,109,0,0,1.0,0.0,False,False,False,10
5ab37a7255429969a97a8158,Derrick Gray,82,1,1,1.0,1.0,True,False,False,1
5ab37a7255429969a97a8158,Derrick Gray,72,1,1,1.0,1.0,True,False,False,1
5ab37a7255429969a97a8158,Oakland Raiders,96,0,0,0.6667,0.0,False,False,False,59
5ae0075a55429925eb1afbea,Ronnie Radke,139,0,0,0.8,0.1,True,False,False,29
5ae0075a55429925eb1afbea,Ronnie Radke,212,0,0,0.5833,0.0833,False,False,False,29
5ae0075a55429925eb1afbea,Falling in Reverse,117,0,0,0.7368,0.2632,False,False,False,43
5a7520015542996c70cfae8c,Jang Hoon,119,0,1,1.0,0.6111,True,False,False,6
5a7520015542996c70cfae8c,Rough Cut (2008 film),17,1,1,1.0,0.3333,True,True,False,9
5a7612f35542994ccc9186b9,Obi-Wan Kenobi,232,0,0,1.0,0.4286,True,False,False,50
5a7612f35542994ccc9186b9,Ewan McGregor,110,0,0,0.7059,0.1765,False,False,False,39
5a7612f35542994ccc9186b9,Ewan McGregor,108,0,0,0.6875,0.0625,False,False,False,39
5ab7cc5e55429928e1fe3909,Song of the South,130,0,0,1.0,0.3182,True,False,False,66
5ab7cc5e55429928e1fe3909,Song of the South,128,0,0,0.95,0.25,True,False,False,66
5ab7cc5e55429928e1fe3909,James Baskett,200,0,0,0.8788,0.3939,True,False,False,8
5ab7cc5e55429928e1fe3909,James Baskett,171,0,0,0.48,0.04,False,False,False,8
5ab9757855429970cfb8eb0e,Where Is Everybody?,85,0,0,1.0,0.4545,True,False,False,12
5ab9757855429970cfb8eb0e,The Twilight Zone,210,0,0,1.0,0.56,True,False,False,54
5ab4310355429942dd415ecb,Earl Haig Memorial,148,0,0,1.0,0.45,True,False,False,3
5ab4310355429942dd415ecb,"Douglas Haig, 1st Earl Haig",153,0,0,0.8333,0.25,True,False,False,162
5ac3e8d5554299076e296cce,The Mystery of the Pink Pearl,108,0,1,1.0,0.6471,True,False,False,3
5ac3e8d5554299076e296cce,Satyajit Ray,122,0,0,0.5263,0.0,False,False,False,83
5a8b298d5542997f31a41c8b,David Marius Guardino,169,0,0,0.7778,0.4444,False,False,False,32
5a8b298d5542997f31a41c8b,Graceland,32,0,0,0.6667,0.1667,False,True,False,57
5a8a73725542996c9b8d5eed,Awesome as Fuck,140,0,0,0.9474,0.1053,True,False,False,3
5a8a73725542996c9b8d5eed,Green Day,130,0,0,0.9545,0.3182,True,False,False,67
5a7ce79e554299683c1c63d1,Andy Linden (actor),148,0,0,0.875,1.0,True,False,False,1
5a7ce79e554299683c1c63d1,Harry Potter and the Deathly Hallows – Part 1,141,0,0,0.7727,0.0909,False,False,False,56
5ae768b75542997b22f6a738,Methods to End It All,255,1,1,1.0,0.7105,True,False,False,27
5ae768b75542997b22f6a738,Opeth,67,0,0,0.75,0.0,False,False,False,42
5ae46f6855429970de88d95a,Hans Wilhelm König,157,0,0,0.4643,0.1071,False,False,False,6
5ae46f6855429970de88d95a,Josef Mengele,157,0,0,0.9565,0.3478,True,False,False,37
5a7b70225542997c3ec9717a,2011 Northern Ireland riots,50,1,1,1.0,0.25,True,False,False,12
5a7b70225542997c3ec9717a,Ulster Volunteer Force,60,0,0,1.0,0.3,True,False,False,82
5adf3b915542992d7e9f92fc,The Minimalists,127,0,0,0.5,0.05,False,False,False,33
5adf3b915542992d7e9f92fc,"Philipsburg, Montana",87,1,1,1.0,0.4286,True,False,False,16
5a7985a2554299148911fa33,Celedonio Calatayud,208,0,0,1.0,1.0,True,False,False,1
5a7985a2554299148911fa33,Wilhelm Röntgen,313,0,0,0.9333,0.5333,True,False,False,20
5a80939b5542996402f6a56e,Chammak Challo,155,0,0,1.0,0.3462,True,False,False,13
5a80939b5542996402f6a56e,Chammak Challo,88,0,0,0.6364,0.1818,False,False,False,13
5a80939b5542996402f6a56e,Hamsika Iyer,87,0,0,0.7857,0.4286,False,False,False,6
5a8b589a5542995d1e6f1375,2003 PGA Tour,65,0,0,0.5833,0.3333,False,False,False,2
5a8b589a5542995d1e6f1375,2003 PGA Tour,84,0,0,0.1429,0.0,False,False,False,2
5a8b589a5542995d1e6f1375,Tiger Woods,140,0,0,0.8636,0.4091,True,False,False,85
5ae78d09554299540e5a55f4,Incubus (1966 film),192,0,0,1.0,0.6897,True,False,False,13
5ae78d09554299540e5a55f4,American Beauty (1999 film),94,0,0,1.0,0.4,True,False,False,80
5a7b5e215542992d025e6828,Lo que el tiempo nos dejó,178,0,0,0.8276,1.0,True,False,False,1
5a7b5e215542992d025e6828,History of Argentina,274,0,0,0.875,0.5312,True,False,False,184
5a7deb6d5542995f4f402307,Swami Ramanand,75,0,0,1.0,0.5833,True,False,False,4
5a7deb6d5542995f4f402307,Ayodhya,153,0,0,0.7391,0.1304,False,False,False,50
5adde48c5542990dbb2f7ee9,Root Beer Rag,77,0,0,0.9286,0.5714,True,False,False,7
5adde48c5542990dbb2f7ee9,Billy Joel,84,0,0,1.0,0.4286,True,False,False,102
5a88ce28554299206df2b36f,Dancing in the Dark (Rihanna song),112,0,1,1.0,0.1667,True,False,False,4
5a88ce28554299206df2b36f,Home (2015 film),152,0,0,0.8636,0.4091,True,False,False,25
5adbf2dd55429944faac23c9,Free Bird Innovations,124,1,1,1.0,0.6667,True,False,False,5
5adbf2dd55429944faac23c9,Free Bird Innovations,205,1,1,1.0,0.5833,True,False,False,5
5adbf2dd55429944faac23c9,"Detroit Lakes, Minnesota",87,0,0,0.9286,0.0714,True,False,False,45
5a73b34955429978a71e9080,2012–13 Blackpool F.C. season,76,1,1,1.0,0.3571,True,False,False,55
5a73b34955429978a71e9080,Tom Ince,192,0,0,0.7857,0.3571,False,False,False,35
5abb094f5542992ccd8e7ec9,John Powell (film composer),324,0,0,0.6364,0.1591,False,False,False,12
5abb094f5542992ccd8e7ec9,Shrek,210,0,0,0.9429,0.3429,True,False,False,51
5abb094f5542992ccd8e7ec9,Shrek,192,0,0,0.5517,0.1034,False,False,False,51
5a90628a5542995b442420a8,Lil Debbie,221,0,1,1.0,0.4865,True,False,False,6
5a90628a5542995b442420a8,Riff Raff (rapper),161,0,0,0.88,0.4,True,False,False,29
5ae1eceb5542997283cd22f8,Andy Holt (Hollyoaks),119,0,0,1.0,0.7368,True,False,False,8
5ae1eceb5542997283cd22f8,Warren Brown (actor),295,0,0,0.6087,0.3478,False,False,False,11
5a7b189855429927d897bf38,Revelation Theory (EP),132,1,1,1.0,1.0,True,False,False,1
5a7b189855429927d897bf38,Rev Theory,121,1,1,1.0,0.5294,True,False,False,25
5a73fa6b5542993a88ae2ed3,Unapologetic,69,1,1,1.0,0.3,True,False,False,45
5a73fa6b5542993a88ae2ed3,Unapologetic,109,0,0,1.0,0.2941,True,False,False,45
5a73fa6b5542993a88ae2ed3,Unapologetic,209,0,0,0.9355,0.2581,True,False,False,45
5a73fa6b5542993a88ae2ed3,Talk That Talk,172,0,1,1.0,0.4615,True,False,False,42
5aba56ba5542994dbf0198e3,Tetteh Quarshie Interchange,201,1,1,1.0,0.6667,True,False,False,5
5aba56ba5542994dbf0198e3,Accra,117,0,0,0.5,0.0,False,False,False,105
5a7db7bc5542990b8f503a3b,Ak Orda Presidential Palace,182,0,0,0.7895,0.5263,False,False,False,4
5a7db7bc5542990b8f503a3b,Astana,66,0,0,0.875,0.0,False,False,False,75
5ab7b85d55429928e1fe38a1,Odd Future,82,0,0,0.9231,0.2308,True,False,False,28
5ab7b85d55429928e1fe38a1,Loiter Squad,200,0,0,0.9667,0.4333,True,False,False,7
5a7e976d5542994959419a1a,Adjen Kotoku,94,1,1,1.0,1.0,True,False,False,1
5a7e976d5542994959419a1a,Ga West Municipal District,110,0,0,0.5625,0.0625,False,False,False,2
5abbd1115542993f40c73bb2,Jaguar Cars,231,0,0,0.6875,0.1562,False,False,False,67
5abbd1115542993f40c73bb2,Jaguar Land Rover,238,0,0,0.7857,0.2143,False,False,False,33
5ac3ae9d5542995ef918c1e8,I Pretend,58,0,0,1.0,0.25,True,False,False,4
5ac3ae9d5542995ef918c1e8,I Pretend,148,0,0,0.7083,0.3333,False,False,False,4
5ac3ae9d5542995ef918c1e8,Des O'Connor,86,0,0,1.0,0.6,True,False,False,28
5a8b1dfd5542996c9b8d5fa7,Mohamed A. El-Erian,138,0,0,0.8636,0.3636,True,False,False,27
5a8b1dfd5542996c9b8d5fa7,Mohamed A. El-Erian,165,0,0,0.9231,0.3846,True,False,False,27
5a8b1dfd5542996c9b8d5fa7,Allianz,91,0,0,0.9167,0.1667,True,False,False,65
5abb08795542996cc5e49f5d,Farallon Capital,43,0,0,0.8889,0.0,False,False,False,16
5abb08795542996cc5e49f5d,Tom Steyer,142,0,0,0.9474,0.6842,True,False,False,56
5a78e60755429974737f78f7,Nathan Chapman (record producer),86,1,1,1.0,0.6,True,False,False,3
5a78e60755429974737f78f7,Nathan Chapman (record producer),138,0,0,1.0,0.5789,True,False,False,3
5a78e60755429974737f78f7,Red (Taylor Swift album),74,1,1,1.0,0.3333,True,False,False,39
5a78e60755429974737f78f7,Red (Taylor Swift album),117,0,0,0.7727,0.0455,False,False,False,39
5a85b4455542994c784ddb52,Southern Gothic (album),89,1,1,1.0,1.0,True,False,False,1
5a85b4455542994c784ddb52,Southern Gothic (album),101,0,1,1.0,1.0,True,False,False,1
5a85b4455542994c784ddb52,Horrible Bosses,181,0,0,0.92,0.36,True,False,False,40
5ae69ba35542996d980e7c55,Erdoitza Goikoetxea,174,0,0,1.0,1.0,True,False,False,1
5ae69ba35542996d980e7c55,Bilbao,144,0,0,0.9444,0.2222,True,False,False,117
5adcc408554299473435378f,The Youngest Profession,99,1,1,1.0,0.8667,True,False,False,3
5adcc408554299473435378f,William Powell,77,0,0,1.0,0.5385,True,False,False,15
5a7d263b554299452d57bb26,Hit-Boy,169,0,0,0.8889,0.5185,True,False,False,11
5a7d263b554299452d57bb26,Hit-Boy,297,0,0,0.6047,0.093,False,False,False,11
5a7d263b554299452d57bb26,Niggas in Paris,73,0,0,0.8,0.2,True,False,False,20
5ab3b6125542992ade7c6e53,Mike Morasky,146,0,0,0.9545,0.4091,True,False,False,17
5ab3b6125542992ade7c6e53,Valve Corporation,125,0,0,1.0,0.5,True,False,False,56
5ae777425542997b22f6a786,Bear Island (film),129,1,1,1.0,0.3333,True,False,False,30
5ae777425542997b22f6a786,Vanessa Redgrave,93,0,0,0.8125,0.375,True,False,False,57
5adf4d975542993a75d264b1,Maps and Legends,130,1,1,1.0,0.4286,True,False,False,11
5adf4d975542993a75d264b1,Michael Chabon,66,0,0,1.0,0.5,True,False,False,66
5ae39ec85542991a06ce9a00,Otto Neumann (artist),98,0,0,1.0,0.6667,True,False,False,16
5ae39ec85542991a06ce9a00,Expressionism,134,0,0,0.8333,0.1667,True,False,False,47
5ab30da5554299233954feea,Frederick Detrick,235,1,1,1.0,0.4242,True,False,False,5
5ab30da5554299233954feea,Fort Detrick,97,0,0,0.9286,0.2857,True,False,False,48
5ab30da5554299233954feea,Fort Detrick,97,0,0,0.8667,0.2,True,False,False,48
5a76bf0c554299373536019a,Herricks Union Free School District,128,0,0,0.8947,0.3684,True,False,False,8
5a76bf0c554299373536019a,Herricks Union Free School District,201,0,0,1.0,0.76,True,False,False,8
5a76bf0c554299373536019a,"Searingtown, New York",89,0,0,1.0,0.5,True,False,False,23
5a76bf0c554299373536019a,"Searingtown, New York",44,1,1,1.0,0.375,True,False,False,23
5a844dd1554299123d8c21f2,Oxford City FC of Texas,97,1,1,1.0,0.4,True,False,False,4
5a844dd1554299123d8c21f2,"Beaumont, Texas",157,0,0,1.0,0.35,True,False,False,77
5a844dd1554299123d8c21f2,"Beaumont, Texas",219,0,0,0.625,0.1875,False,False,False,77
5adc94695542990d50227cab,Bathory (band),118,0,0,0.8421,0.1579,True,False,False,15
5adc94695542990d50227cab,Elizabeth Báthory,377,0,0,0.6818,0.3182,False,False,False,35
5adc389d554299438c868d7b,Konstantin Orbelyan,231,0,0,0.9091,0.6818,True,False,False,3
5adc389d554299438c868d7b,Haig P. Manoogian,209,0,0,0.9091,0.6364,True,False,False,2
5ab56f9a554299637185c59b,Jin Ji-hee,303,0,0,0.9024,1.0,True,False,False,1
5ab56f9a554299637185c59b,Hansel and Gretel (2007 film),81,0,0,1.0,0.5333,True,False,False,19
5ac154af5542994d76dccdd7,Cedarlawn Cemetery,70,1,1,1.0,1.0,True,False,False,1
5ac154af5542994d76dccdd7,"Philadelphia, Mississippi",44,0,0,0.75,0.0,False,False,False,20
5a78c18555429974737f7870,Hits of the 50's,83,0,0,0.9333,0.4667,True,False,False,2
5a78c18555429974737f7870,Hits of the 50's,141,0,0,0.88,0.48,True,False,False,2
5a78c18555429974737f7870,Sam Cooke,116,0,0,0.8824,0.5294,True,False,False,51
5abf7f6a5542994516f454b7,Charles Gray (musician),99,1,1,1.0,0.7778,True,False,False,3
5abf7f6a5542994516f454b7,"Orange County, California",58,0,0,1.0,0.0909,True,False,False,137
5a90b75c5542990a984936c4,Southwest Harbor Public Library,90,0,0,0.625,0.125,False,False,False,2
5a90b75c5542990a984936c4,"Southwest Harbor, Maine",76,0,0,0.8462,0.2308,True,False,False,15
5a7527a855429916b0164278,"Sumner County, Kansas",90,1,1,1.0,0.4,True,False,False,15
5a7527a855429916b0164278,"Wellington, Kansas",84,1,1,1.0,0.3571,True,False,False,20
5ac12776554299294b2190bd,Éxitos y Recuerdos,174,0,0,0.8519,1.0,True,False,False,1
5ac12776554299294b2190bd,Selena,155,0,0,0.7273,0.3636,False,False,False,77
5ac12776554299294b2190bd,Selena,164,0,0,1.0,0.3333,True,False,False,77
5ae191cf5542997b2ef7d201,Charlie Lowery,149,0,0,0.9524,1.0,True,False,False,1
5ae191cf5542997b2ef7d201,Charlie Lowery,51,1,1,1.0,1.0,True,False,False,1
5ae191cf5542997b2ef7d201,Milwaukee Bucks,100,0,0,0.9167,0.1667,True,False,False,93
5ae191cf5542997b2ef7d201,Milwaukee Bucks,82,0,0,0.8571,0.0714,True,False,False,93
5ab69d9f554299710c8d1eec,Agwé,202,0,0,0.6452,0.4194,False,False,False,16
5ab69d9f554299710c8d1eec,Erzulie,84,0,0,0.5714,0.0714,False,False,False,33
5a8108995542995ce29dcba1,Moe Szyslak,114,1,1,1.0,0.4,True,False,False,15
5a8108995542995ce29dcba1,Simpsons Roasting on an Open Fire,145,0,0,0.7391,0.1304,False,False,False,22
5ab24e56554299449642c86a,A Brief History of Time,162,0,0,0.8,0.12,True,False,False,56
5ab24e56554299449642c86a,Stephen Hawking,238,0,0,0.7667,0.3667,False,False,False,102
5a8db568554299653c1aa143,Ok Taec-yeon,142,1,1,1.0,0.6667,True,False,False,32
5a8db568554299653c1aa143,Ok Taec-yeon,56,0,0,0.8182,0.2727,True,False,False,32
5a8db568554299653c1aa143,2PM,78,1,1,1.0,0.3636,True,False,False,37
5a8db568554299653c1aa143,2PM,63,0,0,0.6364,0.0909,False,False,False,37
5ac3ff9f5542997ea680c9ab,The Magic Carpet (film),104,1,1,1.0,0.5882,True,False,False,5
5ac3ff9f5542997ea680c9ab,The Magic Carpet (film),127,0,0,1.0,0.7,True,False,False,5
5ac3ff9f5542997ea680c9ab,Raymond Burr,181,0,0,0.8929,0.3929,True,False,False,59
5ae663815542996d980e7b41,Imagine Peace Tower,203,0,0,0.8571,0.5714,True,False,False,7
5ae663815542996d980e7b41,Imagine Peace Tower,111,0,0,1.0,0.5789,True,False,False,7
5ae663815542996d980e7b41,Imagine (John Lennon song),289,0,0,0.5556,0.1111,False,False,False,36
5a75d1f75542992d0ec05ffb,Girls in Their Summer Clothes,113,0,1,1.0,0.3889,True,False,False,8
5a75d1f75542992d0ec05ffb,Bruce Springsteen,326,0,0,0.4444,0.0667,False,False,False,112
5a88f239554299206df2b3ce,A Prairie Home Companion,107,0,0,0.9412,0.2941,True,False,False,56
5a88f239554299206df2b3ce,A Prairie Home Companion,78,0,0,0.8571,0.1429,True,False,False,56
5a88f239554299206df2b3ce,Lake Wobegon,147,0,0,0.8182,0.4091,True,False,False,37
5a732e4c5542992359bc3268,Klaus Bietenholz,153,0,0,0.68,0.56,False,False,False,5
5a732e4c5542992359bc3268,Paul Klee,383,0,0,1.0,0.64,True,False,False,81
5ac2a872554299657fa29006,Stay (Sugarland song),229,0,1,1.0,0.6667,True,False,False,9
5ac2a872554299657fa29006,Our Song (Taylor Swift song),138,0,0,0.913,0.1304,True,False,False,21
5adbeafb55429944faac23bd,Bad Rock Canyon,80,0,0,0.8667,0.4,True,False,False,5
5adbeafb55429944faac23bd,"Columbia Falls, Montana",88,0,0,0.7333,0.2667,False,False,False,26
5adbeafb55429944faac23bd,"Columbia Falls, Montana",44,0,0,1.0,0.375,True,False,False,26
5a8afdce55429971feec45d2,The Boxing Mirror,249,1,1,1.0,0.9722,True,False,False,3
5a8afdce55429971feec45d2,The Velvet Underground,222,0,0,0.9688,0.4375,True,False,False,62
5a79e5765542994bb9457139,Flippity and Flop,81,1,1,1.0,0.6667,True,False,False,2
5a79e5765542994bb9457139,Sylvester the Cat,157,0,0,1.0,0.625,True,False,False,48
5a77c60f5542995d831812c1,Oamo Culbreath,144,0,0,0.85,1.0,True,False,False,1
5a77c60f5542995d831812c1,"Kingston, Ontario",46,0,0,0.875,0.0,False,False,False,117
5a78add2554299078472772d,William T. Dzurilla,96,1,1,1.0,0.2105,True,False,False,10
5a78add2554299078472772d,Byron White,179,0,0,0.8519,0.4074,True,False,False,43
5a8a64a95542996c9b8d5eca,Donald Sawyer,78,1,1,1.0,1.0,True,False,False,1
5a8a64a95542996c9b8d5eca,Valeria Sarmiento,93,0,0,1.0,0.5714,True,False,False,6
5a88a0915542997e5c09a641,Adrian Pracon,202,0,0,1.0,0.5714,True,False,False,3
5a88a0915542997e5c09a641,Anders Behring Breivik,197,0,0,0.9091,0.4242,True,False,False,125
5ac44dc55542995c82c4ad23,First Position,51,1,1,1.0,0.25,True,False,False,5
5ac44dc55542995c82c4ad23,First Position,187,1,1,1.0,0.6875,True,False,False,5
5ac44dc55542995c82c4ad23,Michaela DePrince,182,0,1,1.0,0.5,True,False,False,11
5addf19f5542995b365fab95,Ohio State Route 320,170,0,0,0.8889,0.2222,True,False,False,5
5addf19f5542995b365fab95,Interstate 70 in Ohio,98,0,0,0.8824,0.2353,True,False,False,15
5ae3b5d75542992f92d8234c,West Montgomery Avenue Historic District,127,1,1,1.0,0.3571,True,False,False,2
5ae3b5d75542992f92d8234c,"Rockville, Maryland",150,0,0,0.6818,0.2273,False,False,False,41
5a90224855429933b8a20483,Aillen,132,1,1,1.0,0.8261,True,False,False,4
5a90224855429933b8a20483,Aillen,45,1,1,1.0,0.7143,True,False,False,4
5a90224855429933b8a20483,Fionn mac Cumhaill,270,0,0,0.5455,0.1515,False,False,False,48
5ab8af3c55429916710eb0ac,Skin (Rihanna song),98,0,1,1.0,0.4375,True,False,False,11
5ab8af3c55429916710eb0ac,Loud Tour,59,0,0,0.8889,0.1111,True,False,False,15
5a85dc3c5542994c784ddb98,Omar Fadel,97,0,0,0.75,0.25,False,False,False,6
5a85dc3c5542994c784ddb98,Omar Fadel,165,0,0,0.9583,0.5833,True,False,False,6
5a85dc3c5542994c784ddb98,The Dictator (2012 film),112,0,1,1.0,0.4118,True,False,False,31
5ae71ca4554299572ea546f2,Paulo Coelho,65,0,0,0.6364,0.0909,False,False,False,14
5ae71ca4554299572ea546f2,The Alchemist (novel),122,0,0,0.8947,0.3684,True,False,False,15
5ac3e0305542991943173885,Louis-Philippe Dalembert,105,0,0,0.9444,0.2778,True,False,False,16
5ac3e0305542991943173885,Port-au-Prince,104,0,0,0.8125,0.1875,True,False,False,54
5ac132d35542994d76dccdbc,Charles Clay (American football),36,0,0,1.0,0.1667,True,True,False,15
5ac132d35542994d76dccdbc,Charles Clay (American football),94,0,0,1.0,0.0,False,False,False,15
5ac132d35542994d76dccdbc,Tulsa Golden Hurricane football,58,0,0,0.7,0.1,False,False,False,16
5ae5e2535542996de7b71a5d,Confrontation at Concordia,170,1,1,1.0,0.68,True,False,False,13
5ae5e2535542996de7b71a5d,Benjamin Netanyahu,99,0,0,0.8667,0.3333,True,False,False,158
5ac23d7e55429951e9e684c0,"Lincoln County, Kansas",51,0,0,1.0,0.1111,True,False,False,11
5ac23d7e55429951e9e684c0,"Lincoln Center, Kansas",53,0,0,1.0,0.2,True,False,False,16
5ae188e65542997b2ef7d1f2,Eric Christoffersen of Denmark,42,1,1,1.0,0.375,True,False,False,3
5ae188e65542997b2ef7d1f2,House of Estridsen,144,0,0,0.8889,0.3889,True,False,False,53
5a7a1d395542990198eaf08a,Fantastic Beasts and Where to Find Them (film),87,0,0,1.0,0.3125,True,False,False,51
5a7a1d395542990198eaf08a,Ezra Miller,78,0,0,0.9231,0.0,False,False,False,32
5a74610355429979e2882930,Adam Streisand,521,0,0,0.9275,0.5797,True,False,False,32
5a74610355429979e2882930,Anna Nicole Smith,157,0,0,0.913,0.5217,True,False,False,40
5a74610355429979e2882930,Anna Nicole Smith,96,0,0,0.7333,0.2667,False,False,False,40
5ae0f681554299422ee9957f,Indian Independence Medal,91,0,0,0.8571,0.2857,True,False,False,4
5ae0f681554299422ee9957f,George VI,194,0,0,1.0,0.5185,True,False,False,40
5ab4ed105542991779162d25,Metro Red Line (Minnesota),179,0,0,0.8333,0.1667,True,False,False,17
5ab4ed105542991779162d25,Metro Red Line (Minnesota),218,0,0,0.5,0.0,False,False,False,17
5ab4ed105542991779162d25,Mall of America,149,0,0,0.6667,0.1905,False,False,False,37
5ab4ed105542991779162d25,Mall of America,183,0,0,0.95,0.55,True,False,False,37
5a8f741a5542997ba9cb326d,The Maze of Bones,131,1,1,1.0,0.6,True,False,False,14
5a8f741a5542997ba9cb326d,The 39 Clues,325,1,1,1.0,0.6739,True,False,False,90
5a8f741a5542997ba9cb326d,The 39 Clues,136,0,0,0.8824,0.4118,True,False,False,90
5a813fb855429903bc27b95c,Sharon Nazarian,84,1,1,1.0,0.6364,True,False,False,12
5a813fb855429903bc27b95c,Sam Nazarian,63,1,1,1.0,0.4545,True,False,False,7
5aba8b0955429955dce3ee7c,Milton Hebald,112,1,1,1.0,0.6111,True,False,False,10
5aba8b0955429955dce3ee7c,Milton Hebald,176,1,1,1.0,0.375,True,False,False,10
5aba8b0955429955dce3ee7c,Port Authority of New York and New Jersey,113,0,0,0.7895,0.0526,False,False,False,57
5ae3ff1b5542996836b02c0a,Charles Guilfoyle Doran,173,1,1,1.0,0.4348,True,False,False,9
5ae3ff1b5542996836b02c0a,Fenian Brotherhood,41,1,1,1.0,0.3333,True,False,False,40
5ae1fb955542997283cd2305,Fulshaw Hall,108,0,0,0.6667,0.0667,False,False,False,27
5ae1fb955542997283cd2305,Accrington brick,165,0,0,0.96,0.56,True,False,False,11
5ab6a93c554299710c8d1f32,"Cheval Blanc, St Barths",266,0,1,1.0,1.0,True,False,False,1
5ab6a93c554299710c8d1f32,Ryan Seacrest,80,0,0,0.75,0.0625,False,False,False,33
5abb0ad45542992ccd8e7ed3,Good Will Hunting,165,0,0,0.963,0.4815,True,False,False,33
5abb0ad45542992ccd8e7ed3,Robin Williams,136,0,0,0.5909,0.0909,False,False,False,74
5a7da0165542990b8f5039d2,At 89,98,0,0,0.9412,0.6471,True,False,False,6
5a7da0165542990b8f5039d2,Pete Seeger,94,1,1,1.0,0.5,True,False,False,96
5ab2fb7d55429976abd1bbec,A Very Murray Christmas,156,1,1,1.0,0.4,True,False,False,10
5ab2fb7d55429976abd1bbec,Bill Murray,90,0,0,0.9286,0.5,True,False,False,61
5ae00768554299025d62a3ac,Matt Hannaford,204,0,0,0.4375,0.0312,False,False,False,8
5ae00768554299025d62a3ac,Joey Votto,151,1,1,1.0,0.5,True,False,False,62
5a87782e5542993e715abf54,Billy Houghton,164,1,1,1.0,1.0,True,False,False,1
5a87782e5542993e715abf54,Watford F.C.,186,0,0,0.6842,0.1053,False,False,False,47
5ab2b1f5554299545a2cfa07,"Looking Good, Feeling Gorgeous",82,0,1,1.0,0.6429,True,False,False,6
5ab2b1f5554299545a2cfa07,RuPaul,171,0,0,0.6522,0.2174,False,False,False,48
5adfbcb8554299603e41839a,2011 Pittsburg State Gorillas football team,38,1,1,1.0,1.0,True,True,False,1
5adfbcb8554299603e41839a,"Tim Beck (American football, born 1964)",81,0,0,0.9286,1.0,True,False,False,1
5a7170575542994082a3e832,Cars (franchise),77,0,0,1.0,0.1818,True,False,False,58
5a7170575542994082a3e832,Planes (film),134,0,0,0.9,0.3,True,False,False,30
5a7c42965542996dd594b8f6,Mavin Records,160,0,0,0.6429,0.0,False,False,False,6
5a7c42965542996dd594b8f6,Korede Bello,115,0,0,1.0,0.5909,True,False,False,9
5ae4c5e255429913cc204501,Pacific Standard,240,0,0,0.6897,0.1724,False,False,False,11
5ae4c5e255429913cc204501,"Santa Barbara, California",399,0,0,0.3019,0.0189,False,False,False,113
5aba642e55429939ce03dcc1,Dangdang,148,1,1,1.0,0.75,True,False,False,10
5aba642e55429939ce03dcc1,JD.com,125,0,0,1.0,0.55,True,False,False,25
5a84089c5542992ef85e2395,"Montgomery Ward Building (Burlington, Vermont)",217,1,1,1.0,0.3333,True,False,False,4
5a84089c5542992ef85e2395,Church Street Marketplace,192,1,1,1.0,0.5417,True,False,False,11
5a84089c5542992ef85e2395,Church Street Marketplace,132,1,1,1.0,0.3333,True,False,False,11
5ab58bfb5542997d4ad1f177,Shingo Takeyama,130,0,0,0.375,1.0,False,False,False,1
5ab58bfb5542997d4ad1f177,Nagoya,77,0,0,0.9167,0.3333,True,False,False,97
5a77f1cc55429949eeb29fbb,What the Water Gave Me (song),139,0,0,1.0,0.3478,True,False,False,13
5a77f1cc55429949eeb29fbb,What the Water Gave Me (painting),121,0,1,1.0,0.4783,True,False,False,15
5aba061655429939ce03dc57,"Perry, Maine",95,1,1,1.0,0.5,True,False,False,12
5aba061655429939ce03dc57,"Perry, Maine",53,0,0,0.8,0.0,False,False,False,12
5aba061655429939ce03dc57,"Washington County, Maine",101,0,0,0.8333,0.2222,True,False,False,17
5abcb387554299700f9d792e,D. G. Hathiramani,89,1,1,1.0,0.6154,True,False,False,3
5abcb387554299700f9d792e,Accra,117,0,0,0.5,0.0,False,False,False,105
5a81ff8d554299676cceb1c5,Ewelina Hańska,162,0,0,0.7931,0.3448,False,False,False,49
5a81ff8d554299676cceb1c5,Honoré de Balzac,140,0,1,1.0,0.4783,True,False,False,73
5ae4ee495542993aec5ec0f3,Another Round (group),139,0,0,0.8571,0.3333,True,False,False,10
5ae4ee495542993aec5ec0f3,Straight No Chaser (group),107,0,0,0.9375,0.25,True,False,False,17
5ae4ee495542993aec5ec0f3,Straight No Chaser (group),169,0,0,0.9286,0.2857,True,False,False,17
5a7437f955429929fddd83f1,Randy Van Horne,210,0,0,1.0,0.3462,True,False,False,10
5a7437f955429929fddd83f1,Top Cat,185,0,0,0.7941,0.2941,False,False,False,53
5ae664dc5542996d980e7b49,"Good Kid, M.A.A.D City",121,0,0,1.0,0.2778,True,False,False,40
5ae664dc5542996d980e7b49,Section.80,127,0,0,1.0,0.2778,True,False,False,13
5a885a98554299206df2b234,April 9th (film),113,0,0,0.9,0.35,True,False,False,7
5a885a98554299206df2b234,Lars Mikkelsen,411,0,0,0.7593,0.2407,False,False,False,6
5a7f88815542994857a7676c,Alex Castellanos,82,0,0,0.9091,0.3636,True,False,False,14
5a7f88815542994857a7676c,Alex Castellanos,125,1,1,1.0,0.4737,True,False,False,14
5a7f88815542994857a7676c,Bob Dole,215,0,0,0.8182,0.2727,True,False,False,85
5a7f88815542994857a7676c,Bob Dole,153,0,0,0.9286,0.0714,True,False,False,85
5a8257cf55429966c78a6a00,Roxanne Quimby,224,0,0,0.9032,0.6129,True,False,False,8
5a8257cf55429966c78a6a00,Burt Shavitz,201,0,0,1.0,0.6333,True,False,False,5
5ab78a9a5542995dae37e950,Clover Mountains Wilderness,160,0,0,0.9091,0.5,True,False,False,6
5ab78a9a5542995dae37e950,"Lincoln County, Nevada",48,0,0,1.0,0.2222,True,False,False,15
5ab64f3855429953192ad2bd,John Q.,97,0,0,0.9375,0.5,True,False,False,15
5ab64f3855429953192ad2bd,Denzel Washington,241,0,0,0.6857,0.0,False,False,False,40
5ab579bb5542992aa134a329,In Decay,32,0,0,0.75,0.0,False,True,False,9
5ab579bb5542992aa134a329,In Decay,179,0,0,0.963,0.2222,True,False,False,9
5ab579bb5542992aa134a329,Com Truise,91,0,0,0.8571,0.4286,True,False,False,9
5ab346a455429976abd1bc81,"Friday Night Lights: A Town, a Team, and a Dream",103,1,1,1.0,0.4444,True,False,False,37
5ab346a455429976abd1bc81,"Friday Night Lights: A Town, a Team, and a Dream",158,1,1,1.0,0.3043,True,False,False,37
5ab346a455429976abd1bc81,"Odessa, Texas",78,1,1,1.0,0.1429,True,False,False,38
5a90aeda5542990a98493699,Riverport Railroad,148,0,0,0.7368,0.5263,False,False,False,4
5a90aeda5542990a98493699,Savanna Army Depot,101,1,1,1.0,1.0,True,False,False,1
5a762c36554299109176e6a0,Helen Francis Hood,151,1,1,1.0,1.0,True,False,False,1
5a762c36554299109176e6a0,"Chelsea, Massachusetts",124,0,0,1.0,0.3889,True,False,False,57
5ade15705542997545bbbe45,"Toole County, Montana",26,1,1,1.0,0.4,True,True,False,9
5ade15705542997545bbbe45,"Shelby, Montana",44,0,0,1.0,0.25,True,False,False,24
5ab2a0ef554299295394677a,Taskmaster (TV series),258,0,0,0.5429,0.0571,False,False,False,32
5ab2a0ef554299295394677a,Greg Davies,42,0,0,1.0,0.5714,True,False,False,14
5abed9785542994516f45458,Jenna Hamilton,88,0,0,1.0,0.1538,True,False,False,9
5abed9785542994516f45458,Jenna Hamilton,42,0,0,0.875,0.375,True,False,False,9
5abed9785542994516f45458,Jenna Hamilton,100,1,1,1.0,0.4286,True,False,False,9
5abed9785542994516f45458,Ashley Rickards,243,0,1,1.0,0.5128,True,False,False,6
5adc0c1155429947ff1738d9,Han Jae-rim,97,0,0,1.0,0.375,True,False,False,7
5adc0c1155429947ff1738d9,The Face Reader,151,0,0,0.9583,0.5417,True,False,False,4
5a8088b95542995d8a8ddf8f,He Is We,54,0,0,0.9,0.3,True,False,False,9
5a8088b95542995d8a8ddf8f,Bright Eyes (band),99,1,1,1.0,0.5,True,False,False,37
5ac443eb554299194317394d,John Powell (film composer),324,0,0,0.6364,0.1591,False,False,False,12
5ac443eb554299194317394d,How to Train Your Dragon 2,234,0,0,0.9189,0.4865,True,False,False,36
5a8114a95542995ce29dcbb6,"Pinesdale, Montana",62,1,1,1.0,0.6,True,False,False,10
5a8114a95542995ce29dcbb6,"Ravalli County, Montana",49,0,0,1.0,0.3333,True,False,False,11
5add20185542990d50227df4,Boccaccio '70,166,0,0,0.96,0.68,True,False,False,12
5add20185542990d50227df4,Luchino Visconti,165,0,0,0.8077,0.3462,True,False,False,30
5add20185542990d50227df4,Luchino Visconti,151,0,0,0.9545,0.3636,True,False,False,30
5abc4d1e55429959677d6a7e,Pioneer (Pioneer album),56,1,1,1.0,0.6667,True,False,False,2
5abc4d1e55429959677d6a7e,Pioneer (band),72,1,1,1.0,0.1818,True,False,False,3
5abc4d1e55429959677d6a7e,Pioneer (band),37,1,1,1.0,0.4,True,True,False,3
5a76394255429976ec32bd7f,William of Tyre,114,0,0,0.6471,0.1176,False,False,False,68
5a76394255429976ec32bd7f,William of Tyre,223,1,1,1.0,0.4138,True,False,False,68
5a76394255429976ec32bd7f,Medieval university,113,0,0,0.875,0.3125,True,False,False,36
5a8f211f55429924144829de,Hero and the Terror,92,1,1,1.0,0.75,True,False,False,11
5a8f211f55429924144829de,Michael Blodgett,108,1,1,1.0,0.7333,True,False,False,5
5ae4f20e5542990ba0bbb1a7,John Mulholland (director),82,0,0,1.0,0.6364,True,False,False,14
5ae4f20e5542990ba0bbb1a7,Edwin Greenwood,73,0,0,0.1818,1.0,False,False,False,1
5a8ccade554299653c1aa126,Aleksei Maklakov,152,0,0,0.9375,1.0,True,False,False,1
5a8ccade554299653c1aa126,Novosibirsk,99,0,0,0.7368,0.2105,False,False,False,61
5ae332725542990afbd1e0d7,Dan Castellaneta,114,0,0,0.9333,0.2,True,False,False,32
5ae332725542990afbd1e0d7,Dan Castellaneta,285,0,0,0.7895,0.1053,False,False,False,32
5ae332725542990afbd1e0d7,Mayor Quimby,198,0,0,0.8846,0.4231,True,False,False,10
5a77a5c55542992a6e59df52,Alban Way,148,0,0,0.8333,0.3333,True,False,False,9
5a77a5c55542992a6e59df52,Alban Way,186,1,1,1.0,0.619,True,False,False,9
5a77a5c55542992a6e59df52,Verulamium,39,1,1,1.0,0.0,False,True,False,20
5a77a5c55542992a6e59df52,Verulamium,81,0,0,0.8667,0.3333,True,False,False,20
5adbe017554299438c868cbe,John Fogerty discography,112,0,0,1.0,0.7895,True,False,False,3
5adbe017554299438c868cbe,Creedence Clearwater Revival,147,0,0,0.6364,0.0455,False,False,False,46
5add24d15542992ae4cec4a4,The Happy Cricket and the Giant Bugs,236,0,0,0.697,0.3333,False,False,False,3
5add24d15542992ae4cec4a4,Planet 51,261,0,0,0.8158,0.5789,True,False,False,19
5add24d15542992ae4cec4a4,Planet 51,38,0,0,0.8333,0.1667,True,True,False,19
5a7eb22b5542994959419a58,"Greenville, Indiana",60,1,1,1.0,0.2222,True,False,False,26
5a7eb22b5542994959419a58,"Floyd County, Indiana",62,1,1,1.0,0.25,True,False,False,23
5a7eb22b5542994959419a58,"Floyd County, Indiana",38,0,0,0.625,0.0,False,True,False,23
5abbfb43554299114383a0cf,Ova Confident,189,1,1,1.0,1.0,True,False,False,1
5abbfb43554299114383a0cf,Queen Latifah,211,0,0,0.6667,0.3333,False,False,False,44
5abbfb43554299114383a0cf,Queen Latifah,177,0,0,0.75,0.0357,False,False,False,44
5a85d8a85542997b5ce4002d,Smart Crew,201,1,1,1.0,0.7308,True,False,False,3
5a85d8a85542997b5ce4002d,Action Bronson,124,0,0,0.6667,0.1429,False,False,False,25
5ac04b795542997d642959f4,Europe in the Air,71,1,1,1.0,0.2727,True,False,False,8
5ac04b795542997d642959f4,Europe in the Air,42,1,1,1.0,0.4286,True,False,False,8
5ac04b795542997d642959f4,Aer Lingus,162,0,0,0.85,0.2,True,False,False,106
5add37145542992ae4cec4f3,Adolph de Meyer,351,0,0,0.963,0.7778,True,False,False,12
5add37145542992ae4cec4f3,Mary of Teck,217,0,0,0.9375,0.5,True,False,False,41
5a7ca4cb55429935c91b527e,2011 Washington Huskies football team,131,1,1,1.0,0.6,True,False,False,7
5a7ca4cb55429935c91b527e,2011 Washington Huskies football team,62,1,1,1.0,0.8182,True,False,False,7
5a7ca4cb55429935c91b527e,2011 Baylor Bears football team,101,1,1,1.0,0.5263,True,False,False,7
5a8b5e705542997f31a41cf0,Arcane Roots,85,0,0,0.9286,0.5,True,False,False,28
5a8b5e705542997f31a41cf0,Nevermind,114,0,0,1.0,0.3333,True,False,False,53
5ae5e8985542996de7b71a66,Æthelgeard,132,1,1,1.0,0.4091,True,False,False,2
5ae5e8985542996de7b71a66,Eadwig,139,0,0,0.8333,0.2917,True,False,False,41
5ae033c955429924de1b705e,"Ferncroft, New Hampshire",99,1,1,1.0,0.2857,True,False,False,8
5ae033c955429924de1b705e,"Ferncroft, New Hampshire",126,1,1,1.0,0.5263,True,False,False,8
5ae033c955429924de1b705e,"Sandwich, New Hampshire",67,1,1,1.0,0.1818,True,False,False,17
5ae033c955429924de1b705e,"Sandwich, New Hampshire",44,0,0,0.7778,0.0,False,False,False,17
5ae033c955429924de1b705e,"Sandwich, New Hampshire",69,1,1,1.0,0.25,True,False,False,17
5ab74a4d554299110f219afb,Carl Wentzel,102,1,1,1.0,1.0,True,False,False,1
5ab74a4d554299110f219afb,20 July plot,121,0,0,0.875,0.5,True,False,False,75
5ae0bb9555429906c02dab0e,Vince O'Brien,201,0,0,0.9412,0.2647,True,False,False,5
5ae0bb9555429906c02dab0e,Annie Hall,128,0,0,0.8571,0.1905,True,False,False,56
5ade466a55429939a52fe875,NFL Top 100 Players of 2013,106,0,0,0.9412,1.0,True,False,False,1
5ade466a55429939a52fe875,Adrian Peterson,118,0,0,0.7895,0.0526,False,False,False,67
5ab2798c554299449642c8b7,G.I. Joe: Retaliation,162,0,0,0.96,0.44,True,False,False,41
5ab2798c554299449642c8b7,Jonathan Pryce,175,0,0,0.7143,0.1429,False,False,False,21
5ae5f81b5542996de7b71a8f,Lighters Up (song),83,1,1,1.0,0.8571,True,False,False,2
5ae5f81b5542996de7b71a8f,Lighters Up (song),177,0,1,1.0,0.8571,True,False,False,2
5ae5f81b5542996de7b71a8f,Reincarnated (album),81,0,0,0.8333,0.3333,True,False,False,12
5ae5f81b5542996de7b71a8f,Reincarnated (album),59,0,0,0.7,0.1,False,False,False,12
5abf23a65542997ec76fd3d7,Matthew Quick,226,0,0,0.7647,0.5,False,False,False,3
5abf23a65542997ec76fd3d7,Jacki Weaver,109,0,0,0.8824,0.4706,True,False,False,14
5abf23a65542997ec76fd3d7,Jacki Weaver,202,0,0,0.75,0.2857,False,False,False,14
5a8f4b23554299458435d59e,I Wanna Be a Sailor,92,0,0,1.0,0.4118,True,False,False,10
5a8f4b23554299458435d59e,Tex Avery,308,0,0,0.6279,0.2791,False,False,False,43
5ac2eaf65542990b17b154a5,John Lucas II,109,0,0,0.8824,0.4706,True,False,False,24
5ac2eaf65542990b17b154a5,John Lucas II,74,0,0,0.7273,0.0,False,False,False,24
5ac2eaf65542990b17b154a5,John Lucas II,42,0,0,1.0,0.3333,True,False,False,24
5ac2eaf65542990b17b154a5,Houston Rockets,89,0,0,0.9167,0.25,True,False,False,68
5abca2655542993a06baf939,One Exciting Night (1944 film),136,1,1,1.0,0.7727,True,False,False,2
5abca2655542993a06baf939,Vera Lynn,292,0,0,0.619,0.2857,False,False,False,57
5a83d369554299123d8c21c1,Orfeo ed Euridice discography,331,0,1,1.0,0.439,True,False,False,8
5a83d369554299123d8c21c1,Christoph Willibald Gluck,149,0,0,1.0,0.4167,True,False,False,63
5ab8011c5542990e739ec7c0,Tears Dry on Their Own,144,0,0,1.0,0.36,True,False,False,6
5ab8011c5542990e739ec7c0,Amy (2015 film),107,0,0,1.0,0.1875,True,False,False,28
5ab8011c5542990e739ec7c0,Amy (2015 film),154,0,0,1.0,0.4286,True,False,False,28
5a88f70655429946c8d6e8e4,Joseph Legros,217,0,1,1.0,0.5333,True,False,False,8
5a88f70655429946c8d6e8e4,Christoph Willibald Gluck,149,0,0,1.0,0.4167,True,False,False,63
5a8c6deb554299240d9c2163,Arthur Lubin,256,0,0,0.9714,0.5714,True,False,False,50
5a8c6deb554299240d9c2163,Ciro Ippolito,94,0,0,1.0,0.75,True,False,False,9
5ae20c12554299234fd043c5,Fort Lyon (Virginia),207,1,1,1.0,0.5172,True,False,False,26
5ae20c12554299234fd043c5,"Alexandria, Virginia",107,0,0,0.5882,0.0588,False,False,False,106
5ae609de55429929b0807a9f,August Schomburg,44,1,1,1.0,0.1429,True,False,False,7
5ae609de55429929b0807a9f,Arlington National Cemetery,290,0,0,0.5385,0.1026,False,False,False,98
5ab1f87e55429970612095a1,Fred M. Taylor,176,1,1,1.0,0.6552,True,False,False,2
5ab1f87e55429970612095a1,Fred M. Taylor,147,1,1,1.0,0.5714,True,False,False,2
5ab1f87e55429970612095a1,Alfred Marshall,101,0,0,1.0,0.375,True,False,False,36
5ac2ac2755429967731025f3,"Honaunau-Napoopoo, Hawaii",130,0,0,0.5909,0.2727,False,False,False,7
5ac2ac2755429967731025f3,"Hawaii County, Hawaii",121,0,0,0.8421,0.4211,True,False,False,15
5a7eb29f5542994959419a5a,Radio Bam,375,0,0,1.0,0.6042,True,False,False,7
5a7eb29f5542994959419a5a,Phil Margera,106,0,1,1.0,0.4,True,False,False,5
5ac2c7de554299218029db4a,Central Trust Company Buildings,117,1,1,1.0,0.6429,True,False,False,3
5ac2c7de554299218029db4a,"Altoona, Pennsylvania",116,0,0,0.7778,0.3333,False,False,False,59
5a8a061655429970aeb70213,Orlando Lightfoot,266,0,0,0.878,0.2195,True,False,False,11
5a8a061655429970aeb70213,University of Idaho,227,0,0,0.5,0.0385,False,False,False,59
5ab58849554299637185c5c1,WBON,51,0,0,0.875,0.375,True,False,False,4
5ab58849554299637185c5c1,"Manorville, New York",100,1,1,1.0,0.625,True,False,False,12
5ab860c255429934fafe6d91,Fresco (board game),77,1,1,1.0,0.6429,True,False,False,15
5ab860c255429934fafe6d91,Halma,170,0,0,0.9643,0.6071,True,False,False,30
5ab6e0fd554299710c8d1f92,Helen Hunt,93,0,0,0.9286,0.5,True,False,False,22
5ab6e0fd554299710c8d1f92,Eduard Zahariev,121,0,0,0.4667,0.1333,False,False,False,2
5a8a208f55429970aeb7026f,A Prize of Arms,107,1,1,1.0,0.619,True,False,False,7
5a8a208f55429970aeb7026f,Suez Crisis,212,0,0,0.8966,0.3448,True,False,False,164
5addd5c55542990dbb2f7ea0,Diary of a Chav,119,1,1,1.0,0.4,True,False,False,4
5addd5c55542990dbb2f7ea0,Grace Dent,118,0,0,0.5294,0.1176,False,False,False,14
5a7ef7085542994959419a95,Paul Thomson (composer),154,0,0,0.9167,0.75,True,False,False,5
5a7ef7085542994959419a95,Paul Thomson (composer),151,0,1,1.0,0.7391,True,False,False,5
5a7ef7085542994959419a95,The Fades (TV series),110,0,0,0.8235,0.5294,True,False,False,6
5ac39e465542993915413824,Richard Falley Jr.,166,0,0,0.9615,0.4615,True,False,False,7
5ac39e465542993915413824,"St. George, Maine",44,0,0,1.0,0.25,True,False,False,22
5a76172055429976ec32bd04,Fernando Pacheco Filho,134,0,0,0.9545,1.0,True,False,False,1
5a76172055429976ec32bd04,Fernando Pacheco Filho,78,1,1,1.0,1.0,True,False,False,1
5a76172055429976ec32bd04,2008 Summer Olympics,225,0,0,0.7419,0.2258,False,False,False,57
5a77c62b5542995d831812c3,Lucile Hadžihalilović,78,0,0,1.0,0.5714,True,False,False,10
5a77c62b5542995d831812c3,Lucile Hadžihalilović,254,0,0,0.8056,0.2778,True,False,False,10
5a77c62b5542995d831812c3,Charles Maigne,120,1,1,1.0,1.0,True,False,False,1
5a889f545542994846c1ce98,Roslyn Air National Guard Station,92,1,1,1.0,0.4667,True,False,False,13
5a889f545542994846c1ce98,Roslyn Air National Guard Station,63,1,1,1.0,0.6364,True,False,False,13
5a889f545542994846c1ce98,Harbor Hill,129,0,0,0.9524,0.5238,True,False,False,9
5a89b51b5542992e4fca8391,"Anton Karlsson (ice hockey, born 1996)",207,1,1,1.0,0.8148,True,False,False,6
5a89b51b5542992e4fca8391,Arizona Coyotes,104,0,0,0.9333,0.2,True,False,False,66
5a7cf4d3554299683c1c63f1,Still Kicking (film),230,1,1,1.0,0.8,True,False,False,3
5a7cf4d3554299683c1c63f1,Bicycle Dreams,141,1,1,1.0,0.45,True,False,False,6
5ae57c165542992663a4f1f8,"San Antonio, Florida",110,1,1,1.0,0.3684,True,False,False,14
5ae57c165542992663a4f1f8,"Pasco County, Florida",50,0,0,0.6667,0.1111,False,False,False,41
5abf1f625542993fe9a41dde,Kyle Dubas,168,0,0,1.0,0.4783,True,False,False,15
5abf1f625542993fe9a41dde,Toronto Maple Leafs,133,0,0,0.9375,0.3125,True,False,False,116
5abf1f625542993fe9a41dde,Toronto Maple Leafs,188,0,0,0.6071,0.1071,False,False,False,116
5a83556e5542990548d0b1d6,Blue Moon Rising (film),233,1,1,1.0,0.4839,True,False,False,9
5a83556e5542990548d0b1d6,Manchester City F.C. supporters,189,0,1,1.0,0.5517,True,False,False,43
5a7cbb97554299683c1c635a,South Carolina Highway 700,156,0,0,0.8571,0.2143,True,False,False,3
5a7cbb97554299683c1c635a,"Charleston, South Carolina",217,0,0,0.8636,0.1364,True,False,False,178
5a88ecd85542997e5c09a6ce,Jewish Princess (song),282,0,0,0.7692,0.5128,False,False,False,4
5a88ecd85542997e5c09a6ce,Anti-Defamation League,181,0,0,0.8696,0.3478,True,False,False,72
5ac494875542996feb3fe8e7,Eight Arms to Hold You (song),91,0,1,1.0,0.6429,True,False,False,2
5ac494875542996feb3fe8e7,Eight Arms to Hold You (song),105,1,1,1.0,0.8235,True,False,False,2
5ac494875542996feb3fe8e7,The Goonies,97,0,0,0.7143,0.0714,False,False,False,41
5ae3696b5542990afbd1e134,Bash Brothers,99,1,1,1.0,0.375,True,False,False,15
5ae3696b5542990afbd1e134,The Blues Brothers,191,0,0,0.9062,0.3438,True,False,False,43
5a7b60425542992d025e6834,History of Denmark,173,1,1,1.0,0.6071,True,False,False,167
5a7b60425542992d025e6834,Harald Bluetooth,145,0,0,0.5238,0.0476,False,False,False,29
5a79132a55429970f5fffe4e,Star Wars: The Force Awakens,182,0,0,1.0,0.4615,True,False,False,75
5a79132a55429970f5fffe4e,Star Wars: The Force Awakens,260,0,0,0.9487,0.4615,True,False,False,75
5a79132a55429970f5fffe4e,John Boyega,211,0,0,0.8065,0.4516,True,False,False,17
5adfa130554299025d62a302,Item 47,316,0,1,1.0,0.619,True,False,False,7
5adfa130554299025d62a302,Marvel Cinematic Universe,264,0,0,0.9688,0.3125,True,False,False,101
5a8db833554299441c6ba050,Al-Farouq Aminu,179,0,0,1.0,0.625,True,False,False,21
5a8db833554299441c6ba050,Portland Trail Blazers,142,0,0,0.9,0.2,True,False,False,97
5ae22c875542996483e64922,Sansha,66,0,0,1.0,0.1818,True,False,False,21
5ae22c875542996483e64922,Gongqingcheng,131,0,0,0.9,0.4,True,False,False,24
5a83812b5542996488c2e44b,Liberty Arcade (Disneyland Paris),88,1,1,1.0,0.4667,True,False,False,5
5a83812b5542996488c2e44b,"Main Street, U.S.A.",174,0,0,1.0,0.2308,True,False,False,27
5a908bb45542995651fb5186,"Farmington Falls, Maine",111,1,1,1.0,1.0,True,False,False,1
5a908bb45542995651fb5186,"Franklin County, Maine",80,0,0,1.0,0.3333,True,False,False,19
5a908bb45542995651fb5186,"Franklin County, Maine",102,0,0,0.8235,0.1765,True,False,False,19
5ae07ee155429945ae959384,Robert Baldock,151,1,1,1.0,0.5455,True,False,False,5
5ae07ee155429945ae959384,Edward II of England,148,1,1,1.0,0.4091,True,False,False,94
5ae45b9455429970de88d944,Pioneer (Pioneer album),56,1,1,1.0,0.6667,True,False,False,2
5ae45b9455429970de88d944,Pioneer (band),72,1,1,1.0,0.1818,True,False,False,3
5a83b6175542990548d0b224,Magdalena of Nassau-Dillenburg,45,1,1,1.0,0.5,True,False,False,9
5a83b6175542990548d0b224,William the Silent,423,0,0,0.74,0.3,False,False,False,69
5ae5397b5542992663a4f183,Dayton Demolition,163,1,1,1.0,0.3043,True,False,False,5
5ae5397b5542992663a4f183,Dayton Demolition,200,1,1,1.0,0.3333,True,False,False,5
5ae5397b5542992663a4f183,Dayton Demonz,105,1,1,1.0,0.5625,True,False,False,8
5a7126575542994082a3e5da,BASEketball,243,0,0,1.0,0.6571,True,False,False,17
5a7126575542994082a3e5da,Jenny McCarthy,115,0,1,1.0,0.2727,True,False,False,50
5a86f6fb554299211dda2b6e,Dynasty (film),62,0,0,0.9091,1.0,True,False,False,1
5a86f6fb554299211dda2b6e,Dynasty (film),52,1,1,1.0,1.0,True,False,False,1
5a86f6fb554299211dda2b6e,Dynasty (film),161,0,1,1.0,1.0,True,False,False,1
5a86f6fb554299211dda2b6e,American Graffiti,276,0,0,0.9756,0.5854,True,False,False,50
5a778a2555429949eeb29edf,"Oak Park, Michigan",73,0,0,0.9333,0.4,True,False,False,40
5a778a2555429949eeb29edf,"Oak Park, Michigan",128,0,0,0.45,0.05,False,False,False,40
5a778a2555429949eeb29edf,"Oakland County, Michigan",101,0,0,0.9333,0.3333,True,False,False,52
5a8b464955429949d91db521,Greg McAdoo,113,1,1,1.0,0.7222,True,False,False,3
5a8b464955429949d91db521,Airbnb,195,0,0,0.3846,0.1154,False,False,False,47
5a8b464955429949d91db521,Airbnb,172,0,0,0.3333,0.0,False,False,False,47
5ae3b1b95542992e3233c44b,John Whitelaw (harpsichordist),132,0,0,0.8333,0.5417,True,False,False,2
5ae3b1b95542992e3233c44b,William Byrd,123,0,0,0.5909,0.1364,False,False,False,54
5ae265045542992decbdcce8,Paul Newman,183,0,0,0.8333,0.4583,True,False,False,76
5ae265045542992decbdcce8,Paul Newman,154,0,0,0.72,0.2,False,False,False,76
5ae265045542992decbdcce8,Cars (franchise),140,0,0,0.9524,0.381,True,False,False,58
5a89f9e255429970aeb701d0,Flying Lizard Motorsports,118,1,1,1.0,0.4211,True,False,False,34
5a89f9e255429970aeb701d0,Seth Neiman,152,1,1,1.0,0.7619,True,False,False,11
5a7fcd4755429969796c1b77,Primrose Adams,136,0,0,0.8636,0.3182,True,False,False,6
5a7fcd4755429969796c1b77,Haida people,162,0,0,0.4286,0.0,False,False,False,50
5adf67375542993a75d264de,Brent Walker,91,0,0,0.9286,0.3571,True,False,False,16
5adf67375542993a75d264de,Brent Walker,71,1,1,1.0,0.4545,True,False,False,16
5adf67375542993a75d264de,Billy Walker (boxer),109,0,0,0.9412,0.5294,True,False,False,15
5adf67375542993a75d264de,Billy Walker (boxer),30,1,1,1.0,0.4,True,True,False,15
5ae158fd5542990adbacf760,Kang Ji-hwan,73,0,0,0.9375,0.4375,True,False,False,17
5ae158fd5542990adbacf760,My Girlfriend Is an Agent,92,1,1,1.0,0.8,True,False,False,4
5abbd2ac5542993f40c73bc0,Woodfall Film Productions,88,0,0,0.7857,0.2857,False,False,False,3
5abbd2ac5542993f40c73bc0,Woodfall Film Productions,199,0,0,0.8276,0.3103,True,False,False,3
5abbd2ac5542993f40c73bc0,Tony Richardson,153,0,0,0.9565,0.7391,True,False,False,17
5ac558535542993e66e82323,Johnetta Elzie,170,0,1,1.0,0.6087,True,False,False,7
5ac558535542993e66e82323,DeRay Mckesson,226,0,0,0.875,0.5,True,False,False,19
5adc2c9355429947ff173904,The Death Cure,191,0,0,1.0,0.5833,True,False,False,22
5adc2c9355429947ff173904,The Scorch Trials,65,0,0,1.0,0.5455,True,False,False,24
5ab61e92554299710c8d1e69,Richard J. Daly,113,0,0,1.0,0.0625,True,False,False,5
5ab61e92554299710c8d1e69,Broadridge Financial Solutions,157,0,0,0.7391,0.2609,False,False,False,6
5ab60e06554299110f2199d0,Carnegie Mellon University,117,0,0,0.9167,0.1667,True,False,False,103
5ab60e06554299110f2199d0,University of Virginia,134,0,0,0.6842,0.0,False,False,False,120
5a8b77cc5542995d1e6f13ab,Greenlight Capital,68,1,1,1.0,0.25,True,False,False,12
5a8b77cc5542995d1e6f13ab,Greenlight Capital,101,1,1,1.0,0.6923,True,False,False,12
5a8b77cc5542995d1e6f13ab,Greenlight Capital,193,1,1,1.0,0.6207,True,False,False,12
5a8b77cc5542995d1e6f13ab,David Einhorn (hedge fund manager),106,0,0,0.9375,0.625,True,False,False,23
5a7309cc5542992359bc320d,"Miramar Beach, Florida",90,1,1,1.0,0.7143,True,False,False,7
5a7309cc5542992359bc320d,"Miramar Beach, Florida",341,0,0,0.9302,0.7907,True,False,False,7
5a7309cc5542992359bc320d,"Miramar, Florida",50,0,0,0.6667,0.1111,False,False,False,20
5adebdf4554299728e26c7af,Wanda Nara,114,0,0,0.4444,0.0556,False,False,False,7
5adebdf4554299728e26c7af,Zaira Nara,101,0,0,0.6471,0.1765,False,False,False,4
5abb24ae5542996cc5e49fc1,Stous 31 Dromous (song),122,0,0,0.8824,0.2353,True,False,False,10
5abb24ae5542996cc5e49fc1,Sakis Rouvas,209,0,0,0.8261,0.4348,True,False,False,77
5abb24ae5542996cc5e49fc1,Sakis Rouvas,84,0,0,0.6875,0.0625,False,False,False,77
5a8a4af855429930ff3c0d80,My First Night Without You,120,0,1,1.0,0.55,True,False,False,6
5a8a4af855429930ff3c0d80,Cyndi Lauper,126,0,0,0.8421,0.5263,True,False,False,93
5ac23fe855429951e9e684e2,Dick Dickey,308,0,0,0.975,0.5,True,False,False,6
5ac23fe855429951e9e684e2,Boston Celtics,123,0,0,0.8,0.2,True,False,False,97
5abede845542993fe9a41d68,Mihal Ashminov,140,0,0,0.8824,0.5294,True,False,False,2
5abede845542993fe9a41d68,Please Take Care of My Refrigerator,130,0,0,0.9048,0.5714,True,False,False,5
5a77854b55429949eeb29ebe,Lee Edwards,307,0,0,0.425,0.125,False,False,False,11
5a77854b55429949eeb29ebe,Edwin Meese,411,0,0,0.88,0.6,True,False,False,53
5ab823da55429934fafe6cee,Davor Bernardić,136,0,0,0.9,0.25,True,False,False,9
5ab823da55429934fafe6cee,Zagreb,119,0,0,0.875,0.1875,True,False,False,142
5ab7630c5542993667793fc8,Ashley Gable,176,0,1,1.0,0.4615,True,False,False,6
5ab7630c5542993667793fc8,Buffy the Vampire Slayer,196,0,0,0.6786,0.1429,False,False,False,93
5ab7630c5542993667793fc8,Buffy the Vampire Slayer,184,0,0,1.0,0.3793,True,False,False,93
5adf42315542993344016c49,The Golden Boy,128,1,1,1.0,0.6842,True,False,False,3
5adf42315542993344016c49,Freddie Mercury,74,2,2,1.0,0.0,False,False,False,78
5ac417f15542997ea680ca05,Fort des Ayvelles,200,1,1,1.0,0.4828,True,False,False,9
5ac417f15542997ea680ca05,Fort des Ayvelles,125,1,1,1.0,0.6111,True,False,False,9
5ac417f15542997ea680ca05,Reims,114,0,0,0.6842,0.2105,False,False,False,51
5a7cd0a355429907fabef043,The Red Badge of Courage,85,1,1,1.0,0.1875,True,False,False,37
5a7cd0a355429907fabef043,Stephen Crane,103,1,1,1.0,0.5294,True,False,False,97
5a790b4055429970f5fffe30,Recovery Child,75,0,0,0.3333,0.0,False,False,False,4
5a790b4055429970f5fffe30,OneRepublic,142,0,0,0.8571,0.2381,True,False,False,34
5a790b4055429970f5fffe30,OneRepublic,101,0,0,0.6,0.1333,False,False,False,34
5a75f27c55429976ec32bcb3,Savdhaan India,181,0,0,0.963,0.7407,True,False,False,56
5a75f27c55429976ec32bcb3,Pratyusha Banerjee,84,0,0,1.0,0.5385,True,False,False,8
5ae246b95542994d89d5b3b8,Engineers Country Club,138,0,0,1.0,0.5714,True,False,False,8
5ae246b95542994d89d5b3b8,"Roslyn Harbor, New York",69,0,0,1.0,0.25,True,False,False,34
5a78bbce554299029c4b5e6c,Thomas de Thelwall,209,1,1,1.0,0.4062,True,False,False,5
5a78bbce554299029c4b5e6c,Ireland,93,0,0,0.8462,0.2308,True,False,False,150
5a7b696255429927d897bfba,Harold Pinter,133,0,0,0.8947,0.4211,True,False,False,82
5a7b696255429927d897bfba,Henry James,248,0,0,0.8571,0.4286,True,False,False,100
5a8119df55429938b61422c3,Svetlana Kuznetsova,132,0,0,1.0,0.3333,True,False,False,103
5a8119df55429938b61422c3,Svetlana Kuznetsova,133,0,0,0.5625,0.0,False,False,False,103
5a8119df55429938b61422c3,Andrés Gómez,58,1,1,1.0,0.1667,True,False,False,7
5a7babd2554299294a54aa88,1972–73 New York Islanders season,124,1,1,1.0,0.5714,True,False,False,6
5a7babd2554299294a54aa88,Gordie Howe,198,0,0,0.9643,0.3929,True,False,False,49
5ae68acc55429908198fa5f8,Steven Horsford,146,0,0,0.9,0.2,True,False,False,36
5ae68acc55429908198fa5f8,Nevada's 4th congressional district,102,0,0,0.9412,0.5294,True,False,False,3
5ade16e755429975fa854e30,Songs from the Southern Mountains,166,1,1,1.0,0.6522,True,False,False,4
5ade16e755429975fa854e30,Doc Watson,78,0,0,1.0,0.3636,True,False,False,26
5adf2af35542993a75d26408,Joy Farm,141,1,1,1.0,0.6087,True,False,False,3
5adf2af35542993a75d26408,"Madison, New Hampshire",44,0,0,0.75,0.125,False,False,False,9
5a7c46fe55429935c91b514c,Jim Tetlow,101,1,1,1.0,0.2105,True,False,False,14
5a7c46fe55429935c91b514c,Sesame Street,206,0,0,0.88,0.28,True,False,False,59
5a7c46fe55429935c91b514c,Sesame Street,170,0,0,0.9167,0.5,True,False,False,59
5ab3ee9255429969a97a8204,Ladies vs Ricky Bahl,134,0,0,0.7826,0.3043,False,False,False,14
5ab3ee9255429969a97a8204,Parineeti Chopra,94,0,0,0.9231,0.1538,True,False,False,36
5ae3aa485542994393b9e73b,Black Diamonds (EP),98,0,0,0.5294,0.4118,False,False,False,2
5ae3aa485542994393b9e73b,Issues (band),90,0,0,0.6667,0.0667,False,False,False,19
5ac0139d5542997d642959ba,Matthew Morrison (album),452,0,1,1.0,0.6393,True,False,False,2
5ac0139d5542997d642959ba,Gwyneth Paltrow,299,0,0,0.7838,0.2973,False,False,False,54
5a777e3855429949eeb29e7e,Violent Femmes,107,0,0,0.75,0.3125,False,False,False,25
5a777e3855429949eeb29e7e,Massive Attack,178,0,0,0.7857,0.3214,False,False,False,88
5a88b35a554299206df2b335,Aram Bakshian,238,0,0,0.8,0.5143,True,False,False,3
5a88b35a554299206df2b335,Bob Dole,153,0,0,0.9286,0.0714,True,False,False,85
5ade51dd554299728e26c6c6,Ocean Parade (Dreamworld),104,1,1,1.0,0.375,True,False,False,28
5ade51dd554299728e26c6c6,DreamWorks Experience,109,0,0,0.9375,0.375,True,False,False,26
5add997e5542997545bbbd84,Pisgah State Park,87,0,0,0.7857,0.3571,False,False,False,3
5add997e5542997545bbbd84,"Cheshire County, New Hampshire",49,0,0,1.0,0.3333,True,False,False,12
5adf3c5d5542992d7e9f9307,Longden End Brook,57,1,1,1.0,1.0,True,False,False,1
5adf3c5d5542992d7e9f9307,Greater Manchester,100,0,0,0.9375,0.1875,True,False,False,82
5ac12846554299294b2190c2,Campus of Dartmouth College,145,1,1,1.0,0.6111,True,False,False,5
5ac12846554299294b2190c2,Campus of Dartmouth College,202,0,0,0.9286,0.6071,True,False,False,5
5ac12846554299294b2190c2,The Green (Dartmouth College),191,1,1,1.0,0.4815,True,False,False,17
5ae72bdc5542991e8301cb87,"Douglas, Massachusetts",123,0,0,1.0,0.5,True,False,False,20
5ae72bdc5542991e8301cb87,"Worcester County, Massachusetts",72,0,0,0.9167,0.1667,True,False,False,26
5abc5783554299700f9d787f,Mijo Kovačić,69,1,1,1.0,0.4667,True,False,False,3
5abc5783554299700f9d787f,Zagreb,59,0,0,1.0,0.1111,True,False,False,142
5abc5783554299700f9d787f,Zagreb,119,0,0,0.875,0.1875,True,False,False,142
5abeb8c15542993fe9a41d28,Alex da Kid,401,0,0,0.9464,0.75,True,False,False,8
5abeb8c15542993fe9a41d28,Radioactive (Imagine Dragons song),197,0,0,0.9667,0.4667,True,False,False,27
5ab9115655429919ba4e2388,"Valhalla, New York",185,0,0,0.9615,0.3846,True,False,False,20
5ab9115655429919ba4e2388,"Westchester County, New York",83,0,0,0.7143,0.0,False,False,False,84
5a8f8c075542997ba9cb32b0,Star Wars: The Force Awakens,201,0,0,0.9677,0.2903,True,False,False,75
5a8f8c075542997ba9cb32b0,John Boyega,211,0,0,0.8065,0.4516,True,False,False,17
5a77460955429966f1a36cdc,"Takoma Park, Maryland",53,0,0,1.0,0.1111,True,False,False,81
5a77460955429966f1a36cdc,"Montgomery County, Maryland",98,0,0,0.8333,0.0,False,False,False,83
5a77460955429966f1a36cdc,"Montgomery County, Maryland",43,0,0,0.875,0.0,False,False,False,83
5ab6a2f4554299710c8d1f0a,Gérard Hernandez,334,0,0,1.0,0.6857,True,False,False,5
5ab6a2f4554299710c8d1f0a,Professor Moriarty,147,0,0,0.8261,0.1304,True,False,False,25
5ab6a2f4554299710c8d1f0a,Professor Moriarty,158,0,0,0.7273,0.0909,False,False,False,25
5add13575542992ae4cec451,Jon Gilbert (bibliographer),142,0,0,1.0,0.4737,True,False,False,5
5add13575542992ae4cec451,Ian Fleming,375,0,0,0.8333,0.2593,True,False,False,78
5a7660ce5542992d0ec060c7,Roach (headdress),226,1,1,1.0,0.6061,True,False,False,4
5a7660ce5542992d0ec060c7,Porcupine,104,0,0,0.6875,0.0625,False,False,False,20
5abfed195542997d64295948,Black Swan dance double controversy,172,0,0,0.9167,0.4583,True,False,False,22
5abfed195542997d64295948,Black Swan dance double controversy,289,0,0,0.9231,0.3077,True,False,False,22
5abfed195542997d64295948,Sarah Lane,125,0,0,0.8889,0.2222,True,False,False,6
5ade883355429939a52fe8e6,Reeuwijk-Brug,120,1,1,1.0,0.4286,True,False,False,2
5ade883355429939a52fe8e6,Bodegraven-Reeuwijk,76,1,1,1.0,0.6429,True,False,False,5
5a90335b5542995651fb50f1,Leviathan Wakes,117,0,0,1.0,0.4286,True,False,False,28
5a90335b5542995651fb50f1,The Expanse (novel series),147,0,0,1.0,0.4783,True,False,False,44
5a7f994355429969796c1adb,The Price of Inequality,163,1,1,1.0,0.5385,True,False,False,5
5a7f994355429969796c1adb,Joseph Stiglitz,114,0,0,1.0,0.4706,True,False,False,95
5a81307c55429903bc27b93b,Konichiwa Bitches,117,1,1,1.0,0.3684,True,False,False,8
5a81307c55429903bc27b93b,Konichiwa Bitches,108,1,1,1.0,0.0625,True,False,False,8
5a81307c55429903bc27b93b,R.I.P.D.,103,0,0,0.9474,0.4211,True,False,False,30
5abffcab5542990832d3a1e4,Tony Hsieh,58,0,0,0.8182,0.1818,True,False,False,18
5abffcab5542990832d3a1e4,Zappos,74,0,0,0.9286,0.4286,True,False,False,18
5a7dfff45542995f4f40237c,Mario Puzo,133,0,0,0.7895,0.4737,False,False,False,11
5a7dfff45542995f4f40237c,Ian Fleming,375,0,0,0.8333,0.2593,True,False,False,78
5a7da5e85542990b8f5039f8,First Fleet Re-enactment Voyage,264,1,1,1.0,0.2903,True,False,False,30
5a7da5e85542990b8f5039f8,Edmund Hillary,151,0,0,0.9565,0.4783,True,False,False,65
5ac3dd335542995c82c4ac60,"Cache, Oklahoma",184,1,1,1.0,0.6667,True,False,False,8
5ac3dd335542995c82c4ac60,Comanche,293,0,0,0.5135,0.1081,False,False,False,103
5a8394955542990548d0b1ed,Piggy (song),128,0,1,1.0,0.4762,True,False,False,8
5a8394955542990548d0b1ed,Piggy (song),68,1,1,1.0,0.4167,True,False,False,8
5a8394955542990548d0b1ed,Trent Reznor,127,0,0,0.8947,0.3684,True,False,False,66
5adc68b9554299438c868da6,NGEN Radio,177,0,0,0.8148,0.7037,True,False,False,3
5adc68b9554299438c868da6,NF (rapper),138,0,0,0.7391,0.1739,False,False,False,18
5ab4402d5542991779162c35,Lake Erie Storm,165,0,0,0.9,0.4,True,False,False,14
5ab4402d5542991779162c35,Lake Erie Storm,198,0,0,0.7308,0.2692,False,False,False,14
5ab4402d5542991779162c35,Great Midwest Athletic Conference,184,0,0,1.0,0.375,True,False,False,37
5ab4402d5542991779162c35,Great Midwest Athletic Conference,114,0,0,1.0,0.375,True,False,False,37
5ab6d81c554299710c8d1f81,Rock Creek Station and Stricker Homesite,86,1,1,1.0,0.7143,True,False,False,3
5ab6d81c554299710c8d1f81,Oregon Trail,171,0,0,0.88,0.24,True,False,False,154
5ab990925542996be2020553,Kyle Balda,181,0,0,0.9615,0.5385,True,False,False,7
5ab990925542996be2020553,The Lorax (film),212,0,0,0.9032,0.1935,True,False,False,24
5ab990925542996be2020553,The Lorax (film),199,0,0,1.0,0.5833,True,False,False,24
5ae74456554299572ea547a3,Concerto for Double String Orchestra (Tippett),142,0,0,0.8636,0.3636,True,False,False,10
5ae74456554299572ea547a3,Michael Tippett,189,0,0,0.8929,0.4286,True,False,False,68
5ab29492554299706120965e,Topcraft,137,0,0,0.8,0.4,True,False,False,3
5ab29492554299706120965e,Nausicaä of the Valley of the Wind (film),236,0,0,0.6667,0.0,False,False,False,33
5a87990d5542994846c1cdac,Honda Elysion,72,0,0,0.6154,0.1538,False,False,False,20
5a87990d5542994846c1cdac,Honda Odyssey (North America),125,0,0,1.0,0.4737,True,False,False,62
5a7103795542994082a3e4be,1982 Asian Games medal table,132,1,1,1.0,0.6667,True,False,False,6
5a7103795542994082a3e4be,Handball at the Asian Games,102,1,1,1.0,1.0,True,False,False,1
5a860c0a55429960ec39b613,Smoke and Mirrors (Spooks),193,0,1,1.0,0.4783,True,False,False,10
5a860c0a55429960ec39b613,Smoke and Mirrors (Spooks),167,1,1,1.0,0.3929,True,False,False,10
5a860c0a55429960ec39b613,Tomas Arana,90,0,0,0.7857,0.5,False,False,False,3
5a7fca2055429969796c1b68,The Glitter Dome,99,0,0,1.0,0.5,True,False,False,2
5a7fca2055429969796c1b68,John Lithgow,122,0,0,0.5882,0.0,False,False,False,44
5a7fca2055429969796c1b68,John Lithgow,232,0,0,1.0,0.1786,True,False,False,44
5ac3006555429921a00ab0cd,The Invitation Tour,199,0,1,1.0,0.4138,True,False,False,3
5ac3006555429921a00ab0cd,The Invitation Tour,167,1,1,1.0,0.5652,True,False,False,3
5ac3006555429921a00ab0cd,Lil B,167,0,0,0.88,0.52,True,False,False,23
5a8b7eeb5542995d1e6f13c2,The Long Walk Home,134,1,1,1.0,0.4762,True,False,False,16
5a8b7eeb5542995d1e6f13c2,Whoopi Goldberg,175,0,0,0.6786,0.0714,False,False,False,58
5abe446e5542993f32c2a0d4,Eurovision Young Musicians 2016,195,1,1,1.0,0.2857,True,False,False,21
5abe446e5542993f32c2a0d4,Cologne Cathedral,225,0,0,0.5185,0.2593,False,False,False,40
5abe446e5542993f32c2a0d4,Cologne Cathedral,100,1,1,1.0,0.3,True,False,False,40
5ac1c0345542994ab5c67dfe,Let's Get It Up,170,0,1,1.0,0.5455,True,False,False,4
5ac1c0345542994ab5c67dfe,AC/DC,101,0,0,0.9444,0.2222,True,False,False,68
5abd3b9855429924427fcf50,Maui,252,0,0,0.9062,0.5312,True,False,False,64
5abd3b9855429924427fcf50,"Kihei, Hawaii",81,0,0,0.7333,0.2667,False,False,False,10
5abd3b9855429924427fcf50,"Kihei, Hawaii",45,0,0,0.625,0.0,False,False,False,10
5a71838f5542994082a3e860,Sal's Pizza,89,0,0,0.8125,0.3125,True,False,False,2
5a71838f5542994082a3e860,Pie Five,348,0,0,0.3696,0.1522,False,False,False,13
5a7efb175542994959419a99,Joachim Rittstieg,263,0,0,0.9474,0.7368,True,False,False,10
5a7efb175542994959419a99,Maya calendar,174,1,1,1.0,0.3913,True,False,False,39
5ab9651255429970cfb8eab4,Miramax,48,0,0,0.3333,0.0,False,False,False,33
5ab9651255429970cfb8eab4,Pulp Fiction,150,0,0,0.8182,0.1364,True,False,False,106
5a77c8df5542995d831812d0,1997 Junior League World Series,100,1,1,1.0,1.0,True,False,False,1
5a77c8df5542995d831812d0,1997 Junior League World Series,81,1,1,1.0,1.0,True,False,False,1
5a77c8df5542995d831812d0,"Salem, New Hampshire",67,1,1,1.0,0.3636,True,False,False,25
5a8db0d4554299068b959dab,"St Martin de Porres, Adelaide",116,0,0,0.8125,1.0,True,False,False,1
5a8db0d4554299068b959dab,Cabra Dominican College,153,1,1,1.0,0.3182,True,False,False,35
5a7e0c4e5542997cc2c4750d,Slow (DJ),169,0,0,0.8333,0.5333,True,False,False,12
5a7e0c4e5542997cc2c4750d,Run-DMC,131,0,0,0.9091,0.3182,True,False,False,43
5ae0211b554299025d62a41d,Magomedrasul Gazimagomedov,174,0,0,0.8235,0.5294,True,False,False,3
5ae0211b554299025d62a41d,Magomedrasul Gazimagomedov,78,0,0,0.25,0.0833,False,False,False,3
5ae0211b554299025d62a41d,Khabib Nurmagomedov,214,0,0,0.8333,0.1667,True,False,False,52
5ade5ad65542997c77adee0e,Industry of Iran,125,0,1,1.0,0.5238,True,False,False,35
5ade5ad65542997c77adee0e,The Economist,80,0,0,0.5455,0.0,False,False,False,69
5abf15195542997ec76fd3b0,RBMG Records,86,0,0,0.6471,0.3529,False,False,False,3
5abf15195542997ec76fd3b0,RBMG Records,146,0,0,0.5652,0.3043,False,False,False,3
5abf15195542997ec76fd3b0,Scooter Braun,104,0,0,0.625,0.0625,False,False,False,22
5a8e6e115542990e94052b08,New England Glassworks,166,1,1,1.0,0.5455,True,False,False,4
5a8e6e115542990e94052b08,New England Glassworks,161,1,1,1.0,0.6818,True,False,False,4
5a8e6e115542990e94052b08,"Temple, New Hampshire",70,1,1,1.0,0.3636,True,False,False,8
5a8e6e115542990e94052b08,"Temple, New Hampshire",95,0,0,0.9167,0.4167,True,False,False,8
5abcd0585542993a06baf96f,1961 Open Championship,96,1,1,1.0,0.7333,True,False,False,5
5abcd0585542993a06baf96f,Arnold Palmer,172,0,0,0.92,0.36,True,False,False,49
5adc61f055429947ff173940,Salomon Sweers,130,0,0,1.0,0.5238,True,False,False,9
5adc61f055429947ff173940,Dutch East India Company,470,0,0,0.5116,0.0698,False,False,False,70
5ab746b65542992aa3b8c80a,Normans Kill,164,1,1,1.0,0.3684,True,False,False,5
5ab746b65542992aa3b8c80a,"Watervliet, New York",48,0,0,0.7778,0.0,False,False,False,19
5a80e45155429938b6142237,Herbert John Hodgson,145,1,1,1.0,0.6818,True,False,False,7
5a80e45155429938b6142237,Herbert John Hodgson,155,0,0,1.0,0.4,True,False,False,7
5a80e45155429938b6142237,T. E. Lawrence,123,0,0,0.9444,0.4444,True,False,False,111
5a80e45155429938b6142237,T. E. Lawrence,151,0,0,0.9048,0.3333,True,False,False,111
5a80e45155429938b6142237,T. E. Lawrence,228,0,0,1.0,0.5484,True,False,False,111
5ae72c63554299572ea54756,Lord of Scoundrels,79,1,1,1.0,0.0,False,False,False,20
5ae72c63554299572ea54756,Loretta Chase,104,1,1,1.0,0.4118,True,False,False,4
5ade8d4955429939a52fe8f2,The Expulsion (film),101,0,0,0.875,0.6875,True,False,False,5
5ade8d4955429939a52fe8f2,F. W. Murnau,125,0,0,0.8824,0.4118,True,False,False,26
5ae336ec5542991a06ce995c,Satya Bhabha,217,0,0,0.9394,0.6364,True,False,False,5
5ae336ec5542991a06ce995c,New Girl,93,0,0,0.8667,0.2667,True,False,False,49
5add00965542992c1e3a2505,John Putch,135,0,1,1.0,0.1429,True,False,False,6
5add00965542992c1e3a2505,One Day at a Time,101,0,0,0.2857,0.0476,False,False,False,2
5ae389c55542991a06ce99e2,"Them, Robot",107,0,0,0.8462,0.4615,True,False,False,8
5ae389c55542991a06ce99e2,"Them, Robot",78,1,1,1.0,0.0,False,False,False,8
5ae389c55542991a06ce99e2,The Simpsons (season 23),102,0,0,1.0,0.4706,True,False,False,6
5ab78a8555429928e1fe3876,Michael Raffl,175,0,0,0.9643,0.4286,True,False,False,13
5ab78a8555429928e1fe3876,Ice hockey at the 2014 Winter Olympics,160,0,0,0.96,0.6,True,False,False,10
5a7bd1a4554299294a54ab11,MCEM 2 submachine gun,249,0,0,0.8889,0.5833,True,False,False,2
5a7bd1a4554299294a54ab11,MCEM 2 submachine gun,60,0,0,0.7273,0.4545,False,False,False,2
5a7bd1a4554299294a54ab11,Uzi,173,0,0,0.8,0.28,True,False,False,57
5a74f7db5542996c70cfae5b,Magnus Mainland,161,0,0,0.9565,1.0,True,False,False,1
5a74f7db5542996c70cfae5b,W. E. Metzenthin,78,1,1,1.0,0.25,True,False,False,2
5a8f90de55429918e830d269,Robert Clouse,170,1,1,1.0,0.5556,True,False,False,20
5a8f90de55429918e830d269,Max Ophüls,215,0,0,1.0,0.6061,True,False,False,19
5a77d5ae5542995d831812ff,Meeting Resistance,65,1,1,1.0,0.8182,True,False,False,3
5a77d5ae5542995d831812ff,Divine Trash,104,0,0,1.0,0.5263,True,False,False,4
5adda9b95542997545bbbd9d,Royal Spa Centre,134,0,0,0.9565,0.7391,True,False,False,4
5adda9b95542997545bbbd9d,Anthony Eden,247,0,0,0.7692,0.359,False,False,False,137
5abbef6055429931dba145da,Pioneer Natural Resources,155,0,0,0.5882,0.1765,False,False,False,7
5abbef6055429931dba145da,TransDigm Group,163,0,0,0.4118,0.0,False,False,False,13
5ab7f2fe55429928e1fe3955,Huggy Ragnarsson,115,0,0,1.0,0.8235,True,False,False,4
5ab7f2fe55429928e1fe3955,Huggy Ragnarsson,103,0,0,0.5,0.3571,False,False,False,4
5ab7f2fe55429928e1fe3955,Naomi Campbell,73,0,0,0.9231,0.2308,True,False,False,53
5ab7f2fe55429928e1fe3955,Naomi Campbell,234,0,0,0.5806,0.0968,False,False,False,53
5a81cf575542990a1d231ed2,Philip Henson,716,0,0,0.9651,0.593,True,False,False,24
5a81cf575542990a1d231ed2,John Brown (abolitionist),202,0,0,0.5667,0.0333,False,False,False,197
5a8c467c554299653c1aa013,Alexey Zhukanenko,208,0,0,1.0,0.6154,True,False,False,11
5a8c467c554299653c1aa013,BC Pieno žvaigždės,168,0,0,0.875,0.3333,True,False,False,13
5a736a3c55429901807db039,Super High Me,91,0,0,0.9412,0.1176,True,False,False,9
5a736a3c55429901807db039,Tar Creek (film),184,1,1,1.0,0.5,True,False,False,3
5ae005ae55429925eb1afbe6,Alan McCullough (loyalist),133,1,1,1.0,0.3333,True,False,False,16
5ae005ae55429925eb1afbe6,Alan McCullough (loyalist),140,1,1,1.0,0.4545,True,False,False,16
5ae005ae55429925eb1afbe6,Johnny Adair,237,0,0,0.9706,0.5294,True,False,False,37
5ae2ddad55429928c4239510,Presidency of Richard Nixon,89,0,0,0.6429,0.2143,False,False,False,89
5ae2ddad55429928c4239510,George McGovern,209,0,0,0.963,0.4074,True,False,False,140
5a83909b5542992ef85e2308,Womankind (magazine),130,0,0,1.0,0.6,True,False,False,4
5a83909b5542992ef85e2308,Rabotnitsa,187,0,0,0.8696,0.1739,True,False,False,12
5ab58ade5542997d4ad1f175,Temple of Eck,75,0,0,1.0,1.0,True,False,False,1
5ab58ade5542997d4ad1f175,Temple of Eck,60,0,0,1.0,1.0,True,False,False,1
5ab58ade5542997d4ad1f175,"Chanhassen, Minnesota",79,0,0,0.8462,0.0769,True,False,False,24
5ae517a755429913cc20458e,Raining Men (Rihanna song),105,0,0,0.8824,0.0588,True,False,False,11
5ae517a755429913cc20458e,Raining Men (Rihanna song),274,1,1,1.0,0.4615,True,False,False,11
5ae517a755429913cc20458e,Loud (Rihanna album),59,1,1,1.0,0.2,True,False,False,32
5ae517a755429913cc20458e,Loud (Rihanna album),76,1,1,1.0,0.4286,True,False,False,32
5a8bb11a5542996e8ac889d9,Völuspá,176,0,0,0.8095,0.381,True,False,False,19
5a8bb11a5542996e8ac889d9,Poetic Edda,156,0,0,0.8636,0.4091,True,False,False,35
5ae3d0805542992f92d8237c,Loser Takes All (film),172,0,0,1.0,0.6154,True,False,False,7
5ae3d0805542992f92d8237c,Glynis Johns,118,0,0,0.7778,0.1111,False,False,False,57
5ae3d0805542992f92d8237c,Glynis Johns,282,0,0,0.5581,0.0465,False,False,False,57
5a7a45405542994f819ef1a6,Preppies (film),257,0,1,1.0,0.75,True,False,False,5
5a7a45405542994f819ef1a6,Annie Hall,128,0,0,0.8571,0.1905,True,False,False,56
5ab458bc5542990594ba9c03,Star Wars (film),319,0,0,0.8636,0.5227,True,False,False,128
5ab458bc5542990594ba9c03,Princess Leia,161,0,1,1.0,0.0435,False,False,False,64
5ae0ca2455429945ae959453,José Treviño Morales,124,0,1,1.0,0.4444,True,False,False,21
5ae0ca2455429945ae959453,Miguel Treviño Morales,183,0,0,1.0,0.2727,True,False,False,28
5ae5e4d555429929b08079fb,Mortimer Webster House,110,1,1,1.0,0.4667,True,False,False,3
5ae5e4d555429929b08079fb,"Stillwater, Minnesota",108,0,0,1.0,0.2353,True,False,False,31
5a7100a95542994082a3e4a6,Alistair Campbell (academic),134,0,1,1.0,0.8333,True,False,False,2
5a7100a95542994082a3e4a6,Æthelweard (historian),256,0,0,0.8788,0.4545,True,False,False,23
5a8efc295542997ba9cb3165,Mississippi Valley State Delta Devils basketball,163,1,1,1.0,1.0,True,False,False,1
5a8efc295542997ba9cb3165,"Itta Bena, Mississippi",66,1,1,1.0,0.3636,True,False,False,21
5a826bd85542995ce29dcd02,Ruggles Mine,138,0,0,0.913,0.4783,True,False,False,10
5a826bd85542995ce29dcd02,"Grafton, New Hampshire",44,0,0,1.0,0.25,True,False,False,10
5a7654765542992db9473767,Mount Everest,164,0,0,0.8333,0.375,True,False,False,190
5a7654765542992db9473767,Sunanda Devi,69,0,0,0.75,0.25,False,False,False,10
5ab4975f5542991779162cfd,Blinding Edge Pictures,320,0,0,0.7,0.25,False,False,False,7
5ab4975f5542991779162cfd,The Happening (2008 film),173,0,0,0.92,0.36,True,False,False,22
5a906dc65542990a9849364d,Interstate 90,84,0,0,0.7857,0.2143,False,False,False,52
5a906dc65542990a9849364d,Homestake Pass,199,0,0,0.931,0.6897,True,False,False,6
5ac2c26d554299218029db1e,Occupy Ashland,245,1,1,1.0,0.5938,True,False,False,8
5ac2c26d554299218029db1e,"Ashland, Oregon",57,0,0,0.6364,0.0,False,False,False,52
5a8dcc11554299068b959df5,Seven Wonders of the Ancient World,94,0,0,0.5833,0.0833,False,False,False,18
5a8dcc11554299068b959df5,Seven Wonders of the Ancient World,127,0,0,0.7333,0.1333,False,False,False,18
5a8dcc11554299068b959df5,Seven Wonders of the Ancient World,150,0,0,1.0,0.2941,True,False,False,18
5a8dcc11554299068b959df5,Seven Wonders of the Ancient World,130,0,0,0.619,0.1905,False,False,False,18
5a8dcc11554299068b959df5,Temple of Artemis,172,0,0,0.7619,0.2857,False,False,False,47
5a8ddcf1554299068b959e09,Katherine Pulaski,111,0,0,1.0,0.5333,True,False,False,17
5a8ddcf1554299068b959e09,Professor Moriarty,147,0,0,0.8261,0.1304,True,False,False,25
5ae2491b554299492dc91c11,Ass Burgers,80,1,1,1.0,0.3333,True,False,False,13
5ae2491b554299492dc91c11,You're Getting Old,195,0,0,0.9091,0.3182,True,False,False,20
5a8f50645542992414482a35,Hall of Game Awards,52,1,1,1.0,0.4,True,False,False,6
5a8f50645542992414482a35,Tony Hawk,184,0,0,0.7778,0.3333,False,False,False,37
5ac2aa8c554299657fa29008,Château du Grand-Blottereau,109,1,1,1.0,0.7778,True,False,False,2
5ac2aa8c554299657fa29008,Nantes,128,0,0,0.7619,0.0,False,False,False,95
5a72aee25542994cef4bc3d8,Batman: The Dark Knight Returns (film),97,0,0,1.0,0.5882,True,False,False,17
5a72aee25542994cef4bc3d8,Man of Steel (film),228,0,0,0.8182,0.303,True,False,False,56
5a778fc155429967ab1051fe,Perfect High,136,0,0,0.95,0.4,True,False,False,5
5a778fc155429967ab1051fe,Bella Thorne,73,0,0,0.75,0.0833,False,False,False,28
5ac38ea9554299741d48a293,Jars of Clay,64,1,1,1.0,0.3636,True,False,False,24
5ac38ea9554299741d48a293,Imagine Dragons,199,0,0,0.8571,0.25,True,False,False,44
5a7d311e554299452d57bb4e,"Abacoa, Florida",113,1,1,1.0,0.5263,True,False,False,7
5a7d311e554299452d57bb4e,"Palm Beach County, Florida",96,0,0,0.7857,0.0,False,False,False,63
5a8b581c55429949d91db55f,The Living Desert,154,1,1,1.0,0.5789,True,False,False,10
5a8b581c55429949d91db55f,The Saved,50,1,1,1.0,0.4444,True,False,False,6
5ae72d3c5542991e8301cb9a,Jani Hölli,92,1,1,1.0,0.75,True,False,False,6
5ae72d3c5542991e8301cb9a,Dingo,92,0,0,0.7143,0.0,False,False,False,139
5ab8f1f45542991b5579f076,Koen Olthuis,46,1,1,1.0,0.625,True,False,False,5
5ab8f1f45542991b5579f076,Delft University of Technology,192,0,0,0.7143,0.0952,False,False,False,86
5ae49c6d55429970de88d9dc,"Sumner, Mississippi",63,1,1,1.0,0.2,True,False,False,16
5ae49c6d55429970de88d9dc,"Charleston, Mississippi",163,1,1,1.0,0.4545,True,False,False,12
5ae49c6d55429970de88d9dc,"Charleston, Mississippi",87,0,0,0.8824,0.2353,True,False,False,12
5ac0b64a5542992a796ded6b,"Lakeview Heights, Kentucky",91,1,1,1.0,0.5333,True,False,False,8
5ac0b64a5542992a796ded6b,"Rowan County, Kentucky",67,0,0,1.0,0.25,True,False,False,15
5ac0b64a5542992a796ded6b,"Rowan County, Kentucky",28,1,1,1.0,0.2,True,True,False,15
5ac0c2fe554299012d1db62d,University of Bristol,188,0,0,0.7083,0.0417,False,False,False,88
5ac0c2fe554299012d1db62d,University of Bristol,95,0,0,0.7692,0.2308,False,False,False,88
5ac0c2fe554299012d1db62d,Red brick university,187,0,0,0.7692,0.1923,False,False,False,14
5a887b63554299206df2b2b3,"Unman, Wittering and Zigo (film)",94,0,1,1.0,0.7059,True,False,False,10
5a887b63554299206df2b2b3,Tony Haygarth,114,0,0,0.9444,0.6111,True,False,False,11
5a7cec1d55429909bec7688c,Mere Brother Ki Dulhan,172,0,0,0.6786,0.1429,False,False,False,18
5a7cec1d55429909bec7688c,Ali Abbas Zafar,143,0,0,0.5909,0.1364,False,False,False,9
5abaf3245542996cc5e49f2e,Sedaka's Back,79,1,1,1.0,0.6667,True,False,False,5
5abaf3245542996cc5e49f2e,Sedaka's Back,157,1,1,1.0,0.8636,True,False,False,5
5abaf3245542996cc5e49f2e,The Carpenters,132,0,0,0.9474,0.3684,True,False,False,79
5abaf3245542996cc5e49f2e,The Carpenters,138,0,0,0.7,0.2,False,False,False,79
5ae40d6355429970de88d8c0,Ivanhoe mining district,117,0,0,0.8421,0.5789,True,False,False,3
5ae40d6355429970de88d8c0,"Battle Mountain, Nevada",91,0,0,0.7857,0.2857,False,False,False,35
5a9090c755429933b8a2055c,Megan Smith,143,1,1,1.0,0.3182,True,False,False,9
5a9090c755429933b8a2055c,Vital Voices,54,0,0,1.0,0.375,True,False,False,14
5ade29535542997c77aded88,Sven-Olof Lundgren,72,0,0,0.8333,1.0,True,False,False,1
5ade29535542997c77aded88,1928 Winter Olympics,114,0,0,0.8125,0.5,True,False,False,8
5a8adc8655429950cd6afbbd,Marin Čilić,80,1,1,1.0,0.5,True,False,False,88
5a8adc8655429950cd6afbbd,Svetlana Kuznetsova,132,0,0,1.0,0.3333,True,False,False,103
5ab921dd55429919ba4e23c9,Steve Taylor,184,1,1,1.0,0.6207,True,False,False,35
5ab921dd55429919ba4e23c9,Pulp (band),59,0,0,0.9,0.2,True,False,False,33
5ae532f855429908b6326570,Yasuhide Kobashi,133,0,0,0.8,0.5333,True,False,False,6
5ae532f855429908b6326570,Yasuhide Kobashi,184,1,1,1.0,0.64,True,False,False,6
5ae532f855429908b6326570,Nelson Rockefeller,104,0,0,1.0,0.4667,True,False,False,99
5ae532f855429908b6326570,Nelson Rockefeller,221,0,0,1.0,0.4444,True,False,False,99
5ab6e63d554299110f219a75,New Jersey Route 4,402,0,0,0.9184,0.3673,True,False,False,12
5ab6e63d554299110f219a75,"Hackensack, New Jersey",107,0,0,0.9375,0.3125,True,False,False,157
5ae78dcb554299540e5a55fd,Jan van der Elburcht,51,1,1,1.0,0.7778,True,False,False,3
5ae78dcb554299540e5a55fd,Elburg,83,0,0,0.6667,0.0,False,False,False,7
5ae75c8f5542997b22f6a6fa,Mrs. Freshley's,84,0,0,0.9333,1.0,True,False,False,1
5ae75c8f5542997b22f6a6fa,Mrs. Freshley's,216,1,1,1.0,1.0,True,False,False,1
5ae75c8f5542997b22f6a6fa,Flowers Foods,127,0,0,0.9412,0.4706,True,False,False,13
5ae70ce1554299572ea54695,Baker Municipal Airport,221,0,0,0.8824,0.6765,True,False,False,4
5ae70ce1554299572ea54695,"Baker, Montana",80,1,1,1.0,0.4286,True,False,False,18
5abd599f55429924427fcfbc,"Sun River, Montana",87,1,1,1.0,0.6429,True,False,False,12
5abd599f55429924427fcfbc,"Cascade County, Montana",102,0,0,0.8235,0.1765,True,False,False,12
5abe69d055429965af743ef6,Achintya Bheda Abheda,163,0,0,0.8571,0.5238,True,False,False,9
5abe69d055429965af743ef6,Krishna,75,0,0,0.8,0.1,True,False,False,91
5a8783865542996e4f30881a,Lake of the Woods (Oregon),150,1,1,1.0,0.25,True,False,False,26
5a8783865542996e4f30881a,Cascade Range,74,0,0,0.8333,0.0833,True,False,False,30
5ae22a915542996483e6491a,Yoon Jin-seo,110,0,1,1.0,0.6,True,False,False,5
5ae22a915542996483e6491a,Secret Love (2010 film),124,0,0,0.7273,0.1818,False,False,False,2
5ac51e4f5542994611c8b3b7,1974–75 Buffalo Sabres season,99,1,1,1.0,0.3077,True,False,False,22
5ac51e4f5542994611c8b3b7,1974–75 Philadelphia Flyers season,117,1,1,1.0,0.3077,True,False,False,11
5a87edfc55429938390d3eb4,Blood on the Bricks (song),75,1,1,1.0,1.0,True,False,False,1
5a87edfc55429938390d3eb4,Blood on the Bricks (song),34,1,1,1.0,1.0,True,True,False,1
5a87edfc55429938390d3eb4,Jon Bon Jovi,102,0,0,0.9444,0.3333,True,False,False,35
5a8f5f4b5542997ba9cb3238,DeSoL,116,0,0,0.8095,0.3333,True,False,False,5
5a8f5f4b5542997ba9cb3238,"Asbury Park, New Jersey",237,0,0,0.7576,0.2424,False,False,False,174
5ac2c60f554299657fa29043,Pavel Volya,160,0,1,1.0,0.6667,True,False,False,4
5ac2c60f554299657fa29043,Garik Martirosyan,93,0,0,0.9444,0.3333,True,False,False,3
5ab6a0e355429953192ad340,WDSF-LD,127,0,0,0.6667,0.2778,False,False,False,5
5ab6a0e355429953192ad340,WDSF-LD,97,0,0,0.7692,0.5385,False,False,False,5
5ab6a0e355429953192ad340,AMGTV,207,0,0,1.0,0.7308,True,False,False,3
5ab6a0e355429953192ad340,AMGTV,64,1,1,1.0,0.6,True,False,False,3
5ab4d3ba5542996a3a969fd2,Christine Dzidrums,164,1,1,1.0,0.7917,True,False,False,2
5ab4d3ba5542996a3a969fd2,Clayton Kershaw,149,1,1,1.0,0.4545,True,False,False,83
5ac3f8cb5542997ea680c9a1,This Is Our House,61,1,1,1.0,0.25,True,False,False,6
5ac3f8cb5542997ea680c9a1,This Is Our House,177,1,1,1.0,0.5769,True,False,False,6
5ac3f8cb5542997ea680c9a1,Jon Bon Jovi,102,0,0,0.9444,0.3333,True,False,False,35
5ac5023c55429924173fb54e,Jackie Mahood,154,1,1,1.0,0.5833,True,False,False,12
5ac5023c55429924173fb54e,Ulster Volunteer Force,94,0,0,1.0,0.2308,True,False,False,82
5ac5023c55429924173fb54e,Ulster Volunteer Force,81,0,0,0.7333,0.1333,False,False,False,82
5ae0432b55429942ec259c65,Spirit of the American Range,191,0,1,1.0,0.0714,True,False,False,20
5ae0432b55429942ec259c65,Aaron Copland,166,0,0,1.0,0.4348,True,False,False,74
5ab70000554299110f219a8e,Sangerville Town Hall,127,1,1,1.0,0.1667,True,False,False,4
5ab70000554299110f219a8e,"Sangerville, Maine",66,1,1,1.0,0.5,True,False,False,10
5a74620855429979e2882932,Grazilda,86,0,0,0.8462,0.5385,True,False,False,2
5a74620855429979e2882932,Cinderella,331,0,0,0.95,0.0,False,False,False,114
5ab6f038554299710c8d1fc8,"Warren, Maine",54,1,1,1.0,0.3,True,False,False,20
5ab6f038554299710c8d1fc8,"Warren, Maine",158,1,1,1.0,0.45,True,False,False,20
5ab6f038554299710c8d1fc8,Maine State Prison,95,1,1,1.0,0.2143,True,False,False,12
5ac135cb5542991316484a81,"Monument, Kansas",55,0,0,1.0,0.8182,True,False,False,4
5ac135cb5542991316484a81,"Oakley, Kansas",53,0,0,1.0,0.2,True,False,False,17
5a836f375542992ef85e22c2,Greenlight Capital,68,1,1,1.0,0.25,True,False,False,12
5a836f375542992ef85e22c2,David Einhorn (hedge fund manager),106,0,0,0.9375,0.625,True,False,False,23
5ae66d1b5542992ae0d16345,Clearwater Marine Aquarium,153,0,0,0.7727,0.1818,False,False,False,23
5ae66d1b5542992ae0d16345,"Clearwater, Florida",115,0,0,1.0,0.4,True,False,False,44
5ae64ea05542992ae0d162c7,FAME Studios,86,1,1,1.0,0.25,True,False,False,20
5ae64ea05542992ae0d162c7,Rick Hall,115,1,1,1.0,0.3158,True,False,False,27
5add525d5542992200553aa2,2015 Clinton Correctional Facility escape,229,0,0,1.0,0.4375,True,False,False,29
5add525d5542992200553aa2,Richard Matt,171,1,1,1.0,0.375,True,False,False,14
5a7bcb8e55429927d897c048,Sea Cow Island,167,1,1,1.0,0.6296,True,False,False,2
5a7bcb8e55429927d897c048,Sea Cow Island,103,0,0,0.9412,0.8235,True,False,False,2
5a7bcb8e55429927d897c048,Dugong,65,0,0,0.7778,0.1111,False,False,False,58
5a7bcb8e55429927d897c048,Dugong,101,1,1,1.0,0.4,True,False,False,58
5ae7e7e85542994a481bbdfb,Frances Bemis,233,0,0,1.0,0.6774,True,False,False,8
5ae7e7e85542994a481bbdfb,"Fulton County, Georgia",57,0,0,0.8,0.2,True,False,False,43
5a90c8c85542995651fb51ef,Volkswagen Golf Mk7,162,0,0,0.6842,0.1053,False,False,False,60
5a90c8c85542995651fb51ef,Volkswagen Golf Mk7,99,0,0,0.8889,0.3889,True,False,False,60
5a90c8c85542995651fb51ef,Volkswagen Golf Mk6,55,0,0,0.9091,0.2727,True,False,False,34
5ab5eab35542992aa134a3dd,Émile Zola,221,0,0,0.9643,0.3214,True,False,False,40
5ab5eab35542992aa134a3dd,Alfred Dreyfus,248,0,0,0.8947,0.5,True,False,False,32
5a8836c45542994846c1ce30,The Ball Street Journal,37,1,1,1.0,0.4286,True,True,False,2
5a8836c45542994846c1ce30,The Ball Street Journal,122,1,1,1.0,0.4444,True,False,False,2
5a8836c45542994846c1ce30,Shawty Lo,138,0,0,0.9524,0.5238,True,False,False,18
5a8077605542996402f6a53c,Up (2009 film),138,0,0,0.9048,0.3333,True,False,False,44
5a8077605542996402f6a53c,Snowball Express,174,0,0,0.8571,0.5357,True,False,False,8
5abebab95542993fe9a41d37,Beck,159,0,0,0.9091,0.4091,True,False,False,61
5abebab95542993fe9a41d37,Alanis Morissette,171,0,0,0.7273,0.3182,False,False,False,61
5ade6087554299728e26c6f9,Intergirl,124,1,1,1.0,0.619,True,False,False,5
5ade6087554299728e26c6f9,Elena Yakovleva,61,1,1,1.0,0.3636,True,False,False,3
5a7aa6d35542995eb53be888,Gertrude Stein,112,1,1,1.0,0.5882,True,False,False,122
5a7aa6d35542995eb53be888,Ezra Pound,163,0,0,0.9259,0.4444,True,False,False,252
5ae25e255542994d89d5b3f9,Spring Fever (1927 film),125,0,0,0.9474,0.3684,True,False,False,14
5ae25e255542994d89d5b3f9,Joan Crawford,56,0,0,1.0,0.4444,True,False,False,92
5ae25e255542994d89d5b3f9,Joan Crawford,112,0,0,0.6316,0.1579,False,False,False,92
5a72988f5542991f9a20c51f,Argen,51,1,1,1.0,0.2,True,False,False,12
5a72988f5542991f9a20c51f,Argen,119,1,1,1.0,0.5294,True,False,False,12
5a72988f5542991f9a20c51f,Lake Constance,274,0,0,0.8214,0.3571,True,False,False,127
5a72988f5542991f9a20c51f,Lake Constance,145,0,0,0.8421,0.3158,True,False,False,127
5a735b845542991f29ee2dae,Adam Streisand,521,0,0,0.9275,0.5797,True,False,False,32
5a735b845542991f29ee2dae,Anna Nicole Smith,157,0,0,0.913,0.5217,True,False,False,40
5ae339eb5542990afbd1e0e8,The Remains of the Day (musical),116,1,1,1.0,0.5,True,False,False,4
5ae339eb5542990afbd1e0e8,Kazuo Ishiguro,85,0,0,0.8571,0.0,False,False,False,29
5a74b56255429974ef308c3a,Chris Tompkins,107,0,0,0.9333,0.6,True,False,False,9
5a74b56255429974ef308c3a,Chris Tompkins,318,0,0,0.5909,0.2727,False,False,False,9
5a74b56255429974ef308c3a,Jamie Lynn Spears,178,0,0,0.7143,0.1071,False,False,False,29
5ab98b2a554299743d22eb66,Teen Choice Award for Choice Music – Male Artist,97,1,1,1.0,1.0,True,False,False,1
5ab98b2a554299743d22eb66,Teen Choice Award for Choice Music – Male Artist,61,1,1,1.0,1.0,True,False,False,1
5ab98b2a554299743d22eb66,Aaron Carter,67,0,0,0.7273,0.0,False,False,False,40
5ae1290b5542997b2ef7d111,Dennis Gansel,86,0,0,0.5333,0.2667,False,False,False,3
5ae1290b5542997b2ef7d111,Nick Park,173,0,0,0.6923,0.2692,False,False,False,28
5ade901655429939a52fe8f7,So Ends Our Night,213,0,0,0.9333,0.6667,True,False,False,14
5ade901655429939a52fe8f7,Erich Maria Remarque,92,0,0,1.0,0.2667,True,False,False,23
5a7ceb3c5542990527d55542,Han Jae-suk,160,0,1,1.0,0.8,True,False,False,3
5a7ceb3c5542990527d55542,Cecilia Cheung,100,0,0,0.8889,0.3333,True,False,False,15
5a7ceb3c5542990527d55542,Cecilia Cheung,213,0,0,0.8286,0.4,True,False,False,15
5a8ce6b0554299585d9e375e,Spartacus: War of the Damned,241,0,0,1.0,0.6286,True,False,False,14
5a8ce6b0554299585d9e375e,Liam McIntyre,144,0,0,1.0,0.5217,True,False,False,4
5adfa443554299025d62a318,Torre Bouchard,62,0,0,0.75,0.375,False,False,False,2
5adfa443554299025d62a318,Aerolíneas Argentinas,107,0,0,0.8667,0.0667,True,False,False,28
5a8dcd515542994ba4e3dd20,Ko Chang-seok,117,1,1,1.0,0.8,True,False,False,2
5a8dcd515542994ba4e3dd20,Rough Cut (2008 film),91,1,1,1.0,0.4737,True,False,False,9
5a77bf1455429967ab10525f,Mahmoud Mekki,167,0,0,0.913,0.3043,True,False,False,7
5a77bf1455429967ab10525f,Mahmoud Mekki,127,1,1,1.0,0.3333,True,False,False,7
5a77bf1455429967ab10525f,Mohamed Morsi,364,0,0,0.7347,0.3265,False,False,False,80
5ac26b4c5542992f1f2b38bd,"Haralson, Georgia",93,0,1,1.0,0.7333,True,False,False,8
5ac26b4c5542992f1f2b38bd,Lawless (film),146,0,0,1.0,0.4286,True,False,False,29
5ac1cb7b55429964131be294,Mike Fraser (record producer),148,0,0,0.875,0.7917,True,False,False,2
5ac1cb7b55429964131be294,AC/DC,101,0,0,0.9444,0.2222,True,False,False,68
5a7c3f4355429935c91b5140,Night at the Museum: Battle of the Smithsonian,340,0,0,0.9348,0.5435,True,False,False,39
5a7c3f4355429935c91b5140,Robin Williams,146,0,0,0.6522,0.1304,False,False,False,74
5a7da50f5542990b8f5039f0,United Lincolnshire Hospitals NHS Trust,253,0,0,0.85,0.55,True,False,False,12
5a7da50f5542990b8f5039f0,Grantham and District Hospital,94,0,0,0.9091,0.4545,True,False,False,8
5a80e9a455429938b614224d,R2B: Return to Base,133,0,0,0.9091,0.5909,True,False,False,10
5a80e9a455429938b614224d,R2B: Return to Base,66,1,1,1.0,0.5,True,False,False,10
5a80e9a455429938b614224d,Shin Se-kyung,72,0,0,1.0,0.5714,True,False,False,15
5a80e9a455429938b614224d,Shin Se-kyung,212,0,0,1.0,0.4286,True,False,False,15
5ac1694155429964131be1da,Kim Hyun-seok (filmmaker),83,1,1,1.0,0.4667,True,False,False,10
5ac1694155429964131be1da,Kim Hyun-seok (filmmaker),155,0,1,1.0,0.3913,True,False,False,10
5ac1694155429964131be1da,Cyrano Agency,21,1,1,1.0,0.3333,True,True,False,9
5ac1694155429964131be1da,Cyrano Agency,132,0,0,1.0,0.6,True,False,False,9
5abd4e8c5542993062266c49,Georgia Department of Defense,210,1,1,1.0,0.2105,True,False,False,23
5abd4e8c5542993062266c49,"Marietta, Georgia",110,0,0,0.875,0.25,True,False,False,46
5a8a07cc5542992d82986e5d,Lviv Academic Gymnasium,75,0,0,0.8889,0.4444,True,False,False,3
5a8a07cc5542992d82986e5d,Lviv Academic Gymnasium,146,0,0,1.0,0.7895,True,False,False,3
5a8a07cc5542992d82986e5d,Holy Roman Emperor,124,0,0,0.9167,0.0,False,False,False,28
5ae52a0855429908b632652f,Broth of a Boy,132,1,1,1.0,0.5714,True,False,False,4
5ae52a0855429908b632652f,Barry Fitzgerald,97,0,0,0.9375,0.5625,True,False,False,34
5a8e0fd855429917b4a5bcff,Campus of Dartmouth College,145,1,1,1.0,0.6111,True,False,False,5
5a8e0fd855429917b4a5bcff,The Green (Dartmouth College),191,1,1,1.0,0.4815,True,False,False,17
5abeaac85542990832d3a08c,Changing Tune,103,1,1,1.0,0.4444,True,False,False,7
5abeaac85542990832d3a08c,Lower Than Atlantis,145,0,0,0.8,0.05,True,False,False,19
5adca7925542990d50227cd2,Babylon Revisited,206,0,0,1.0,0.6071,True,False,False,15
5adca7925542990d50227cd2,Babylon Revisited,119,0,0,0.5238,0.1429,False,False,False,15
5adca7925542990d50227cd2,Elizabeth Taylor,141,0,0,1.0,0.3478,True,False,False,73
5a88dd8a55429946c8d6e8c4,Brian Koppelman,157,0,0,0.5909,0.2273,False,False,False,12
5a88dd8a55429946c8d6e8c4,Brian Koppelman,357,0,0,1.0,0.4595,True,False,False,12
5a88dd8a55429946c8d6e8c4,ESPN,396,0,0,0.5686,0.1373,False,False,False,48
5a84539355429933447460dc,Hell on Heels,76,1,1,1.0,0.6364,True,False,False,2
5a84539355429933447460dc,Hell on Heels,107,1,1,1.0,0.6,True,False,False,2
5a84539355429933447460dc,Angaleena Presley,104,1,1,1.0,0.5333,True,False,False,3
5a84539355429933447460dc,Angaleena Presley,161,0,0,0.88,0.24,True,False,False,3
5a8eef7c5542990e94052bc7,Barbara W. Tuchman,103,0,0,1.0,0.4,True,False,False,19
5a8eef7c5542990e94052bc7,Barbara W. Tuchman,243,0,1,1.0,0.5,True,False,False,19
5a8eef7c5542990e94052bc7,Guillaume Apollinaire,155,0,0,1.0,0.5652,True,False,False,32
5a811ebf554299260e20a24a,Megan Smith,143,1,1,1.0,0.3182,True,False,False,9
5a811ebf554299260e20a24a,Vital Voices,54,0,0,1.0,0.375,True,False,False,14
5a8353a1554299123d8c20ea,À la recherche du temps perdu (film),144,0,0,1.0,0.7407,True,False,False,3
5a8353a1554299123d8c20ea,In Search of Lost Time,191,0,0,0.7931,0.069,False,False,False,118
5a8353a1554299123d8c20ea,In Search of Lost Time,211,0,0,0.871,0.129,True,False,False,118
5ac3b99f554299657fa2911a,John III of Egmont,244,0,0,1.0,0.7667,True,False,False,8
5ac3b99f554299657fa2911a,Stadtholder,145,0,0,0.65,0.15,False,False,False,16
5abffc8f554299012d1db554,KTFS (AM),60,0,0,0.8,0.3,True,False,False,7
5abffc8f554299012d1db554,KTFS (AM),57,0,0,0.8889,0.5556,True,False,False,7
5abffc8f554299012d1db554,"Texarkana, Texas",92,0,0,1.0,0.4375,True,False,False,26
5ae372f25542990afbd1e155,Raja Mukthi,147,0,0,0.8636,0.4545,True,False,False,7
5ae372f25542990afbd1e155,M. K. Thyagaraja Bhagavathar,157,0,0,0.8261,0.4783,True,False,False,24
5ac3276c5542995ef918c141,Jeon Ji-yoon,159,0,0,0.8889,0.5185,True,False,False,9
5ac3276c5542995ef918c141,Faris Badwan,150,0,0,1.0,0.56,True,False,False,16
5ae5023955429960a22e0236,John Elliott Ward,270,0,0,1.0,1.0,True,False,False,1
5ae5023955429960a22e0236,James Buchanan,158,0,0,0.8333,0.375,True,False,False,82
5a80f10455429938b6142264,Battle of Chancellorsville,151,0,0,1.0,0.375,True,False,False,151
5a80f10455429938b6142264,Battle of Chancellorsville,115,0,0,0.5789,0.0526,False,False,False,151
5a80f10455429938b6142264,Battle of the Wilderness,235,0,0,0.9355,0.3871,True,False,False,63
5a85267c5542994c784ddb0f,Guillaume Apollinaire,155,0,0,1.0,0.5652,True,False,False,32
5a85267c5542994c784ddb0f,Michel Foucault,179,0,0,0.7917,0.3333,False,False,False,118
5a75f1ef55429976ec32bcb2,Twenty Million Sweethearts,99,0,0,1.0,0.6875,True,False,False,3
5a75f1ef55429976ec32bcb2,Twenty Million Sweethearts,58,0,0,0.9091,0.1818,True,False,False,3
5a75f1ef55429976ec32bcb2,Ginger Rogers,214,0,0,0.875,0.4375,True,False,False,59
5ae615cf554299546bf8306c,Goon: Last of the Enforcers,168,0,1,1.0,0.3462,True,False,False,19
5ae615cf554299546bf8306c,Goon (film),237,0,0,1.0,0.6061,True,False,False,29
5ab442335542991779162c3d,Vincent Ryan (bishop),122,0,0,0.95,0.45,True,False,False,3
5ab442335542991779162c3d,"Magdalen College, Oxford",84,0,0,0.9,0.2,True,False,False,98
5ae75df15542995703ce8bf7,Mug Race,98,1,1,1.0,1.0,True,False,False,1
5ae75df15542995703ce8bf7,"Palatka, Florida",84,0,0,0.7143,0.2143,False,False,False,39
5ae628945542992ae0d16254,The Trouble with Atheism,89,1,1,1.0,0.5,True,False,False,7
5ae628945542992ae0d16254,The Trouble with Atheism,163,1,1,1.0,0.619,True,False,False,7
5ae628945542992ae0d16254,John Polkinghorne,160,0,0,0.6667,0.2857,False,False,False,44
5ae628945542992ae0d16254,John Polkinghorne,280,1,1,1.0,0.3158,True,False,False,44
5a86fad45542991e771816a5,Live. Love. ASAP,5,9,9,1.0,0.0,False,True,False,23
5a86fad45542991e771816a5,Live. Love. ASAP,5,9,9,1.0,0.0,False,True,False,23
5a86fad45542991e771816a5,Live. Love. ASAP,149,1,1,1.0,0.28,True,False,False,23
5a86fad45542991e771816a5,Live. Love. ASAP,102,1,1,1.0,0.375,True,False,False,23
5a86fad45542991e771816a5,SpaceGhostPurrp,146,0,0,0.7391,0.4783,False,False,False,32
5a86fad45542991e771816a5,SpaceGhostPurrp,60,0,0,1.0,0.2727,True,False,False,32
5add546c5542992200553ab4,Alan Bennett,87,0,0,0.8571,0.2857,True,False,False,34
5add546c5542992200553ab4,Alan Bennett,191,0,0,1.0,0.2593,True,False,False,34
5add546c5542992200553ab4,Dudley Moore,116,0,0,1.0,0.6667,True,False,False,51
5a7ca64355429907fabeefe6,Temple of Eck,60,0,0,1.0,1.0,True,False,False,1
5a7ca64355429907fabeefe6,"Chanhassen, Minnesota",45,0,0,1.0,0.375,True,False,False,24
5a7ceb7355429909bec76887,Reputation and Rarities,142,0,1,1.0,0.45,True,False,False,6
5a7ceb7355429909bec76887,Dusty Springfield,275,0,0,0.5476,0.0238,False,False,False,70
5ab55e07554299637185c57d,Alen Hodzovic,163,0,1,1.0,1.0,True,False,False,1
5ab55e07554299637185c57d,Andrew Lloyd Webber,387,0,0,0.9,0.54,True,False,False,66
5a8d7a5f55429941ae14dfc0,Finn Høffding,101,0,0,0.9333,0.7333,True,False,False,2
5a8d7a5f55429941ae14dfc0,Finn Høffding,125,0,1,1.0,0.8235,True,False,False,2
5a8d7a5f55429941ae14dfc0,Carl Nielsen,159,0,0,0.9167,0.4167,True,False,False,66
5a79125c554299148911f9e2,Kari Kimmel,135,0,0,0.5238,0.381,False,False,False,10
5a79125c554299148911f9e2,Kari Kimmel,92,0,0,0.8889,0.5,True,False,False,10
5a79125c554299148911f9e2,AJ Lee,119,0,0,0.8333,0.2778,True,False,False,34
5abe37995542993f32c2a091,Michael Alford (artist),121,0,0,0.65,0.35,False,False,False,7
5abe37995542993f32c2a091,Helmand province campaign,118,1,1,1.0,0.3529,True,False,False,84
5abf9aa15542994516f454d3,Zaira Nara,101,0,0,0.6471,0.1765,False,False,False,4
5abf9aa15542994516f454d3,Wanda Nara,114,0,0,0.4444,0.0556,False,False,False,7
5ac3133f554299741d48a1ad,Jacob Veldhuyzen van Zanten,158,0,0,0.7143,0.0476,False,False,False,8
5ac3133f554299741d48a1ad,Tenerife airport disaster,281,0,0,0.8974,0.4359,True,False,False,67
5ae4bfa555429913cc2044f2,Beringer Vineyards,210,1,1,1.0,0.72,True,False,False,4
5ae4bfa555429913cc2044f2,Charles Laughton,123,0,0,0.7778,0.3333,False,False,False,38
5a73226655429901807daf87,Tonino Accolla,82,0,0,0.5714,0.2143,False,False,False,5
5a73226655429901807daf87,The Fifth Element,150,0,0,0.8,0.32,True,False,False,47
5a794a8e5542994bb9456fe0,Darlin' I,54,0,0,0.6364,0.1818,False,False,False,2
5a794a8e5542994bb9456fe0,Darlin' I,112,0,0,0.7895,0.5789,False,False,False,2
5a794a8e5542994bb9456fe0,Vanessa Williams,146,0,0,0.85,0.0,False,False,False,32
5ae2796e554299492dc91c26,Demetrius Jackson,150,1,1,1.0,0.5217,True,False,False,12
5ae2796e554299492dc91c26,2016 NBA draft,456,1,1,1.0,0.4918,True,False,False,28
5ae6436b55429908198fa55e,A Mercy,39,1,1,1.0,0.375,True,True,False,4
5ae6436b55429908198fa55e,Toni Morrison,150,0,0,0.619,0.2381,False,False,False,92
5ae77450554299540e5a559c,The Reunion (2011 American film),153,1,1,1.0,0.6522,True,False,False,4
5ae77450554299540e5a559c,Boyd Holbrook,85,0,0,0.8571,0.5714,True,False,False,10
5a8f950a55429918e830d27e,Break Every Rule World Tour,96,0,0,0.8,0.3333,True,False,False,10
5a8f950a55429918e830d27e,Tina Turner,140,0,0,0.75,0.2,False,False,False,86
5ae3e3385542996836b02be5,Thomas Taylor (artist),93,0,1,1.0,0.2667,True,False,False,3
5ae3e3385542996836b02be5,Harry Potter and the Philosopher's Stone,160,0,0,0.85,0.1,True,False,False,55
5a74b6ba55429916b01641ea,William Moulton Marston,220,0,0,0.9688,0.6562,True,False,False,61
5a74b6ba55429916b01641ea,Wonder Woman,95,0,0,0.8,0.2,True,False,False,161
5a74b6ba55429916b01641ea,Wonder Woman,130,0,0,0.7895,0.2105,False,False,False,161
5adede1a554299728e26c7df,Kim Sang-kyung,59,0,0,1.0,0.8333,True,False,False,2
5adede1a554299728e26c7df,Kim Sang-kyung,90,0,0,0.9412,0.7059,True,False,False,2
5adede1a554299728e26c7df,May 18 (film),14,0,0,0.6667,0.6667,False,True,False,7
5adede1a554299728e26c7df,May 18 (film),60,0,0,0.4,0.1,False,False,False,7
5a7727b25542993569682d07,Leif Erikson,169,0,0,0.3636,0.0455,False,False,False,30
5a7727b25542993569682d07,Viking expansion,221,0,0,0.8519,0.4815,True,False,False,82
5ae4ad685542995dadf243a6,James Tyrrell,103,0,0,0.9412,0.4706,True,False,False,14
5ae4ad685542995dadf243a6,Princes in the Tower,138,0,0,0.9091,0.2273,True,False,False,52
5a7b46fc55429927d897bf6e,Steve Taylor,146,0,0,1.0,0.7143,True,False,False,35
5a7b46fc55429927d897bf6e,MGMT,80,0,0,0.7692,0.0769,False,False,False,29
5a7d78915542990b8f50399f,Gilbert Kurland,146,0,1,1.0,0.5714,True,False,False,2
5a7d78915542990b8f50399f,Bride of Frankenstein,176,0,0,0.9048,0.3333,True,False,False,47
5ade2c1155429939a52fe84e,Johnny Simmons,252,0,0,1.0,0.2821,True,False,False,5
5ade2c1155429939a52fe84e,The Perks of Being a Wallflower (film),76,0,0,1.0,0.3077,True,False,False,33
5ab5d3cd554299494045f075,NFL Top 100 Players of 2013,106,0,0,0.9412,1.0,True,False,False,1
5ab5d3cd554299494045f075,Adrian Peterson,146,0,0,0.6818,0.2273,False,False,False,67
5a7a16185542994f819ef132,Bud Saunders,47,1,1,1.0,0.7143,True,False,False,3
5a7a16185542994f819ef132,Bud Saunders,233,1,1,1.0,0.5333,True,False,False,3
5a7a16185542994f819ef132,Clemson University,169,0,0,0.7692,0.2308,False,False,False,83
5ac2e312554299657fa290b8,Larry Buttrose,95,1,1,1.0,0.6429,True,False,False,20
5ac2e312554299657fa290b8,Larry Buttrose,141,0,1,1.0,0.381,True,False,False,20
5ac2e312554299657fa290b8,Saroo Brierley,140,0,0,0.9,0.45,True,False,False,16
5ade5f62554299728e26c6f2,Al Graf,114,0,0,0.8889,0.3889,True,False,False,9
5ade5f62554299728e26c6f2,Al Graf,215,0,0,0.9565,0.7826,True,False,False,9
5ade5f62554299728e26c6f2,"Holbrook, New York",98,1,1,1.0,0.625,True,False,False,15
5ade5f62554299728e26c6f2,"Holbrook, New York",45,1,1,1.0,0.25,True,False,False,15
5ade5f62554299728e26c6f2,"Holbrook, New York",72,0,0,0.8182,0.1818,True,False,False,15
5a77e2915542995d8318131e,2015–16 Missouri Tigers women's basketball team,60,1,1,1.0,1.0,True,False,False,1
5a77e2915542995d8318131e,Robin Pingeton,69,1,1,1.0,0.6154,True,False,False,3
5a852b235542997175ce1f96,Nikolay Yung,295,0,0,0.6757,0.2703,False,False,False,9
5a852b235542997175ce1f96,Battle of Tsushima,300,0,0,0.7857,0.2857,False,False,False,116
5a8337915542993344745ff2,Barrow Blitz,121,0,0,1.0,0.4444,True,False,False,10
5a8337915542993344745ff2,Barrow Hematite Steel Company,163,1,1,1.0,0.4545,True,False,False,7
5abd161d55429924427fceef,Ga West Municipal District,39,0,0,0.8571,0.4286,True,True,False,2
5abd161d55429924427fceef,Amasaman,123,0,0,0.8889,1.0,True,False,False,1
5abd161d55429924427fceef,Amasaman,62,0,0,0.8889,1.0,True,False,False,1
5a8b8d3355429949d91db5dd,Dutch Smoushond,201,0,0,0.8462,0.2692,True,False,False,4
5a8b8d3355429949d91db5dd,Neapolitan Mastiff,97,0,0,0.7692,0.3077,False,False,False,5
5ab96ffe5542996be20204ed,Royal Pudding,216,0,0,0.8966,0.4483,True,False,False,8
5ab96ffe5542996be20204ed,Wedding of Prince William and Catherine Middleton,149,0,0,0.8261,0.1739,True,False,False,104
5adc6d4d55429947ff17395b,Chan Tsz Ka,46,1,1,1.0,0.7778,True,False,False,2
5adc6d4d55429947ff17395b,Badminton at the 2010 Asian Games,107,0,0,1.0,1.0,True,False,False,2
5ac1124d554299294b219090,"Garland, Maine",60,1,1,1.0,0.5,True,False,False,12
5ac1124d554299294b219090,"Penobscot County, Maine",50,0,0,0.8889,0.2222,True,False,False,10
5a8dcbab554299441c6ba08c,The Best Exotic Marigold Hotel,380,0,0,1.0,0.5818,True,False,False,28
5a8dcbab554299441c6ba08c,Dev Patel,242,0,0,0.5946,0.1351,False,False,False,22
5a84ab245542997b5ce3ff03,Stefan Schwartz,255,0,0,0.9429,0.6571,True,False,False,14
5a84ab245542997b5ce3ff03,Luther (TV series),102,0,0,0.75,0.25,False,False,False,31
5a84ab245542997b5ce3ff03,Luther (TV series),91,0,0,0.875,0.3125,True,False,False,31
5adfd3bb55429925eb1afaa6,Ernst Stadler,81,1,1,1.0,0.6154,True,False,False,2
5adfd3bb55429925eb1afaa6,Expressionism,134,0,0,0.8333,0.1667,True,False,False,47
5adfd3bb55429925eb1afaa6,Expressionism,158,1,1,1.0,0.64,True,False,False,47
5a7fa2f255429969796c1b03,Alan Dunbar,65,1,1,1.0,0.9,True,False,False,7
5a7fa2f255429969796c1b03,County Antrim,148,0,0,0.619,0.1905,False,False,False,33
5a7e767655429949594199c6,Incubus (1966 film),130,0,0,0.8333,0.3333,True,False,False,13
5a7e767655429949594199c6,Incubus (1966 film),192,0,0,1.0,0.6897,True,False,False,13
5a7e767655429949594199c6,American Beauty (1999 film),94,0,0,1.0,0.4,True,False,False,80
5abd5d0a55429924427fcfc2,Street Fighter: The Legend of Chun-Li,144,1,1,1.0,0.2609,True,False,False,18
5abd5d0a55429924427fcfc2,Michael Clarke Duncan,260,0,0,0.9444,0.3056,True,False,False,17
5a76258b5542992d0ec0602b,Desmond Llewelyn,168,0,0,1.0,0.4,True,False,False,17
5a76258b5542992d0ec0602b,Q (James Bond),148,0,0,0.5455,0.0455,False,False,False,29
5adead9055429975fa854f68,Battle of Zliten,101,1,1,1.0,0.5714,True,False,False,16
5adead9055429975fa854f68,Battle of Zliten,336,1,1,1.0,0.6744,True,False,False,16
5adead9055429975fa854f68,Muammar Gaddafi,163,0,0,0.7619,0.2857,False,False,False,107
5a7140785542994082a3e6fd,Back from Earth,77,0,0,0.9231,1.0,True,False,False,1
5a7140785542994082a3e6fd,Megalithic Symphony,144,0,0,0.9545,0.8182,True,False,False,5
5a72b21f5542991f9a20c56e,The Dream of Rome,213,0,0,1.0,0.4688,True,False,False,10
5a72b21f5542991f9a20c56e,Boris Johnson,93,0,0,0.9375,0.1875,True,False,False,202
5a89bf8e5542992e4fca83b5,Charlize Theron filmography,154,0,0,0.96,0.52,True,False,False,2
5a89bf8e5542992e4fca83b5,Charlize Theron filmography,266,0,0,0.9062,0.5312,True,False,False,2
5a89bf8e5542992e4fca83b5,Al Pacino,116,0,0,0.7647,0.1176,False,False,False,58
5a89bf8e5542992e4fca83b5,Al Pacino,413,0,0,0.5306,0.0,False,False,False,58
5abff9b35542994516f45563,Borderline Hymns,100,1,1,1.0,1.0,True,False,False,1
5abff9b35542994516f45563,Diablo Swing Orchestra,74,0,0,1.0,0.3846,True,False,False,20
5abeb6565542993fe9a41d10,The Outsyders,151,0,0,0.9545,1.0,True,False,False,1
5abeb6565542993fe9a41d10,The Outsyders,110,0,0,1.0,1.0,True,False,False,1
5abeb6565542993fe9a41d10,Circus (Britney Spears album),67,1,1,1.0,0.2727,True,False,False,37
5abeb6565542993fe9a41d10,Circus (Britney Spears album),54,0,0,0.9,0.1,True,False,False,37
5ac29f7e55429967731025c2,Andy Muschietti,231,0,0,0.7188,0.375,False,False,False,14
5ac29f7e55429967731025c2,Mama (2013 film),181,0,0,0.6538,0.1154,False,False,False,15
5a7789615542997042120a9b,The Call of the Wintermoon,119,0,0,0.9444,0.5556,True,False,False,2
5a7789615542997042120a9b,Immortal (band),177,0,0,0.9231,0.4231,True,False,False,23
5a713c305542994082a3e6c1,Buddy (Musiq Soulchild song),145,1,1,1.0,0.68,True,False,False,4
5a713c305542994082a3e6c1,Prince (musician),91,0,0,0.8235,0.0,False,False,False,121
5ab1edbf554299449642c80d,"West Point, Kentucky",145,1,1,1.0,0.4,True,False,False,15
5ab1edbf554299449642c80d,Fort Knox,145,0,0,0.9,0.3,True,False,False,38
5a80504b5542996402f6a4b3,This Modern World,187,1,1,1.0,0.6,True,False,False,25
5a80504b5542996402f6a4b3,This Modern World,123,0,0,0.4,0.1,False,False,False,25
5a80504b5542996402f6a4b3,Tom Tomorrow,65,0,0,1.0,0.6364,True,False,False,16
5a80504b5542996402f6a4b3,Tom Tomorrow,280,0,0,0.9767,0.6744,True,False,False,16
5ab8030e55429936677940a2,Rashtriya Swayamsevak Sangh,261,0,0,0.6,0.0,False,False,False,92
5ab8030e55429936677940a2,Bharatiya Janata Party,165,0,0,0.8636,0.1818,True,False,False,55
5a83c9335542996488c2e4cc,Insha'Allah (2009 film),102,0,1,1.0,0.75,True,False,False,4
5a83c9335542996488c2e4cc,Insha'Allah (2009 film),72,1,1,1.0,0.7273,True,False,False,4
5a83c9335542996488c2e4cc,Jonathan James,156,0,0,0.9565,0.5652,True,False,False,9
5adbdeed554299438c868cbb,Love Is Blindness,114,0,1,1.0,0.3,True,False,False,17
5adbdeed554299438c868cbb,Love Is Blindness,117,0,1,1.0,0.0476,False,False,False,17
5adbdeed554299438c868cbb,Bono,169,0,0,0.68,0.24,False,False,False,77
5a7b8c2c55429927d897bfe9,Nico Constantine,166,1,1,1.0,0.5833,True,False,False,7
5a7b8c2c55429927d897bfe9,Biters (band),45,0,0,0.875,0.375,True,False,False,2
5ae61472554299546bf83069,"Brockton, Montana",63,0,0,1.0,0.7,True,False,False,10
5ae61472554299546bf83069,"Roosevelt County, Montana",66,0,0,0.9167,0.3333,True,False,False,7
5a88616b55429938390d3f2f,Sucker Punch (soundtrack),136,1,1,1.0,0.5,True,False,False,12
5a88616b55429938390d3f2f,Björk,139,0,0,0.8571,0.3333,True,False,False,85
5abef9d75542994516f4548b,Konichiwa Bitches,47,0,1,1.0,0.5455,True,False,False,8
5abef9d75542994516f4548b,R.I.P.D.,103,0,0,0.9474,0.4211,True,False,False,30
5ab29500554299194fa93410,Bento Munhoz Hydroelectric Plant,187,1,1,1.0,0.5385,True,False,False,6
5ab29500554299194fa93410,Iguazu Falls,114,0,0,0.9333,0.4667,True,False,False,16
5a90677455429933b8a2051d,Ahn So-hee,67,0,0,1.0,0.3077,True,False,False,12
5a90677455429933b8a2051d,Wonder Girls,144,0,0,0.7083,0.1667,False,False,False,32
5abd0bfa5542996e802b46b9,San Francisco Bay Blues,392,0,0,0.2353,0.1176,False,False,False,3
5abd0bfa5542996e802b46b9,Eva Cassidy,171,0,1,1.0,0.3929,True,False,False,27
5ab5f68c554299110f21999a,Tut Taylor,103,0,0,1.0,0.875,True,False,False,6
5ab5f68c554299110f21999a,Bluegrass music,218,0,0,0.64,0.16,False,False,False,28
5ae342935542992e3233c345,Günter Reich,137,1,1,1.0,0.7619,True,False,False,10
5ae342935542992e3233c345,Günter Reich,183,1,1,1.0,0.5185,True,False,False,10
5ae342935542992e3233c345,Pierre Boulez,139,0,0,0.9048,0.4286,True,False,False,138
5ae7ca245542994a481bbdde,Bruce Clark (journalist),101,0,0,0.8462,0.3846,True,False,False,3
5ae7ca245542994a481bbdde,The Economist,80,0,0,0.5455,0.0,False,False,False,69
5ae358865542991a06ce999b,Ratatouille (video game),69,0,0,1.0,0.4615,True,False,False,7
5ae358865542991a06ce999b,Pixar,216,0,0,0.9091,0.3636,True,False,False,64
5ab1deef554299449642c7ee,Halloween (soundtrack),123,0,1,1.0,1.0,True,False,False,1
5ab1deef554299449642c7ee,Halloween (1978 film),187,0,0,0.8571,0.3571,True,False,False,62
5ab1deef554299449642c7ee,Halloween (1978 film),132,0,0,0.8333,0.0556,True,False,False,62
5a7a213c5542990783324e76,Ambrose Mendy,180,1,1,1.0,1.0,True,False,False,1
5a7a213c5542990783324e76,Errol Christie,98,1,1,1.0,0.6,True,False,False,10
5ae0243b55429925eb1afc21,Nights in Andalusia,176,0,0,0.88,1.0,True,False,False,1
5ae0243b55429925eb1afc21,Georges Bizet,144,0,0,0.6667,0.0417,False,False,False,49
5aba984c55429955dce3ee98,Gary Marangi,143,1,1,1.0,0.5417,True,False,False,5
5aba984c55429955dce3ee98,"Rockville Centre, New York",77,0,0,0.6923,0.0769,False,False,False,27
5a79541255429970f5fffe9f,Soo Yong,123,0,0,0.6667,0.1667,False,False,False,9
5a79541255429970f5fffe9f,Soo Yong,105,0,1,1.0,0.6471,True,False,False,9
5a79541255429970f5fffe9f,Love Is a Many-Splendored Thing (film),98,1,1,1.0,0.4667,True,False,False,18
5a79541255429970f5fffe9f,Love Is a Many-Splendored Thing (film),307,0,0,1.0,0.4318,True,False,False,18
5a8e365f5542995085b373e1,"Great Neck, New York",296,0,0,0.9714,0.4857,True,False,False,54
5a8e365f5542995085b373e1,"Great Neck Estates, New York",105,0,0,0.8824,0.1765,True,False,False,19
5ae20f8f5542997283cd239b,Grapevine Canyon Petroglyphs,180,1,1,1.0,0.5909,True,False,False,5
5ae20f8f5542997283cd239b,"Laughlin, Nevada",144,0,0,0.9545,0.4091,True,False,False,32
5abbb2b45542996606241721,The King of Rock and Roll,316,0,0,0.5745,0.4255,False,False,False,3
5abbb2b45542996606241721,Tom Jones (singer),80,0,0,0.9231,0.0769,True,False,False,63
5ab727c25542993667793f56,WOAD (AM),157,1,1,1.0,0.8182,True,False,False,3
5ab727c25542993667793f56,"Ridgeland, Mississippi",56,0,0,0.8889,0.4444,True,False,False,20
5ae56b3155429960a22e02f7,"La Harpe, Kansas",58,1,1,1.0,0.3636,True,False,False,12
5ae56b3155429960a22e02f7,"Allen County, Kansas",99,0,0,1.0,0.3125,True,False,False,23
5ae56b3155429960a22e02f7,"Allen County, Kansas",49,0,0,0.4545,0.0909,False,False,False,23
5ab6e12d5542995eadef00d9,The Private Life of Henry VIII,177,0,0,1.0,0.3704,True,False,False,20
5ab6e12d5542995eadef00d9,Charles Laughton,123,0,0,1.0,0.3158,True,False,False,38
5ab6edb1554299710c8d1fbf,Zach Whitmarsh,158,0,0,0.88,1.0,True,False,False,1
5ab6edb1554299710c8d1fbf,Zach Whitmarsh,111,1,1,1.0,1.0,True,False,False,1
5ab6edb1554299710c8d1fbf,2000 Summer Olympics,311,0,0,0.9143,0.4571,True,False,False,72
5a7b16585542992d025e6756,Cork (material),101,1,1,1.0,0.5882,True,False,False,39
5a7b16585542992d025e6756,Robert Hooke,124,0,0,0.8,0.45,True,False,False,71
5ac2e424554299218029db8f,Greg Gianforte,121,0,0,0.75,0.05,False,False,False,63
5ac2e424554299218029db8f,Ryan Zinke,107,0,0,0.7647,0.1765,False,False,False,59
5ac17ca05542994d76dcce74,Elizabeth de Comyn,194,0,0,0.9655,0.5517,True,False,False,12
5ac17ca05542994d76dcce74,Edward II of England,148,1,1,1.0,0.4091,True,False,False,94
5ae234bb5542992decbdcc5c,Just Dance 3,145,0,0,0.9583,0.1667,True,False,False,13
5ae234bb5542992decbdcc5c,Just Dance 3,110,0,0,0.4,0.0,False,False,False,13
5ae234bb5542992decbdcc5c,Just Dance 2,155,0,0,1.0,0.4167,True,False,False,13
5add42445542995b365faade,Luonnotar (Sibelius),96,0,0,0.8824,0.3529,True,False,False,10
5add42445542995b365faade,Jean Sibelius,177,0,0,0.9583,0.5,True,False,False,100
5a7f427c5542992e7d278ccf,Joanna of Castile,141,0,0,0.7826,0.3043,False,False,False,45
5a7f427c5542992e7d278ccf,Joanna of Castile,54,0,0,1.0,0.3333,True,False,False,45
5a7f427c5542992e7d278ccf,Philip I of Castile,145,0,0,0.8261,0.3043,True,False,False,61
5a7f427c5542992e7d278ccf,Philip I of Castile,329,0,0,0.5366,0.0488,False,False,False,61
5ac21b235542991316484bef,Caroline Farner,135,1,1,1.0,0.35,True,False,False,5
5ac21b235542991316484bef,Women's suffrage in Switzerland,103,1,1,1.0,0.4,True,False,False,41
5ae2c1be554299492dc91c5f,Speed of Light (Iron Maiden song),126,0,1,1.0,0.6667,True,False,False,2
5ae2c1be554299492dc91c5f,The Book of Souls,147,1,1,1.0,0.375,True,False,False,18
5abd9a625542992ac4f382db,Williams v. Lee,343,1,1,1.0,0.4898,True,False,False,15
5abd9a625542992ac4f382db,District of Columbia v. Heller,518,0,0,0.875,0.3194,True,False,False,93
5a80029c5542995d8a8ddf40,"Pathways to Higher Education, Egypt",295,1,1,1.0,0.5476,True,False,False,32
5a80029c5542995d8a8ddf40,Ford Foundation,130,0,0,0.6471,0.0588,False,False,False,50
5adf4d1d5542995534e8c77f,Jack Whitam,228,0,0,0.3636,1.0,False,False,False,1
5adf4d1d5542995534e8c77f,King Lear,54,1,1,1.0,0.1111,True,False,False,99
5ab30a72554299166977418d,Cameron Diaz,128,0,0,0.7895,0.2632,False,False,False,35
5ab30a72554299166977418d,Cameron Diaz,420,0,0,0.6852,0.4259,False,False,False,35
5ab30a72554299166977418d,What Happens in Vegas,143,0,0,0.9565,0.5217,True,False,False,15
5ab30a72554299166977418d,What Happens in Vegas,98,0,1,1.0,0.4615,True,False,False,15
5ae7ee9c5542994a481bbe3b,Antoine de Saint-Exupéry,166,0,0,0.9615,0.4231,True,False,False,107
5ae7ee9c5542994a481bbe3b,Antoine de Saint-Exupéry,169,0,0,0.8636,0.2727,True,False,False,107
5ae7ee9c5542994a481bbe3b,The Little Prince,195,0,0,0.7143,0.1429,False,False,False,129
5ac2b3f155429921a00ab03d,Estanislao Lynch,223,0,0,0.9333,0.7,True,False,False,6
5ac2b3f155429921a00ab03d,Patrick Lynch (Argentina),112,0,0,0.9444,0.5,True,False,False,9
5ae081ec55429924de1b70ed,18th TCA Awards,106,0,0,1.0,1.0,True,False,False,1
5ae081ec55429924de1b70ed,Bob Newhart,146,0,0,0.9091,0.4091,True,False,False,53
5add55f45542990dbb2f7e37,Talk That Talk,172,0,1,1.0,0.4615,True,False,False,42
5add55f45542990dbb2f7e37,Loud (Rihanna album),76,1,1,1.0,0.4286,True,False,False,32
5adbc6c55542996e68525229,We Are the Night (film),152,0,0,0.84,0.16,True,False,False,25
5adbc6c55542996e68525229,We Are the Night (film),153,1,1,1.0,0.6842,True,False,False,25
5adbc6c55542996e68525229,Valerie Solanas,204,0,0,0.8065,0.4194,True,False,False,47
5adf884a554299025d62a2a9,Sara Hurtado,93,0,0,0.75,0.3125,False,False,False,33
5adf884a554299025d62a2a9,Kirill Khaliavin,145,0,0,0.75,0.1875,False,False,False,30
5adf884a554299025d62a2a9,Kirill Khaliavin,182,0,0,0.8214,0.3571,True,False,False,30
5ae1d1515542997f29b3c137,Erle Stanley Gardner,88,0,0,0.9333,0.4667,True,False,False,32
5ae1d1515542997f29b3c137,Elizabeth Taylor,137,0,0,0.8421,0.2632,True,False,False,73
5abaf86c55429939ce03dd7d,Laff Trakk,94,1,1,1.0,0.5714,True,False,False,3
5abaf86c55429939ce03dd7d,Laff Trakk,105,1,1,1.0,0.8571,True,False,False,3
5abaf86c55429939ce03dd7d,Maurer AG,74,0,0,1.0,0.4545,True,False,False,7
5abaf86c55429939ce03dd7d,Maurer AG,158,0,0,1.0,0.7727,True,False,False,7
5add02155542994d58a2f736,Yazoo County Airport,118,0,0,0.8,0.2667,True,False,False,5
5add02155542994d58a2f736,"Yazoo City, Mississippi",55,0,0,0.8889,0.0,False,False,False,37
5ac50f2a55429924173fb58f,Prison Notebooks,61,1,1,1.0,0.3,True,False,False,21
5ac50f2a55429924173fb58f,Antonio Gramsci,133,0,0,0.7619,0.1905,False,False,False,52
5ab5fbec554299110f2199ac,Lindsey Islands,133,0,0,1.0,0.7,True,False,False,4
5ab5fbec554299110f2199ac,Alton A. Lindsey,250,1,1,1.0,0.6667,True,False,False,4
5ab93352554299131ca422b9,Black Sunday (1977 film),113,0,1,1.0,0.5625,True,False,False,22
5ab93352554299131ca422b9,The Day of the Jackal (film),140,0,0,0.9091,0.4091,True,False,False,33
5a88da0c5542993b751ca883,Ifrah Wali,39,0,0,1.0,0.4286,True,True,False,7
5a88da0c5542993b751ca883,Ifrah Wali,133,0,0,0.9524,0.4286,True,False,False,7
5a88da0c5542993b751ca883,2011 South Asian Winter Games,126,1,1,1.0,0.4737,True,False,False,10
5a7cbc955542990527d5551c,Thomas Bowman (Iowa politician),217,1,1,1.0,0.5,True,False,False,6
5a7cbc955542990527d5551c,McKinley Tariff,179,0,0,1.0,0.6087,True,False,False,29
5ae46bb45542996836b02c9c,Paul Claudel,153,0,0,0.9524,0.5714,True,False,False,28
5ae46bb45542996836b02c9c,Paul Claudel,79,0,0,1.0,0.5,True,False,False,28
5ae46bb45542996836b02c9c,Joyce Kilmer,237,0,0,0.9706,0.4412,True,False,False,41
5ae46bb45542996836b02c9c,Joyce Kilmer,200,0,0,0.931,0.3793,True,False,False,41
5ae46bb45542996836b02c9c,Joyce Kilmer,130,0,0,1.0,0.5263,True,False,False,41
5a74d39855429974ef308c77,Nowhere but Up,73,0,0,1.0,1.0,True,False,False,2
5a74d39855429974ef308c77,Pattie Mallette,99,0,0,0.8125,0.4375,True,False,False,10
5ac2a36d554299657fa28ffb,Elect the Dead,149,0,0,0.9583,0.625,True,False,False,12
5ac2a36d554299657fa28ffb,Serj Tankian,230,0,0,0.44,0.08,False,False,False,48
5a88d5c35542993b751ca86f,Scott Ankrom,57,1,1,1.0,0.375,True,False,False,9
5a88d5c35542993b751ca86f,TCU Horned Frogs football,206,0,0,0.48,0.04,False,False,False,40
5ac29841554299657fa28fc6,Portus Adurni,54,0,0,1.0,0.4,True,False,False,12
5ac29841554299657fa28fc6,Britannia,271,0,0,0.6129,0.0645,False,False,False,49
5a8790825542996e4f308843,KGCR,118,1,1,1.0,0.7647,True,False,False,4
5a8790825542996e4f308843,"Goodland, Kansas",53,0,0,1.0,0.2,True,False,False,28
5ab588445542992aa134a34e,Mine (Taylor Swift song),155,0,0,0.88,0.16,True,False,False,21
5ab588445542992aa134a34e,Speak Now,60,0,0,0.9091,0.0909,True,False,False,39
5a7b620955429927d897bfa2,United States men's national basketball team,268,0,0,1.0,0.5278,True,False,False,62
5a7b620955429927d897bfa2,1992 United States men's Olympic basketball team,148,0,0,1.0,0.3684,True,False,False,33
5a851b635542997175ce1f80,Marshall Leib,72,1,1,1.0,0.75,True,False,False,6
5a851b635542997175ce1f80,Marshall Leib,280,0,0,0.7273,0.5,False,False,False,6
5a851b635542997175ce1f80,To Know Him Is to Love Him,88,1,1,1.0,0.6875,True,False,False,7
5a851b635542997175ce1f80,To Know Him Is to Love Him,150,0,0,1.0,0.36,True,False,False,7
5ae36cf75542992f92d822bf,New Directions (Glee),145,0,0,0.9545,0.3636,True,False,False,13
5ae36cf75542992f92d822bf,Gwyneth Paltrow,95,0,0,0.8,0.1333,True,False,False,54
5a8b3fac5542995d1e6f1321,Zelly and Me,123,0,0,0.8333,0.3333,True,False,False,8
5a8b3fac5542995d1e6f1321,Glynis Johns,118,0,0,0.7778,0.1111,False,False,False,57
5abf08195542993fe9a41dc5,Miss Misery,162,0,0,1.0,0.4286,True,False,False,6
5abf08195542993fe9a41dc5,Good Will Hunting,165,0,0,0.963,0.4815,True,False,False,33
5a800c9a5542992bc0c4a691,Sacred Band (World War II),132,0,1,1.0,0.55,True,False,False,15
5a800c9a5542992bc0c4a691,Special Air Service,75,1,1,1.0,0.0833,True,False,False,59
5a800c9a5542992bc0c4a691,Special Air Service,86,0,0,0.9286,0.2857,True,False,False,59
5a8e4d025542990e94052abb,Robbie Coltrane,258,0,0,0.5294,0.0294,False,False,False,23
5a8e4d025542990e94052abb,Rubeus Hagrid,185,0,0,0.96,0.24,True,False,False,44
5a79cc8a5542994bb94570b9,Miss Universe 2013,145,0,0,0.8571,0.2381,True,False,False,13
5a79cc8a5542994bb94570b9,Crocus City Hall,227,0,0,0.88,0.56,True,False,False,2
5abdc88e5542993f32c2a054,Staten Island Summer,102,1,1,1.0,0.7647,True,False,False,4
5abdc88e5542993f32c2a054,Staten Island Summer,135,0,0,1.0,0.85,True,False,False,4
5abdc88e5542993f32c2a054,Cecily Strong,178,0,0,0.7931,0.3103,False,False,False,23
5a84b6df5542991dd0999da9,Katerini Stadium,109,1,1,1.0,0.5294,True,False,False,6
5a84b6df5542991dd0999da9,Spain national under-19 football team,200,1,1,1.0,0.7917,True,False,False,5
5a831ada55429954d2e2ec1d,Selkirk Yard,185,0,0,0.9615,0.6538,True,False,False,5
5a831ada55429954d2e2ec1d,Hudson River,122,0,0,0.9048,0.3333,True,False,False,84
5ae1f43f554299234fd04368,Princess Leia,184,0,0,0.9643,0.25,True,False,False,64
5ae1f43f554299234fd04368,Jabba the Hutt,153,0,0,1.0,0.3913,True,False,False,37
5ab72ba05542993667793f64,Chief Mouser to the Cabinet Office,165,0,0,0.7273,0.2727,False,False,False,7
5ab72ba05542993667793f64,Freya (cat),142,0,0,0.5217,0.1739,False,False,False,7
5ac3ae6c5542995ef918c1e6,Ran Laurie,53,0,0,0.8,0.3,True,False,False,8
5ac3ae6c5542995ef918c1e6,Hugh Laurie,151,0,0,0.6818,0.3636,False,False,False,38
5ac3ae6c5542995ef918c1e6,Hugh Laurie,226,0,0,0.8333,0.2,True,False,False,38
5ae10f5f55429901ffe4ad39,John T. Lis,182,1,1,1.0,0.6667,True,False,False,4
5ae10f5f55429901ffe4ad39,Barbara McClintock,163,1,1,1.0,0.4583,True,False,False,39
5a75fc8a55429976ec32bce0,Jacques de Germigny,57,1,1,1.0,0.4167,True,False,False,2
5a75fc8a55429976ec32bce0,Henry III of France,249,0,0,0.6061,0.2121,False,False,False,49
5adff1c555429925eb1afb61,Shirley Parish Church,104,0,0,0.6111,0.1111,False,False,False,9
5adff1c555429925eb1afb61,Alan Shearer,79,0,0,0.8462,0.3077,True,False,False,64
5adf59a55542993344016c5a,Baldur's Gate III: The Black Hound,140,0,0,0.8947,0.1053,True,False,False,18
5adf59a55542993344016c5a,Baldur's Gate III: The Black Hound,159,0,0,0.64,0.04,False,False,False,18
5adf59a55542993344016c5a,BioWare,80,0,0,0.8333,0.25,True,False,False,39
5adf59a55542993344016c5a,BioWare,164,0,1,1.0,0.5,True,False,False,39
5abb09055542996cc5e49f64,Make the Light,187,0,1,1.0,0.6667,True,False,False,2
5abb09055542996cc5e49f64,Jennifer Saunders,92,0,0,1.0,0.3571,True,False,False,37
5ae440b35542995dadf24301,37th National Hockey League All-Star Game,106,0,0,0.9474,0.0526,True,False,False,7
5ae440b35542995dadf24301,Mario Lemieux,154,0,0,0.7917,0.2917,False,False,False,64
5a8b1dd65542996c9b8d5fa6,Chrome (XM),226,0,0,0.9643,0.5714,True,False,False,4
5a8b1dd65542996c9b8d5fa6,DirecTV,163,0,0,0.56,0.04,False,False,False,97
5ae0a4fd5542993d6555ebda,Michael Pollock,259,0,0,0.0909,0.0303,False,False,False,2
5ae0a4fd5542993d6555ebda,German battleship Scharnhorst,131,0,0,0.9412,0.4118,True,False,False,44
5ae2a2bb554299495565daf7,Dieter Zorc,34,1,1,1.0,1.0,True,True,False,1
5ae2a2bb554299495565daf7,Michael Zorc,101,0,0,0.9375,0.6875,True,False,False,7
5ab8bc055542991b5579efed,"Thurlby, North Kesteven",197,0,0,0.9259,0.6296,True,False,False,3
5ab8bc055542991b5579efed,"Thurlby, North Kesteven",66,1,1,1.0,0.5455,True,False,False,3
5ab8bc055542991b5579efed,Witham St Hughs,102,0,0,1.0,0.6471,True,False,False,3
5ae145f8554299422ee99657,Ryosuke Nomura,175,0,0,0.5714,0.2381,False,False,False,15
5ae145f8554299422ee99657,Nippon Professional Baseball,108,0,0,0.7857,0.2143,False,False,False,62
5ae145f8554299422ee99657,Nippon Professional Baseball,67,0,0,0.9091,0.4545,True,False,False,62
5ab5d58b554299488d4d9a43,Brunswick (Brittonkill) Central School District,227,1,1,1.0,0.5357,True,False,False,47
5ab5d58b554299488d4d9a43,"Brunswick, New York",73,0,0,1.0,0.0833,True,False,False,60
5ab5d58b554299488d4d9a43,"Brunswick, New York",45,1,1,1.0,0.25,True,False,False,60
5ade84af55429975fa854ee7,Play'd: A Hip Hop Story,202,0,0,0.6364,0.2424,False,False,False,2
5ade84af55429975fa854ee7,Merlin Santana,240,0,0,0.9143,0.3429,True,False,False,11
5a8a2e5255429930ff3c0cdf,Hawk Street Viaduct,99,1,1,1.0,0.4,True,False,False,11
5a8a2e5255429930ff3c0cdf,Hawk Street Viaduct,131,0,0,0.95,0.45,True,False,False,11
5a8a2e5255429930ff3c0cdf,"Sheridan Hollow, Albany, New York",99,1,1,1.0,0.2857,True,False,False,19
5a8a2e5255429930ff3c0cdf,"Sheridan Hollow, Albany, New York",241,1,1,1.0,0.5294,True,False,False,19
5a7cad4a55429935c91b5296,Veerse Meer,85,0,0,0.4615,0.0769,False,False,False,3
5a7cad4a55429935c91b5296,Veerse Meer,74,0,0,0.8571,0.5,True,False,False,3
5a7cad4a55429935c91b5296,Delta Works,195,0,0,0.92,0.48,True,False,False,25
5abfc0855542994516f454ee,Miller Place High School,158,1,1,1.0,0.4091,True,False,False,4
5abfc0855542994516f454ee,"Miller Place, New York",137,0,0,1.0,0.4783,True,False,False,25
5ae4a1305542995dadf24381,Nico Constantine,166,1,1,1.0,0.5833,True,False,False,7
5ae4a1305542995dadf24381,Biters (band),35,0,0,0.8333,0.5,True,True,False,2
5adc8e4f554299438c868df6,Froze-to-Death Mountain,76,1,1,1.0,0.25,True,False,False,6
5adc8e4f554299438c868df6,"Stillwater County, Montana",67,0,0,0.9167,0.5,True,False,False,6
5a80b1eb5542992bc0c4a7b1,Batavian Republic,149,0,0,0.625,0.125,False,False,False,65
5a80b1eb5542992bc0c4a7b1,Batavian Republic,119,0,0,0.9048,0.4286,True,False,False,65
5a80b1eb5542992bc0c4a7b1,Kingdom of Holland,222,0,0,0.6129,0.0323,False,False,False,13
5ae698985542996d980e7c33,Across the Bridge of Hope,146,1,1,1.0,0.6364,True,False,False,3
5ae698985542996d980e7c33,Omagh bombing,112,0,0,0.8333,0.1111,True,False,False,59
5ab8024f5542990e739ec7ce,Akwaaba Music,58,1,1,1.0,0.4545,True,False,False,3
5ab8024f5542990e739ec7ce,Joey B,109,0,0,1.0,0.7368,True,False,False,9
5a790b30554299148911f9cf,Rémi Lange,93,1,1,1.0,0.6471,True,False,False,7
5a790b30554299148911f9cf,Max Reinhardt,145,0,0,0.95,0.6,True,False,False,24
5ae6ac715542995703ce8b8c,"Um Mitternacht, WAB 89",83,0,0,0.8,0.4,True,False,False,10
5ae6ac715542995703ce8b8c,Anton Bruckner,135,0,0,0.8421,0.4211,True,False,False,71
5ae3500f5542992f92d82279,Cameron Diaz,420,0,0,0.6852,0.4259,False,False,False,35
5ae3500f5542992f92d82279,The Counselor,137,0,0,0.8421,0.2105,True,False,False,25
5ae476e555429970de88d974,2003 Oklahoma Sooners football team,93,1,1,1.0,0.7692,True,False,False,5
5ae476e555429970de88d974,"Norman, Oklahoma",110,0,0,0.7778,0.1111,False,False,False,84
5ae476e555429970de88d974,"Norman, Oklahoma",46,0,0,0.875,0.125,True,False,False,84
5a8e77f55542995085b37433,Independence Party of America,87,1,1,1.0,0.4167,True,False,False,6
5a8e77f55542995085b37433,Independence Party of America,142,1,1,1.0,0.5909,True,False,False,6
5a8e77f55542995085b37433,Dean Barkley,354,0,0,0.8421,0.3421,True,False,False,15
5a77afb655429967ab10522e,Euphaedra phaethusa,89,1,1,1.0,0.6667,True,False,False,2
5a77afb655429967ab10522e,Euphaedra phaethusa,99,1,1,1.0,0.5625,True,False,False,2
5a77afb655429967ab10522e,Ivory Coast,119,0,0,0.875,0.1875,True,False,False,84
5ae4789455429913cc204478,Simone Benedetti,121,0,0,0.9,0.45,True,False,False,11
5ae4789455429913cc204478,Virtus Entella,140,0,0,0.7647,0.4706,False,False,False,7
5ae4789455429913cc204478,Virtus Entella,34,0,0,0.6667,0.1667,False,True,False,7
5a82a0fc55429954d2e2eb87,Deiva Thirumagal,388,0,0,0.6316,0.2456,False,False,False,24
5a82a0fc55429954d2e2eb87,Deiva Thirumagal,315,0,0,0.6,0.2667,False,False,False,24
5a82a0fc55429954d2e2eb87,Sean Penn,96,0,0,0.8,0.4,True,False,False,51
5a82a0fc55429954d2e2eb87,Sean Penn,117,0,0,0.95,0.1,True,False,False,51
5a8a078d554299515336134e,Kyle Balda,181,0,0,0.9615,0.5385,True,False,False,7
5a8a078d554299515336134e,The Lorax (film),97,0,0,0.75,0.0625,False,False,False,24
5a7bee3e5542990527d5542b,2011 Mumbai bombings,193,0,0,0.9355,0.5161,True,False,False,27
5a7bee3e5542990527d5542b,2011 Mumbai bombings,121,1,1,1.0,0.5294,True,False,False,27
5a7bee3e5542990527d5542b,Royal Opera House (Mumbai),112,0,0,0.9333,0.3333,True,False,False,14
5a7bee3e5542990527d5542b,Royal Opera House (Mumbai),293,1,1,1.0,0.7179,True,False,False,14
5a71751d5542994082a3e841,François Audouy,65,0,0,1.0,0.7,True,False,False,10
5a71751d5542994082a3e841,The Wolverine (film),239,0,0,0.8529,0.3235,True,False,False,58
5ab29b28554299194fa93442,Viola Keats,75,0,1,1.0,1.0,True,False,False,1
5ab29b28554299194fa93442,Viola Keats,252,0,1,1.0,1.0,True,False,False,1
5ab29b28554299194fa93442,A Streetcar Named Desire,141,0,0,0.5909,0.0909,False,False,False,62
5ae52ea65542992663a4f13e,James Tyrrell,113,1,1,1.0,0.55,True,False,False,14
5ae52ea65542992663a4f13e,James Tyrrell,103,0,0,0.9412,0.4706,True,False,False,14
5ae52ea65542992663a4f13e,Princes in the Tower,138,0,0,0.7143,0.0,False,False,False,52
5ae088d25542993d6555eba4,Ricardo Cortés (illustrator),114,0,1,1.0,0.8636,True,False,False,2
5ae088d25542993d6555eba4,Go the Fuck to Sleep,106,0,0,1.0,0.2632,True,False,False,22
5ab8f17f55429934fafe6e1e,Sound effect comedy,344,0,1,1.0,1.0,True,False,False,1
5ab8f17f55429934fafe6e1e,Eric Sykes,181,0,0,0.9643,0.7143,True,False,False,40
5a8e03ab5542995a26add45a,2011–12 CD Guadalajara season,48,0,0,0.8889,0.4444,True,False,False,13
5a8e03ab5542995a26add45a,2011–12 CD Guadalajara season,92,1,1,1.0,0.5294,True,False,False,13
5a8e03ab5542995a26add45a,2011–12 Copa del Rey,67,0,0,1.0,0.5,True,False,False,13
5abf18545542997ec76fd3bb,Cancer (film),124,0,0,1.0,0.55,True,False,False,3
5abf18545542997ec76fd3bb,Waste Land (film),80,0,0,1.0,0.4615,True,False,False,7
5ab260e25542993be8fa98f3,Robert Watson (harbourmaster),123,0,0,0.95,0.4,True,False,False,3
5ab260e25542993be8fa98f3,First Fleet,164,0,0,0.75,0.25,False,False,False,76
5a7cab2b554299683c1c6331,Cyril Havermans,94,0,0,0.625,0.0625,False,False,False,4
5a7cab2b554299683c1c6331,Focus (band),110,0,0,1.0,0.1667,True,False,False,36
5adde36d5542997dc790708e,Paulius Juodis,105,1,1,1.0,1.0,True,False,False,1
5adde36d5542997dc790708e,Paulius Juodis,45,0,0,0.6667,1.0,False,False,False,1
5adde36d5542997dc790708e,BC Nevėžis,180,0,0,0.6316,0.0,False,False,False,3
5ae0000455429942ec259bcc,Richard Dalton (editor),103,1,1,1.0,0.8571,True,False,False,2
5ae0000455429942ec259bcc,InformationWeek,123,0,0,0.9444,0.6667,True,False,False,10
5ab881c155429934fafe6e05,2011 Mumbai bombings,193,0,0,0.9355,0.5161,True,False,False,27
5ab881c155429934fafe6e05,2011 Mumbai bombings,121,1,1,1.0,0.5294,True,False,False,27
5ab881c155429934fafe6e05,Royal Opera House (Mumbai),112,0,0,0.9333,0.3333,True,False,False,14
5ab881c155429934fafe6e05,Royal Opera House (Mumbai),109,1,1,1.0,0.1667,True,False,False,14
5ae771cb5542997b22f6a76d,Hugh Freeze,78,0,0,1.0,0.5385,True,False,False,30
5ae771cb5542997b22f6a76d,Hugh Freeze,157,0,0,0.9091,0.2727,True,False,False,30
5ae771cb5542997b22f6a76d,Greg Hardy,86,0,0,1.0,0.6429,True,False,False,49
5ae5545555429908b63265df,Hans Morten Hansen,189,1,1,1.0,0.4483,True,False,False,3
5ae5545555429908b63265df,Hans Morten Hansen,69,1,1,1.0,0.4545,True,False,False,3
5ae5545555429908b63265df,Trollhunter,173,0,0,0.9048,0.4762,True,False,False,21
5aba5c5f554299232ef4a2b6,Larry (cat),77,0,0,1.0,0.1538,True,False,False,21
5aba5c5f554299232ef4a2b6,Chief Mouser to the Cabinet Office,146,0,0,1.0,0.3,True,False,False,7
5a886d53554299206df2b264,Live at Sirius,123,1,1,1.0,1.0,True,False,False,1
5a886d53554299206df2b264,Nick Drake,163,0,0,0.9655,0.4138,True,False,False,48
5adf83985542993344016cad,Steve McQueen,89,0,0,0.6429,0.1429,False,False,False,100
5adf83985542993344016cad,Steve McQueen,234,0,0,0.9231,0.6154,True,False,False,100
5adf83985542993344016cad,The Towering Inferno,155,0,0,0.8462,0.4231,True,False,False,29
5abda6625542993062266cda,Kim Tae-kyun (director),79,0,1,1.0,0.8182,True,False,False,2
5abda6625542993062266cda,Kim Tae-kyun (director),221,0,1,1.0,0.7857,True,False,False,2
5abda6625542993062266cda,A Millionaire's First Love,127,1,1,1.0,0.6957,True,False,False,3
5ac2736b55429963665199bd,Sydney Carlin (RAF officer),193,0,0,0.8276,0.4138,True,False,False,10
5ac2736b55429963665199bd,Sydney Carlin (RAF officer),106,1,1,1.0,0.4211,True,False,False,10
5ac2736b55429963665199bd,Battle of Britain,280,0,0,0.9091,0.3333,True,False,False,213
5abaf72855429939ce03dd7b,John Milledge Academy,174,0,0,0.913,0.6957,True,False,False,4
5abaf72855429939ce03dd7b,"Milledgeville, Georgia",94,1,1,1.0,0.3333,True,False,False,34
5abaf72855429939ce03dd7b,"Milledgeville, Georgia",87,0,0,0.9333,0.2667,True,False,False,34
5ae77703554299540e5a55b0,Do Lafzon Ki Kahani (film),109,0,1,1.0,0.5263,True,False,False,8
5ae77703554299540e5a55b0,Always (2011 film),14,1,1,1.0,0.5,True,True,False,4
5add83115542997545bbbd58,Freiwirtschaft,96,0,0,0.9333,0.4667,True,False,False,10
5add83115542997545bbbd58,Silvio Gesell,187,0,0,0.6522,0.3478,False,False,False,39
5a75027b5542993748c89796,Sparks Fly (song),133,0,1,1.0,0.0909,True,False,False,20
5a75027b5542993748c89796,Speak Now,60,0,0,0.9091,0.0909,True,False,False,39
5ab4f5a15542991779162d33,Sylvester the Cat,229,0,0,0.6765,0.3235,False,False,False,48
5ab4f5a15542991779162d33,Looney Tunes,200,0,0,0.8966,0.2759,True,False,False,50
5ae207945542994d89d5b316,"Palentown, New York",64,0,0,0.8182,0.4545,True,False,False,6
5ae207945542994d89d5b316,"Ulster County, New York",55,1,1,1.0,0.2222,True,False,False,30
5a8119b655429903bc27b927,Heathrow Terminal 3,119,1,1,1.0,0.4,True,False,False,14
5a8119b655429903bc27b927,Heathrow Terminal 3,40,1,1,1.0,0.375,True,False,False,14
5a8119b655429903bc27b927,Virgin Atlantic,179,0,0,0.9048,0.3333,True,False,False,64
5a8119b655429903bc27b927,Virgin Atlantic,191,1,1,1.0,0.2593,True,False,False,64
5a7a858d55429941d65f2685,Pangboche,79,1,1,1.0,1.0,True,False,False,1
5a7a858d55429941d65f2685,Edmund Hillary,159,0,0,0.7826,0.3043,False,False,False,65
5a80bff65542992bc0c4a812,"Forever, John",149,1,1,1.0,1.0,True,False,False,1
5a80bff65542992bc0c4a812,John Denver,121,1,1,1.0,0.4706,True,False,False,68
5ac12da65542994d76dccd9f,Haviland-Davison Grist Mill,105,1,1,1.0,0.6875,True,False,False,2
5ac12da65542994d76dccd9f,"East Rockaway, New York",44,1,1,1.0,0.375,True,False,False,14
5a813d5355429903bc27b955,The First Four Years,90,1,1,1.0,0.8667,True,False,False,2
5a813d5355429903bc27b955,Louie Louie,140,0,0,1.0,0.4091,True,False,False,230
5ae50f5355429908b6326502,Karl Freudenthal,80,1,1,1.0,0.6364,True,False,False,3
5ae50f5355429908b6326502,Hans Frank,194,0,0,0.6452,0.0968,False,False,False,32
5ab3f1575542992339550000,Dayton Demolition,163,1,1,1.0,0.3043,True,False,False,5
5ab3f1575542992339550000,Dayton Demonz,70,1,1,1.0,0.3333,True,False,False,8
5a844f5755429933447460cf,Scandalous John,119,0,0,1.0,0.7222,True,False,False,3
5a844f5755429933447460cf,Paul Revere,151,0,0,0.9545,0.3182,True,False,False,44
5a844f5755429933447460cf,Paul Revere,242,0,0,1.0,0.5714,True,False,False,44
5adbfe855542996e6852529f,The Long Walk Home,134,1,1,1.0,0.4762,True,False,False,16
5adbfe855542996e6852529f,Whoopi Goldberg,154,0,0,0.9048,0.5238,True,False,False,58
5ae342525542990afbd1e0fb,Jody Williams (blues musician),173,1,1,1.0,0.48,True,False,False,18
5ae342525542990afbd1e0fb,Timbre,148,0,0,1.0,0.3,True,False,False,20
5a78f0f4554299148911f9b5,Geoffrey Zakarian,113,0,0,1.0,0.4375,True,False,False,12
5a78f0f4554299148911f9b5,Geoffrey Zakarian,90,1,1,1.0,0.1333,True,False,False,12
5a78f0f4554299148911f9b5,Peter Orullian,58,1,1,1.0,0.6667,True,False,False,6
5ae81a0855429952e35eaa18,The Decameron,81,0,1,1.0,0.4167,True,False,False,42
5ae81a0855429952e35eaa18,Tragedy,158,0,0,0.875,0.2917,True,False,False,48
5ae510e655429908b6326509,2015 Clinton Correctional Facility escape,229,0,0,1.0,0.4375,True,False,False,29
5ae510e655429908b6326509,Richard Matt,171,1,1,1.0,0.375,True,False,False,14
5ae740675542997b22f6a634,K-Jee,148,0,1,1.0,0.7083,True,False,False,3
5ae740675542997b22f6a634,Harvey Fuqua,141,0,0,0.8947,0.4737,True,False,False,11
5a847e4e5542990548d0b2c4,Norman Wexler,197,0,0,0.7419,0.2903,False,False,False,6
5a847e4e5542990548d0b2c4,Saturday Night Fever,83,0,0,0.9286,0.3571,True,False,False,50
5a847e4e5542990548d0b2c4,Saturday Night Fever,302,0,0,0.625,0.325,False,False,False,50
5abbc7c6554299642a094b49,Counsel's Opinion,180,0,1,1.0,0.6,True,False,False,6
5abbc7c6554299642a094b49,Laurence Olivier,259,0,0,0.8919,0.4324,True,False,False,82
5ac036935542997d642959e5,The Operators (book),61,0,0,0.7,0.3,False,False,False,4
5ac036935542997d642959e5,War Machine (film),153,0,0,1.0,0.3913,True,False,False,24
5a7f6acc55429969796c1a43,Philip II in Armour,115,1,1,1.0,1.0,True,False,False,1
5a7f6acc55429969796c1a43,Philip II of Spain,329,0,0,0.6977,0.2791,False,False,False,120
5a86ee14554299211dda2b55,Winter's Heart,110,0,0,1.0,0.5263,True,False,False,6
5a86ee14554299211dda2b55,The Wheel of Time,141,0,0,0.625,0.2083,False,False,False,53
5ac1bbca5542991316484bb2,Monte Cristo (1922 film),125,0,0,1.0,0.7778,True,False,False,2
5ac1bbca5542991316484bb2,Monte Cristo (1922 film),190,0,0,1.0,0.7931,True,False,False,2
5ac1bbca5542991316484bb2,The Count of Monte Cristo,146,0,0,0.8636,0.3182,True,False,False,127
5adfe72a554299025d62a37b,Symphytum,68,0,0,1.0,0.4545,True,False,False,8
5adfe72a554299025d62a37b,Bolax,73,0,0,0.7333,0.5333,False,False,False,2
5adfe72a554299025d62a37b,Bolax,41,1,1,1.0,0.5714,True,False,False,2
5ab556275542992aa134a2b1,Martin Childs,201,0,1,1.0,0.8,True,False,False,2
5ab556275542992aa134a2b1,Shakespeare in Love,149,0,0,0.8696,0.3043,True,False,False,40
5ab866da55429919ba4e22dd,Crosbie Ward,36,0,0,0.8571,0.2857,True,True,False,5
5ab866da55429919ba4e22dd,County Down,104,0,0,0.6667,0.0,False,False,False,42
5a84e7ff5542991dd0999e1d,The Jazz Singer (1952 film),76,1,1,1.0,0.7273,True,False,False,3
5a84e7ff5542991dd0999e1d,Al Jolson,76,0,0,0.6923,0.0,False,False,False,98
5ae7cd805542994a481bbde8,Sarasota Journal,106,1,1,1.0,0.6,True,False,False,2
5ae7cd805542994a481bbde8,"Sarasota, Florida",81,0,0,0.75,0.0625,False,False,False,82
5a8b57db55429949d91db55d,Nate Parker,258,0,0,0.8889,0.5833,True,False,False,37
5a8b57db55429949d91db55d,Red Tails,293,0,0,1.0,0.5366,True,False,False,35
5ae0d7b2554299603e41846f,Bejean,138,0,0,0.8235,0.3529,True,False,False,6
5ae0d7b2554299603e41846f,Video Boy,106,0,0,0.7222,0.3889,False,False,False,4
5a83cd6a554299123d8c21bd,Marido en alquiler,129,0,0,0.625,0.25,False,False,False,20
5a83cd6a554299123d8c21bd,Miguel Varoni,125,0,0,1.0,1.0,True,False,False,1
5ac1edc35542991316484bcb,Lord of Scoundrels,79,1,1,1.0,0.0,False,False,False,20
5ac1edc35542991316484bcb,Loretta Chase,104,1,1,1.0,0.4118,True,False,False,4
5a80868a5542992bc0c4a74f,Stephen Farrell (journalist),116,0,0,0.5,0.05,False,False,False,14
5a80868a5542992bc0c4a74f,Hurricane Sandy,213,0,0,0.8696,0.3043,True,False,False,109
5ab660eb55429954757d326f,Juan Pablo Vaulet,167,0,0,0.6897,0.2759,False,False,False,8
5ab660eb55429954757d326f,Juan Pablo Vaulet,73,0,0,0.25,0.0833,False,False,False,8
5ab660eb55429954757d326f,Manu Ginóbili,180,0,0,0.88,0.36,True,False,False,40
5a73c3b555429905862fe0b6,Honoo-no Taiiku-kai TV,163,0,0,1.0,1.0,True,False,False,1
5a73c3b555429905862fe0b6,Ronda Rousey,102,0,0,1.0,0.25,True,False,False,87
5ab966a55542996be20204c6,Thomas Carey (baritone),128,0,0,1.0,0.8333,True,False,False,2
5ab966a55542996be20204c6,"Norman, Oklahoma",153,0,0,0.6364,0.0909,False,False,False,84
5adf26475542993344016bfd,Night Is Young,82,0,0,0.8333,0.1667,True,False,False,7
5adf26475542993344016bfd,Nelly Furtado,92,0,0,0.9286,0.2143,True,False,False,40
5adf26475542993344016bfd,Nelly Furtado,60,0,0,1.0,0.2,True,False,False,40
5a8fb38755429918e830d2b3,Nansio,85,0,0,0.9375,0.4375,True,False,False,2
5a8fb38755429918e830d2b3,Lake Victoria,108,0,0,0.9412,0.0588,True,False,False,48
5a7f5dde5542994857a76706,The X-Files (season 10),358,0,0,0.9545,0.5,True,False,False,30
5a7f5dde5542994857a76706,Gillian Anderson,160,0,0,0.6818,0.2727,False,False,False,70
5a78ebfd55429974737f7901,Storm Over the Nile,131,1,1,1.0,0.8333,True,False,False,12
5a78ebfd55429974737f7901,Christopher Lee,148,0,0,0.7391,0.2609,False,False,False,72
5a825072554299676cceb258,Tsanfleuron Glacier,201,0,0,1.0,0.6154,True,False,False,3
5a825072554299676cceb258,Glacier 3000,156,1,1,1.0,0.4783,True,False,False,2
5a7c972255429935c91b5248,Keegan Lowe,98,1,1,1.0,0.7857,True,False,False,8
5a7c972255429935c91b5248,Keegan Lowe,72,0,0,1.0,0.6923,True,False,False,8
5a7c972255429935c91b5248,Carolina Hurricanes,92,0,0,1.0,0.2308,True,False,False,69
5a79b381554299148911fa39,50th Military Airlift Squadron,132,1,1,1.0,0.5,True,False,False,4
5a79b381554299148911fa39,Hickam Air Force Base,128,0,0,0.8667,0.3333,True,False,False,22
5ae05c8455429924de1b70b3,Park Hae-il,165,0,0,0.7083,0.0833,False,False,False,16
5ae05c8455429924de1b70b3,War of the Arrows,167,0,0,1.0,0.5,True,False,False,7
5a8b7a885542995d1e6f13b3,Leo Rosner,181,0,0,0.9167,0.7083,True,False,False,10
5a8b7a885542995d1e6f13b3,Schindler's List,147,0,0,0.8571,0.381,True,False,False,56
5a7d01ff55429909bec768ed,God and Other Minds,390,0,0,0.9565,0.6087,True,False,False,6
5a7d01ff55429909bec768ed,Alvin Plantinga,165,0,0,0.96,0.24,True,False,False,67
5ae525dd5542990ba0bbb1cf,Rhod Gilbert's Bulging Barrel of Laughs,110,1,1,1.0,0.5789,True,False,False,2
5ae525dd5542990ba0bbb1cf,Rhod Gilbert's Bulging Barrel of Laughs,89,1,1,1.0,0.5625,True,False,False,2
5ae525dd5542990ba0bbb1cf,Sarah Millican,72,0,0,0.8571,0.5714,True,False,False,21
5ae525dd5542990ba0bbb1cf,Sarah Millican,89,0,0,0.9286,0.0,False,False,False,21
5ae54a0555429908b63265c9,Christ Church Lutheran (New York City),210,1,1,1.0,0.4643,True,False,False,3
5ae54a0555429908b63265c9,Manhattan,142,0,0,0.8333,0.1667,True,False,False,150
5ae54a0555429908b63265c9,Manhattan,53,0,0,0.6,0.0,False,False,False,150
5abba5dc554299642a094afd,Natalie Korneitsik,207,0,0,0.7586,0.2069,False,False,False,7
5abba5dc554299642a094afd,Miss Universe 2012,102,0,0,0.8667,0.5333,True,False,False,15
5a8d54b85542994ba4e3dc74,Alistair Campbell (academic),134,0,1,1.0,0.8333,True,False,False,2
5a8d54b85542994ba4e3dc74,Battle of Brunanburh (poem),141,1,1,1.0,0.2105,True,False,False,11
5a8d54b85542994ba4e3dc74,Battle of Brunanburh (poem),139,1,1,1.0,0.2105,True,False,False,11
5abd717d55429933744ab7dc,ACES II,154,0,0,0.7368,0.0526,False,False,False,7
5abd717d55429933744ab7dc,ACES II,247,0,0,1.0,0.6579,True,False,False,7
5abd717d55429933744ab7dc,Lockheed Martin F-22 Raptor,212,0,0,0.8571,0.25,True,False,False,77
5abd717d55429933744ab7dc,Lockheed Martin F-22 Raptor,213,0,0,1.0,0.2593,True,False,False,77
5add0f6d5542992c1e3a252e,"Honington, Lincolnshire",96,0,0,0.8667,0.3333,True,False,False,9
5add0f6d5542992c1e3a252e,"Honington, Lincolnshire",125,0,0,0.8421,0.5263,True,False,False,9
5add0f6d5542992c1e3a252e,A607 road,69,1,1,1.0,0.1538,True,False,False,15
5ab9a052554299131ca423ac,Scott Campbell (tattoo artist),213,0,0,1.0,0.8125,True,False,False,8
5ab9a052554299131ca423ac,Orlando Bloom,181,0,0,0.9259,0.2593,True,False,False,27
5a8b28fa55429949d91db4d3,Sex at Dawn,160,0,0,0.9545,0.3636,True,False,False,28
5a8b28fa55429949d91db4d3,Bonobo,259,0,0,0.9655,0.5172,True,False,False,77
5a79289c554299029c4b5f0f,Call + Response,170,1,1,1.0,0.6,True,False,False,3
5a79289c554299029c4b5f0f,Transparent (film),88,1,1,1.0,0.4615,True,False,False,12
5a773acf55429966f1a36cb4,"Highlands County, Florida",49,0,0,0.6667,0.0,False,False,False,14
5a773acf55429966f1a36cb4,"Sebring, Florida",186,0,0,1.0,0.3636,True,False,False,42
5a773acf55429966f1a36cb4,"Sebring, Florida",48,0,0,0.7778,0.2222,False,False,False,42
5a7590075542992d0ec05fb8,Haverhill Historical Society Historic District,209,1,1,1.0,0.5909,True,False,False,5
5a7590075542992d0ec05fb8,"Haverhill, Massachusetts",70,1,1,1.0,0.1,True,False,False,53
5ae4740d55429913cc20446e,Luti Fagbenle,94,0,0,0.8462,0.4615,True,False,False,12
5ae4740d55429913cc20446e,Luti Fagbenle,270,0,0,0.175,0.025,False,False,False,12
5ae4740d55429913cc20446e,Iggy Azalea,106,0,0,1.0,0.5625,True,False,False,45
5ae4740d55429913cc20446e,Iggy Azalea,172,0,0,0.6923,0.1538,False,False,False,45
5a777d8055429949eeb29e76,Ringo Lam,107,0,0,0.9286,0.3571,True,False,False,16
5a777d8055429949eeb29e76,Roberto Benigni,109,0,0,1.0,0.5333,True,False,False,33
5ab53ead554299494045ef55,Chico and the Man,116,0,0,1.0,0.5652,True,False,False,30
5ab53ead554299494045ef55,Jack Albertson,135,0,1,1.0,0.5714,True,False,False,16
5a7eaa6e55429930675135c2,Yelena Shvaybovich,180,0,0,0.9545,1.0,True,False,False,1
5a7eaa6e55429930675135c2,1992 Summer Olympics,257,0,0,0.6061,0.2424,False,False,False,48
5a89da5c5542992e4fca83ee,Roe v. Wade,118,0,0,0.8182,0.0909,True,False,False,154
5a89da5c5542992e4fca83ee,Gonzales v. Raich,305,0,0,0.9048,0.4524,True,False,False,26
5ae00c7755429942ec259c09,James Reid (ice hockey),92,1,1,1.0,0.6429,True,False,False,2
5ae00c7755429942ec259c09,James Reid (ice hockey),53,1,1,1.0,0.4444,True,False,False,2
5ae00c7755429942ec259c09,Evansville IceMen,93,1,1,1.0,0.2308,True,False,False,10
5ae00c7755429942ec259c09,Evansville IceMen,99,1,1,1.0,0.625,True,False,False,10
5ac539415542994611c8b43b,So Appalled,187,0,0,1.0,0.4516,True,False,False,20
5ac539415542994611c8b43b,Cyhi the Prynce,156,0,0,0.5769,0.2692,False,False,False,10
5ab1e19a5542993be8fa986b,Isaac Jefferson,222,0,0,0.8,0.3,True,False,False,22
5ab1e19a5542993be8fa986b,Monticello,277,0,0,0.9412,0.5,True,False,False,52
5a777b6f55429967ab1051be,Faith No More,117,0,0,0.7895,0.3158,False,False,False,34
5a777b6f55429967ab1051be,Birds of Tokyo,83,0,0,0.7857,0.2143,False,False,False,43
5ac1a97b55429963665198d7,Public Records Act 1967,126,1,1,1.0,0.7222,True,False,False,3
5ac1a97b55429963665198d7,Harold Wilson,205,0,0,1.0,0.4242,True,False,False,167
5a7bf35d5542996dd594b866,Apogee Books,147,1,1,1.0,0.4348,True,False,False,3
5a7bf35d5542996dd594b866,Buzz Aldrin,103,0,0,0.7895,0.0,False,False,False,78
5a7a5c7f5542996c55b2dd7b,36th Annie Awards,142,0,0,1.0,0.9565,True,False,False,5
5a7a5c7f5542996c55b2dd7b,36th Annie Awards,112,0,1,1.0,0.9444,True,False,False,5
5a7a5c7f5542996c55b2dd7b,Kung Fu Panda,154,0,0,0.6364,0.0455,False,False,False,32
5a7e6f025542991319bc94b0,Evan Evans (racing driver),86,1,1,1.0,0.6429,True,False,False,19
5a7e6f025542991319bc94b0,Off-road racing,189,0,0,0.6667,0.0833,False,False,False,18
5ab7bb6455429928e1fe38bc,Only One Flo (Part 1),192,0,0,0.9091,0.4242,True,False,False,7
5ab7bb6455429928e1fe38bc,Flo Rida,173,0,0,0.7778,0.2963,False,False,False,28
5abbd98655429931dba145a4,1985 Rajneeshee assassination plot,231,0,0,0.8438,0.0625,True,False,False,25
5abbd98655429931dba145a4,1984 Rajneeshee bioterror attack,194,0,0,0.84,0.32,True,False,False,26
5abb00c45542992ccd8e7eaa,Sunshine State of Mind,84,0,0,1.0,0.6,True,False,False,4
5abb00c45542992ccd8e7eaa,We the Kings,62,0,0,0.9091,0.2727,True,False,False,27
5ab3a13f5542992ade7c6df8,"Seward, New York",84,1,1,1.0,0.6429,True,False,False,10
5ab3a13f5542992ade7c6df8,William H. Seward,180,0,0,1.0,0.4815,True,False,False,105
5a8bb88f5542996e8ac88a00,"Honey, Wheat and Laughter",101,0,0,1.0,0.3889,True,False,False,2
5a8bb88f5542996e8ac88a00,Anne Murray,233,0,0,0.7059,0.3529,False,False,False,43
5a75cb5b5542992db94736bf,The Front Line (2011 film),158,0,1,1.0,0.5417,True,False,False,13
5a75cb5b5542992db94736bf,Secret Reunion,22,1,1,1.0,1.0,True,True,False,8
5a75cb5b5542992db94736bf,Secret Reunion,155,0,0,0.913,0.5217,True,False,False,8
5ab26471554299340b5254b0,Family Health (magazine),57,1,1,1.0,1.0,True,False,False,1
5ab26471554299340b5254b0,The People's Friend,116,0,0,1.0,0.619,True,False,False,4
5a83057755429966c78a6aed,Apocalypse Now,107,0,0,1.0,0.2778,True,False,False,101
5a83057755429966c78a6aed,Apocalypse Now,132,0,0,0.8421,0.4211,True,False,False,101
5a83057755429966c78a6aed,Martin Sheen,300,0,0,0.5682,0.0909,False,False,False,59
5ae7f9105542993210983fe7,Lincoln Industries,236,1,1,1.0,0.84,True,False,False,3
5ae7f9105542993210983fe7,"Louisville, Kentucky",124,0,0,0.8571,0.2381,True,False,False,143
5a7361bf55429901807db01c,Thomas Tull,171,0,0,0.6667,0.375,False,False,False,12
5a7361bf55429901807db01c,Man of Steel (film),99,0,0,0.9375,0.1875,True,False,False,56
5a7d204c55429909bec7696f,Eric Christoffersen of Denmark,42,1,1,1.0,0.375,True,False,False,3
5a7d204c55429909bec7696f,House of Estridsen,144,0,0,0.8889,0.3889,True,False,False,53
5ae14f595542990adbacf746,Moore-Mayo House,104,1,1,1.0,0.4118,True,False,False,4
5ae14f595542990adbacf746,"Tremont, Maine",58,1,1,1.0,0.4,True,False,False,14
5a8db7f9554299068b959dd9,Donald Windham,84,1,1,1.0,0.7143,True,False,False,7
5a8db7f9554299068b959dd9,Donald Windham,93,1,1,1.0,0.4667,True,False,False,7
5a8db7f9554299068b959dd9,Tennessee Williams,103,0,0,1.0,0.5333,True,False,False,64
5adcfff15542994d58a2f72d,Jack Stewart-Clark,144,1,1,1.0,0.4783,True,False,False,8
5adcfff15542994d58a2f72d,Dundas Castle,145,1,1,1.0,0.4762,True,False,False,11
5ae63ada5542992ae0d16292,Roesch House,93,1,1,1.0,0.6875,True,False,False,2
5ae63ada5542992ae0d16292,"Melbourne, Florida",49,0,0,0.7778,0.1111,False,False,False,94
5ab3091b55429976abd1bc31,2011 MLS All-Star Game,110,1,1,1.0,0.8947,True,False,False,3
5ab3091b55429976abd1bc31,Danny Welbeck,167,0,0,0.6923,0.3462,False,False,False,43
5abed46e5542990832d3a0dc,Denham Fouts,114,0,0,1.0,0.4706,True,False,False,12
5abed46e5542990832d3a0dc,Gore Vidal,188,0,0,0.8214,0.2857,True,False,False,71
5adf9b675542995534e8c80e,The Little Prince,195,0,0,0.7143,0.1429,False,False,False,129
5adf9b675542995534e8c80e,Antoine de Saint-Exupéry,166,0,0,0.9615,0.4231,True,False,False,107
5abd2aa35542992ac4f381fb,Mark D'Onofrio,112,0,0,1.0,0.7222,True,False,False,7
5abd2aa35542992ac4f381fb,Mark D'Onofrio,101,0,0,1.0,0.3571,True,False,False,7
5abd2aa35542992ac4f381fb,Houston Cougars football,119,1,1,1.0,0.25,True,False,False,83
5abd2aa35542992ac4f381fb,Houston Cougars football,229,1,1,1.0,0.4062,True,False,False,83
5ae7fd6f554299321098400b,Brian Iwuh,138,1,1,1.0,0.7273,True,False,False,4
5ae7fd6f554299321098400b,2011–12 NFL playoffs,83,1,1,1.0,0.6154,True,False,False,98
5a7a07215542996c55b2dcdf,"Sedamsville, Cincinnati",55,0,0,0.2,0.1,False,False,False,3
5a7a07215542996c55b2dcdf,Pete Rose,153,1,1,1.0,0.625,True,False,False,81
5a77362e5542994aec3b7228,Adam Again,221,1,1,1.0,0.7568,True,False,False,3
5a77362e5542994aec3b7228,R.E.M.,185,0,0,0.9355,0.2581,True,False,False,51
5a770cdb55429937353601b7,Mackay Estate Water Tower,101,0,0,0.9375,0.5,True,False,False,4
5a770cdb55429937353601b7,"East Hills, New York",85,0,0,1.0,0.4118,True,False,False,47
5abbfbeb55429965836003d0,Fort Williams (Maine),108,1,1,1.0,0.5,True,False,False,12
5abbfbeb55429965836003d0,Fort Williams (Maine),166,0,0,1.0,0.5,True,False,False,12
5abbfbeb55429965836003d0,Fort Williams Park,102,1,1,1.0,0.4,True,False,False,7
5abbfbeb55429965836003d0,Fort Williams Park,232,1,1,1.0,0.6364,True,False,False,7
5a7c1e815542996dd594b890,The Negro in the South,200,0,0,0.9667,0.5333,True,False,False,14
5a7c1e815542996dd594b890,W. E. B. Du Bois,190,0,0,0.7857,0.3929,False,False,False,170
5abde54e5542991f66106098,Ernie and the Automatics,83,1,1,1.0,0.5385,True,False,False,3
5abde54e5542991f66106098,Sib Hashian,136,1,1,1.0,0.6667,True,False,False,11
5ab600d35542992aa134a3fd,P. G. Wodehouse,185,0,0,0.8148,0.4444,True,False,False,67
5ab600d35542992aa134a3fd,Mordecai Richler,77,0,0,0.9231,0.3846,True,False,False,39
5ac16eb355429964131be1f5,Mcity,189,0,0,0.8621,0.4828,True,False,False,4
5ac16eb355429964131be1f5,Ford Motor Company,159,0,0,0.7273,0.1818,False,False,False,167
5a7b8caa554299042af8f781,Evynne Hollens,85,0,0,1.0,0.6,True,False,False,9
5a7b8caa554299042af8f781,Evynne Hollens,89,0,0,0.5294,0.1765,False,False,False,9
5a7b8caa554299042af8f781,Peter Hollens,95,0,0,1.0,0.7143,True,False,False,11
5a7fa60d5542995d8a8ddede,Niamh Wilson,262,0,0,1.0,0.5278,True,False,False,5
5a7fa60d5542995d8a8ddede,Saw V,244,0,0,0.9167,0.5278,True,False,False,21
5adcb9fb5542994734353781,"Auburn (Natchez, Mississippi)",125,0,0,0.6316,0.0526,False,False,False,5
5adcb9fb5542994734353781,Levi Weeks,177,1,1,1.0,0.56,True,False,False,9
5aba75f65542994dbf01992a,Timothy Carhart,75,0,1,1.0,0.2308,True,False,False,17
5aba75f65542994dbf01992a,A Streetcar Named Desire,141,0,0,0.5909,0.0909,False,False,False,62
5a764f165542992d0ec0609b,You Ask Me To,121,0,0,1.0,1.0,True,False,False,1
5a764f165542992d0ec0609b,Willie Nelson,120,0,0,0.7222,0.2222,False,False,False,77
5ac118d35542992a796dede1,Mihal Ashminov,93,0,0,0.7647,0.1176,False,False,False,2
5ac118d35542992a796dede1,Please Take Care of My Refrigerator,130,0,0,0.9048,0.5714,True,False,False,5
5ac4f2b75542996feb3fe999,Pingquan,105,0,0,1.0,0.6875,True,False,False,3
5ac4f2b75542996feb3fe999,Fenyang,204,0,0,0.7778,0.5926,False,False,False,4
5a8fc37c5542990a98493563,Robert V. Bruce,290,0,1,1.0,0.7368,True,False,False,2
5a8fc37c5542990a98493563,"Malden, Massachusetts",67,1,1,1.0,0.3,True,False,False,31
5ac4f0195542991943173a05,Do Not Track (documentary),258,1,1,1.0,0.8571,True,False,False,2
5ac4f0195542991943173a05,Alicia Garza,122,0,0,0.7895,0.1053,False,False,False,34
5ac4f0195542991943173a05,Alicia Garza,54,0,0,0.8889,0.1111,True,False,False,34
5a879f5d5542993e715abfc6,Been to Canaan,111,0,0,1.0,0.6316,True,False,False,5
5a879f5d5542993e715abfc6,Been to Canaan,185,0,0,0.9697,0.7273,True,False,False,5
5a879f5d5542993e715abfc6,Carole King,100,0,0,0.9375,0.3125,True,False,False,72
5ae20741554299234fd043b5,Grimm (season 1),28,1,1,1.0,1.0,True,True,False,1
5ae20741554299234fd043b5,Grimm (TV series),93,0,0,1.0,0.3529,True,False,False,46
5a770c7555429937353601b6,Tiny Toy Stories,97,1,1,1.0,0.6471,True,False,False,2
5a770c7555429937353601b6,Tiny Toy Stories,72,0,0,0.9091,0.6364,True,False,False,2
5a770c7555429937353601b6,Toy Story,472,0,0,0.5224,0.1343,False,False,False,73
5a8664f955429960ec39b68c,Song Books (Cage),125,1,1,1.0,0.3043,True,False,False,4
5a8664f955429960ec39b68c,John Cage,190,1,1,1.0,0.2963,True,False,False,89
5a7f53325542992097ad2f14,Bethesda Softworks,88,1,1,1.0,0.3846,True,False,False,47
5a7f53325542992097ad2f14,Bethesda Game Studios,88,0,0,0.75,0.1667,False,False,False,9
5ac198dc55429964131be24b,A Grin Without a Cat,65,1,1,1.0,0.3333,True,False,False,5
5ac198dc55429964131be24b,A Grin Without a Cat,179,0,0,0.9583,0.5833,True,False,False,5
5ac198dc55429964131be24b,Cheshire Cat,157,0,1,1.0,0.2609,True,False,False,39
5abebea45542997719eab5b1,Domantas Šeškus,137,0,0,0.6,1.0,False,False,False,1
5abebea45542997719eab5b1,Domantas Šeškus,47,1,1,1.0,1.0,True,False,False,1
5abebea45542997719eab5b1,Virginijus Šeškus,75,0,0,1.0,0.25,True,False,False,3
5abebea45542997719eab5b1,Virginijus Šeškus,99,0,0,0.7333,0.0,False,False,False,3
5a7638cd554299109176e6bb,Pavel Volya,117,0,0,0.9333,0.4667,True,False,False,4
5a7638cd554299109176e6bb,Pavel Volya,160,0,1,1.0,0.6667,True,False,False,4
5a7638cd554299109176e6bb,Garik Martirosyan,93,0,0,0.9444,0.3333,True,False,False,3
5a7638cd554299109176e6bb,Garik Martirosyan,101,0,0,0.7333,0.2667,False,False,False,3
5a89e81655429946c8d6ea07,Gummy Song Skull,123,0,1,1.0,1.0,True,False,False,1
5a89e81655429946c8d6ea07,The Flaming Lips,86,0,0,1.0,0.2308,True,False,False,64
5abeddf35542990832d3a107,Estudiantil Porteño,160,1,1,1.0,0.6667,True,False,False,5
5abeddf35542990832d3a107,Argentina,151,0,0,0.7647,0.2353,False,False,False,157
5abeddf35542990832d3a107,Argentina,256,0,0,0.6667,0.2,False,False,False,157
5a802d3a5542992bc0c4a6c1,Farren Blackburn,224,0,0,1.0,0.84,True,False,False,6
5a802d3a5542992bc0c4a6c1,Luther (TV series),102,0,0,0.75,0.25,False,False,False,31
5a79de325542994bb945710a,The Circle (2017 film),135,0,0,1.0,0.1429,True,False,False,18
5a79de325542994bb945710a,Emma Watson,153,0,0,0.913,0.2174,True,False,False,54
5a8cd9cc55429941ae14df13,1950–51 Syracuse Nationals season,164,0,0,0.9545,0.8636,True,False,False,60
5a8cd9cc55429941ae14df13,1950–51 Syracuse Nationals season,87,1,1,1.0,0.75,True,False,False,60
5a8cd9cc55429941ae14df13,New York Knicks,92,0,0,1.0,0.3333,True,False,False,112
5ae15dba5542990adbacf772,WWFG,91,0,0,0.9286,0.6429,True,False,False,5
5ae15dba5542990adbacf772,"Ocean City, Maryland",117,0,0,0.8235,0.2941,True,False,False,43
5a72d4b65542991f9a20c5b3,Macross Frontier,174,0,0,0.5385,0.0,False,False,False,22
5a72d4b65542991f9a20c5b3,The Secret of Kells,181,0,0,0.7692,0.3462,False,False,False,22
5ac2c14e5542990b17b1547f,Jolt Cola,111,1,1,1.0,0.4444,True,False,False,17
5ac2c14e5542990b17b1547f,Sprite Ice,197,1,1,1.0,0.84,True,False,False,4
5a84ebc05542994c784dda86,Pete Day,83,0,0,1.0,0.6667,True,False,False,15
5a84ebc05542994c784dda86,Pete Day,214,0,0,1.0,0.6765,True,False,False,15
5a84ebc05542994c784dda86,Bananarama,136,0,0,0.8182,0.1818,True,False,False,59
5ae490525542995ad6573d98,Desalpar Gunthli,138,1,1,1.0,0.75,True,False,False,6
5ae490525542995ad6573d98,Indus Valley Civilisation,269,0,0,0.7838,0.3514,False,False,False,102
5ac3ad915542995ef918c1df,2005 Players Championship,161,0,0,0.8846,0.5385,True,False,False,15
5ac3ad915542995ef918c1df,"Jacksonville, Florida",138,0,0,0.9444,0.1667,True,False,False,186
5ae4778255429913cc204474,Ian MacKaye,133,0,0,0.9474,0.2632,True,False,False,37
5ae4778255429913cc204474,Martin Johnson (musician),141,0,0,0.5217,0.087,False,False,False,8
5a807f6c554299485f59862a,Cameron Diaz,128,0,0,0.7895,0.2632,False,False,False,35
5a807f6c554299485f59862a,Cameron Diaz,226,0,0,0.5429,0.0,False,False,False,35
5a807f6c554299485f59862a,What Happens in Vegas,143,0,0,0.9565,0.5217,True,False,False,15
5ae05f4f55429924de1b70c7,Liam Neeson,74,0,0,0.4615,0.0,False,False,False,40
5ae05f4f55429924de1b70c7,Next of Kin (1989 film),208,1,1,1.0,0.7059,True,False,False,16
5a8da5c355429941ae14dffe,Drip Dippy Donald,121,0,0,0.8182,0.4545,True,False,False,6
5a8da5c355429941ae14dffe,Drip Dippy Donald,83,0,0,0.9231,0.5385,True,False,False,6
5a8da5c355429941ae14dffe,Donald Duck,78,0,0,0.8462,0.0769,True,False,False,99
5a8a33695542992d82986ef6,Love Story (Taylor Swift song),132,0,0,0.9545,0.2273,True,False,False,39
5a8a33695542992d82986ef6,Fearless (Taylor Swift album),90,0,0,0.6429,0.0,False,False,False,43
5a77516855429966f1a36cf5,A Thousand Words (film),106,0,0,1.0,0.4706,True,False,False,14
5a77516855429966f1a36cf5,Eddie Murphy,102,0,0,0.8125,0.375,True,False,False,50
5a77516855429966f1a36cf5,Eddie Murphy,76,0,0,1.0,0.2143,True,False,False,50
5aba5f9f55429901930fa79d,Aerotrain (KLIA),122,0,0,0.9412,0.2941,True,False,False,12
5aba5f9f55429901930fa79d,Kuala Lumpur International Airport,210,0,0,0.5185,0.0,False,False,False,37
5a90493255429916514e7462,2008 Georgia Tech Yellow Jackets football team,147,1,1,1.0,0.5,True,False,False,17
5a90493255429916514e7462,2008 Georgia Tech Yellow Jackets football team,90,1,1,1.0,0.5,True,False,False,17
5a90493255429916514e7462,Navy Midshipmen,130,0,0,0.7059,0.1176,False,False,False,55
5a90493255429916514e7462,Navy Midshipmen,66,1,1,1.0,0.4167,True,False,False,55
5ab9836d554299131ca42355,Hella Joof,161,0,1,1.0,0.75,True,False,False,4
5ab9836d554299131ca42355,Constance (1998 film),158,0,0,0.92,0.52,True,False,False,7
5abfb1885542990832d3a1ac,"Edward Cromwell, 3rd Baron Cromwell",127,1,1,1.0,0.4737,True,False,False,14
5abfb1885542990832d3a1ac,Thomas Cromwell,176,0,0,0.8621,0.2759,True,False,False,74
5adef1ae5542993a75d263ae,The Banger,117,1,1,1.0,0.6667,True,False,False,4
5adef1ae5542993a75d263ae,Runtown,126,1,1,1.0,0.6667,True,False,False,8
5a73851255429908901be2e0,Fiona Dourif,170,0,0,0.7,0.1667,False,False,False,11
5a73851255429908901be2e0,Child's Play (franchise),154,0,0,0.76,0.28,False,False,False,45
5ac311e05542995ef918c0e1,Evensong (film),126,1,1,1.0,0.4737,True,False,False,2
5ac311e05542995ef918c0e1,Evensong (film),80,0,0,0.4,0.0667,False,False,False,2
5ac311e05542995ef918c0e1,Alec Guinness,133,0,0,0.8421,0.5263,True,False,False,35
5ac311e05542995ef918c0e1,Alec Guinness,171,0,0,0.8571,0.25,True,False,False,35
5ae6d5bc5542991bbc976182,The Hunger Games,107,0,0,0.9412,0.4118,True,False,False,39
5ae6d5bc5542991bbc976182,Katniss Everdeen,111,0,0,1.0,0.3125,True,False,False,38
5ae6d5bc5542991bbc976182,Katniss Everdeen,97,0,0,1.0,0.3846,True,False,False,38
5ab93ada554299131ca422d4,Bradford Grammar School,131,0,0,0.3333,0.0,False,False,False,10
5ab93ada554299131ca422d4,Bradford Grammar School,82,1,1,1.0,0.6667,True,False,False,10
5ab93ada554299131ca422d4,Charles II of England,85,0,0,1.0,0.2,True,False,False,70
5a7aa0c555429941d65f2704,"William Borthwick, 3rd Lord Borthwick",141,1,1,1.0,0.4783,True,False,False,5
5a7aa0c555429941d65f2704,James III of Scotland,85,0,0,0.9412,0.1765,True,False,False,46
5a7333ee5542994cef4bc4b9,Uncharted 3: Drake's Deception,157,0,0,0.913,0.1304,True,False,False,84
5a7333ee5542994cef4bc4b9,Uncharted 3: Drake's Deception,96,0,0,0.8,0.0667,True,False,False,84
5a7333ee5542994cef4bc4b9,T. E. Lawrence,123,0,0,0.9444,0.4444,True,False,False,111
5ae21c5c554299495565da08,Rosenberg Glacier,172,0,0,0.9565,1.0,True,False,False,1
5ae21c5c554299495565da08,Mount Kosciuszko,254,0,0,0.9677,0.5161,True,False,False,25
5ab96fcd55429970cfb8eaeb,2015 Accra floods,98,1,1,1.0,0.6923,True,False,False,4
5ab96fcd55429970cfb8eaeb,2015 Accra floods,145,1,1,1.0,0.65,True,False,False,4
5ab96fcd55429970cfb8eaeb,2015 Accra explosion,125,0,0,0.9565,0.4348,True,False,False,6
5a7f705a5542995d8a8dde6f,Battle of Vienna,369,0,0,0.52,0.2,False,False,False,43
5a7f705a5542995d8a8dde6f,"Leopold I, Holy Roman Emperor",180,0,0,0.8214,0.3929,True,False,False,30
5ac5190d5542996feb3fe9f8,Akumadan,84,1,1,1.0,0.6923,True,False,False,3
5ac5190d5542996feb3fe9f8,Offinso North District,24,0,0,1.0,1.0,True,True,False,1
5adf2d715542993344016c0e,Babette Haag,98,0,0,0.5333,0.1333,False,False,False,5
5adf2d715542993344016c0e,Marimba,112,0,0,0.5556,0.0,False,False,False,41
5adfb96555429942ec259b17,Allison Road (video game),121,0,0,0.8947,0.4737,True,False,False,8
5adfb96555429942ec259b17,P.T. (video game),107,0,0,0.8824,0.1765,True,False,False,31
5abc2e77554299114383a0f7,Susanna Andersson,150,1,1,1.0,0.4783,True,False,False,5
5abc2e77554299114383a0f7,Guildhall School of Music and Drama,134,0,0,0.7368,0.2105,False,False,False,23
5a8845a055429938390d3f14,Mnaseas,244,0,0,0.9667,0.8333,True,False,False,4
5a8845a055429938390d3f14,Eratosthenes,84,1,1,1.0,0.2308,True,False,False,40
5ae69e1c55429908198fa665,Dior Lowhorn,95,0,0,0.9286,0.4286,True,False,False,9
5ae69e1c55429908198fa665,Dior Lowhorn,62,1,1,1.0,0.4,True,False,False,9
5ae69e1c55429908198fa665,Texas Tech Red Raiders basketball,227,0,0,0.68,0.16,False,False,False,31
5ae69e1c55429908198fa665,Texas Tech Red Raiders basketball,160,0,0,0.5,0.0455,False,False,False,31
5a7a5c9f5542990783324f2a,Ti Malice and Bouki,99,1,1,1.0,0.6667,True,False,False,2
5a7a5c9f5542990783324f2a,Anansi,44,0,0,1.0,0.1667,True,False,False,119
5a821ea25542995ce29dccb5,Wayne's World (film),157,0,0,1.0,0.4783,True,False,False,43
5a821ea25542995ce29dccb5,Chris Farley,101,0,0,1.0,0.4,True,False,False,31
5a821ea25542995ce29dccb5,Chris Farley,204,0,0,0.9677,0.4516,True,False,False,31
5adc7c205542994d58a2f612,Gilda Live,134,0,1,1.0,0.4444,True,False,False,3
5adc7c205542994d58a2f612,Gilda Radner,184,0,0,1.0,0.5667,True,False,False,41
5adcc9fb55429947343537a1,"Victory, Saratoga County, New York",65,1,1,1.0,0.5455,True,False,False,9
5adcc9fb55429947343537a1,"Victory, Saratoga County, New York",126,0,0,0.9286,0.4286,True,False,False,9
5adcc9fb55429947343537a1,"Schuylerville, New York",71,0,0,1.0,0.3636,True,False,False,24
5adcc9fb55429947343537a1,"Schuylerville, New York",167,0,0,1.0,0.4,True,False,False,24
5a84c6b15542991dd0999df5,Windham School District (New Hampshire),92,0,0,0.9167,1.0,True,False,False,1
5a84c6b15542991dd0999df5,"Windham, New Hampshire",78,1,1,1.0,0.25,True,False,False,26
5a84c6b15542991dd0999df5,"Windham, New Hampshire",45,0,0,1.0,0.0,False,False,False,26
5ac3037855429921a00ab0d8,Combat Logistics Battalion 3,96,0,0,0.9231,0.1538,True,False,False,6
5ac3037855429921a00ab0d8,Combat Logistics Battalion 3,154,0,0,0.8095,0.1905,True,False,False,6
5ac3037855429921a00ab0d8,Marine Corps Base Hawaii,256,1,1,1.0,0.4194,True,False,False,13
5ac3037855429921a00ab0d8,Marine Corps Base Hawaii,69,0,0,0.8333,0.3333,True,False,False,13
5a8e4be055429917b4a5bd84,Troy Evans (actor),169,0,0,1.0,0.8621,True,False,False,3
5a8e4be055429917b4a5bd84,Troy Evans (actor),248,0,0,0.8485,0.5152,True,False,False,3
5a8e4be055429917b4a5bd84,Under Siege,104,0,0,1.0,0.4444,True,False,False,27
5ac26d565542992f1f2b38c2,William Hohri,144,1,1,1.0,0.1364,True,False,False,4
5ac26d565542992f1f2b38c2,Manzanar,302,0,0,0.9706,0.4412,True,False,False,82
5a8a5dc355429970aeb702c6,Ora Blanchard House,141,1,1,1.0,0.5714,True,False,False,4
5a8a5dc355429970aeb702c6,"Eustis, Maine",58,1,1,1.0,0.4,True,False,False,12
5ae7048e554299572ea54685,Bob Schooley,108,0,0,0.8889,0.6111,True,False,False,2
5ae7048e554299572ea54685,Monsters vs. Aliens (TV series),111,0,0,1.0,0.5,True,False,False,5
5ae7048e554299572ea54685,Monsters vs. Aliens (TV series),194,0,0,0.96,0.64,True,False,False,5
5ac2e338554299657fa290b9,Betrayal (Steel novel),77,1,1,1.0,0.7692,True,False,False,8
5ac2e338554299657fa290b9,Danielle Steel,222,0,0,0.875,0.5625,True,False,False,31
5ab31f5e554299753aec5947,Franco Zeffirelli,141,0,0,0.55,0.25,False,False,False,26
5ab31f5e554299753aec5947,Graham Streeter,103,1,1,1.0,0.7857,True,False,False,6
5a79f3755542996c55b2dcaf,Hadda Be Playing on the Jukebox,78,1,1,1.0,0.3333,True,False,False,10
5a79f3755542996c55b2dcaf,Hadda Be Playing on the Jukebox,130,0,0,1.0,0.7368,True,False,False,10
5a79f3755542996c55b2dcaf,Rage Against the Machine,86,0,0,1.0,0.4286,True,False,False,58
5adbffcf5542994650320c38,Phormium,69,0,0,1.0,0.4167,True,False,False,10
5adbffcf5542994650320c38,Callicoma,140,0,0,1.0,0.7,True,False,False,3
5a7d4ab75542997cc2c4744c,Moving Day (1936 film),180,0,0,1.0,0.72,True,False,False,5
5a7d4ab75542997cc2c4744c,Pete (Disney),164,0,0,0.9583,0.5417,True,False,False,64
5a78dd77554299029c4b5ebb,Cluedo,146,0,0,0.88,0.2,True,False,False,65
5a78dd77554299029c4b5ebb,Enchanted Forest (game),151,1,1,1.0,0.3913,True,False,False,7
5abee2c85542993fe9a41d76,Amin Asikainen,121,1,1,1.0,0.5714,True,False,False,10
5abee2c85542993fe9a41d76,Amin Asikainen,85,1,1,1.0,0.5833,True,False,False,10
5abee2c85542993fe9a41d76,Idi Amin,143,0,0,0.8333,0.25,True,False,False,61
5ab40ea6554299753aec5a29,Cierva C.8,115,1,1,1.0,0.5789,True,False,False,8
5ab40ea6554299753aec5a29,Avro,269,0,0,0.9091,0.5152,True,False,False,28
5adc0dfb554299438c868d15,Wilderstein,136,1,1,1.0,0.6364,True,False,False,15
5adc0dfb554299438c868d15,Hudson River,122,0,0,0.9048,0.3333,True,False,False,84
5adc0dfb554299438c868d15,Hudson River,188,0,0,0.9565,0.2174,True,False,False,84
5a89f85c55429946c8d6ea29,Pumping Iron,156,0,0,1.0,0.4091,True,False,False,17
5a89f85c55429946c8d6ea29,Franco Columbu,158,0,0,0.4783,0.0435,False,False,False,12
5ae6a06f5542995703ce8b7b,Kellie Pickler (album),337,0,0,0.9649,0.5789,True,False,False,5
5ae6a06f5542995703ce8b7b,Best Days of Your Life,247,1,1,1.0,0.4103,True,False,False,10
5ae05cef55429945ae95934a,Duke University,83,0,0,0.9091,0.0,False,False,False,102
5ae05cef55429945ae95934a,Amherst College,103,0,0,0.75,0.0833,False,False,False,54
5ade580f5542992fa25da75b,Microwave Jenny,67,0,1,1.0,0.6667,True,False,False,4
5ade580f5542992fa25da75b,The Castle (1997 Australian film),72,0,0,0.9231,0.4615,True,False,False,26
5ac1338d55429964131be187,Steve Benjamin (sailor),145,0,0,1.0,0.7727,True,False,False,3
5ac1338d55429964131be187,"Glen Cove, New York",81,0,0,1.0,0.1765,True,False,False,60
5ab2812d5542993be8fa9935,WUAF-LP,152,0,0,1.0,1.0,True,False,False,1
5ab2812d5542993be8fa9935,"Lake City, Florida",72,0,0,1.0,0.2727,True,False,False,45
5ab2812d5542993be8fa9935,"Lake City, Florida",56,0,0,0.9091,0.0,False,False,False,45
5a8ee0655542995a26add544,Paul Bernard Vogel,93,0,0,0.4667,0.0667,False,False,False,8
5a8ee0655542995a26add544,Solvil et Titus,208,0,0,0.9677,0.5484,True,False,False,7
5ac52fe85542994611c8b404,2011 Mumbai bombings,121,1,1,1.0,0.5294,True,False,False,27
5ac52fe85542994611c8b404,Royal Opera House (Mumbai),112,0,0,0.9333,0.3333,True,False,False,14
5a7a638455429941d65f260c,The Tide Will Swallow Us Whole,62,1,1,1.0,0.8182,True,False,False,2
5a7a638455429941d65f260c,Trenches (band),81,0,0,0.8571,0.1429,True,False,False,5
5a7a638455429941d65f260c,Trenches (band),83,1,1,1.0,0.6923,True,False,False,5
5a85c7775542997175ce2017,Bikini Barbershop,152,1,1,1.0,0.7391,True,False,False,5
5a85c7775542997175ce2017,Hurricane Sandy,124,0,0,0.4762,0.0,False,False,False,109
5ac2c0d0554299657fa2902e,Driven to Tears,118,0,1,1.0,0.3,True,False,False,10
5ac2c0d0554299657fa2902e,The Police,66,0,0,1.0,0.25,True,False,False,49
5ae664e855429908198fa5bc,The Anthem (Pitbull song),88,0,0,0.9231,0.4615,True,False,False,3
5ae664e855429908198fa5bc,The Anthem (Pitbull song),97,0,0,0.6667,0.4444,False,False,False,3
5ae664e855429908198fa5bc,Calabria (song),51,0,0,0.6,0.1,False,False,False,10
5ab601ff554299710c8d1e50,2011 Kansas State Wildcats football team,43,1,1,1.0,0.4444,True,False,False,48
5ab601ff554299710c8d1e50,2011 Baylor Bears football team,42,1,1,1.0,0.5,True,False,False,7
5a89d5ea554299669944a5be,"Travilah, Maryland",157,0,0,0.7391,0.0,False,False,False,36
5a89d5ea554299669944a5be,"Potomac, Maryland",121,0,0,0.3158,0.0526,False,False,False,16
5a8d7ad355429941ae14dfc4,Truth (1998 Michael Sweet album),93,0,0,1.0,0.6667,True,False,False,2
5a8d7ad355429941ae14dfc4,Stryper,75,1,1,1.0,0.3636,True,False,False,37
5a801cde554299485f59856d,The Invitation (2015 film),122,0,0,0.9474,0.2632,True,False,False,13
5a801cde554299485f59856d,The Invitation (2015 film),94,0,0,1.0,0.2308,True,False,False,13
5a801cde554299485f59856d,Emayatzy Corinealdi,76,0,0,0.9091,0.2727,True,False,False,5
5a801cde554299485f59856d,Emayatzy Corinealdi,91,0,0,0.8235,0.1176,True,False,False,5
5a81fba555429926c1cdadcf,The Mysterious Origins of Man,234,0,0,0.9688,0.7188,True,False,False,5
5a81fba555429926c1cdadcf,Richard L. Thompson,404,0,0,0.8627,0.5686,True,False,False,3
5a7ff71955429969796c1b8c,Sydenham Hospital,113,1,1,1.0,0.3529,True,False,False,12
5a7ff71955429969796c1b8c,Harlem,97,0,0,0.6667,0.0,False,False,False,101
5a7ff71955429969796c1b8c,Harlem,109,0,0,0.7059,0.2353,False,False,False,101
5a7628fa55429976ec32bd2f,Juana Muñoz-Liceras,167,1,1,1.0,0.8571,True,False,False,2
5a7628fa55429976ec32bd2f,University of Ottawa,89,1,1,1.0,0.0,False,False,False,71
5ac4fd3755429924173fb53f,2002 NC State Wolfpack football team,38,1,1,1.0,1.0,True,True,False,1
5ac4fd3755429924173fb53f,2002 NC State Wolfpack football team,103,1,1,1.0,1.0,True,False,False,1
5ac4fd3755429924173fb53f,Atlantic Coast Conference,370,0,0,0.775,0.275,False,False,False,92
5ac4fd3755429924173fb53f,Atlantic Coast Conference,396,0,0,0.9615,0.1923,True,False,False,92
5adcf5d855429947343537d9,Ken Takakuwa,84,1,1,1.0,1.0,True,False,False,1
5adcf5d855429947343537d9,Ken Takakuwa,78,1,1,1.0,1.0,True,False,False,1
5adcf5d855429947343537d9,Swimming at the 2010 Asian Games,119,1,1,1.0,1.0,True,False,False,1
5a8c6bac554299653c1aa05f,Klondike Sunset Casino,141,0,0,0.9048,0.4286,True,False,False,21
5a8c6bac554299653c1aa05f,"Henderson, Nevada",97,0,0,0.7692,0.3846,False,False,False,42
5ac540a95542993e66e82267,Rand Show,160,0,0,1.0,0.5263,True,False,False,12
5ac540a95542993e66e82267,Johannesburg,149,0,0,0.8571,0.1429,True,False,False,102
5adfe594554299025d62a378,"Creich, Fife",85,0,0,0.4167,0.0833,False,False,False,2
5adfe594554299025d62a378,"Creich, Fife",46,1,1,1.0,0.75,True,False,False,2
5adfe594554299025d62a378,Creich Castle,66,1,1,1.0,0.5,True,False,False,4
5ab400df55429976abd1bd25,2nd Maneuver Enhancement Brigade,82,1,1,1.0,0.7143,True,False,False,2
5ab400df55429976abd1bd25,Fort Drum,121,0,0,1.0,0.45,True,False,False,33
5a7caf1455429935c91b529d,Operation Emmanuel,260,0,0,0.9062,0.4062,True,False,False,15
5a7caf1455429935c91b529d,Operation Emmanuel,139,1,1,1.0,0.5,True,False,False,15
5a7caf1455429935c91b529d,Hugo Chávez,164,0,0,0.963,0.3333,True,False,False,130
5ade4eee5542997c77adede9,Peter V. Neffenger,468,0,0,1.0,0.7826,True,False,False,10
5ade4eee5542997c77adede9,Deepwater Horizon oil spill,206,0,0,0.8571,0.4286,True,False,False,140
5ae1ab8e554299492dc91b5e,Emiliano Velázquez,202,0,0,0.6,0.2857,False,False,False,13
5ae1ab8e554299492dc91b5e,Atlético Madrid,90,0,0,0.8125,0.25,True,False,False,62
5a7ff5135542994857a7686f,Carole Middleton,219,0,0,0.6667,0.1111,False,False,False,8
5a7ff5135542994857a7686f,Pippa Middleton,158,0,0,0.8095,0.0952,True,False,False,16
5a8ee2ad55429917b4a5bdfe,Battle of Cold Harbor,122,0,0,1.0,0.4286,True,False,False,79
5a8ee2ad55429917b4a5bdfe,Battle of Iwo Jima,221,0,0,1.0,0.4242,True,False,False,83
5a8c94d1554299585d9e36f1,Lizzette Reynolds,95,1,1,1.0,0.4667,True,False,False,5
5a8c94d1554299585d9e36f1,Christine Comer,122,0,0,1.0,0.375,True,False,False,17
5a8c94d1554299585d9e36f1,Christine Comer,89,1,1,1.0,0.4375,True,False,False,17
5ae1591b554299422ee99666,Green Lantern: Rise of the Manhunters,104,0,0,0.9474,0.3684,True,False,False,7
5ae1591b554299422ee99666,Green Lantern (film),276,0,0,1.0,0.5405,True,False,False,61
5abb97a5554299642a094ab2,Different Strokes (The Nite-Liters album),32,0,0,0.2,1.0,False,True,False,1
5abb97a5554299642a094ab2,Harvey Fuqua,141,0,0,0.8947,0.4737,True,False,False,11
5a80d24e554299260e20a17a,Gold Mountain Casino,114,1,1,1.0,1.0,True,False,False,1
5a80d24e554299260e20a17a,WinStar World Casino,203,0,0,0.6552,0.1724,False,False,False,8
5a837f425542993344746022,Lazy Days (film),79,0,1,1.0,0.5333,True,False,False,4
5a837f425542993344746022,Metro-Goldwyn-Mayer,351,0,0,0.5641,0.0769,False,False,False,113
5ae5d5df554299546bf82f94,Don L. Harper,258,0,1,1.0,0.7576,True,False,False,2
5ae5d5df554299546bf82f94,Armageddon (1998 film),152,0,0,1.0,0.55,True,False,False,27
5ade48705542997c77adedcd,Oink! (video game),5,2,2,1.0,0.0,False,True,False,6
5ade48705542997c77adedcd,Oink! (video game),89,1,1,1.0,0.6667,True,False,False,6
5ade48705542997c77adedcd,The Three Little Pigs,96,0,0,1.0,0.4286,True,False,False,47
