qid,arm,subset,recall_at_10,answer_presence_at_10,presence_wb,idk,idk_corrected,judge_correct,gt_presence_old,gt_presence_wb,degenerate_golds,in_primary
13,mrl_512_sq8_np512,sanity,0.7,True,True,False,False,True,True,True,False,False
14,mrl_512_sq8_np512,main,0.8,True,True,False,False,True,True,True,False,True
19,mrl_512_sq8_np512,main,0.8,True,False,True,True,False,True,False,True,False
30,mrl_512_sq8_np512,main,0.9,True,True,False,False,True,True,True,False,True
45,mrl_512_sq8_np512,main,0.9,True,True,False,False,True,True,True,False,True
60,mrl_512_sq8_np512,main,0.8,True,True,False,False,True,True,True,False,True
66,mrl_512_sq8_np512,main,0.9,True,True,False,False,True,True,True,False,True
71,mrl_512_sq8_np512,main,0.8,True,True,False,False,False,True,True,False,True
82,mrl_512_sq8_np512,main,0.5,True,False,True,True,False,True,False,False,False
92,mrl_512_sq8_np512,main,0.6,True,True,True,True,False,True,True,False,True
105,mrl_512_sq8_np512,main,0.9,True,True,True,True,False,True,True,False,True
108,mrl_512_sq8_np512,main,0.8,True,True,False,False,True,True,True,False,True
115,mrl_512_sq8_np512,main,0.8,True,True,False,False,True,True,True,False,True
125,mrl_512_sq8_np512,main,1.0,True,False,False,False,False,True,False,False,False
129,mrl_512_sq8_np512,main,0.8,False,False,False,False,False,False,False,False,False
132,mrl_512_sq8_np512,main,0.9,True,False,False,False,True,True,False,True,False
146,mrl_512_sq8_np512,sanity,0.6,True,True,True,True,False,True,True,False,False
151,mrl_512_sq8_np512,main,1.0,False,False,False,False,False,False,False,False,False
153,mrl_512_sq8_np512,main,0.8,False,False,True,True,False,False,False,False,False
180,mrl_512_sq8_np512,main,0.8,True,True,False,False,True,False,False,False,False
188,mrl_512_sq8_np512,main,0.7,True,True,False,False,True,True,True,False,True
206,mrl_512_sq8_np512,main,0.4,True,True,True,True,False,True,True,False,True
217,mrl_512_sq8_np512,main,0.7,True,True,True,True,False,True,True,False,True
233,mrl_512_sq8_np512,main,0.8,False,False,True,True,False,False,False,False,False
235,mrl_512_sq8_np512,main,0.8,True,True,False,False,True,False,False,False,False
249,mrl_512_sq8_np512,main,0.7,True,True,False,False,True,True,True,False,True
261,mrl_512_sq8_np512,main,0.8,True,True,False,False,True,True,True,False,True
264,mrl_512_sq8_np512,main,0.9,True,True,False,False,True,True,True,False,True
268,mrl_512_sq8_np512,main,0.5,True,True,False,False,True,True,True,False,True
279,mrl_512_sq8_np512,main,0.7,False,False,True,True,False,True,True,False,True
286,mrl_512_sq8_np512,main,0.9,True,True,False,False,True,True,True,False,True
287,mrl_512_sq8_np512,main,0.9,True,True,False,False,True,True,True,False,True
290,mrl_512_sq8_np512,main,0.7,True,False,True,True,False,True,False,True,False
291,mrl_512_sq8_np512,main,0.8,True,False,False,False,True,True,False,False,False
295,mrl_512_sq8_np512,main,0.6,True,False,False,False,True,True,False,False,False
296,mrl_512_sq8_np512,main,0.7,True,True,False,False,True,True,True,False,True
307,mrl_512_sq8_np512,main,0.7,True,True,False,False,True,True,True,False,True
318,mrl_512_sq8_np512,main,0.7,True,True,False,False,True,True,True,False,True
319,mrl_512_sq8_np512,main,0.9,True,False,True,True,False,True,False,False,False
323,mrl_512_sq8_np512,sanity,0.6,False,False,True,True,False,False,False,False,False
337,mrl_512_sq8_np512,main,0.7,False,False,True,True,False,True,True,False,True
350,mrl_512_sq8_np512,main,0.7,True,True,False,False,False,True,True,False,True
352,mrl_512_sq8_np512,main,0.7,True,True,False,False,True,True,True,False,True
371,mrl_512_sq8_np512,main,0.8,True,True,False,False,True,True,True,False,True
382,mrl_512_sq8_np512,main,0.9,False,False,False,False,True,False,False,False,False
399,mrl_512_sq8_np512,main,1.0,True,True,False,False,True,True,True,False,True
400,mrl_512_sq8_np512,main,0.8,True,True,False,False,False,True,True,False,True
416,mrl_512_sq8_np512,main,0.8,False,False,True,True,False,True,True,False,True
419,mrl_512_sq8_np512,main,0.9,True,True,False,False,True,True,True,False,True
421,mrl_512_sq8_np512,main,0.6,True,True,True,True,False,True,True,False,True
422,mrl_512_sq8_np512,main,1.0,True,True,False,False,True,True,True,False,True
424,mrl_512_sq8_np512,sanity,0.8,True,True,True,True,False,True,True,False,False
433,mrl_512_sq8_np512,main,0.8,True,True,False,False,True,True,True,False,True
442,mrl_512_sq8_np512,main,0.9,True,False,False,False,True,True,False,False,False
444,mrl_512_sq8_np512,main,0.9,True,True,False,False,True,True,True,False,True
447,mrl_512_sq8_np512,main,0.6,False,False,False,False,True,False,False,False,False
450,mrl_512_sq8_np512,main,0.8,True,True,False,False,True,True,True,False,True
453,mrl_512_sq8_np512,main,0.8,True,True,False,False,False,True,True,False,True
462,mrl_512_sq8_np512,sanity,0.6,False,False,True,True,False,False,False,False,False
476,mrl_512_sq8_np512,main,0.6,True,False,False,False,True,True,False,False,False
478,mrl_512_sq8_np512,sanity,0.8,True,True,False,False,True,True,True,False,False
482,mrl_512_sq8_np512,main,0.8,True,True,True,True,False,True,True,False,True
484,mrl_512_sq8_np512,main,0.9,True,True,True,True,False,True,True,False,True
486,mrl_512_sq8_np512,main,0.8,False,False,False,False,True,True,True,False,True
488,mrl_512_sq8_np512,main,0.9,False,False,False,False,False,False,False,False,False
491,mrl_512_sq8_np512,main,0.9,True,False,True,True,False,True,False,False,False
496,mrl_512_sq8_np512,main,0.8,False,False,False,False,False,True,True,False,True
501,mrl_512_sq8_np512,main,1.0,True,True,False,False,True,True,True,False,True
508,mrl_512_sq8_np512,main,0.8,True,True,True,True,False,True,True,False,True
513,mrl_512_sq8_np512,main,0.7,True,True,True,True,False,True,True,False,True
518,mrl_512_sq8_np512,main,0.9,True,True,False,False,True,True,True,False,True
519,mrl_512_sq8_np512,sanity,0.8,True,True,True,True,False,True,True,False,False
523,mrl_512_sq8_np512,main,0.6,True,True,False,False,True,True,True,False,True
524,mrl_512_sq8_np512,main,0.7,True,True,False,False,True,True,True,False,True
531,mrl_512_sq8_np512,main,0.7,False,False,True,True,False,False,False,False,False
535,mrl_512_sq8_np512,sanity,0.8,True,True,True,True,False,True,True,False,False
537,mrl_512_sq8_np512,main,0.9,True,True,False,False,True,True,True,False,True
551,mrl_512_sq8_np512,main,0.9,True,False,True,True,False,True,False,True,False
552,mrl_512_sq8_np512,main,0.8,True,True,False,False,True,True,True,False,True
553,mrl_512_sq8_np512,main,0.8,True,True,False,False,True,True,True,False,True
559,mrl_512_sq8_np512,main,0.6,False,False,True,True,False,True,True,False,True
565,mrl_512_sq8_np512,main,0.9,True,True,False,False,True,True,True,False,True
571,mrl_512_sq8_np512,sanity,0.9,True,True,False,False,True,True,True,False,False
590,mrl_512_sq8_np512,main,0.7,False,False,True,True,False,True,True,False,True
591,mrl_512_sq8_np512,main,0.6,False,False,True,True,False,False,False,False,False
604,mrl_512_sq8_np512,main,0.3,False,False,True,True,False,False,False,False,False
606,mrl_512_sq8_np512,main,0.8,True,True,False,False,True,True,True,False,True
614,mrl_512_sq8_np512,main,0.8,True,True,False,False,False,True,True,False,True
617,mrl_512_sq8_np512,main,0.7,True,True,False,False,True,True,True,False,True
619,mrl_512_sq8_np512,sanity,0.9,False,False,True,True,False,False,False,False,False
621,mrl_512_sq8_np512,main,0.8,True,True,True,True,False,True,True,False,True
637,mrl_512_sq8_np512,main,0.6,True,True,False,False,True,True,True,False,True
642,mrl_512_sq8_np512,main,1.0,True,True,False,False,True,True,True,False,True
644,mrl_512_sq8_np512,main,0.9,True,True,False,False,True,True,True,False,True
652,mrl_512_sq8_np512,main,0.5,False,False,True,True,False,False,False,False,False
658,mrl_512_sq8_np512,sanity,0.8,False,False,True,True,False,False,False,False,False
684,mrl_512_sq8_np512,main,0.8,False,False,True,True,False,False,False,False,False
697,mrl_512_sq8_np512,main,0.9,True,True,False,False,False,True,True,False,True
701,mrl_512_sq8_np512,main,0.8,True,True,False,False,True,True,True,False,True
705,mrl_512_sq8_np512,main,0.9,True,True,False,False,True,True,True,False,True
715,mrl_512_sq8_np512,main,0.9,False,False,True,True,False,False,False,False,False
726,mrl_512_sq8_np512,main,0.8,True,True,False,False,True,False,False,False,False
753,mrl_512_sq8_np512,main,0.8,True,True,False,False,True,True,True,False,True
754,mrl_512_sq8_np512,main,0.5,True,True,True,True,False,True,True,False,True
775,mrl_512_sq8_np512,sanity,0.6,False,False,True,True,False,False,False,False,False
782,mrl_512_sq8_np512,main,0.9,False,False,True,True,False,False,False,False,False
784,mrl_512_sq8_np512,main,0.9,True,True,False,False,True,True,True,False,True
787,mrl_512_sq8_np512,main,0.9,True,True,False,False,True,True,True,False,True
802,mrl_512_sq8_np512,main,0.7,True,True,True,True,False,True,True,False,True
823,mrl_512_sq8_np512,main,0.6,True,True,False,False,True,True,True,False,True
826,mrl_512_sq8_np512,main,0.7,True,True,False,False,True,True,True,False,True
841,mrl_512_sq8_np512,main,0.7,False,False,True,True,False,False,False,False,False
845,mrl_512_sq8_np512,main,0.8,False,False,False,False,False,True,True,False,True
855,mrl_512_sq8_np512,main,0.8,False,False,True,True,False,False,False,False,False
861,mrl_512_sq8_np512,main,0.8,True,True,False,False,True,True,True,False,True
868,mrl_512_sq8_np512,main,0.9,True,True,False,False,False,True,True,False,True
873,mrl_512_sq8_np512,main,0.9,False,False,False,False,True,False,False,False,False
883,mrl_512_sq8_np512,sanity,0.7,False,False,False,False,False,False,False,False,False
884,mrl_512_sq8_np512,main,0.9,True,True,False,False,True,True,True,False,True
891,mrl_512_sq8_np512,main,0.6,True,True,False,False,False,True,True,False,True
896,mrl_512_sq8_np512,main,0.5,True,True,True,True,False,True,True,False,True
901,mrl_512_sq8_np512,main,0.8,True,True,False,False,False,True,True,False,True
905,mrl_512_sq8_np512,sanity,0.7,True,True,False,False,True,True,True,False,False
907,mrl_512_sq8_np512,main,0.5,True,True,False,False,False,True,True,False,True
919,mrl_512_sq8_np512,sanity,0.9,True,True,False,False,False,True,True,False,False
931,mrl_512_sq8_np512,main,0.7,True,False,True,True,False,True,True,False,True
937,mrl_512_sq8_np512,main,0.8,True,True,False,False,True,True,True,False,True
944,mrl_512_sq8_np512,main,0.7,False,False,False,False,False,False,False,False,False
966,mrl_512_sq8_np512,main,0.6,True,True,True,True,False,False,False,False,False
967,mrl_512_sq8_np512,main,0.6,True,True,False,False,True,True,True,False,True
970,mrl_512_sq8_np512,main,0.7,True,True,True,True,False,True,True,False,True
972,mrl_512_sq8_np512,main,0.9,True,True,True,True,False,True,True,False,True
978,mrl_512_sq8_np512,main,0.7,False,False,True,True,False,False,False,False,False
987,mrl_512_sq8_np512,main,0.7,False,False,True,True,False,False,False,False,False
990,mrl_512_sq8_np512,main,0.7,False,False,False,False,True,True,True,False,True
992,mrl_512_sq8_np512,main,0.7,True,True,True,True,False,True,True,False,True
1000,mrl_512_sq8_np512,main,0.5,True,True,False,False,True,True,True,False,True
1001,mrl_512_sq8_np512,main,0.7,True,True,False,False,False,True,True,False,True
1003,mrl_512_sq8_np512,main,0.9,True,False,False,False,True,True,False,False,False
1005,mrl_512_sq8_np512,main,0.7,True,False,False,False,False,True,False,False,False
1016,mrl_512_sq8_np512,main,0.8,True,True,False,False,True,True,True,False,True
1020,mrl_512_sq8_np512,main,0.5,True,True,False,False,True,True,True,False,True
1026,mrl_512_sq8_np512,main,0.7,True,True,False,False,True,True,True,False,True
1028,mrl_512_sq8_np512,main,0.6,True,False,False,False,False,True,False,False,False
1032,mrl_512_sq8_np512,main,0.8,True,True,False,False,True,True,True,False,True
1048,mrl_512_sq8_np512,main,0.9,True,True,False,False,True,True,True,False,True
1056,mrl_512_sq8_np512,main,0.7,True,True,False,False,False,True,True,False,True
1063,mrl_512_sq8_np512,main,0.8,True,True,False,False,True,True,True,False,True
1065,mrl_512_sq8_np512,main,0.7,True,False,True,True,False,True,False,False,False
1066,mrl_512_sq8_np512,main,1.0,True,True,False,False,True,True,True,False,True
1071,mrl_512_sq8_np512,main,0.9,True,True,False,False,True,True,True,False,True
1081,mrl_512_sq8_np512,sanity,0.8,True,True,True,True,False,True,True,False,False
1085,mrl_512_sq8_np512,main,0.7,True,True,True,True,False,True,True,False,True
1088,mrl_512_sq8_np512,main,0.6,True,True,True,True,False,True,True,False,True
1089,mrl_512_sq8_np512,main,0.8,True,True,True,True,False,True,True,False,True
1093,mrl_512_sq8_np512,main,0.6,False,False,True,True,False,False,False,False,False
1094,mrl_512_sq8_np512,main,0.8,True,False,True,True,False,True,False,True,False
1103,mrl_512_sq8_np512,main,0.7,True,True,False,False,True,True,True,False,True
1106,mrl_512_sq8_np512,main,0.8,False,False,False,False,False,True,True,False,True
1108,mrl_512_sq8_np512,main,0.7,False,False,False,False,True,True,False,False,False
1113,mrl_512_sq8_np512,main,0.8,True,True,False,False,True,True,True,False,True
1114,mrl_512_sq8_np512,main,0.7,True,True,True,True,False,True,True,False,True
1118,mrl_512_sq8_np512,main,0.7,True,True,False,False,True,True,True,False,True
1122,mrl_512_sq8_np512,main,0.7,False,False,True,True,False,False,False,False,False
1125,mrl_512_sq8_np512,main,0.7,True,True,False,False,False,True,True,False,True
1148,mrl_512_sq8_np512,main,0.8,True,True,False,True,False,True,True,False,True
1155,mrl_512_sq8_np512,main,0.8,True,True,False,False,True,True,True,False,True
1158,mrl_512_sq8_np512,main,0.9,True,True,False,False,True,True,True,False,True
1174,mrl_512_sq8_np512,main,0.9,False,False,True,True,False,False,False,False,False
1183,mrl_512_sq8_np512,main,0.5,True,True,True,True,False,True,True,False,True
1191,mrl_512_sq8_np512,main,0.9,True,False,False,False,True,True,False,False,False
1216,mrl_512_sq8_np512,main,0.6,False,False,True,True,False,False,False,False,False
1217,mrl_512_sq8_np512,main,0.9,True,True,False,False,True,True,True,False,True
1244,mrl_512_sq8_np512,main,0.1,True,True,True,True,False,True,True,False,True
1258,mrl_512_sq8_np512,main,0.4,False,False,True,True,False,False,False,False,False
1278,mrl_512_sq8_np512,main,0.8,True,True,True,True,False,True,True,False,True
1279,mrl_512_sq8_np512,main,0.8,True,True,False,False,False,True,True,False,True
1282,mrl_512_sq8_np512,main,0.7,True,True,False,False,False,True,True,False,True
1287,mrl_512_sq8_np512,main,0.9,True,True,False,False,True,True,True,False,True
1289,mrl_512_sq8_np512,main,1.0,True,True,False,False,True,True,True,False,True
1292,mrl_512_sq8_np512,main,0.8,True,True,False,False,True,True,True,False,True
1293,mrl_512_sq8_np512,main,0.7,True,True,True,True,False,True,True,False,True
1313,mrl_512_sq8_np512,main,0.8,True,True,False,False,False,True,True,False,True
1320,mrl_512_sq8_np512,main,0.9,True,True,False,False,True,True,True,False,True
1322,mrl_512_sq8_np512,main,0.8,True,True,False,False,True,True,True,False,True
1327,mrl_512_sq8_np512,sanity,0.8,False,False,False,False,True,False,False,False,False
1333,mrl_512_sq8_np512,main,0.8,True,True,False,False,True,True,True,False,True
1336,mrl_512_sq8_np512,main,1.0,True,True,False,False,True,True,True,False,True
1338,mrl_512_sq8_np512,main,0.9,True,True,False,False,True,True,True,False,True
1342,mrl_512_sq8_np512,main,0.9,True,False,True,True,False,True,False,True,False
1348,mrl_512_sq8_np512,sanity,0.9,False,False,False,False,False,False,False,False,False
1370,mrl_512_sq8_np512,main,0.7,True,True,False,False,False,True,True,False,True
1372,mrl_512_sq8_np512,main,0.6,True,True,True,True,False,True,True,False,True
1375,mrl_512_sq8_np512,main,0.9,True,True,False,False,True,True,True,False,True
1376,mrl_512_sq8_np512,main,0.6,False,False,True,True,False,False,False,False,False
1396,mrl_512_sq8_np512,main,0.8,True,True,False,False,True,True,True,False,True
1418,mrl_512_sq8_np512,main,0.9,True,True,False,False,True,True,True,False,True
1419,mrl_512_sq8_np512,main,0.8,True,True,True,True,False,True,True,False,True
1423,mrl_512_sq8_np512,main,0.8,True,True,False,False,True,True,True,False,True
1427,mrl_512_sq8_np512,main,0.8,True,True,False,False,True,True,True,False,True
1433,mrl_512_sq8_np512,main,0.9,True,True,True,True,False,True,True,False,True
1437,mrl_512_sq8_np512,main,0.6,True,True,True,True,False,True,True,False,True
1438,mrl_512_sq8_np512,main,0.9,True,False,False,False,True,True,False,False,False
1458,mrl_512_sq8_np512,sanity,0.9,False,False,True,True,False,False,False,False,False
1463,mrl_512_sq8_np512,main,0.7,True,True,False,False,True,True,True,False,True
1466,mrl_512_sq8_np512,main,0.9,True,True,False,False,True,True,True,False,True
1470,mrl_512_sq8_np512,sanity,0.8,False,False,True,True,False,False,False,False,False
1471,mrl_512_sq8_np512,main,0.7,True,False,True,True,False,True,False,True,False
1480,mrl_512_sq8_np512,main,0.5,True,True,False,False,False,True,True,False,True
1484,mrl_512_sq8_np512,main,0.6,True,False,True,True,False,True,False,False,False
1487,mrl_512_sq8_np512,main,0.7,True,True,False,False,True,True,True,False,True
1490,mrl_512_sq8_np512,main,0.9,False,False,True,True,False,False,False,False,False
1496,mrl_512_sq8_np512,main,0.6,True,True,True,True,False,True,True,False,True
1501,mrl_512_sq8_np512,main,1.0,True,True,False,False,False,True,True,False,True
1507,mrl_512_sq8_np512,main,0.8,True,True,False,False,True,True,True,False,True
1508,mrl_512_sq8_np512,sanity,1.0,True,True,False,False,True,True,True,False,False
1520,mrl_512_sq8_np512,main,0.9,True,True,False,False,True,True,True,False,True
1527,mrl_512_sq8_np512,main,0.9,True,True,False,False,True,True,True,False,True
1538,mrl_512_sq8_np512,main,0.9,False,False,False,False,False,False,False,False,False
1542,mrl_512_sq8_np512,main,0.7,True,False,False,False,True,True,False,False,False
1558,mrl_512_sq8_np512,main,0.8,False,False,True,True,False,False,False,False,False
1574,mrl_512_sq8_np512,main,0.9,True,False,False,False,True,True,False,False,False
1583,mrl_512_sq8_np512,main,0.6,True,True,True,True,False,True,True,False,True
1589,mrl_512_sq8_np512,main,0.7,True,True,False,False,True,True,True,False,True
1594,mrl_512_sq8_np512,main,0.7,True,True,True,True,False,True,True,False,True
1596,mrl_512_sq8_np512,sanity,0.9,False,False,True,True,False,False,False,False,False
1603,mrl_512_sq8_np512,sanity,0.8,False,False,True,True,False,False,False,False,False
1611,mrl_512_sq8_np512,main,0.9,True,True,False,False,True,True,True,False,True
1613,mrl_512_sq8_np512,main,0.6,False,False,True,True,False,False,False,False,False
1617,mrl_512_sq8_np512,main,0.4,False,False,True,True,False,False,False,False,False
1625,mrl_512_sq8_np512,main,0.6,True,False,True,True,False,True,False,True,False
1626,mrl_512_sq8_np512,main,0.9,True,True,False,False,True,True,True,False,True
1627,mrl_512_sq8_np512,main,0.5,False,False,True,True,False,False,False,False,False
1630,mrl_512_sq8_np512,main,0.9,True,True,False,False,True,True,True,False,True
1641,mrl_512_sq8_np512,main,0.7,True,True,False,False,True,True,True,False,True
1642,mrl_512_sq8_np512,sanity,0.9,False,False,False,False,False,False,False,False,False
1645,mrl_512_sq8_np512,sanity,0.8,True,True,False,False,True,True,True,False,False
1654,mrl_512_sq8_np512,main,0.7,False,False,True,True,False,False,False,False,False
1656,mrl_512_sq8_np512,main,0.8,True,True,False,False,True,True,True,False,True
1660,mrl_512_sq8_np512,main,0.7,True,True,True,True,False,True,True,False,True
1661,mrl_512_sq8_np512,main,0.8,False,False,True,True,False,False,False,False,False
1670,mrl_512_sq8_np512,main,0.8,False,False,True,True,False,False,False,False,False
1671,mrl_512_sq8_np512,sanity,0.7,True,True,False,False,True,True,True,False,False
1690,mrl_512_sq8_np512,main,0.6,True,True,False,False,True,True,True,False,True
1699,mrl_512_sq8_np512,main,0.8,False,False,False,False,False,False,False,False,False
1715,mrl_512_sq8_np512,sanity,0.8,False,False,True,True,False,False,False,False,False
1767,mrl_512_sq8_np512,main,0.6,False,False,True,True,False,False,False,False,False
1770,mrl_512_sq8_np512,main,0.8,True,True,True,True,False,True,True,False,True
1777,mrl_512_sq8_np512,main,0.8,True,True,False,False,True,True,True,False,True
1785,mrl_512_sq8_np512,main,0.7,True,True,True,True,False,True,True,False,True
1797,mrl_512_sq8_np512,main,0.9,True,True,False,False,True,True,True,False,True
1799,mrl_512_sq8_np512,main,0.7,True,True,False,False,True,True,True,False,True
1800,mrl_512_sq8_np512,main,0.5,False,False,True,True,False,True,True,False,True
1804,mrl_512_sq8_np512,main,0.5,True,True,False,False,True,True,True,False,True
1810,mrl_512_sq8_np512,main,0.9,True,True,True,True,False,True,True,False,True
1811,mrl_512_sq8_np512,main,0.9,True,True,False,False,True,True,True,False,True
1816,mrl_512_sq8_np512,main,0.7,False,False,True,True,False,False,False,False,False
1831,mrl_512_sq8_np512,sanity,0.9,False,False,False,False,False,False,False,False,False
1832,mrl_512_sq8_np512,main,0.8,True,True,False,False,True,True,True,False,True
1837,mrl_512_sq8_np512,main,0.6,True,True,False,False,True,True,True,False,True
1842,mrl_512_sq8_np512,main,0.9,False,False,False,False,False,False,False,False,False
1859,mrl_512_sq8_np512,main,0.8,True,True,False,False,True,True,True,False,True
1864,mrl_512_sq8_np512,main,0.8,False,False,False,False,True,False,False,False,False
1874,mrl_512_sq8_np512,main,0.8,True,True,True,True,False,True,True,False,True
1875,mrl_512_sq8_np512,main,0.9,True,True,False,False,True,True,True,False,True
1906,mrl_512_sq8_np512,main,0.8,True,True,False,False,True,True,True,False,True
1908,mrl_512_sq8_np512,main,0.6,True,True,True,True,False,False,False,False,False
1916,mrl_512_sq8_np512,main,0.8,True,True,False,False,False,True,True,False,True
1928,mrl_512_sq8_np512,sanity,1.0,True,True,False,False,True,True,True,False,False
1932,mrl_512_sq8_np512,main,0.5,False,False,True,True,False,False,False,False,False
1933,mrl_512_sq8_np512,main,0.7,True,True,False,False,True,False,False,False,False
1934,mrl_512_sq8_np512,main,0.6,True,True,False,False,True,True,True,False,True
1940,mrl_512_sq8_np512,main,0.7,True,True,True,True,False,True,True,False,True
1942,mrl_512_sq8_np512,sanity,0.8,True,True,False,False,True,True,True,False,False
1952,mrl_512_sq8_np512,main,0.9,True,True,False,False,False,True,True,False,True
1955,mrl_512_sq8_np512,main,0.7,True,True,True,True,False,True,True,False,True
1960,mrl_512_sq8_np512,main,0.9,True,True,True,True,False,True,True,False,True
1964,mrl_512_sq8_np512,main,0.8,False,False,True,True,False,False,False,True,False
1967,mrl_512_sq8_np512,main,0.9,True,True,False,False,True,True,True,False,True
1969,mrl_512_sq8_np512,main,0.8,True,False,False,False,True,True,False,True,False
1980,mrl_512_sq8_np512,main,0.9,True,False,True,True,False,True,False,True,False
1986,mrl_512_sq8_np512,main,0.6,True,True,False,False,True,True,True,False,True
1999,mrl_512_sq8_np512,main,0.5,True,True,False,False,False,False,False,False,False
2003,mrl_512_sq8_np512,main,0.7,True,True,False,False,False,True,True,False,True
2021,mrl_512_sq8_np512,main,0.4,True,True,True,True,False,True,True,False,True
2048,mrl_512_sq8_np512,sanity,0.7,False,False,True,True,False,False,False,False,False
2051,mrl_512_sq8_np512,main,0.8,True,True,False,True,True,True,True,False,True
2064,mrl_512_sq8_np512,main,0.8,True,True,False,False,True,True,True,False,True
2070,mrl_512_sq8_np512,main,0.7,True,True,False,False,False,True,True,False,True
2073,mrl_512_sq8_np512,sanity,0.8,True,True,False,False,True,True,True,False,False
2078,mrl_512_sq8_np512,main,0.9,True,True,False,False,True,True,True,False,True
2083,mrl_512_sq8_np512,main,1.0,False,False,False,False,True,False,False,False,False
2088,mrl_512_sq8_np512,main,0.5,True,True,False,False,True,True,True,False,True
2092,mrl_512_sq8_np512,main,0.9,False,False,False,False,True,False,False,False,False
2096,mrl_512_sq8_np512,main,0.6,False,False,True,True,False,False,False,False,False
2099,mrl_512_sq8_np512,main,0.7,True,True,True,True,False,True,True,False,True
2108,mrl_512_sq8_np512,main,0.9,False,False,False,False,False,False,False,False,False
2109,mrl_512_sq8_np512,main,0.9,True,True,False,False,True,True,True,False,True
2115,mrl_512_sq8_np512,main,0.8,False,False,True,True,False,False,False,False,False
2117,mrl_512_sq8_np512,sanity,0.9,False,False,False,False,False,False,False,False,False
2126,mrl_512_sq8_np512,main,0.9,True,True,False,False,True,True,True,False,True
2128,mrl_512_sq8_np512,main,0.8,False,False,True,True,False,False,False,False,False
2133,mrl_512_sq8_np512,main,0.8,False,False,False,False,False,False,False,False,False
2134,mrl_512_sq8_np512,main,0.9,True,True,False,False,True,True,True,False,True
2135,mrl_512_sq8_np512,main,0.8,True,False,False,False,False,True,False,False,False
2144,mrl_512_sq8_np512,main,0.6,True,True,True,True,False,True,True,False,True
2145,mrl_512_sq8_np512,main,0.8,False,False,False,False,False,False,False,False,False
2146,mrl_512_sq8_np512,main,0.7,True,True,False,False,True,True,True,False,True
2167,mrl_512_sq8_np512,main,0.9,True,False,False,False,False,True,False,False,False
2170,mrl_512_sq8_np512,main,1.0,True,False,False,False,False,True,False,False,False
2172,mrl_512_sq8_np512,main,0.6,True,True,False,False,True,True,True,False,True
2184,mrl_512_sq8_np512,main,0.9,True,True,True,True,False,True,True,False,True
2196,mrl_512_sq8_np512,sanity,0.8,True,True,False,False,True,True,True,False,False
2211,mrl_512_sq8_np512,main,0.7,True,True,False,False,False,True,True,False,True
2213,mrl_512_sq8_np512,main,0.8,False,False,True,True,False,False,False,False,False
2218,mrl_512_sq8_np512,main,0.6,True,True,True,True,False,True,True,False,True
2223,mrl_512_sq8_np512,main,0.8,False,False,True,True,False,False,False,False,False
2226,mrl_512_sq8_np512,main,0.7,False,False,True,True,False,False,False,False,False
2235,mrl_512_sq8_np512,main,0.9,True,True,False,False,True,True,True,False,True
2263,mrl_512_sq8_np512,main,0.6,True,True,False,False,True,True,True,False,True
2275,mrl_512_sq8_np512,main,0.8,False,False,False,False,False,False,False,False,False
2277,mrl_512_sq8_np512,main,0.8,True,True,False,False,False,True,True,False,True
2280,mrl_512_sq8_np512,sanity,0.9,False,False,True,True,False,False,False,False,False
2284,mrl_512_sq8_np512,main,0.9,True,False,True,True,False,True,False,True,False
2286,mrl_512_sq8_np512,main,0.9,True,True,False,False,True,True,True,False,True
2295,mrl_512_sq8_np512,main,0.8,True,True,False,False,False,True,True,False,True
2297,mrl_512_sq8_np512,main,0.6,True,False,False,False,True,True,False,False,False
2306,mrl_512_sq8_np512,main,0.6,True,True,False,False,True,True,True,False,True
2310,mrl_512_sq8_np512,main,0.9,True,True,False,False,False,True,True,False,True
2318,mrl_512_sq8_np512,main,0.3,True,True,True,True,False,True,True,False,True
2325,mrl_512_sq8_np512,main,0.6,True,True,False,False,True,True,True,False,True
2329,mrl_512_sq8_np512,main,0.8,True,True,True,True,False,True,True,False,True
2332,mrl_512_sq8_np512,main,0.7,False,False,False,False,True,True,True,False,True
2337,mrl_512_sq8_np512,main,0.7,True,True,True,True,False,True,True,False,True
2340,mrl_512_sq8_np512,main,0.7,False,False,True,True,False,False,False,False,False
2341,mrl_512_sq8_np512,sanity,0.7,False,False,True,True,False,False,False,False,False
2349,mrl_512_sq8_np512,main,1.0,True,False,False,False,True,True,False,False,False
2366,mrl_512_sq8_np512,main,0.7,True,True,False,False,True,True,True,False,True
2373,mrl_512_sq8_np512,main,0.9,True,True,False,False,True,True,True,False,True
2379,mrl_512_sq8_np512,main,0.9,True,True,True,True,False,True,True,False,True
2391,mrl_512_sq8_np512,main,0.4,True,True,True,True,False,True,True,False,True
2393,mrl_512_sq8_np512,main,0.6,True,True,True,True,False,True,True,False,True
2398,mrl_512_sq8_np512,main,1.0,True,True,False,False,True,True,True,False,True
2401,mrl_512_sq8_np512,main,0.7,True,True,True,True,False,True,True,False,True
2404,mrl_512_sq8_np512,main,0.8,False,False,True,True,False,False,False,False,False
2425,mrl_512_sq8_np512,main,0.8,True,True,False,False,True,True,True,False,True
2430,mrl_512_sq8_np512,main,1.0,True,True,True,True,False,True,True,False,True
2458,mrl_512_sq8_np512,main,0.8,True,True,True,True,False,True,True,False,True
2468,mrl_512_sq8_np512,main,0.7,True,True,False,False,True,True,True,False,True
2469,mrl_512_sq8_np512,main,0.8,True,True,False,False,True,True,True,False,True
2479,mrl_512_sq8_np512,main,0.7,True,False,False,False,True,True,False,False,False
2492,mrl_512_sq8_np512,sanity,0.7,True,True,False,False,True,True,True,False,False
2495,mrl_512_sq8_np512,main,0.6,False,False,False,False,True,True,True,False,True
2501,mrl_512_sq8_np512,main,0.8,True,True,False,False,True,True,True,False,True
2502,mrl_512_sq8_np512,main,0.8,True,True,False,False,True,True,True,False,True
2504,mrl_512_sq8_np512,main,0.8,True,True,False,False,False,True,True,False,True
2510,mrl_512_sq8_np512,main,0.6,True,False,True,True,False,True,False,True,False
2514,mrl_512_sq8_np512,main,0.9,True,True,False,False,False,True,True,False,True
2516,mrl_512_sq8_np512,main,0.6,False,False,True,True,False,False,False,False,False
2518,mrl_512_sq8_np512,main,0.8,True,True,False,False,True,True,True,False,True
2522,mrl_512_sq8_np512,sanity,0.9,False,False,False,False,False,False,False,False,False
2525,mrl_512_sq8_np512,main,0.9,True,True,True,True,False,True,True,False,True
2528,mrl_512_sq8_np512,main,0.7,True,False,False,False,True,True,False,False,False
2531,mrl_512_sq8_np512,main,0.8,True,True,False,False,False,True,True,False,True
2533,mrl_512_sq8_np512,main,0.5,True,True,True,True,False,True,True,False,True
2538,mrl_512_sq8_np512,sanity,0.9,True,True,False,False,True,True,True,False,False
2542,mrl_512_sq8_np512,main,0.8,True,True,True,True,False,True,True,False,True
2557,mrl_512_sq8_np512,main,0.8,False,False,True,True,False,False,False,False,False
2562,mrl_512_sq8_np512,main,0.5,False,False,True,True,False,False,False,False,False
2571,mrl_512_sq8_np512,main,1.0,True,True,False,False,False,True,True,False,True
2576,mrl_512_sq8_np512,main,0.9,True,True,True,True,False,True,True,False,True
2587,mrl_512_sq8_np512,main,0.7,True,True,True,True,False,True,True,False,True
2589,mrl_512_sq8_np512,main,0.9,True,True,False,False,True,True,True,False,True
2594,mrl_512_sq8_np512,main,0.8,True,True,True,True,False,True,True,False,True
2595,mrl_512_sq8_np512,main,0.5,True,True,True,True,False,False,False,False,False
2606,mrl_512_sq8_np512,main,0.6,True,True,False,False,True,True,True,False,True
2609,mrl_512_sq8_np512,main,0.8,False,False,False,False,True,False,False,False,False
2611,mrl_512_sq8_np512,main,0.8,True,True,False,False,False,True,True,False,True
2617,mrl_512_sq8_np512,main,0.6,True,False,True,True,False,True,False,False,False
2620,mrl_512_sq8_np512,main,0.4,True,True,False,False,True,True,True,False,True
2621,mrl_512_sq8_np512,main,0.7,False,False,True,True,False,True,True,False,True
2632,mrl_512_sq8_np512,main,0.7,True,True,False,False,True,True,True,False,True
2633,mrl_512_sq8_np512,main,0.6,True,True,False,False,True,True,True,False,True
2636,mrl_512_sq8_np512,main,0.8,True,True,True,True,False,True,True,False,True
2649,mrl_512_sq8_np512,main,0.9,True,True,True,True,False,True,True,False,True
2654,mrl_512_sq8_np512,main,0.8,True,True,False,False,True,True,True,False,True
2665,mrl_512_sq8_np512,main,0.7,True,True,True,True,False,True,True,False,True
2687,mrl_512_sq8_np512,main,0.6,True,True,True,True,False,True,True,False,True
2694,mrl_512_sq8_np512,main,0.7,True,True,False,False,True,True,True,False,True
2695,mrl_512_sq8_np512,main,0.7,True,True,True,True,False,True,True,False,True
2713,mrl_512_sq8_np512,main,0.8,True,True,False,False,True,True,True,False,True
2720,mrl_512_sq8_np512,main,0.9,True,True,True,True,False,True,True,False,True
2726,mrl_512_sq8_np512,main,0.6,True,True,False,False,True,True,True,False,True
2728,mrl_512_sq8_np512,main,0.9,True,True,False,False,True,True,True,False,True
2730,mrl_512_sq8_np512,main,0.7,True,True,False,False,True,True,True,False,True
2745,mrl_512_sq8_np512,main,0.7,False,False,True,True,False,False,False,False,False
2761,mrl_512_sq8_np512,sanity,0.9,False,False,True,True,False,False,False,False,False
2778,mrl_512_sq8_np512,main,1.0,True,True,False,False,True,True,True,False,True
2781,mrl_512_sq8_np512,main,0.7,True,True,False,False,True,True,True,False,True
2788,mrl_512_sq8_np512,main,0.8,True,True,False,False,False,True,True,False,True
2789,mrl_512_sq8_np512,main,0.7,True,True,False,False,True,True,True,False,True
2802,mrl_512_sq8_np512,main,0.8,True,True,False,False,True,True,True,False,True
2815,mrl_512_sq8_np512,sanity,0.9,True,True,False,False,True,True,True,False,False
2824,mrl_512_sq8_np512,main,0.8,True,True,True,True,False,False,False,False,False
2825,mrl_512_sq8_np512,main,0.4,False,False,True,True,False,False,False,False,False
2851,mrl_512_sq8_np512,main,0.5,False,False,False,False,False,True,True,False,True
2866,mrl_512_sq8_np512,main,0.8,True,True,True,True,False,True,True,False,True
2873,mrl_512_sq8_np512,main,0.7,True,True,False,False,False,True,True,False,True
2896,mrl_512_sq8_np512,main,0.8,True,True,False,False,True,True,True,False,True
2899,mrl_512_sq8_np512,main,0.9,True,True,False,False,True,True,True,False,True
2914,mrl_512_sq8_np512,main,0.9,True,True,True,True,False,True,True,False,True
2921,mrl_512_sq8_np512,main,0.8,False,False,False,False,False,True,True,False,True
2933,mrl_512_sq8_np512,main,0.9,True,True,False,False,True,True,True,False,True
2943,mrl_512_sq8_np512,main,0.9,True,False,True,True,False,True,False,False,False
2948,mrl_512_sq8_np512,main,0.7,False,False,False,False,False,True,True,False,True
2952,mrl_512_sq8_np512,main,0.9,True,True,False,False,True,True,True,False,True
2955,mrl_512_sq8_np512,main,0.8,True,True,False,False,True,True,True,False,True
2961,mrl_512_sq8_np512,main,0.8,True,False,False,False,True,True,False,False,False
3027,mrl_512_sq8_np512,main,0.8,True,True,False,False,True,True,True,False,True
3044,mrl_512_sq8_np512,main,0.8,True,True,False,False,True,True,True,False,True
3076,mrl_512_sq8_np512,main,1.0,True,True,False,False,True,True,True,False,True
3081,mrl_512_sq8_np512,main,0.7,True,True,False,False,False,True,True,False,True
3088,mrl_512_sq8_np512,main,0.9,False,False,True,True,False,False,False,False,False
3092,mrl_512_sq8_np512,main,0.9,True,True,False,False,True,True,True,False,True
3093,mrl_512_sq8_np512,main,1.0,True,True,False,False,True,True,True,False,True
3095,mrl_512_sq8_np512,main,0.8,False,False,True,True,False,True,True,False,True
3097,mrl_512_sq8_np512,main,0.5,True,True,True,True,False,True,True,False,True
3110,mrl_512_sq8_np512,main,0.5,True,True,False,False,True,True,True,False,True
3118,mrl_512_sq8_np512,main,0.6,True,True,True,True,False,True,True,False,True
3119,mrl_512_sq8_np512,main,0.7,False,False,True,True,False,True,True,False,True
3122,mrl_512_sq8_np512,sanity,0.9,True,True,False,False,True,True,True,False,False
3129,mrl_512_sq8_np512,main,0.7,True,True,False,False,True,True,True,False,True
3130,mrl_512_sq8_np512,main,0.7,False,False,False,False,True,False,False,False,False
3135,mrl_512_sq8_np512,main,0.4,True,True,False,False,False,True,True,False,True
3137,mrl_512_sq8_np512,main,0.7,True,True,True,True,False,True,True,False,True
3147,mrl_512_sq8_np512,sanity,0.7,True,False,True,True,False,True,False,False,False
3153,mrl_512_sq8_np512,main,0.8,True,True,True,True,False,True,True,False,True
3155,mrl_512_sq8_np512,main,0.5,False,False,True,True,False,True,True,False,True
3160,mrl_512_sq8_np512,main,0.9,True,True,True,True,False,True,True,False,True
3161,mrl_512_sq8_np512,main,0.8,True,True,False,False,True,True,True,False,True
3183,mrl_512_sq8_np512,main,0.7,True,True,False,False,True,True,True,False,True
3184,mrl_512_sq8_np512,main,0.8,True,True,False,False,True,True,True,False,True
3191,mrl_512_sq8_np512,main,0.9,True,True,True,True,False,True,True,False,True
3204,mrl_512_sq8_np512,main,0.8,True,True,False,False,True,True,True,False,True
3211,mrl_512_sq8_np512,main,0.8,True,True,False,False,False,True,True,False,True
3224,mrl_512_sq8_np512,main,1.0,True,True,False,False,False,True,True,False,True
3239,mrl_512_sq8_np512,main,0.7,False,False,True,True,False,True,True,False,True
3258,mrl_512_sq8_np512,main,0.9,True,True,True,True,False,True,True,False,True
3260,mrl_512_sq8_np512,main,0.7,True,True,False,False,True,True,True,False,True
3271,mrl_512_sq8_np512,main,0.8,True,True,False,False,True,True,True,False,True
3276,mrl_512_sq8_np512,main,0.8,True,True,False,False,True,True,True,False,True
3282,mrl_512_sq8_np512,main,0.7,True,True,False,False,True,True,True,False,True
3290,mrl_512_sq8_np512,sanity,0.8,False,False,True,True,False,False,False,False,False
3292,mrl_512_sq8_np512,main,0.9,True,True,False,False,True,True,True,False,True
3301,mrl_512_sq8_np512,main,0.9,True,True,False,False,True,True,True,False,True
3310,mrl_512_sq8_np512,main,0.8,True,True,True,True,False,True,True,False,True
3312,mrl_512_sq8_np512,main,0.9,False,False,True,True,False,False,False,False,False
3317,mrl_512_sq8_np512,main,0.9,True,True,True,True,False,True,True,False,True
3320,mrl_512_sq8_np512,main,0.5,True,True,True,True,False,True,True,False,True
3323,mrl_512_sq8_np512,main,0.6,True,True,False,False,True,True,True,False,True
3325,mrl_512_sq8_np512,main,0.5,False,False,True,True,False,False,False,False,False
3345,mrl_512_sq8_np512,main,0.9,True,True,True,True,False,True,True,False,True
3348,mrl_512_sq8_np512,main,0.8,True,True,False,False,True,True,True,False,True
3362,mrl_512_sq8_np512,main,0.9,True,True,False,False,True,True,True,False,True
3363,mrl_512_sq8_np512,main,0.5,True,True,False,False,True,False,False,False,False
3368,mrl_512_sq8_np512,main,0.6,True,True,True,True,False,True,True,False,True
3382,mrl_512_sq8_np512,sanity,0.7,True,True,False,False,False,True,True,False,False
3386,mrl_512_sq8_np512,main,0.8,True,True,True,True,False,True,True,False,True
3390,mrl_512_sq8_np512,sanity,0.7,True,True,False,False,True,True,True,False,False
3417,mrl_512_sq8_np512,main,0.9,True,True,True,True,False,True,True,False,True
3419,mrl_512_sq8_np512,main,1.0,True,True,False,False,True,True,True,False,True
3420,mrl_512_sq8_np512,sanity,0.7,True,True,False,False,False,True,True,False,False
3424,mrl_512_sq8_np512,main,0.5,True,True,False,False,True,True,True,False,True
3434,mrl_512_sq8_np512,main,0.8,False,False,False,False,False,True,True,False,True
3438,mrl_512_sq8_np512,main,0.8,True,True,False,False,True,True,True,False,True
3441,mrl_512_sq8_np512,main,0.8,True,True,False,False,True,True,True,False,True
3446,mrl_512_sq8_np512,main,0.5,True,True,True,True,False,True,True,False,True
3453,mrl_512_sq8_np512,main,0.6,False,False,False,False,False,False,False,False,False
3457,mrl_512_sq8_np512,main,0.6,False,False,True,True,False,False,False,False,False
3467,mrl_512_sq8_np512,main,0.8,False,False,True,True,False,False,False,False,False
3478,mrl_512_sq8_np512,main,0.9,True,False,False,False,True,True,False,False,False
3480,mrl_512_sq8_np512,main,0.9,True,True,True,True,False,True,True,False,True
3485,mrl_512_sq8_np512,main,0.8,True,True,True,True,False,False,False,False,False
3497,mrl_512_sq8_np512,main,0.9,False,False,False,False,True,True,False,False,False
3499,mrl_512_sq8_np512,sanity,0.9,True,True,False,False,True,True,True,False,False
3503,mrl_512_sq8_np512,main,0.8,True,True,False,False,True,True,True,False,True
3510,mrl_512_sq8_np512,main,0.8,True,True,True,True,False,True,True,False,True
3513,mrl_512_sq8_np512,sanity,0.8,False,False,False,False,False,False,False,False,False
3520,mrl_512_sq8_np512,main,0.8,False,False,True,True,False,True,False,False,False
3552,mrl_512_sq8_np512,main,0.8,True,False,False,False,False,True,False,True,False
3554,mrl_512_sq8_np512,main,0.9,True,True,False,False,True,True,True,False,True
3558,mrl_512_sq8_np512,main,0.8,True,True,False,False,True,True,True,False,True
3568,mrl_512_sq8_np512,main,0.5,True,True,False,False,True,True,True,False,True
3570,mrl_512_sq8_np512,main,0.6,False,False,True,True,False,True,True,False,True
3579,mrl_512_sq8_np512,main,0.7,True,False,True,True,False,True,False,False,False
3583,mrl_512_sq8_np512,sanity,0.6,False,False,True,True,False,False,False,False,False
3591,mrl_512_sq8_np512,main,0.7,True,True,True,True,False,True,True,False,True
3595,mrl_512_sq8_np512,main,0.6,True,True,False,False,False,True,True,False,True
3606,mrl_512_sq8_np512,main,0.9,True,True,True,True,False,True,True,False,True
3609,mrl_512_sq8_np512,main,0.7,True,True,False,True,True,True,True,False,True
13,parametric,sanity,,,,True,True,False,True,True,False,False
14,parametric,main,,,,True,True,False,True,True,False,True
19,parametric,main,,,,True,True,False,True,False,True,False
30,parametric,main,,,,True,True,False,True,True,False,True
45,parametric,main,,,,False,False,True,True,True,False,True
60,parametric,main,,,,False,False,True,True,True,False,True
66,parametric,main,,,,True,True,False,True,True,False,True
71,parametric,main,,,,True,True,False,True,True,False,True
82,parametric,main,,,,True,True,False,True,False,False,False
92,parametric,main,,,,True,True,False,True,True,False,True
105,parametric,main,,,,True,True,False,True,True,False,True
108,parametric,main,,,,True,True,False,True,True,False,True
115,parametric,main,,,,False,False,True,True,True,False,True
125,parametric,main,,,,True,True,False,True,False,False,False
129,parametric,main,,,,True,True,False,False,False,False,False
132,parametric,main,,,,True,True,False,True,False,True,False
146,parametric,sanity,,,,True,True,False,True,True,False,False
151,parametric,main,,,,True,True,False,False,False,False,False
153,parametric,main,,,,False,False,True,False,False,False,False
180,parametric,main,,,,True,True,False,False,False,False,False
188,parametric,main,,,,True,True,False,True,True,False,True
206,parametric,main,,,,True,True,False,True,True,False,True
217,parametric,main,,,,False,False,False,True,True,False,True
233,parametric,main,,,,True,True,False,False,False,False,False
235,parametric,main,,,,True,True,False,False,False,False,False
249,parametric,main,,,,True,True,False,True,True,False,True
261,parametric,main,,,,True,True,False,True,True,False,True
264,parametric,main,,,,False,False,True,True,True,False,True
268,parametric,main,,,,True,True,False,True,True,False,True
279,parametric,main,,,,True,True,False,True,True,False,True
286,parametric,main,,,,False,False,True,True,True,False,True
287,parametric,main,,,,True,True,False,True,True,False,True
290,parametric,main,,,,True,True,False,True,False,True,False
291,parametric,main,,,,True,True,False,True,False,False,False
295,parametric,main,,,,False,False,True,True,False,False,False
296,parametric,main,,,,False,False,True,True,True,False,True
307,parametric,main,,,,True,True,False,True,True,False,True
318,parametric,main,,,,True,True,False,True,True,False,True
319,parametric,main,,,,True,True,False,True,False,False,False
323,parametric,sanity,,,,True,True,False,False,False,False,False
337,parametric,main,,,,True,True,False,True,True,False,True
350,parametric,main,,,,False,False,True,True,True,False,True
352,parametric,main,,,,True,True,False,True,True,False,True
371,parametric,main,,,,False,False,True,True,True,False,True
382,parametric,main,,,,True,True,False,False,False,False,False
399,parametric,main,,,,True,True,False,True,True,False,True
400,parametric,main,,,,True,True,False,True,True,False,True
416,parametric,main,,,,True,True,False,True,True,False,True
419,parametric,main,,,,False,False,True,True,True,False,True
421,parametric,main,,,,True,True,False,True,True,False,True
422,parametric,main,,,,True,True,False,True,True,False,True
424,parametric,sanity,,,,True,True,False,True,True,False,False
433,parametric,main,,,,True,True,False,True,True,False,True
442,parametric,main,,,,False,False,True,True,False,False,False
444,parametric,main,,,,False,False,True,True,True,False,True
447,parametric,main,,,,True,True,False,False,False,False,False
450,parametric,main,,,,False,False,True,True,True,False,True
453,parametric,main,,,,True,True,False,True,True,False,True
462,parametric,sanity,,,,True,True,False,False,False,False,False
476,parametric,main,,,,True,True,False,True,False,False,False
478,parametric,sanity,,,,True,True,False,True,True,False,False
482,parametric,main,,,,True,True,False,True,True,False,True
484,parametric,main,,,,True,True,False,True,True,False,True
486,parametric,main,,,,True,True,False,True,True,False,True
488,parametric,main,,,,True,True,False,False,False,False,False
491,parametric,main,,,,True,True,False,True,False,False,False
496,parametric,main,,,,True,True,False,True,True,False,True
501,parametric,main,,,,True,True,False,True,True,False,True
508,parametric,main,,,,True,True,False,True,True,False,True
513,parametric,main,,,,True,True,False,True,True,False,True
518,parametric,main,,,,True,True,False,True,True,False,True
519,parametric,sanity,,,,True,True,False,True,True,False,False
523,parametric,main,,,,True,True,False,True,True,False,True
524,parametric,main,,,,True,True,False,True,True,False,True
531,parametric,main,,,,True,True,False,False,False,False,False
535,parametric,sanity,,,,False,False,True,True,True,False,False
537,parametric,main,,,,True,True,False,True,True,False,True
551,parametric,main,,,,True,True,False,True,False,True,False
552,parametric,main,,,,True,True,False,True,True,False,True
553,parametric,main,,,,True,True,False,True,True,False,True
559,parametric,main,,,,False,False,True,True,True,False,True
565,parametric,main,,,,False,False,True,True,True,False,True
571,parametric,sanity,,,,True,True,False,True,True,False,False
590,parametric,main,,,,True,True,False,True,True,False,True
591,parametric,main,,,,True,True,False,False,False,False,False
604,parametric,main,,,,True,True,False,False,False,False,False
606,parametric,main,,,,False,False,True,True,True,False,True
614,parametric,main,,,,True,True,False,True,True,False,True
617,parametric,main,,,,False,False,True,True,True,False,True
619,parametric,sanity,,,,True,True,False,False,False,False,False
621,parametric,main,,,,True,True,False,True,True,False,True
637,parametric,main,,,,True,True,False,True,True,False,True
642,parametric,main,,,,False,False,True,True,True,False,True
644,parametric,main,,,,True,True,False,True,True,False,True
652,parametric,main,,,,True,True,False,False,False,False,False
658,parametric,sanity,,,,True,True,False,False,False,False,False
684,parametric,main,,,,True,True,False,False,False,False,False
697,parametric,main,,,,True,True,False,True,True,False,True
701,parametric,main,,,,False,False,True,True,True,False,True
705,parametric,main,,,,True,True,False,True,True,False,True
715,parametric,main,,,,True,True,False,False,False,False,False
726,parametric,main,,,,False,False,True,False,False,False,False
753,parametric,main,,,,True,True,False,True,True,False,True
754,parametric,main,,,,True,True,False,True,True,False,True
775,parametric,sanity,,,,True,True,False,False,False,False,False
782,parametric,main,,,,False,False,True,False,False,False,False
784,parametric,main,,,,True,True,False,True,True,False,True
787,parametric,main,,,,True,True,False,True,True,False,True
802,parametric,main,,,,True,True,False,True,True,False,True
823,parametric,main,,,,True,True,False,True,True,False,True
826,parametric,main,,,,False,False,True,True,True,False,True
841,parametric,main,,,,True,True,False,False,False,False,False
845,parametric,main,,,,True,True,False,True,True,False,True
855,parametric,main,,,,True,True,False,False,False,False,False
861,parametric,main,,,,True,True,False,True,True,False,True
868,parametric,main,,,,True,True,False,True,True,False,True
873,parametric,main,,,,True,True,False,False,False,False,False
883,parametric,sanity,,,,True,True,False,False,False,False,False
884,parametric,main,,,,False,False,True,True,True,False,True
891,parametric,main,,,,True,True,False,True,True,False,True
896,parametric,main,,,,False,False,True,True,True,False,True
901,parametric,main,,,,True,True,False,True,True,False,True
905,parametric,sanity,,,,False,False,True,True,True,False,False
907,parametric,main,,,,True,True,False,True,True,False,True
919,parametric,sanity,,,,True,True,False,True,True,False,False
931,parametric,main,,,,True,True,False,True,True,False,True
937,parametric,main,,,,True,True,False,True,True,False,True
944,parametric,main,,,,True,True,False,False,False,False,False
966,parametric,main,,,,True,True,False,False,False,False,False
967,parametric,main,,,,False,False,True,True,True,False,True
970,parametric,main,,,,False,False,True,True,True,False,True
972,parametric,main,,,,True,True,False,True,True,False,True
978,parametric,main,,,,True,True,False,False,False,False,False
987,parametric,main,,,,True,True,False,False,False,False,False
990,parametric,main,,,,False,False,True,True,True,False,True
992,parametric,main,,,,True,True,False,True,True,False,True
1000,parametric,main,,,,True,True,False,True,True,False,True
1001,parametric,main,,,,False,False,False,True,True,False,True
1003,parametric,main,,,,True,True,False,True,False,False,False
1005,parametric,main,,,,True,True,False,True,False,False,False
1016,parametric,main,,,,True,True,False,True,True,False,True
1020,parametric,main,,,,False,False,True,True,True,False,True
1026,parametric,main,,,,True,True,False,True,True,False,True
1028,parametric,main,,,,True,True,False,True,False,False,False
1032,parametric,main,,,,True,True,False,True,True,False,True
1048,parametric,main,,,,True,True,False,True,True,False,True
1056,parametric,main,,,,True,True,False,True,True,False,True
1063,parametric,main,,,,False,False,True,True,True,False,True
1065,parametric,main,,,,True,True,False,True,False,False,False
1066,parametric,main,,,,False,False,True,True,True,False,True
1071,parametric,main,,,,True,True,False,True,True,False,True
1081,parametric,sanity,,,,False,False,True,True,True,False,False
1085,parametric,main,,,,True,True,False,True,True,False,True
1088,parametric,main,,,,True,True,False,True,True,False,True
1089,parametric,main,,,,True,True,False,True,True,False,True
1093,parametric,main,,,,True,True,False,False,False,False,False
1094,parametric,main,,,,True,True,False,True,False,True,False
1103,parametric,main,,,,False,False,True,True,True,False,True
1106,parametric,main,,,,False,False,False,True,True,False,True
1108,parametric,main,,,,True,True,False,True,False,False,False
1113,parametric,main,,,,True,True,False,True,True,False,True
1114,parametric,main,,,,True,True,False,True,True,False,True
1118,parametric,main,,,,True,True,False,True,True,False,True
1122,parametric,main,,,,False,False,True,False,False,False,False
1125,parametric,main,,,,True,True,False,True,True,False,True
1148,parametric,main,,,,True,True,False,True,True,False,True
1155,parametric,main,,,,True,True,False,True,True,False,True
1158,parametric,main,,,,True,True,False,True,True,False,True
1174,parametric,main,,,,True,True,False,False,False,False,False
1183,parametric,main,,,,True,True,False,True,True,False,True
1191,parametric,main,,,,True,True,False,True,False,False,False
1216,parametric,main,,,,True,True,False,False,False,False,False
1217,parametric,main,,,,False,False,True,True,True,False,True
1244,parametric,main,,,,False,False,True,True,True,False,True
1258,parametric,main,,,,False,False,True,False,False,False,False
1278,parametric,main,,,,False,False,True,True,True,False,True
1279,parametric,main,,,,True,True,False,True,True,False,True
1282,parametric,main,,,,True,True,False,True,True,False,True
1287,parametric,main,,,,False,False,True,True,True,False,True
1289,parametric,main,,,,False,False,True,True,True,False,True
1292,parametric,main,,,,False,False,True,True,True,False,True
1293,parametric,main,,,,True,True,False,True,True,False,True
1313,parametric,main,,,,True,True,False,True,True,False,True
1320,parametric,main,,,,False,True,False,True,True,False,True
1322,parametric,main,,,,True,True,False,True,True,False,True
1327,parametric,sanity,,,,True,True,False,False,False,False,False
1333,parametric,main,,,,True,True,False,True,True,False,True
1336,parametric,main,,,,False,False,True,True,True,False,True
1338,parametric,main,,,,True,True,False,True,True,False,True
1342,parametric,main,,,,True,True,False,True,False,True,False
1348,parametric,sanity,,,,True,True,False,False,False,False,False
1370,parametric,main,,,,True,True,False,True,True,False,True
1372,parametric,main,,,,False,False,True,True,True,False,True
1375,parametric,main,,,,True,True,False,True,True,False,True
1376,parametric,main,,,,True,True,False,False,False,False,False
1396,parametric,main,,,,True,True,False,True,True,False,True
1418,parametric,main,,,,True,True,False,True,True,False,True
1419,parametric,main,,,,True,True,False,True,True,False,True
1423,parametric,main,,,,False,False,True,True,True,False,True
1427,parametric,main,,,,False,False,True,True,True,False,True
1433,parametric,main,,,,True,True,False,True,True,False,True
1437,parametric,main,,,,True,True,False,True,True,False,True
1438,parametric,main,,,,True,True,False,True,False,False,False
1458,parametric,sanity,,,,True,True,False,False,False,False,False
1463,parametric,main,,,,True,True,False,True,True,False,True
1466,parametric,main,,,,True,True,False,True,True,False,True
1470,parametric,sanity,,,,False,False,False,False,False,False,False
1471,parametric,main,,,,True,True,False,True,False,True,False
1480,parametric,main,,,,True,True,False,True,True,False,True
1484,parametric,main,,,,True,True,False,True,False,False,False
1487,parametric,main,,,,True,True,False,True,True,False,True
1490,parametric,main,,,,False,False,True,False,False,False,False
1496,parametric,main,,,,True,True,False,True,True,False,True
1501,parametric,main,,,,False,True,False,True,True,False,True
1507,parametric,main,,,,True,True,False,True,True,False,True
1508,parametric,sanity,,,,True,True,False,True,True,False,False
1520,parametric,main,,,,True,True,False,True,True,False,True
1527,parametric,main,,,,False,False,False,True,True,False,True
1538,parametric,main,,,,True,True,False,False,False,False,False
1542,parametric,main,,,,True,True,False,True,False,False,False
1558,parametric,main,,,,True,True,False,False,False,False,False
1574,parametric,main,,,,False,False,True,True,False,False,False
1583,parametric,main,,,,True,True,False,True,True,False,True
1589,parametric,main,,,,True,True,False,True,True,False,True
1594,parametric,main,,,,True,True,False,True,True,False,True
1596,parametric,sanity,,,,True,True,False,False,False,False,False
1603,parametric,sanity,,,,True,True,False,False,False,False,False
1611,parametric,main,,,,False,False,True,True,True,False,True
1613,parametric,main,,,,False,False,False,False,False,False,False
1617,parametric,main,,,,True,True,False,False,False,False,False
1625,parametric,main,,,,True,True,False,True,False,True,False
1626,parametric,main,,,,True,True,False,True,True,False,True
1627,parametric,main,,,,True,True,False,False,False,False,False
1630,parametric,main,,,,False,False,True,True,True,False,True
1641,parametric,main,,,,True,True,False,True,True,False,True
1642,parametric,sanity,,,,True,True,False,False,False,False,False
1645,parametric,sanity,,,,True,True,False,True,True,False,False
1654,parametric,main,,,,True,True,False,False,False,False,False
1656,parametric,main,,,,True,True,False,True,True,False,True
1660,parametric,main,,,,True,True,False,True,True,False,True
1661,parametric,main,,,,True,True,False,False,False,False,False
1670,parametric,main,,,,True,True,False,False,False,False,False
1671,parametric,sanity,,,,True,True,False,True,True,False,False
1690,parametric,main,,,,True,True,False,True,True,False,True
1699,parametric,main,,,,True,True,False,False,False,False,False
1715,parametric,sanity,,,,True,True,False,False,False,False,False
1767,parametric,main,,,,True,True,False,False,False,False,False
1770,parametric,main,,,,True,True,False,True,True,False,True
1777,parametric,main,,,,True,True,False,True,True,False,True
1785,parametric,main,,,,True,True,False,True,True,False,True
1797,parametric,main,,,,True,True,False,True,True,False,True
1799,parametric,main,,,,True,True,False,True,True,False,True
1800,parametric,main,,,,True,True,False,True,True,False,True
1804,parametric,main,,,,True,True,False,True,True,False,True
1810,parametric,main,,,,True,True,False,True,True,False,True
1811,parametric,main,,,,True,True,False,True,True,False,True
1816,parametric,main,,,,True,True,False,False,False,False,False
1831,parametric,sanity,,,,True,True,False,False,False,False,False
1832,parametric,main,,,,True,True,False,True,True,False,True
1837,parametric,main,,,,True,True,False,True,True,False,True
1842,parametric,main,,,,True,True,False,False,False,False,False
1859,parametric,main,,,,False,False,True,True,True,False,True
1864,parametric,main,,,,False,False,True,False,False,False,False
1874,parametric,main,,,,True,True,False,True,True,False,True
1875,parametric,main,,,,False,False,True,True,True,False,True
1906,parametric,main,,,,True,True,False,True,True,False,True
1908,parametric,main,,,,False,False,True,False,False,False,False
1916,parametric,main,,,,True,True,False,True,True,False,True
1928,parametric,sanity,,,,False,False,True,True,True,False,False
1932,parametric,main,,,,True,True,False,False,False,False,False
1933,parametric,main,,,,False,False,True,False,False,False,False
1934,parametric,main,,,,True,True,False,True,True,False,True
1940,parametric,main,,,,True,True,False,True,True,False,True
1942,parametric,sanity,,,,True,True,False,True,True,False,False
1952,parametric,main,,,,True,True,False,True,True,False,True
1955,parametric,main,,,,False,False,True,True,True,False,True
1960,parametric,main,,,,True,True,False,True,True,False,True
1964,parametric,main,,,,True,True,False,False,False,True,False
1967,parametric,main,,,,False,False,True,True,True,False,True
1969,parametric,main,,,,True,True,False,True,False,True,False
1980,parametric,main,,,,True,True,False,True,False,True,False
1986,parametric,main,,,,False,False,True,True,True,False,True
1999,parametric,main,,,,False,False,True,False,False,False,False
2003,parametric,main,,,,True,True,False,True,True,False,True
2021,parametric,main,,,,True,True,False,True,True,False,True
2048,parametric,sanity,,,,True,True,False,False,False,False,False
2051,parametric,main,,,,True,True,False,True,True,False,True
2064,parametric,main,,,,True,True,False,True,True,False,True
2070,parametric,main,,,,False,False,True,True,True,False,True
2073,parametric,sanity,,,,False,False,True,True,True,False,False
2078,parametric,main,,,,True,True,False,True,True,False,True
2083,parametric,main,,,,True,True,False,False,False,False,False
2088,parametric,main,,,,False,False,True,True,True,False,True
2092,parametric,main,,,,True,True,False,False,False,False,False
2096,parametric,main,,,,True,True,False,False,False,False,False
2099,parametric,main,,,,False,False,True,True,True,False,True
2108,parametric,main,,,,True,True,False,False,False,False,False
2109,parametric,main,,,,False,False,True,True,True,False,True
2115,parametric,main,,,,True,True,False,False,False,False,False
2117,parametric,sanity,,,,True,True,False,False,False,False,False
2126,parametric,main,,,,True,True,False,True,True,False,True
2128,parametric,main,,,,True,True,False,False,False,False,False
2133,parametric,main,,,,True,True,False,False,False,False,False
2134,parametric,main,,,,False,False,True,True,True,False,True
2135,parametric,main,,,,True,True,False,True,False,False,False
2144,parametric,main,,,,True,True,False,True,True,False,True
2145,parametric,main,,,,True,True,False,False,False,False,False
2146,parametric,main,,,,False,False,True,True,True,False,True
2167,parametric,main,,,,True,True,False,True,False,False,False
2170,parametric,main,,,,True,True,False,True,False,False,False
2172,parametric,main,,,,False,False,True,True,True,False,True
2184,parametric,main,,,,True,True,False,True,True,False,True
2196,parametric,sanity,,,,True,True,False,True,True,False,False
2211,parametric,main,,,,False,True,False,True,True,False,True
2213,parametric,main,,,,True,True,False,False,False,False,False
2218,parametric,main,,,,True,True,False,True,True,False,True
2223,parametric,main,,,,True,True,False,False,False,False,False
2226,parametric,main,,,,True,True,False,False,False,False,False
2235,parametric,main,,,,False,False,True,True,True,False,True
2263,parametric,main,,,,True,True,False,True,True,False,True
2275,parametric,main,,,,True,True,False,False,False,False,False
2277,parametric,main,,,,False,False,False,True,True,False,True
2280,parametric,sanity,,,,True,True,False,False,False,False,False
2284,parametric,main,,,,False,False,True,True,False,True,False
2286,parametric,main,,,,True,True,False,True,True,False,True
2295,parametric,main,,,,False,False,False,True,True,False,True
2297,parametric,main,,,,True,True,False,True,False,False,False
2306,parametric,main,,,,True,True,False,True,True,False,True
2310,parametric,main,,,,True,True,False,True,True,False,True
2318,parametric,main,,,,True,True,False,True,True,False,True
2325,parametric,main,,,,True,True,False,True,True,False,True
2329,parametric,main,,,,True,True,False,True,True,False,True
2332,parametric,main,,,,True,True,False,True,True,False,True
2337,parametric,main,,,,True,True,False,True,True,False,True
2340,parametric,main,,,,True,True,False,False,False,False,False
2341,parametric,sanity,,,,True,True,False,False,False,False,False
2349,parametric,main,,,,False,False,True,True,False,False,False
2366,parametric,main,,,,False,False,True,True,True,False,True
2373,parametric,main,,,,True,True,False,True,True,False,True
2379,parametric,main,,,,True,True,False,True,True,False,True
2391,parametric,main,,,,True,True,False,True,True,False,True
2393,parametric,main,,,,True,True,False,True,True,False,True
2398,parametric,main,,,,True,True,False,True,True,False,True
2401,parametric,main,,,,False,False,True,True,True,False,True
2404,parametric,main,,,,False,False,True,False,False,False,False
2425,parametric,main,,,,True,True,False,True,True,False,True
2430,parametric,main,,,,True,True,False,True,True,False,True
2458,parametric,main,,,,True,True,False,True,True,False,True
2468,parametric,main,,,,True,True,False,True,True,False,True
2469,parametric,main,,,,True,True,False,True,True,False,True
2479,parametric,main,,,,True,True,False,True,False,False,False
2492,parametric,sanity,,,,False,False,True,True,True,False,False
2495,parametric,main,,,,True,True,False,True,True,False,True
2501,parametric,main,,,,True,True,False,True,True,False,True
2502,parametric,main,,,,True,True,False,True,True,False,True
2504,parametric,main,,,,False,False,True,True,True,False,True
2510,parametric,main,,,,True,True,False,True,False,True,False
2514,parametric,main,,,,True,True,False,True,True,False,True
2516,parametric,main,,,,True,True,False,False,False,False,False
2518,parametric,main,,,,True,True,False,True,True,False,True
2522,parametric,sanity,,,,True,True,False,False,False,False,False
2525,parametric,main,,,,True,True,False,True,True,False,True
2528,parametric,main,,,,True,True,False,True,False,False,False
2531,parametric,main,,,,False,False,False,True,True,False,True
2533,parametric,main,,,,True,True,False,True,True,False,True
2538,parametric,sanity,,,,False,False,True,True,True,False,False
2542,parametric,main,,,,True,True,False,True,True,False,True
2557,parametric,main,,,,True,True,False,False,False,False,False
2562,parametric,main,,,,True,True,False,False,False,False,False
2571,parametric,main,,,,True,True,False,True,True,False,True
2576,parametric,main,,,,False,False,True,True,True,False,True
2587,parametric,main,,,,True,True,False,True,True,False,True
2589,parametric,main,,,,True,True,False,True,True,False,True
2594,parametric,main,,,,True,True,False,True,True,False,True
2595,parametric,main,,,,True,True,False,False,False,False,False
2606,parametric,main,,,,False,False,True,True,True,False,True
2609,parametric,main,,,,False,False,True,False,False,False,False
2611,parametric,main,,,,False,False,False,True,True,False,True
2617,parametric,main,,,,True,True,False,True,False,False,False
2620,parametric,main,,,,False,False,True,True,True,False,True
2621,parametric,main,,,,True,True,False,True,True,False,True
2632,parametric,main,,,,False,False,True,True,True,False,True
2633,parametric,main,,,,False,False,True,True,True,False,True
2636,parametric,main,,,,True,True,False,True,True,False,True
2649,parametric,main,,,,True,True,False,True,True,False,True
2654,parametric,main,,,,True,True,False,True,True,False,True
2665,parametric,main,,,,True,True,False,True,True,False,True
2687,parametric,main,,,,True,True,False,True,True,False,True
2694,parametric,main,,,,True,True,False,True,True,False,True
2695,parametric,main,,,,True,True,False,True,True,False,True
2713,parametric,main,,,,True,True,False,True,True,False,True
2720,parametric,main,,,,False,False,True,True,True,False,True
2726,parametric,main,,,,False,False,True,True,True,False,True
2728,parametric,main,,,,False,False,True,True,True,False,True
2730,parametric,main,,,,True,True,False,True,True,False,True
2745,parametric,main,,,,True,True,False,False,False,False,False
2761,parametric,sanity,,,,True,True,False,False,False,False,False
2778,parametric,main,,,,False,False,True,True,True,False,True
2781,parametric,main,,,,True,True,False,True,True,False,True
2788,parametric,main,,,,True,True,False,True,True,False,True
2789,parametric,main,,,,False,False,True,True,True,False,True
2802,parametric,main,,,,False,False,True,True,True,False,True
2815,parametric,sanity,,,,True,True,False,True,True,False,False
2824,parametric,main,,,,True,True,False,False,False,False,False
2825,parametric,main,,,,True,True,False,False,False,False,False
2851,parametric,main,,,,True,True,False,True,True,False,True
2866,parametric,main,,,,True,True,False,True,True,False,True
2873,parametric,main,,,,True,True,False,True,True,False,True
2896,parametric,main,,,,False,False,True,True,True,False,True
2899,parametric,main,,,,True,True,False,True,True,False,True
2914,parametric,main,,,,True,True,False,True,True,False,True
2921,parametric,main,,,,True,True,False,True,True,False,True
2933,parametric,main,,,,True,True,False,True,True,False,True
2943,parametric,main,,,,True,True,False,True,False,False,False
2948,parametric,main,,,,True,True,False,True,True,False,True
2952,parametric,main,,,,True,True,False,True,True,False,True
2955,parametric,main,,,,False,False,True,True,True,False,True
2961,parametric,main,,,,False,False,True,True,False,False,False
3027,parametric,main,,,,True,True,False,True,True,False,True
3044,parametric,main,,,,True,True,False,True,True,False,True
3076,parametric,main,,,,True,True,False,True,True,False,True
3081,parametric,main,,,,True,True,False,True,True,False,True
3088,parametric,main,,,,True,True,False,False,False,False,False
3092,parametric,main,,,,True,True,False,True,True,False,True
3093,parametric,main,,,,True,True,False,True,True,False,True
3095,parametric,main,,,,True,True,False,True,True,False,True
3097,parametric,main,,,,False,False,True,True,True,False,True
3110,parametric,main,,,,False,False,True,True,True,False,True
3118,parametric,main,,,,True,True,False,True,True,False,True
3119,parametric,main,,,,True,True,False,True,True,False,True
3122,parametric,sanity,,,,True,True,False,True,True,False,False
3129,parametric,main,,,,True,True,False,True,True,False,True
3130,parametric,main,,,,True,True,False,False,False,False,False
3135,parametric,main,,,,True,True,False,True,True,False,True
3137,parametric,main,,,,False,False,True,True,True,False,True
3147,parametric,sanity,,,,True,True,False,True,False,False,False
3153,parametric,main,,,,True,True,False,True,True,False,True
3155,parametric,main,,,,False,False,True,True,True,False,True
3160,parametric,main,,,,True,True,False,True,True,False,True
3161,parametric,main,,,,True,True,False,True,True,False,True
3183,parametric,main,,,,True,True,False,True,True,False,True
3184,parametric,main,,,,True,True,False,True,True,False,True
3191,parametric,main,,,,True,True,False,True,True,False,True
3204,parametric,main,,,,False,False,True,True,True,False,True
3211,parametric,main,,,,True,True,False,True,True,False,True
3224,parametric,main,,,,True,True,False,True,True,False,True
3239,parametric,main,,,,True,True,False,True,True,False,True
3258,parametric,main,,,,True,True,False,True,True,False,True
3260,parametric,main,,,,True,True,False,True,True,False,True
3271,parametric,main,,,,True,True,False,True,True,False,True
3276,parametric,main,,,,True,True,False,True,True,False,True
3282,parametric,main,,,,True,True,False,True,True,False,True
3290,parametric,sanity,,,,True,True,False,False,False,False,False
3292,parametric,main,,,,True,True,False,True,True,False,True
3301,parametric,main,,,,True,True,False,True,True,False,True
3310,parametric,main,,,,False,False,False,True,True,False,True
3312,parametric,main,,,,True,True,False,False,False,False,False
3317,parametric,main,,,,True,True,False,True,True,False,True
3320,parametric,main,,,,True,True,False,True,True,False,True
3323,parametric,main,,,,True,True,False,True,True,False,True
3325,parametric,main,,,,True,True,False,False,False,False,False
3345,parametric,main,,,,True,True,False,True,True,False,True
3348,parametric,main,,,,False,False,True,True,True,False,True
3362,parametric,main,,,,True,True,False,True,True,False,True
3363,parametric,main,,,,False,False,True,False,False,False,False
3368,parametric,main,,,,True,True,False,True,True,False,True
3382,parametric,sanity,,,,True,True,False,True,True,False,False
3386,parametric,main,,,,True,True,False,True,True,False,True
3390,parametric,sanity,,,,True,True,False,True,True,False,False
3417,parametric,main,,,,True,True,False,True,True,False,True
3419,parametric,main,,,,True,True,False,True,True,False,True
3420,parametric,sanity,,,,True,True,False,True,True,False,False
3424,parametric,main,,,,True,True,False,True,True,False,True
3434,parametric,main,,,,True,True,False,True,True,False,True
3438,parametric,main,,,,True,True,False,True,True,False,True
3441,parametric,main,,,,True,True,False,True,True,False,True
3446,parametric,main,,,,False,False,True,True,True,False,True
3453,parametric,main,,,,True,True,False,False,False,False,False
3457,parametric,main,,,,True,True,False,False,False,False,False
3467,parametric,main,,,,True,True,False,False,False,False,False
3478,parametric,main,,,,True,True,False,True,False,False,False
3480,parametric,main,,,,True,True,False,True,True,False,True
3485,parametric,main,,,,True,True,False,False,False,False,False
3497,parametric,main,,,,True,True,False,True,False,False,False
3499,parametric,sanity,,,,True,True,False,True,True,False,False
3503,parametric,main,,,,True,True,False,True,True,False,True
3510,parametric,main,,,,True,True,False,True,True,False,True
3513,parametric,sanity,,,,True,True,False,False,False,False,False
3520,parametric,main,,,,False,False,True,True,False,False,False
3552,parametric,main,,,,True,True,False,True,False,True,False
3554,parametric,main,,,,False,False,True,True,True,False,True
3558,parametric,main,,,,False,False,True,True,True,False,True
3568,parametric,main,,,,True,True,False,True,True,False,True
3570,parametric,main,,,,True,True,False,True,True,False,True
3579,parametric,main,,,,False,False,False,True,False,False,False
3583,parametric,sanity,,,,True,True,False,False,False,False,False
3591,parametric,main,,,,True,True,False,True,True,False,True
3595,parametric,main,,,,False,False,False,True,True,False,True
3606,parametric,main,,,,True,True,False,True,True,False,True
3609,parametric,main,,,,True,True,False,True,True,False,True
13,pca_uc_384_sq8_np512,sanity,0.9,True,True,False,False,True,True,True,False,False
14,pca_uc_384_sq8_np512,main,0.9,True,True,False,False,True,True,True,False,True
19,pca_uc_384_sq8_np512,main,1.0,True,False,True,True,False,True,False,True,False
30,pca_uc_384_sq8_np512,main,0.9,True,True,False,False,True,True,True,False,True
45,pca_uc_384_sq8_np512,main,1.0,True,True,False,False,True,True,True,False,True
60,pca_uc_384_sq8_np512,main,1.0,True,True,False,False,True,True,True,False,True
66,pca_uc_384_sq8_np512,main,1.0,True,True,False,False,True,True,True,False,True
71,pca_uc_384_sq8_np512,main,0.9,True,True,False,False,True,True,True,False,True
82,pca_uc_384_sq8_np512,main,0.9,True,False,True,True,False,True,False,False,False
92,pca_uc_384_sq8_np512,main,0.8,True,True,True,True,False,True,True,False,True
105,pca_uc_384_sq8_np512,main,1.0,True,True,True,True,False,True,True,False,True
108,pca_uc_384_sq8_np512,main,0.9,True,True,False,False,True,True,True,False,True
115,pca_uc_384_sq8_np512,main,0.9,True,True,False,False,True,True,True,False,True
125,pca_uc_384_sq8_np512,main,1.0,True,False,False,False,False,True,False,False,False
129,pca_uc_384_sq8_np512,main,0.9,False,False,False,False,False,False,False,False,False
132,pca_uc_384_sq8_np512,main,1.0,True,False,False,False,True,True,False,True,False
146,pca_uc_384_sq8_np512,sanity,0.9,True,True,True,True,False,True,True,False,False
151,pca_uc_384_sq8_np512,main,1.0,False,False,False,False,False,False,False,False,False
153,pca_uc_384_sq8_np512,main,1.0,False,False,True,True,False,False,False,False,False
180,pca_uc_384_sq8_np512,main,0.8,False,False,False,False,True,False,False,False,False
188,pca_uc_384_sq8_np512,main,0.9,True,True,False,False,True,True,True,False,True
206,pca_uc_384_sq8_np512,main,0.9,True,True,True,True,False,True,True,False,True
217,pca_uc_384_sq8_np512,main,0.9,True,True,True,True,False,True,True,False,True
233,pca_uc_384_sq8_np512,main,0.9,False,False,True,True,False,False,False,False,False
235,pca_uc_384_sq8_np512,main,0.8,True,True,False,False,True,False,False,False,False
249,pca_uc_384_sq8_np512,main,0.9,True,True,False,False,True,True,True,False,True
261,pca_uc_384_sq8_np512,main,0.9,True,True,False,False,True,True,True,False,True
264,pca_uc_384_sq8_np512,main,1.0,True,True,False,False,True,True,True,False,True
268,pca_uc_384_sq8_np512,main,0.7,True,True,False,False,True,True,True,False,True
279,pca_uc_384_sq8_np512,main,0.9,False,False,True,True,False,True,True,False,True
286,pca_uc_384_sq8_np512,main,1.0,True,True,False,False,True,True,True,False,True
287,pca_uc_384_sq8_np512,main,0.9,True,True,False,False,True,True,True,False,True
290,pca_uc_384_sq8_np512,main,0.9,True,False,True,True,False,True,False,True,False
291,pca_uc_384_sq8_np512,main,0.8,True,False,False,False,True,True,False,False,False
295,pca_uc_384_sq8_np512,main,0.9,True,False,False,False,True,True,False,False,False
296,pca_uc_384_sq8_np512,main,0.9,True,True,False,False,True,True,True,False,True
307,pca_uc_384_sq8_np512,main,0.8,True,True,False,False,True,True,True,False,True
318,pca_uc_384_sq8_np512,main,1.0,True,True,False,False,True,True,True,False,True
319,pca_uc_384_sq8_np512,main,0.9,True,False,True,True,False,True,False,False,False
323,pca_uc_384_sq8_np512,sanity,1.0,False,False,False,False,False,False,False,False,False
337,pca_uc_384_sq8_np512,main,0.9,True,True,True,True,False,True,True,False,True
350,pca_uc_384_sq8_np512,main,0.9,True,True,False,False,True,True,True,False,True
352,pca_uc_384_sq8_np512,main,0.9,True,True,False,False,True,True,True,False,True
371,pca_uc_384_sq8_np512,main,0.9,True,True,False,False,True,True,True,False,True
382,pca_uc_384_sq8_np512,main,1.0,False,False,False,False,True,False,False,False,False
399,pca_uc_384_sq8_np512,main,1.0,True,True,False,False,True,True,True,False,True
400,pca_uc_384_sq8_np512,main,1.0,True,True,False,False,False,True,True,False,True
416,pca_uc_384_sq8_np512,main,0.9,True,True,True,True,False,True,True,False,True
419,pca_uc_384_sq8_np512,main,0.9,True,True,False,False,True,True,True,False,True
421,pca_uc_384_sq8_np512,main,0.9,True,True,False,False,True,True,True,False,True
422,pca_uc_384_sq8_np512,main,1.0,True,True,False,False,True,True,True,False,True
424,pca_uc_384_sq8_np512,sanity,0.8,True,True,True,True,False,True,True,False,False
433,pca_uc_384_sq8_np512,main,1.0,True,True,False,False,True,True,True,False,True
442,pca_uc_384_sq8_np512,main,0.9,True,False,False,False,True,True,False,False,False
444,pca_uc_384_sq8_np512,main,0.9,True,True,False,False,True,True,True,False,True
447,pca_uc_384_sq8_np512,main,0.8,False,False,False,False,True,False,False,False,False
450,pca_uc_384_sq8_np512,main,1.0,True,True,False,False,True,True,True,False,True
453,pca_uc_384_sq8_np512,main,0.8,True,True,False,False,False,True,True,False,True
462,pca_uc_384_sq8_np512,sanity,1.0,False,False,True,True,False,False,False,False,False
476,pca_uc_384_sq8_np512,main,0.9,True,False,False,False,True,True,False,False,False
478,pca_uc_384_sq8_np512,sanity,1.0,True,True,False,False,True,True,True,False,False
482,pca_uc_384_sq8_np512,main,0.9,True,True,True,True,False,True,True,False,True
484,pca_uc_384_sq8_np512,main,0.9,True,True,True,True,False,True,True,False,True
486,pca_uc_384_sq8_np512,main,0.9,True,True,False,False,True,True,True,False,True
488,pca_uc_384_sq8_np512,main,0.9,False,False,False,False,False,False,False,False,False
491,pca_uc_384_sq8_np512,main,1.0,True,False,True,True,False,True,False,False,False
496,pca_uc_384_sq8_np512,main,1.0,True,True,False,False,False,True,True,False,True
501,pca_uc_384_sq8_np512,main,0.9,True,True,False,False,True,True,True,False,True
508,pca_uc_384_sq8_np512,main,1.0,True,True,True,True,False,True,True,False,True
513,pca_uc_384_sq8_np512,main,1.0,True,True,True,True,False,True,True,False,True
518,pca_uc_384_sq8_np512,main,0.9,True,True,False,False,True,True,True,False,True
519,pca_uc_384_sq8_np512,sanity,0.9,True,True,True,True,False,True,True,False,False
523,pca_uc_384_sq8_np512,main,0.8,True,True,False,False,True,True,True,False,True
524,pca_uc_384_sq8_np512,main,0.9,True,True,False,False,True,True,True,False,True
531,pca_uc_384_sq8_np512,main,1.0,False,False,True,True,False,False,False,False,False
535,pca_uc_384_sq8_np512,sanity,0.9,True,True,True,True,False,True,True,False,False
537,pca_uc_384_sq8_np512,main,1.0,True,True,False,False,True,True,True,False,True
551,pca_uc_384_sq8_np512,main,1.0,True,False,True,True,False,True,False,True,False
552,pca_uc_384_sq8_np512,main,0.9,True,True,False,False,True,True,True,False,True
553,pca_uc_384_sq8_np512,main,1.0,True,True,False,False,True,True,True,False,True
559,pca_uc_384_sq8_np512,main,0.9,True,True,False,False,False,True,True,False,True
565,pca_uc_384_sq8_np512,main,0.9,True,True,False,False,True,True,True,False,True
571,pca_uc_384_sq8_np512,sanity,0.9,True,True,False,False,True,True,True,False,False
590,pca_uc_384_sq8_np512,main,1.0,True,True,True,True,False,True,True,False,True
591,pca_uc_384_sq8_np512,main,0.9,False,False,True,True,False,False,False,False,False
604,pca_uc_384_sq8_np512,main,0.8,False,False,True,True,False,False,False,False,False
606,pca_uc_384_sq8_np512,main,0.9,True,True,False,False,True,True,True,False,True
614,pca_uc_384_sq8_np512,main,0.9,True,True,False,False,False,True,True,False,True
617,pca_uc_384_sq8_np512,main,0.9,True,True,False,False,True,True,True,False,True
619,pca_uc_384_sq8_np512,sanity,0.9,False,False,True,True,False,False,False,False,False
621,pca_uc_384_sq8_np512,main,0.9,True,True,True,True,False,True,True,False,True
637,pca_uc_384_sq8_np512,main,1.0,True,True,False,False,True,True,True,False,True
642,pca_uc_384_sq8_np512,main,1.0,True,True,False,False,True,True,True,False,True
644,pca_uc_384_sq8_np512,main,1.0,True,True,False,False,True,True,True,False,True
652,pca_uc_384_sq8_np512,main,0.9,False,False,True,True,False,False,False,False,False
658,pca_uc_384_sq8_np512,sanity,1.0,False,False,True,True,False,False,False,False,False
684,pca_uc_384_sq8_np512,main,0.9,False,False,True,True,False,False,False,False,False
697,pca_uc_384_sq8_np512,main,1.0,True,True,False,False,False,True,True,False,True
701,pca_uc_384_sq8_np512,main,0.8,True,True,False,False,True,True,True,False,True
705,pca_uc_384_sq8_np512,main,1.0,True,True,False,False,True,True,True,False,True
715,pca_uc_384_sq8_np512,main,1.0,False,False,False,False,False,False,False,False,False
726,pca_uc_384_sq8_np512,main,0.9,False,False,False,False,False,False,False,False,False
753,pca_uc_384_sq8_np512,main,1.0,True,True,False,False,True,True,True,False,True
754,pca_uc_384_sq8_np512,main,0.8,True,True,True,True,False,True,True,False,True
775,pca_uc_384_sq8_np512,sanity,0.8,False,False,True,True,False,False,False,False,False
782,pca_uc_384_sq8_np512,main,1.0,False,False,True,True,False,False,False,False,False
784,pca_uc_384_sq8_np512,main,1.0,True,True,False,False,True,True,True,False,True
787,pca_uc_384_sq8_np512,main,0.9,True,True,False,False,True,True,True,False,True
802,pca_uc_384_sq8_np512,main,0.9,True,True,True,True,False,True,True,False,True
823,pca_uc_384_sq8_np512,main,0.9,True,True,False,False,True,True,True,False,True
826,pca_uc_384_sq8_np512,main,0.9,True,True,False,False,True,True,True,False,True
841,pca_uc_384_sq8_np512,main,0.8,False,False,True,True,False,False,False,False,False
845,pca_uc_384_sq8_np512,main,1.0,True,True,False,False,False,True,True,False,True
855,pca_uc_384_sq8_np512,main,0.9,False,False,True,True,False,False,False,False,False
861,pca_uc_384_sq8_np512,main,1.0,True,True,False,False,True,True,True,False,True
868,pca_uc_384_sq8_np512,main,1.0,True,True,False,False,False,True,True,False,True
873,pca_uc_384_sq8_np512,main,0.9,False,False,False,False,True,False,False,False,False
883,pca_uc_384_sq8_np512,sanity,1.0,False,False,True,True,False,False,False,False,False
884,pca_uc_384_sq8_np512,main,1.0,True,True,False,False,True,True,True,False,True
891,pca_uc_384_sq8_np512,main,1.0,True,True,False,False,False,True,True,False,True
896,pca_uc_384_sq8_np512,main,0.9,True,True,False,False,True,True,True,False,True
901,pca_uc_384_sq8_np512,main,0.8,True,True,False,False,False,True,True,False,True
905,pca_uc_384_sq8_np512,sanity,1.0,True,True,False,False,True,True,True,False,False
907,pca_uc_384_sq8_np512,main,1.0,True,True,False,False,False,True,True,False,True
919,pca_uc_384_sq8_np512,sanity,1.0,True,True,False,False,False,True,True,False,False
931,pca_uc_384_sq8_np512,main,0.9,True,True,True,True,False,True,True,False,True
937,pca_uc_384_sq8_np512,main,0.9,True,True,False,False,True,True,True,False,True
944,pca_uc_384_sq8_np512,main,1.0,False,False,False,False,False,False,False,False,False
966,pca_uc_384_sq8_np512,main,0.9,False,False,True,True,False,False,False,False,False
967,pca_uc_384_sq8_np512,main,0.9,True,True,False,False,True,True,True,False,True
970,pca_uc_384_sq8_np512,main,0.9,True,True,False,False,True,True,True,False,True
972,pca_uc_384_sq8_np512,main,0.9,True,True,True,True,False,True,True,False,True
978,pca_uc_384_sq8_np512,main,0.9,False,False,True,True,False,False,False,False,False
987,pca_uc_384_sq8_np512,main,1.0,False,False,True,True,False,False,False,False,False
990,pca_uc_384_sq8_np512,main,0.9,True,True,True,True,False,True,True,False,True
992,pca_uc_384_sq8_np512,main,0.8,True,True,True,True,False,True,True,False,True
1000,pca_uc_384_sq8_np512,main,1.0,True,True,False,False,True,True,True,False,True
1001,pca_uc_384_sq8_np512,main,1.0,True,True,True,True,False,True,True,False,True
1003,pca_uc_384_sq8_np512,main,1.0,True,False,True,True,False,True,False,False,False
1005,pca_uc_384_sq8_np512,main,1.0,True,False,False,False,False,True,False,False,False
1016,pca_uc_384_sq8_np512,main,0.9,True,True,False,False,True,True,True,False,True
1020,pca_uc_384_sq8_np512,main,1.0,True,True,True,True,False,True,True,False,True
1026,pca_uc_384_sq8_np512,main,1.0,True,True,False,False,True,True,True,False,True
1028,pca_uc_384_sq8_np512,main,0.9,True,False,False,False,False,True,False,False,False
1032,pca_uc_384_sq8_np512,main,1.0,True,True,True,True,False,True,True,False,True
1048,pca_uc_384_sq8_np512,main,1.0,True,True,False,False,True,True,True,False,True
1056,pca_uc_384_sq8_np512,main,1.0,True,True,False,False,False,True,True,False,True
1063,pca_uc_384_sq8_np512,main,1.0,True,True,False,False,True,True,True,False,True
1065,pca_uc_384_sq8_np512,main,1.0,True,False,False,False,False,True,False,False,False
1066,pca_uc_384_sq8_np512,main,1.0,True,True,False,False,True,True,True,False,True
1071,pca_uc_384_sq8_np512,main,1.0,True,True,False,False,True,True,True,False,True
1081,pca_uc_384_sq8_np512,sanity,1.0,True,True,True,True,False,True,True,False,False
1085,pca_uc_384_sq8_np512,main,0.9,True,True,True,True,False,True,True,False,True
1088,pca_uc_384_sq8_np512,main,1.0,True,True,False,False,True,True,True,False,True
1089,pca_uc_384_sq8_np512,main,0.9,True,True,True,True,False,True,True,False,True
1093,pca_uc_384_sq8_np512,main,0.9,False,False,True,True,False,False,False,False,False
1094,pca_uc_384_sq8_np512,main,0.9,True,False,True,True,False,True,False,True,False
1103,pca_uc_384_sq8_np512,main,0.8,True,True,False,False,False,True,True,False,True
1106,pca_uc_384_sq8_np512,main,1.0,True,True,False,False,True,True,True,False,True
1108,pca_uc_384_sq8_np512,main,0.9,False,False,False,False,True,True,False,False,False
1113,pca_uc_384_sq8_np512,main,1.0,True,True,False,False,True,True,True,False,True
1114,pca_uc_384_sq8_np512,main,0.9,True,True,True,True,False,True,True,False,True
1118,pca_uc_384_sq8_np512,main,0.9,True,True,False,False,True,True,True,False,True
1122,pca_uc_384_sq8_np512,main,0.9,True,True,True,True,False,False,False,False,False
1125,pca_uc_384_sq8_np512,main,0.9,True,True,False,False,False,True,True,False,True
1148,pca_uc_384_sq8_np512,main,1.0,True,True,False,True,False,True,True,False,True
1155,pca_uc_384_sq8_np512,main,0.9,True,True,False,False,True,True,True,False,True
1158,pca_uc_384_sq8_np512,main,0.9,True,True,False,False,True,True,True,False,True
1174,pca_uc_384_sq8_np512,main,1.0,False,False,True,True,False,False,False,False,False
1183,pca_uc_384_sq8_np512,main,0.9,True,True,True,True,False,True,True,False,True
1191,pca_uc_384_sq8_np512,main,0.9,False,False,True,True,False,True,False,False,False
1216,pca_uc_384_sq8_np512,main,0.8,False,False,True,True,False,False,False,False,False
1217,pca_uc_384_sq8_np512,main,0.9,True,True,False,False,True,True,True,False,True
1244,pca_uc_384_sq8_np512,main,0.7,True,True,True,True,False,True,True,False,True
1258,pca_uc_384_sq8_np512,main,0.7,False,False,True,True,False,False,False,False,False
1278,pca_uc_384_sq8_np512,main,1.0,True,True,True,True,False,True,True,False,True
1279,pca_uc_384_sq8_np512,main,0.9,True,True,False,False,False,True,True,False,True
1282,pca_uc_384_sq8_np512,main,0.9,True,True,False,False,False,True,True,False,True
1287,pca_uc_384_sq8_np512,main,0.9,True,True,False,False,True,True,True,False,True
1289,pca_uc_384_sq8_np512,main,1.0,True,True,False,False,True,True,True,False,True
1292,pca_uc_384_sq8_np512,main,1.0,True,True,False,False,True,True,True,False,True
1293,pca_uc_384_sq8_np512,main,0.9,True,True,True,True,False,True,True,False,True
1313,pca_uc_384_sq8_np512,main,0.9,True,True,False,False,False,True,True,False,True
1320,pca_uc_384_sq8_np512,main,0.9,True,True,True,True,False,True,True,False,True
1322,pca_uc_384_sq8_np512,main,0.8,True,True,False,False,True,True,True,False,True
1327,pca_uc_384_sq8_np512,sanity,0.9,False,False,False,False,True,False,False,False,False
1333,pca_uc_384_sq8_np512,main,0.9,True,True,False,False,True,True,True,False,True
1336,pca_uc_384_sq8_np512,main,0.9,True,True,False,False,True,True,True,False,True
1338,pca_uc_384_sq8_np512,main,1.0,True,True,False,False,True,True,True,False,True
1342,pca_uc_384_sq8_np512,main,0.9,True,False,True,True,False,True,False,True,False
1348,pca_uc_384_sq8_np512,sanity,0.9,False,False,False,True,False,False,False,False,False
1370,pca_uc_384_sq8_np512,main,1.0,True,True,False,True,False,True,True,False,True
1372,pca_uc_384_sq8_np512,main,0.9,True,True,False,False,True,True,True,False,True
1375,pca_uc_384_sq8_np512,main,0.9,True,True,False,False,True,True,True,False,True
1376,pca_uc_384_sq8_np512,main,0.9,False,False,True,True,False,False,False,False,False
1396,pca_uc_384_sq8_np512,main,0.9,True,True,False,False,True,True,True,False,True
1418,pca_uc_384_sq8_np512,main,0.9,True,True,False,False,True,True,True,False,True
1419,pca_uc_384_sq8_np512,main,0.9,True,True,True,True,False,True,True,False,True
1423,pca_uc_384_sq8_np512,main,1.0,True,True,False,False,True,True,True,False,True
1427,pca_uc_384_sq8_np512,main,1.0,True,True,False,False,True,True,True,False,True
1433,pca_uc_384_sq8_np512,main,0.9,False,False,True,True,False,True,True,False,True
1437,pca_uc_384_sq8_np512,main,0.9,True,True,True,True,False,True,True,False,True
1438,pca_uc_384_sq8_np512,main,1.0,True,False,False,False,True,True,False,False,False
1458,pca_uc_384_sq8_np512,sanity,1.0,False,False,False,False,False,False,False,False,False
1463,pca_uc_384_sq8_np512,main,0.6,True,True,False,False,True,True,True,False,True
1466,pca_uc_384_sq8_np512,main,0.9,True,True,False,False,True,True,True,False,True
1470,pca_uc_384_sq8_np512,sanity,0.9,False,False,True,True,False,False,False,False,False
1471,pca_uc_384_sq8_np512,main,0.9,True,False,True,True,False,True,False,True,False
1480,pca_uc_384_sq8_np512,main,0.8,True,True,True,True,False,True,True,False,True
1484,pca_uc_384_sq8_np512,main,1.0,True,False,True,True,False,True,False,False,False
1487,pca_uc_384_sq8_np512,main,0.9,True,True,False,False,True,True,True,False,True
1490,pca_uc_384_sq8_np512,main,1.0,False,False,True,True,False,False,False,False,False
1496,pca_uc_384_sq8_np512,main,0.9,True,True,False,False,True,True,True,False,True
1501,pca_uc_384_sq8_np512,main,1.0,True,True,False,False,False,True,True,False,True
1507,pca_uc_384_sq8_np512,main,0.9,True,True,False,False,True,True,True,False,True
1508,pca_uc_384_sq8_np512,sanity,1.0,True,True,False,False,True,True,True,False,False
1520,pca_uc_384_sq8_np512,main,1.0,True,True,True,True,False,True,True,False,True
1527,pca_uc_384_sq8_np512,main,0.9,True,True,False,False,True,True,True,False,True
1538,pca_uc_384_sq8_np512,main,0.9,False,False,True,True,False,False,False,False,False
1542,pca_uc_384_sq8_np512,main,0.9,True,False,False,False,True,True,False,False,False
1558,pca_uc_384_sq8_np512,main,0.8,False,False,True,True,False,False,False,False,False
1574,pca_uc_384_sq8_np512,main,0.9,True,False,False,False,True,True,False,False,False
1583,pca_uc_384_sq8_np512,main,0.9,True,True,False,False,True,True,True,False,True
1589,pca_uc_384_sq8_np512,main,1.0,True,True,False,False,True,True,True,False,True
1594,pca_uc_384_sq8_np512,main,0.8,True,True,True,True,False,True,True,False,True
1596,pca_uc_384_sq8_np512,sanity,0.9,False,False,True,True,False,False,False,False,False
1603,pca_uc_384_sq8_np512,sanity,1.0,False,False,True,True,False,False,False,False,False
1611,pca_uc_384_sq8_np512,main,0.9,False,False,False,False,True,True,True,False,True
1613,pca_uc_384_sq8_np512,main,0.9,False,False,True,True,False,False,False,False,False
1617,pca_uc_384_sq8_np512,main,0.9,False,False,True,True,False,False,False,False,False
1625,pca_uc_384_sq8_np512,main,0.8,True,False,True,True,False,True,False,True,False
1626,pca_uc_384_sq8_np512,main,1.0,True,True,False,False,True,True,True,False,True
1627,pca_uc_384_sq8_np512,main,0.9,False,False,True,True,False,False,False,False,False
1630,pca_uc_384_sq8_np512,main,1.0,True,True,False,False,True,True,True,False,True
1641,pca_uc_384_sq8_np512,main,0.9,True,True,False,False,True,True,True,False,True
1642,pca_uc_384_sq8_np512,sanity,0.9,False,False,False,False,False,False,False,False,False
1645,pca_uc_384_sq8_np512,sanity,1.0,True,True,False,False,True,True,True,False,False
1654,pca_uc_384_sq8_np512,main,0.9,False,False,True,True,False,False,False,False,False
1656,pca_uc_384_sq8_np512,main,1.0,True,True,False,False,True,True,True,False,True
1660,pca_uc_384_sq8_np512,main,1.0,True,True,True,True,False,True,True,False,True
1661,pca_uc_384_sq8_np512,main,1.0,False,False,True,True,False,False,False,False,False
1670,pca_uc_384_sq8_np512,main,0.9,False,False,True,True,False,False,False,False,False
1671,pca_uc_384_sq8_np512,sanity,0.9,True,True,False,False,True,True,True,False,False
1690,pca_uc_384_sq8_np512,main,0.8,True,True,False,False,True,True,True,False,True
1699,pca_uc_384_sq8_np512,main,0.9,False,False,False,True,False,False,False,False,False
1715,pca_uc_384_sq8_np512,sanity,0.9,False,False,True,True,False,False,False,False,False
1767,pca_uc_384_sq8_np512,main,0.9,False,False,True,True,False,False,False,False,False
1770,pca_uc_384_sq8_np512,main,1.0,True,True,True,True,False,True,True,False,True
1777,pca_uc_384_sq8_np512,main,1.0,True,True,False,False,True,True,True,False,True
1785,pca_uc_384_sq8_np512,main,0.9,True,True,True,True,False,True,True,False,True
1797,pca_uc_384_sq8_np512,main,0.9,True,True,False,False,True,True,True,False,True
1799,pca_uc_384_sq8_np512,main,0.9,True,True,False,False,True,True,True,False,True
1800,pca_uc_384_sq8_np512,main,0.9,True,True,False,False,True,True,True,False,True
1804,pca_uc_384_sq8_np512,main,0.9,True,True,False,False,True,True,True,False,True
1810,pca_uc_384_sq8_np512,main,1.0,True,True,True,True,False,True,True,False,True
1811,pca_uc_384_sq8_np512,main,1.0,True,True,True,True,False,True,True,False,True
1816,pca_uc_384_sq8_np512,main,0.9,False,False,True,True,False,False,False,False,False
1831,pca_uc_384_sq8_np512,sanity,1.0,False,False,False,False,False,False,False,False,False
1832,pca_uc_384_sq8_np512,main,1.0,True,True,False,False,True,True,True,False,True
1837,pca_uc_384_sq8_np512,main,1.0,True,True,False,False,True,True,True,False,True
1842,pca_uc_384_sq8_np512,main,1.0,False,False,False,False,False,False,False,False,False
1859,pca_uc_384_sq8_np512,main,1.0,True,True,False,False,True,True,True,False,True
1864,pca_uc_384_sq8_np512,main,0.9,False,False,False,False,True,False,False,False,False
1874,pca_uc_384_sq8_np512,main,0.9,True,True,False,False,True,True,True,False,True
1875,pca_uc_384_sq8_np512,main,1.0,True,True,False,False,True,True,True,False,True
1906,pca_uc_384_sq8_np512,main,0.9,True,True,False,False,True,True,True,False,True
1908,pca_uc_384_sq8_np512,main,1.0,False,False,True,True,False,False,False,False,False
1916,pca_uc_384_sq8_np512,main,1.0,True,True,False,False,True,True,True,False,True
1928,pca_uc_384_sq8_np512,sanity,0.9,True,True,False,False,True,True,True,False,False
1932,pca_uc_384_sq8_np512,main,0.7,False,False,True,True,False,False,False,False,False
1933,pca_uc_384_sq8_np512,main,0.7,False,False,False,False,True,False,False,False,False
1934,pca_uc_384_sq8_np512,main,1.0,True,True,False,False,True,True,True,False,True
1940,pca_uc_384_sq8_np512,main,0.8,True,True,True,True,False,True,True,False,True
1942,pca_uc_384_sq8_np512,sanity,1.0,True,True,True,True,False,True,True,False,False
1952,pca_uc_384_sq8_np512,main,1.0,True,True,False,False,True,True,True,False,True
1955,pca_uc_384_sq8_np512,main,1.0,True,True,True,True,False,True,True,False,True
1960,pca_uc_384_sq8_np512,main,1.0,True,True,True,True,False,True,True,False,True
1964,pca_uc_384_sq8_np512,main,1.0,False,False,False,False,False,False,False,True,False
1967,pca_uc_384_sq8_np512,main,1.0,True,True,False,False,True,True,True,False,True
1969,pca_uc_384_sq8_np512,main,0.9,True,False,False,False,True,True,False,True,False
1980,pca_uc_384_sq8_np512,main,0.9,True,False,True,True,False,True,False,True,False
1986,pca_uc_384_sq8_np512,main,0.9,True,True,False,False,True,True,True,False,True
1999,pca_uc_384_sq8_np512,main,1.0,False,False,False,False,False,False,False,False,False
2003,pca_uc_384_sq8_np512,main,0.8,True,True,False,False,False,True,True,False,True
2021,pca_uc_384_sq8_np512,main,0.9,True,True,True,True,False,True,True,False,True
2048,pca_uc_384_sq8_np512,sanity,0.9,False,False,True,True,False,False,False,False,False
2051,pca_uc_384_sq8_np512,main,0.9,True,True,False,False,True,True,True,False,True
2064,pca_uc_384_sq8_np512,main,1.0,True,True,False,False,False,True,True,False,True
2070,pca_uc_384_sq8_np512,main,0.9,True,True,False,False,True,True,True,False,True
2073,pca_uc_384_sq8_np512,sanity,0.8,True,True,False,False,True,True,True,False,False
2078,pca_uc_384_sq8_np512,main,1.0,True,True,False,False,True,True,True,False,True
2083,pca_uc_384_sq8_np512,main,1.0,False,False,False,False,True,False,False,False,False
2088,pca_uc_384_sq8_np512,main,0.8,True,True,False,False,True,True,True,False,True
2092,pca_uc_384_sq8_np512,main,1.0,False,False,False,False,False,False,False,False,False
2096,pca_uc_384_sq8_np512,main,0.9,False,False,True,True,False,False,False,False,False
2099,pca_uc_384_sq8_np512,main,0.9,True,True,True,True,False,True,True,False,True
2108,pca_uc_384_sq8_np512,main,1.0,False,False,False,False,False,False,False,False,False
2109,pca_uc_384_sq8_np512,main,1.0,True,True,False,False,True,True,True,False,True
2115,pca_uc_384_sq8_np512,main,1.0,False,False,False,False,True,False,False,False,False
2117,pca_uc_384_sq8_np512,sanity,0.9,False,False,False,False,False,False,False,False,False
2126,pca_uc_384_sq8_np512,main,1.0,True,True,False,False,True,True,True,False,True
2128,pca_uc_384_sq8_np512,main,1.0,False,False,True,True,False,False,False,False,False
2133,pca_uc_384_sq8_np512,main,0.9,False,False,True,True,False,False,False,False,False
2134,pca_uc_384_sq8_np512,main,0.9,True,True,False,False,True,True,True,False,True
2135,pca_uc_384_sq8_np512,main,0.9,True,False,True,True,False,True,False,False,False
2144,pca_uc_384_sq8_np512,main,0.8,True,True,True,True,False,True,True,False,True
2145,pca_uc_384_sq8_np512,main,1.0,False,False,True,True,False,False,False,False,False
2146,pca_uc_384_sq8_np512,main,0.9,True,True,False,False,True,True,True,False,True
2167,pca_uc_384_sq8_np512,main,1.0,True,False,False,False,False,True,False,False,False
2170,pca_uc_384_sq8_np512,main,1.0,True,False,False,False,False,True,False,False,False
2172,pca_uc_384_sq8_np512,main,0.9,True,True,False,False,True,True,True,False,True
2184,pca_uc_384_sq8_np512,main,1.0,True,True,True,True,False,True,True,False,True
2196,pca_uc_384_sq8_np512,sanity,0.9,True,True,False,False,True,True,True,False,False
2211,pca_uc_384_sq8_np512,main,0.9,True,True,True,True,False,True,True,False,True
2213,pca_uc_384_sq8_np512,main,0.9,False,False,False,False,False,False,False,False,False
2218,pca_uc_384_sq8_np512,main,1.0,True,True,False,False,False,True,True,False,True
2223,pca_uc_384_sq8_np512,main,0.9,False,False,True,True,False,False,False,False,False
2226,pca_uc_384_sq8_np512,main,0.9,False,False,True,True,False,False,False,False,False
2235,pca_uc_384_sq8_np512,main,1.0,True,True,False,False,True,True,True,False,True
2263,pca_uc_384_sq8_np512,main,0.9,True,True,False,False,True,True,True,False,True
2275,pca_uc_384_sq8_np512,main,1.0,False,False,False,False,False,False,False,False,False
2277,pca_uc_384_sq8_np512,main,1.0,True,True,False,False,False,True,True,False,True
2280,pca_uc_384_sq8_np512,sanity,0.9,False,False,True,True,False,False,False,False,False
2284,pca_uc_384_sq8_np512,main,1.0,True,False,False,False,False,True,False,True,False
2286,pca_uc_384_sq8_np512,main,0.9,True,True,False,False,True,True,True,False,True
2295,pca_uc_384_sq8_np512,main,1.0,True,True,False,False,False,True,True,False,True
2297,pca_uc_384_sq8_np512,main,0.9,True,False,False,False,True,True,False,False,False
2306,pca_uc_384_sq8_np512,main,0.9,True,True,False,False,True,True,True,False,True
2310,pca_uc_384_sq8_np512,main,0.9,True,True,False,False,False,True,True,False,True
2318,pca_uc_384_sq8_np512,main,0.9,True,True,True,True,False,True,True,False,True
2325,pca_uc_384_sq8_np512,main,0.9,True,True,False,False,True,True,True,False,True
2329,pca_uc_384_sq8_np512,main,0.9,True,True,True,True,False,True,True,False,True
2332,pca_uc_384_sq8_np512,main,1.0,True,True,False,False,True,True,True,False,True
2337,pca_uc_384_sq8_np512,main,0.9,True,True,True,True,False,True,True,False,True
2340,pca_uc_384_sq8_np512,main,0.8,False,False,True,True,False,False,False,False,False
2341,pca_uc_384_sq8_np512,sanity,0.9,False,False,True,True,False,False,False,False,False
2349,pca_uc_384_sq8_np512,main,1.0,True,False,False,False,True,True,False,False,False
2366,pca_uc_384_sq8_np512,main,0.8,True,True,False,False,True,True,True,False,True
2373,pca_uc_384_sq8_np512,main,0.9,True,True,False,False,True,True,True,False,True
2379,pca_uc_384_sq8_np512,main,0.9,True,True,True,True,False,True,True,False,True
2391,pca_uc_384_sq8_np512,main,0.9,True,True,True,True,False,True,True,False,True
2393,pca_uc_384_sq8_np512,main,0.8,True,True,True,True,False,True,True,False,True
2398,pca_uc_384_sq8_np512,main,1.0,True,True,False,False,True,True,True,False,True
2401,pca_uc_384_sq8_np512,main,1.0,True,True,True,True,False,True,True,False,True
2404,pca_uc_384_sq8_np512,main,1.0,False,False,True,True,False,False,False,False,False
2425,pca_uc_384_sq8_np512,main,0.9,True,True,False,False,True,True,True,False,True
2430,pca_uc_384_sq8_np512,main,1.0,True,True,True,True,False,True,True,False,True
2458,pca_uc_384_sq8_np512,main,0.9,True,True,False,False,True,True,True,False,True
2468,pca_uc_384_sq8_np512,main,0.9,True,True,True,True,False,True,True,False,True
2469,pca_uc_384_sq8_np512,main,0.9,True,True,False,False,True,True,True,False,True
2479,pca_uc_384_sq8_np512,main,1.0,True,False,True,True,False,True,False,False,False
2492,pca_uc_384_sq8_np512,sanity,0.9,True,True,False,False,True,True,True,False,False
2495,pca_uc_384_sq8_np512,main,1.0,True,True,False,False,True,True,True,False,True
2501,pca_uc_384_sq8_np512,main,0.9,True,True,False,False,True,True,True,False,True
2502,pca_uc_384_sq8_np512,main,0.9,True,True,False,False,True,True,True,False,True
2504,pca_uc_384_sq8_np512,main,1.0,True,True,False,False,False,True,True,False,True
2510,pca_uc_384_sq8_np512,main,0.8,True,False,True,True,False,True,False,True,False
2514,pca_uc_384_sq8_np512,main,0.9,True,True,False,False,False,True,True,False,True
2516,pca_uc_384_sq8_np512,main,0.9,False,False,True,True,False,False,False,False,False
2518,pca_uc_384_sq8_np512,main,0.9,True,True,False,False,True,True,True,False,True
2522,pca_uc_384_sq8_np512,sanity,1.0,False,False,False,False,False,False,False,False,False
2525,pca_uc_384_sq8_np512,main,1.0,True,True,True,True,False,True,True,False,True
2528,pca_uc_384_sq8_np512,main,0.9,True,False,False,False,True,True,False,False,False
2531,pca_uc_384_sq8_np512,main,0.9,True,True,False,False,False,True,True,False,True
2533,pca_uc_384_sq8_np512,main,0.8,True,True,True,True,False,True,True,False,True
2538,pca_uc_384_sq8_np512,sanity,1.0,True,True,False,False,True,True,True,False,False
2542,pca_uc_384_sq8_np512,main,1.0,True,True,True,True,False,True,True,False,True
2557,pca_uc_384_sq8_np512,main,1.0,False,False,True,True,False,False,False,False,False
2562,pca_uc_384_sq8_np512,main,0.8,False,False,True,True,False,False,False,False,False
2571,pca_uc_384_sq8_np512,main,0.9,True,True,False,False,False,True,True,False,True
2576,pca_uc_384_sq8_np512,main,0.9,True,True,False,False,False,True,True,False,True
2587,pca_uc_384_sq8_np512,main,0.9,True,True,True,True,False,True,True,False,True
2589,pca_uc_384_sq8_np512,main,0.9,True,True,False,False,True,True,True,False,True
2594,pca_uc_384_sq8_np512,main,0.9,True,True,True,True,False,True,True,False,True
2595,pca_uc_384_sq8_np512,main,0.9,False,False,False,False,True,False,False,False,False
2606,pca_uc_384_sq8_np512,main,0.9,True,True,False,False,True,True,True,False,True
2609,pca_uc_384_sq8_np512,main,0.8,False,False,False,False,True,False,False,False,False
2611,pca_uc_384_sq8_np512,main,0.8,True,True,False,False,False,True,True,False,True
2617,pca_uc_384_sq8_np512,main,0.9,True,False,True,True,False,True,False,False,False
2620,pca_uc_384_sq8_np512,main,0.9,True,True,False,False,True,True,True,False,True
2621,pca_uc_384_sq8_np512,main,0.9,True,True,True,True,False,True,True,False,True
2632,pca_uc_384_sq8_np512,main,0.9,True,True,False,False,True,True,True,False,True
2633,pca_uc_384_sq8_np512,main,0.9,True,True,False,False,True,True,True,False,True
2636,pca_uc_384_sq8_np512,main,0.9,True,True,True,True,False,True,True,False,True
2649,pca_uc_384_sq8_np512,main,1.0,True,True,True,True,False,True,True,False,True
2654,pca_uc_384_sq8_np512,main,0.9,True,True,False,False,True,True,True,False,True
2665,pca_uc_384_sq8_np512,main,0.9,True,True,True,True,False,True,True,False,True
2687,pca_uc_384_sq8_np512,main,0.9,True,True,True,True,False,True,True,False,True
2694,pca_uc_384_sq8_np512,main,0.7,True,True,True,True,False,True,True,False,True
2695,pca_uc_384_sq8_np512,main,1.0,True,True,False,False,True,True,True,False,True
2713,pca_uc_384_sq8_np512,main,0.9,True,True,False,False,True,True,True,False,True
2720,pca_uc_384_sq8_np512,main,0.9,True,True,False,False,True,True,True,False,True
2726,pca_uc_384_sq8_np512,main,1.0,True,True,False,False,True,True,True,False,True
2728,pca_uc_384_sq8_np512,main,0.9,True,True,False,False,True,True,True,False,True
2730,pca_uc_384_sq8_np512,main,0.9,True,True,False,False,True,True,True,False,True
2745,pca_uc_384_sq8_np512,main,0.9,False,False,True,True,False,False,False,False,False
2761,pca_uc_384_sq8_np512,sanity,1.0,False,False,True,True,False,False,False,False,False
2778,pca_uc_384_sq8_np512,main,1.0,True,True,False,False,True,True,True,False,True
2781,pca_uc_384_sq8_np512,main,0.8,True,True,False,False,True,True,True,False,True
2788,pca_uc_384_sq8_np512,main,0.9,True,True,False,False,False,True,True,False,True
2789,pca_uc_384_sq8_np512,main,0.8,True,True,True,True,False,True,True,False,True
2802,pca_uc_384_sq8_np512,main,0.9,True,True,False,False,True,True,True,False,True
2815,pca_uc_384_sq8_np512,sanity,0.9,True,True,False,False,True,True,True,False,False
2824,pca_uc_384_sq8_np512,main,1.0,False,False,True,True,False,False,False,False,False
2825,pca_uc_384_sq8_np512,main,0.9,False,False,True,True,False,False,False,False,False
2851,pca_uc_384_sq8_np512,main,0.7,True,True,False,False,False,True,True,False,True
2866,pca_uc_384_sq8_np512,main,0.9,True,True,True,True,False,True,True,False,True
2873,pca_uc_384_sq8_np512,main,1.0,True,True,False,False,False,True,True,False,True
2896,pca_uc_384_sq8_np512,main,1.0,True,True,False,False,True,True,True,False,True
2899,pca_uc_384_sq8_np512,main,1.0,True,True,False,False,True,True,True,False,True
2914,pca_uc_384_sq8_np512,main,0.9,True,True,True,True,False,True,True,False,True
2921,pca_uc_384_sq8_np512,main,0.9,True,True,False,False,False,True,True,False,True
2933,pca_uc_384_sq8_np512,main,1.0,True,True,False,False,True,True,True,False,True
2943,pca_uc_384_sq8_np512,main,0.8,True,False,False,False,True,True,False,False,False
2948,pca_uc_384_sq8_np512,main,1.0,True,True,False,False,False,True,True,False,True
2952,pca_uc_384_sq8_np512,main,1.0,True,True,False,False,True,True,True,False,True
2955,pca_uc_384_sq8_np512,main,0.9,True,True,False,False,True,True,True,False,True
2961,pca_uc_384_sq8_np512,main,1.0,True,False,False,False,True,True,False,False,False
3027,pca_uc_384_sq8_np512,main,1.0,True,True,False,False,True,True,True,False,True
3044,pca_uc_384_sq8_np512,main,1.0,True,True,False,False,True,True,True,False,True
3076,pca_uc_384_sq8_np512,main,0.9,True,True,False,False,True,True,True,False,True
3081,pca_uc_384_sq8_np512,main,1.0,True,True,False,False,True,True,True,False,True
3088,pca_uc_384_sq8_np512,main,1.0,False,False,True,True,False,False,False,False,False
3092,pca_uc_384_sq8_np512,main,0.9,False,False,True,True,False,True,True,False,True
3093,pca_uc_384_sq8_np512,main,1.0,True,True,False,False,True,True,True,False,True
3095,pca_uc_384_sq8_np512,main,0.9,True,True,True,True,False,True,True,False,True
3097,pca_uc_384_sq8_np512,main,0.9,True,True,False,False,True,True,True,False,True
3110,pca_uc_384_sq8_np512,main,0.8,True,True,False,False,True,True,True,False,True
3118,pca_uc_384_sq8_np512,main,0.8,True,True,True,True,False,True,True,False,True
3119,pca_uc_384_sq8_np512,main,0.9,True,True,False,False,True,True,True,False,True
3122,pca_uc_384_sq8_np512,sanity,1.0,True,True,False,False,True,True,True,False,False
3129,pca_uc_384_sq8_np512,main,0.8,True,True,True,True,False,True,True,False,True
3130,pca_uc_384_sq8_np512,main,0.9,False,False,False,False,True,False,False,False,False
3135,pca_uc_384_sq8_np512,main,1.0,True,True,True,True,False,True,True,False,True
3137,pca_uc_384_sq8_np512,main,1.0,True,True,True,True,False,True,True,False,True
3147,pca_uc_384_sq8_np512,sanity,1.0,True,False,True,True,False,True,False,False,False
3153,pca_uc_384_sq8_np512,main,0.9,True,True,True,True,False,True,True,False,True
3155,pca_uc_384_sq8_np512,main,0.6,False,False,True,True,False,True,True,False,True
3160,pca_uc_384_sq8_np512,main,1.0,True,True,True,True,False,True,True,False,True
3161,pca_uc_384_sq8_np512,main,0.8,True,True,False,False,True,True,True,False,True
3183,pca_uc_384_sq8_np512,main,1.0,True,True,False,False,True,True,True,False,True
3184,pca_uc_384_sq8_np512,main,1.0,True,True,False,False,True,True,True,False,True
3191,pca_uc_384_sq8_np512,main,0.9,True,True,True,True,False,True,True,False,True
3204,pca_uc_384_sq8_np512,main,0.9,True,True,False,False,True,True,True,False,True
3211,pca_uc_384_sq8_np512,main,0.9,True,True,False,False,False,True,True,False,True
3224,pca_uc_384_sq8_np512,main,1.0,True,True,True,True,False,True,True,False,True
3239,pca_uc_384_sq8_np512,main,0.9,True,True,True,True,False,True,True,False,True
3258,pca_uc_384_sq8_np512,main,1.0,True,True,True,True,False,True,True,False,True
3260,pca_uc_384_sq8_np512,main,0.8,True,True,False,False,True,True,True,False,True
3271,pca_uc_384_sq8_np512,main,1.0,True,True,False,False,True,True,True,False,True
3276,pca_uc_384_sq8_np512,main,1.0,True,True,False,False,True,True,True,False,True
3282,pca_uc_384_sq8_np512,main,1.0,True,True,False,False,True,True,True,False,True
3290,pca_uc_384_sq8_np512,sanity,1.0,False,False,False,False,False,False,False,False,False
3292,pca_uc_384_sq8_np512,main,1.0,True,True,False,False,True,True,True,False,True
3301,pca_uc_384_sq8_np512,main,1.0,True,True,False,False,True,True,True,False,True
3310,pca_uc_384_sq8_np512,main,1.0,True,True,False,False,True,True,True,False,True
3312,pca_uc_384_sq8_np512,main,1.0,False,False,False,False,False,False,False,False,False
3317,pca_uc_384_sq8_np512,main,1.0,True,True,True,True,False,True,True,False,True
3320,pca_uc_384_sq8_np512,main,0.9,True,True,True,True,False,True,True,False,True
3323,pca_uc_384_sq8_np512,main,0.9,True,True,False,False,True,True,True,False,True
3325,pca_uc_384_sq8_np512,main,1.0,False,False,True,True,False,False,False,False,False
3345,pca_uc_384_sq8_np512,main,1.0,True,True,True,True,False,True,True,False,True
3348,pca_uc_384_sq8_np512,main,0.8,True,True,False,False,True,True,True,False,True
3362,pca_uc_384_sq8_np512,main,1.0,True,True,False,False,True,True,True,False,True
3363,pca_uc_384_sq8_np512,main,0.9,False,False,True,True,False,False,False,False,False
3368,pca_uc_384_sq8_np512,main,0.8,True,True,True,True,False,True,True,False,True
3382,pca_uc_384_sq8_np512,sanity,0.9,True,True,True,True,False,True,True,False,False
3386,pca_uc_384_sq8_np512,main,0.9,True,True,True,True,False,True,True,False,True
3390,pca_uc_384_sq8_np512,sanity,0.9,True,True,False,False,True,True,True,False,False
3417,pca_uc_384_sq8_np512,main,1.0,True,True,False,False,False,True,True,False,True
3419,pca_uc_384_sq8_np512,main,1.0,True,True,False,False,True,True,True,False,True
3420,pca_uc_384_sq8_np512,sanity,0.9,True,True,True,True,False,True,True,False,False
3424,pca_uc_384_sq8_np512,main,0.9,True,True,False,False,True,True,True,False,True
3434,pca_uc_384_sq8_np512,main,0.9,True,True,False,False,False,True,True,False,True
3438,pca_uc_384_sq8_np512,main,0.9,True,True,False,False,True,True,True,False,True
3441,pca_uc_384_sq8_np512,main,1.0,True,True,False,False,True,True,True,False,True
3446,pca_uc_384_sq8_np512,main,0.8,True,True,True,True,False,True,True,False,True
3453,pca_uc_384_sq8_np512,main,0.9,False,False,False,False,False,False,False,False,False
3457,pca_uc_384_sq8_np512,main,0.8,False,False,True,True,False,False,False,False,False
3467,pca_uc_384_sq8_np512,main,1.0,False,False,True,True,False,False,False,False,False
3478,pca_uc_384_sq8_np512,main,1.0,True,False,False,False,True,True,False,False,False
3480,pca_uc_384_sq8_np512,main,0.9,True,True,True,True,False,True,True,False,True
3485,pca_uc_384_sq8_np512,main,1.0,False,False,True,True,False,False,False,False,False
3497,pca_uc_384_sq8_np512,main,1.0,True,False,False,False,False,True,False,False,False
3499,pca_uc_384_sq8_np512,sanity,1.0,True,True,False,False,True,True,True,False,False
3503,pca_uc_384_sq8_np512,main,1.0,True,True,False,False,True,True,True,False,True
3510,pca_uc_384_sq8_np512,main,0.8,True,True,False,False,True,True,True,False,True
3513,pca_uc_384_sq8_np512,sanity,0.9,False,False,False,False,False,False,False,False,False
3520,pca_uc_384_sq8_np512,main,0.8,False,False,True,True,False,True,False,False,False
3552,pca_uc_384_sq8_np512,main,0.8,True,False,False,False,False,True,False,True,False
3554,pca_uc_384_sq8_np512,main,0.8,True,True,False,False,True,True,True,False,True
3558,pca_uc_384_sq8_np512,main,1.0,True,True,False,False,True,True,True,False,True
3568,pca_uc_384_sq8_np512,main,0.8,True,True,False,False,True,True,True,False,True
3570,pca_uc_384_sq8_np512,main,0.9,True,True,False,False,True,True,True,False,True
3579,pca_uc_384_sq8_np512,main,0.8,True,False,True,True,False,True,False,False,False
3583,pca_uc_384_sq8_np512,sanity,0.9,False,False,False,False,False,False,False,False,False
3591,pca_uc_384_sq8_np512,main,1.0,True,True,True,True,False,True,True,False,True
3595,pca_uc_384_sq8_np512,main,1.0,True,True,False,False,False,True,True,False,True
3606,pca_uc_384_sq8_np512,main,1.0,True,True,True,True,False,True,True,False,True
3609,pca_uc_384_sq8_np512,main,0.9,True,True,False,False,True,True,True,False,True
13,pca_uc_512_sq8_np512,sanity,0.9,True,True,False,False,True,True,True,False,False
14,pca_uc_512_sq8_np512,main,1.0,True,True,False,False,True,True,True,False,True
19,pca_uc_512_sq8_np512,main,1.0,True,False,True,True,False,True,False,True,False
30,pca_uc_512_sq8_np512,main,1.0,True,True,False,False,True,True,True,False,True
45,pca_uc_512_sq8_np512,main,1.0,True,True,False,False,True,True,True,False,True
60,pca_uc_512_sq8_np512,main,1.0,True,True,False,False,True,True,True,False,True
66,pca_uc_512_sq8_np512,main,1.0,True,True,False,False,True,True,True,False,True
71,pca_uc_512_sq8_np512,main,1.0,True,True,False,False,True,True,True,False,True
82,pca_uc_512_sq8_np512,main,0.9,True,False,True,True,False,True,False,False,False
92,pca_uc_512_sq8_np512,main,0.9,True,True,True,True,False,True,True,False,True
105,pca_uc_512_sq8_np512,main,0.9,True,True,True,True,False,True,True,False,True
108,pca_uc_512_sq8_np512,main,0.9,True,True,False,False,True,True,True,False,True
115,pca_uc_512_sq8_np512,main,0.9,True,True,False,False,True,True,True,False,True
125,pca_uc_512_sq8_np512,main,1.0,True,False,False,False,False,True,False,False,False
129,pca_uc_512_sq8_np512,main,0.9,False,False,False,False,False,False,False,False,False
132,pca_uc_512_sq8_np512,main,1.0,True,False,False,False,True,True,False,True,False
146,pca_uc_512_sq8_np512,sanity,0.9,True,True,True,True,False,True,True,False,False
151,pca_uc_512_sq8_np512,main,1.0,False,False,False,False,False,False,False,False,False
153,pca_uc_512_sq8_np512,main,1.0,False,False,True,True,False,False,False,False,False
180,pca_uc_512_sq8_np512,main,0.9,False,False,False,False,True,False,False,False,False
188,pca_uc_512_sq8_np512,main,1.0,True,True,False,False,True,True,True,False,True
206,pca_uc_512_sq8_np512,main,1.0,True,True,True,True,False,True,True,False,True
217,pca_uc_512_sq8_np512,main,0.9,True,True,True,True,False,True,True,False,True
233,pca_uc_512_sq8_np512,main,1.0,False,False,True,True,False,False,False,False,False
235,pca_uc_512_sq8_np512,main,0.9,False,False,False,False,True,False,False,False,False
249,pca_uc_512_sq8_np512,main,1.0,True,True,False,False,True,True,True,False,True
261,pca_uc_512_sq8_np512,main,0.9,True,True,False,False,True,True,True,False,True
264,pca_uc_512_sq8_np512,main,1.0,True,True,False,False,True,True,True,False,True
268,pca_uc_512_sq8_np512,main,0.8,True,True,False,False,True,True,True,False,True
279,pca_uc_512_sq8_np512,main,0.9,False,False,True,True,False,True,True,False,True
286,pca_uc_512_sq8_np512,main,0.9,True,True,False,False,True,True,True,False,True
287,pca_uc_512_sq8_np512,main,1.0,True,True,False,False,True,True,True,False,True
290,pca_uc_512_sq8_np512,main,1.0,True,False,True,True,False,True,False,True,False
291,pca_uc_512_sq8_np512,main,0.9,True,False,False,False,True,True,False,False,False
295,pca_uc_512_sq8_np512,main,0.9,True,False,False,False,True,True,False,False,False
296,pca_uc_512_sq8_np512,main,1.0,True,True,True,True,False,True,True,False,True
307,pca_uc_512_sq8_np512,main,1.0,True,True,False,False,True,True,True,False,True
318,pca_uc_512_sq8_np512,main,1.0,True,True,False,False,True,True,True,False,True
319,pca_uc_512_sq8_np512,main,1.0,True,False,False,False,True,True,False,False,False
323,pca_uc_512_sq8_np512,sanity,1.0,False,False,False,False,False,False,False,False,False
337,pca_uc_512_sq8_np512,main,1.0,True,True,True,True,False,True,True,False,True
350,pca_uc_512_sq8_np512,main,1.0,True,True,False,False,True,True,True,False,True
352,pca_uc_512_sq8_np512,main,0.9,True,True,False,False,True,True,True,False,True
371,pca_uc_512_sq8_np512,main,0.9,True,True,False,False,True,True,True,False,True
382,pca_uc_512_sq8_np512,main,1.0,False,False,False,False,True,False,False,False,False
399,pca_uc_512_sq8_np512,main,1.0,True,True,False,False,True,True,True,False,True
400,pca_uc_512_sq8_np512,main,1.0,True,True,False,False,False,True,True,False,True
416,pca_uc_512_sq8_np512,main,1.0,True,True,True,True,False,True,True,False,True
419,pca_uc_512_sq8_np512,main,0.9,True,True,False,False,True,True,True,False,True
421,pca_uc_512_sq8_np512,main,1.0,True,True,True,True,False,True,True,False,True
422,pca_uc_512_sq8_np512,main,1.0,True,True,False,False,True,True,True,False,True
424,pca_uc_512_sq8_np512,sanity,1.0,True,True,True,True,False,True,True,False,False
433,pca_uc_512_sq8_np512,main,1.0,True,True,False,False,True,True,True,False,True
442,pca_uc_512_sq8_np512,main,0.9,True,False,False,False,True,True,False,False,False
444,pca_uc_512_sq8_np512,main,1.0,True,True,False,False,True,True,True,False,True
447,pca_uc_512_sq8_np512,main,0.9,False,False,True,True,False,False,False,False,False
450,pca_uc_512_sq8_np512,main,1.0,True,True,False,False,True,True,True,False,True
453,pca_uc_512_sq8_np512,main,1.0,True,True,False,False,False,True,True,False,True
462,pca_uc_512_sq8_np512,sanity,1.0,False,False,True,True,False,False,False,False,False
476,pca_uc_512_sq8_np512,main,1.0,True,False,False,False,True,True,False,False,False
478,pca_uc_512_sq8_np512,sanity,1.0,True,True,False,False,True,True,True,False,False
482,pca_uc_512_sq8_np512,main,0.9,True,True,True,True,False,True,True,False,True
484,pca_uc_512_sq8_np512,main,1.0,True,True,True,True,False,True,True,False,True
486,pca_uc_512_sq8_np512,main,1.0,True,True,False,False,True,True,True,False,True
488,pca_uc_512_sq8_np512,main,0.9,False,False,False,False,False,False,False,False,False
491,pca_uc_512_sq8_np512,main,0.9,True,False,True,True,False,True,False,False,False
496,pca_uc_512_sq8_np512,main,1.0,True,True,False,False,False,True,True,False,True
501,pca_uc_512_sq8_np512,main,0.9,True,True,False,False,True,True,True,False,True
508,pca_uc_512_sq8_np512,main,1.0,True,True,True,True,False,True,True,False,True
513,pca_uc_512_sq8_np512,main,1.0,True,True,True,True,False,True,True,False,True
518,pca_uc_512_sq8_np512,main,1.0,True,True,False,False,True,True,True,False,True
519,pca_uc_512_sq8_np512,sanity,0.9,True,True,True,True,False,True,True,False,False
523,pca_uc_512_sq8_np512,main,0.8,True,True,False,False,True,True,True,False,True
524,pca_uc_512_sq8_np512,main,0.9,True,True,False,False,True,True,True,False,True
531,pca_uc_512_sq8_np512,main,0.9,False,False,True,True,False,False,False,False,False
535,pca_uc_512_sq8_np512,sanity,0.9,True,True,True,True,False,True,True,False,False
537,pca_uc_512_sq8_np512,main,1.0,True,True,False,False,True,True,True,False,True
551,pca_uc_512_sq8_np512,main,1.0,True,False,True,True,False,True,False,True,False
552,pca_uc_512_sq8_np512,main,0.9,True,True,False,False,True,True,True,False,True
553,pca_uc_512_sq8_np512,main,0.9,True,True,False,False,True,True,True,False,True
559,pca_uc_512_sq8_np512,main,1.0,True,True,True,True,False,True,True,False,True
565,pca_uc_512_sq8_np512,main,0.9,True,True,False,False,True,True,True,False,True
571,pca_uc_512_sq8_np512,sanity,0.9,True,True,False,False,True,True,True,False,False
590,pca_uc_512_sq8_np512,main,1.0,True,True,True,True,False,True,True,False,True
591,pca_uc_512_sq8_np512,main,1.0,False,False,True,True,False,False,False,False,False
604,pca_uc_512_sq8_np512,main,0.9,False,False,True,True,False,False,False,False,False
606,pca_uc_512_sq8_np512,main,0.9,True,True,False,False,True,True,True,False,True
614,pca_uc_512_sq8_np512,main,1.0,True,True,False,False,False,True,True,False,True
617,pca_uc_512_sq8_np512,main,0.9,True,True,False,False,True,True,True,False,True
619,pca_uc_512_sq8_np512,sanity,1.0,False,False,True,True,False,False,False,False,False
621,pca_uc_512_sq8_np512,main,1.0,True,True,True,True,False,True,True,False,True
637,pca_uc_512_sq8_np512,main,1.0,True,True,False,False,True,True,True,False,True
642,pca_uc_512_sq8_np512,main,1.0,True,True,False,False,True,True,True,False,True
644,pca_uc_512_sq8_np512,main,1.0,True,True,False,False,True,True,True,False,True
652,pca_uc_512_sq8_np512,main,0.9,False,False,True,True,False,False,False,False,False
658,pca_uc_512_sq8_np512,sanity,1.0,False,False,True,True,False,False,False,False,False
684,pca_uc_512_sq8_np512,main,1.0,False,False,True,True,False,False,False,False,False
697,pca_uc_512_sq8_np512,main,1.0,True,True,False,False,False,True,True,False,True
701,pca_uc_512_sq8_np512,main,1.0,True,True,True,True,False,True,True,False,True
705,pca_uc_512_sq8_np512,main,1.0,True,True,False,False,True,True,True,False,True
715,pca_uc_512_sq8_np512,main,1.0,False,False,True,True,False,False,False,False,False
726,pca_uc_512_sq8_np512,main,1.0,False,False,False,False,True,False,False,False,False
753,pca_uc_512_sq8_np512,main,1.0,True,True,False,False,True,True,True,False,True
754,pca_uc_512_sq8_np512,main,1.0,True,True,True,True,False,True,True,False,True
775,pca_uc_512_sq8_np512,sanity,1.0,False,False,True,True,False,False,False,False,False
782,pca_uc_512_sq8_np512,main,1.0,False,False,True,True,False,False,False,False,False
784,pca_uc_512_sq8_np512,main,1.0,True,True,False,False,True,True,True,False,True
787,pca_uc_512_sq8_np512,main,0.9,True,True,False,False,True,True,True,False,True
802,pca_uc_512_sq8_np512,main,1.0,True,True,True,True,False,True,True,False,True
823,pca_uc_512_sq8_np512,main,0.9,True,True,False,False,True,True,True,False,True
826,pca_uc_512_sq8_np512,main,0.9,True,True,False,False,True,True,True,False,True
841,pca_uc_512_sq8_np512,main,0.9,False,False,True,True,False,False,False,False,False
845,pca_uc_512_sq8_np512,main,1.0,True,True,False,False,False,True,True,False,True
855,pca_uc_512_sq8_np512,main,1.0,False,False,True,True,False,False,False,False,False
861,pca_uc_512_sq8_np512,main,1.0,True,True,False,False,True,True,True,False,True
868,pca_uc_512_sq8_np512,main,1.0,True,True,False,False,True,True,True,False,True
873,pca_uc_512_sq8_np512,main,0.9,False,False,False,False,True,False,False,False,False
883,pca_uc_512_sq8_np512,sanity,1.0,False,False,False,False,False,False,False,False,False
884,pca_uc_512_sq8_np512,main,1.0,True,True,False,False,True,True,True,False,True
891,pca_uc_512_sq8_np512,main,1.0,True,True,False,False,False,True,True,False,True
896,pca_uc_512_sq8_np512,main,1.0,True,True,False,False,False,True,True,False,True
901,pca_uc_512_sq8_np512,main,0.9,True,True,False,False,False,True,True,False,True
905,pca_uc_512_sq8_np512,sanity,1.0,True,True,False,False,True,True,True,False,False
907,pca_uc_512_sq8_np512,main,1.0,True,True,False,False,False,True,True,False,True
919,pca_uc_512_sq8_np512,sanity,1.0,True,True,False,False,False,True,True,False,False
931,pca_uc_512_sq8_np512,main,0.9,True,True,True,True,False,True,True,False,True
937,pca_uc_512_sq8_np512,main,1.0,True,True,False,False,True,True,True,False,True
944,pca_uc_512_sq8_np512,main,1.0,False,False,False,False,False,False,False,False,False
966,pca_uc_512_sq8_np512,main,1.0,False,False,True,True,False,False,False,False,False
967,pca_uc_512_sq8_np512,main,0.9,True,True,False,False,True,True,True,False,True
970,pca_uc_512_sq8_np512,main,1.0,True,True,False,False,True,True,True,False,True
972,pca_uc_512_sq8_np512,main,1.0,True,True,True,True,False,True,True,False,True
978,pca_uc_512_sq8_np512,main,0.9,False,False,True,True,False,False,False,False,False
987,pca_uc_512_sq8_np512,main,1.0,False,False,True,True,False,False,False,False,False
990,pca_uc_512_sq8_np512,main,1.0,True,True,True,True,False,True,True,False,True
992,pca_uc_512_sq8_np512,main,0.9,True,True,True,True,False,True,True,False,True
1000,pca_uc_512_sq8_np512,main,0.9,True,True,False,False,True,True,True,False,True
1001,pca_uc_512_sq8_np512,main,1.0,True,True,False,False,False,True,True,False,True
1003,pca_uc_512_sq8_np512,main,1.0,True,False,False,False,True,True,False,False,False
1005,pca_uc_512_sq8_np512,main,1.0,True,False,False,False,False,True,False,False,False
1016,pca_uc_512_sq8_np512,main,1.0,True,True,False,False,True,True,True,False,True
1020,pca_uc_512_sq8_np512,main,1.0,True,True,True,True,False,True,True,False,True
1026,pca_uc_512_sq8_np512,main,1.0,True,True,False,False,True,True,True,False,True
1028,pca_uc_512_sq8_np512,main,0.9,True,False,True,True,False,True,False,False,False
1032,pca_uc_512_sq8_np512,main,1.0,True,True,True,True,False,True,True,False,True
1048,pca_uc_512_sq8_np512,main,1.0,True,True,False,False,True,True,True,False,True
1056,pca_uc_512_sq8_np512,main,1.0,True,True,True,True,False,True,True,False,True
1063,pca_uc_512_sq8_np512,main,1.0,True,True,False,False,True,True,True,False,True
1065,pca_uc_512_sq8_np512,main,0.9,True,False,True,True,False,True,False,False,False
1066,pca_uc_512_sq8_np512,main,1.0,True,True,False,False,True,True,True,False,True
1071,pca_uc_512_sq8_np512,main,1.0,True,True,False,False,True,True,True,False,True
1081,pca_uc_512_sq8_np512,sanity,0.9,True,True,True,True,False,True,True,False,False
1085,pca_uc_512_sq8_np512,main,1.0,True,True,True,True,False,True,True,False,True
1088,pca_uc_512_sq8_np512,main,1.0,True,True,False,False,True,True,True,False,True
1089,pca_uc_512_sq8_np512,main,0.9,True,True,True,True,False,True,True,False,True
1093,pca_uc_512_sq8_np512,main,0.9,False,False,True,True,False,False,False,False,False
1094,pca_uc_512_sq8_np512,main,1.0,True,False,True,True,False,True,False,True,False
1103,pca_uc_512_sq8_np512,main,0.9,True,True,True,True,False,True,True,False,True
1106,pca_uc_512_sq8_np512,main,1.0,True,True,False,False,True,True,True,False,True
1108,pca_uc_512_sq8_np512,main,0.9,False,False,True,True,False,True,False,False,False
1113,pca_uc_512_sq8_np512,main,1.0,True,True,False,False,True,True,True,False,True
1114,pca_uc_512_sq8_np512,main,1.0,True,True,True,True,False,True,True,False,True
1118,pca_uc_512_sq8_np512,main,1.0,True,True,False,False,True,True,True,False,True
1122,pca_uc_512_sq8_np512,main,1.0,False,False,True,True,False,False,False,False,False
1125,pca_uc_512_sq8_np512,main,1.0,True,True,False,False,False,True,True,False,True
1148,pca_uc_512_sq8_np512,main,1.0,True,True,False,False,False,True,True,False,True
1155,pca_uc_512_sq8_np512,main,1.0,True,True,False,False,True,True,True,False,True
1158,pca_uc_512_sq8_np512,main,1.0,True,True,False,False,True,True,True,False,True
1174,pca_uc_512_sq8_np512,main,1.0,False,False,True,True,False,False,False,False,False
1183,pca_uc_512_sq8_np512,main,1.0,True,True,True,True,False,True,True,False,True
1191,pca_uc_512_sq8_np512,main,1.0,True,False,False,False,True,True,False,False,False
1216,pca_uc_512_sq8_np512,main,1.0,False,False,True,True,False,False,False,False,False
1217,pca_uc_512_sq8_np512,main,1.0,True,True,False,False,True,True,True,False,True
1244,pca_uc_512_sq8_np512,main,0.9,True,True,True,True,False,True,True,False,True
1258,pca_uc_512_sq8_np512,main,0.9,False,False,True,True,False,False,False,False,False
1278,pca_uc_512_sq8_np512,main,1.0,True,True,True,True,False,True,True,False,True
1279,pca_uc_512_sq8_np512,main,0.9,True,True,False,False,True,True,True,False,True
1282,pca_uc_512_sq8_np512,main,1.0,True,True,False,False,False,True,True,False,True
1287,pca_uc_512_sq8_np512,main,0.9,True,True,False,False,True,True,True,False,True
1289,pca_uc_512_sq8_np512,main,1.0,True,True,False,False,True,True,True,False,True
1292,pca_uc_512_sq8_np512,main,1.0,True,True,False,False,True,True,True,False,True
1293,pca_uc_512_sq8_np512,main,0.9,True,True,True,True,False,True,True,False,True
1313,pca_uc_512_sq8_np512,main,0.9,True,True,False,False,False,True,True,False,True
1320,pca_uc_512_sq8_np512,main,0.9,True,True,True,True,False,True,True,False,True
1322,pca_uc_512_sq8_np512,main,0.9,True,True,False,False,True,True,True,False,True
1327,pca_uc_512_sq8_np512,sanity,0.9,False,False,False,False,True,False,False,False,False
1333,pca_uc_512_sq8_np512,main,0.9,True,True,False,False,True,True,True,False,True
1336,pca_uc_512_sq8_np512,main,0.9,True,True,False,False,True,True,True,False,True
1338,pca_uc_512_sq8_np512,main,1.0,True,True,False,False,True,True,True,False,True
1342,pca_uc_512_sq8_np512,main,1.0,True,False,True,True,False,True,False,True,False
1348,pca_uc_512_sq8_np512,sanity,0.9,False,False,False,True,False,False,False,False,False
1370,pca_uc_512_sq8_np512,main,1.0,True,True,False,False,False,True,True,False,True
1372,pca_uc_512_sq8_np512,main,1.0,True,True,False,True,False,True,True,False,True
1375,pca_uc_512_sq8_np512,main,0.9,True,True,False,False,True,True,True,False,True
1376,pca_uc_512_sq8_np512,main,0.9,False,False,False,False,False,False,False,False,False
1396,pca_uc_512_sq8_np512,main,0.9,True,True,False,False,True,True,True,False,True
1418,pca_uc_512_sq8_np512,main,0.9,True,True,False,False,True,True,True,False,True
1419,pca_uc_512_sq8_np512,main,0.9,True,True,True,True,False,True,True,False,True
1423,pca_uc_512_sq8_np512,main,1.0,True,True,False,False,True,True,True,False,True
1427,pca_uc_512_sq8_np512,main,0.9,True,True,False,False,True,True,True,False,True
1433,pca_uc_512_sq8_np512,main,1.0,True,True,True,True,False,True,True,False,True
1437,pca_uc_512_sq8_np512,main,0.8,True,True,True,True,False,True,True,False,True
1438,pca_uc_512_sq8_np512,main,1.0,True,False,False,False,True,True,False,False,False
1458,pca_uc_512_sq8_np512,sanity,1.0,False,False,True,True,False,False,False,False,False
1463,pca_uc_512_sq8_np512,main,0.9,True,True,False,False,True,True,True,False,True
1466,pca_uc_512_sq8_np512,main,1.0,True,True,False,False,True,True,True,False,True
1470,pca_uc_512_sq8_np512,sanity,1.0,False,False,True,True,False,False,False,False,False
1471,pca_uc_512_sq8_np512,main,0.9,True,False,True,True,False,True,False,True,False
1480,pca_uc_512_sq8_np512,main,0.8,True,True,True,True,False,True,True,False,True
1484,pca_uc_512_sq8_np512,main,1.0,True,False,True,True,False,True,False,False,False
1487,pca_uc_512_sq8_np512,main,1.0,True,True,False,False,True,True,True,False,True
1490,pca_uc_512_sq8_np512,main,1.0,False,False,True,True,False,False,False,False,False
1496,pca_uc_512_sq8_np512,main,1.0,True,True,False,False,False,True,True,False,True
1501,pca_uc_512_sq8_np512,main,1.0,True,True,False,False,False,True,True,False,True
1507,pca_uc_512_sq8_np512,main,1.0,True,True,False,False,True,True,True,False,True
1508,pca_uc_512_sq8_np512,sanity,1.0,True,True,False,False,True,True,True,False,False
1520,pca_uc_512_sq8_np512,main,1.0,True,True,True,True,False,True,True,False,True
1527,pca_uc_512_sq8_np512,main,1.0,True,True,False,False,True,True,True,False,True
1538,pca_uc_512_sq8_np512,main,0.9,False,False,True,True,False,False,False,False,False
1542,pca_uc_512_sq8_np512,main,1.0,True,False,False,False,True,True,False,False,False
1558,pca_uc_512_sq8_np512,main,0.9,False,False,True,True,False,False,False,False,False
1574,pca_uc_512_sq8_np512,main,1.0,True,False,False,False,True,True,False,False,False
1583,pca_uc_512_sq8_np512,main,1.0,True,True,False,False,True,True,True,False,True
1589,pca_uc_512_sq8_np512,main,1.0,True,True,False,False,True,True,True,False,True
1594,pca_uc_512_sq8_np512,main,0.9,True,True,True,True,False,True,True,False,True
1596,pca_uc_512_sq8_np512,sanity,0.9,False,False,True,True,False,False,False,False,False
1603,pca_uc_512_sq8_np512,sanity,1.0,False,False,False,True,False,False,False,False,False
1611,pca_uc_512_sq8_np512,main,1.0,True,True,False,False,True,True,True,False,True
1613,pca_uc_512_sq8_np512,main,1.0,False,False,True,True,False,False,False,False,False
1617,pca_uc_512_sq8_np512,main,1.0,False,False,True,True,False,False,False,False,False
1625,pca_uc_512_sq8_np512,main,1.0,True,False,True,True,False,True,False,True,False
1626,pca_uc_512_sq8_np512,main,1.0,True,True,False,False,True,True,True,False,True
1627,pca_uc_512_sq8_np512,main,1.0,False,False,True,True,False,False,False,False,False
1630,pca_uc_512_sq8_np512,main,1.0,True,True,False,False,True,True,True,False,True
1641,pca_uc_512_sq8_np512,main,0.9,True,True,False,False,True,True,True,False,True
1642,pca_uc_512_sq8_np512,sanity,0.9,False,False,False,False,False,False,False,False,False
1645,pca_uc_512_sq8_np512,sanity,1.0,True,True,False,False,True,True,True,False,False
1654,pca_uc_512_sq8_np512,main,0.9,False,False,True,True,False,False,False,False,False
1656,pca_uc_512_sq8_np512,main,1.0,True,True,False,False,True,True,True,False,True
1660,pca_uc_512_sq8_np512,main,1.0,True,True,True,True,False,True,True,False,True
1661,pca_uc_512_sq8_np512,main,1.0,False,False,True,True,False,False,False,False,False
1670,pca_uc_512_sq8_np512,main,1.0,False,False,True,True,False,False,False,False,False
1671,pca_uc_512_sq8_np512,sanity,0.9,True,True,False,False,True,True,True,False,False
1690,pca_uc_512_sq8_np512,main,0.9,True,True,False,False,True,True,True,False,True
1699,pca_uc_512_sq8_np512,main,0.9,False,False,False,False,False,False,False,False,False
1715,pca_uc_512_sq8_np512,sanity,0.9,False,False,True,True,False,False,False,False,False
1767,pca_uc_512_sq8_np512,main,1.0,False,False,True,True,False,False,False,False,False
1770,pca_uc_512_sq8_np512,main,1.0,True,True,True,True,False,True,True,False,True
1777,pca_uc_512_sq8_np512,main,1.0,True,True,False,False,True,True,True,False,True
1785,pca_uc_512_sq8_np512,main,0.9,True,True,True,True,False,True,True,False,True
1797,pca_uc_512_sq8_np512,main,0.9,True,True,False,False,True,True,True,False,True
1799,pca_uc_512_sq8_np512,main,1.0,True,True,False,False,True,True,True,False,True
1800,pca_uc_512_sq8_np512,main,1.0,True,True,False,False,True,True,True,False,True
1804,pca_uc_512_sq8_np512,main,1.0,True,True,False,False,True,True,True,False,True
1810,pca_uc_512_sq8_np512,main,1.0,True,True,True,True,False,True,True,False,True
1811,pca_uc_512_sq8_np512,main,1.0,True,True,False,False,False,True,True,False,True
1816,pca_uc_512_sq8_np512,main,1.0,False,False,True,True,False,False,False,False,False
1831,pca_uc_512_sq8_np512,sanity,1.0,False,False,False,False,False,False,False,False,False
1832,pca_uc_512_sq8_np512,main,1.0,True,True,False,False,True,True,True,False,True
1837,pca_uc_512_sq8_np512,main,1.0,True,True,False,False,True,True,True,False,True
1842,pca_uc_512_sq8_np512,main,1.0,False,False,False,False,False,False,False,False,False
1859,pca_uc_512_sq8_np512,main,1.0,True,True,False,False,True,True,True,False,True
1864,pca_uc_512_sq8_np512,main,1.0,False,False,False,False,True,False,False,False,False
1874,pca_uc_512_sq8_np512,main,1.0,True,True,True,True,False,True,True,False,True
1875,pca_uc_512_sq8_np512,main,1.0,True,True,False,False,True,True,True,False,True
1906,pca_uc_512_sq8_np512,main,1.0,True,True,False,False,True,True,True,False,True
1908,pca_uc_512_sq8_np512,main,1.0,False,False,True,True,False,False,False,False,False
1916,pca_uc_512_sq8_np512,main,1.0,True,True,False,False,True,True,True,False,True
1928,pca_uc_512_sq8_np512,sanity,0.9,True,True,False,False,True,True,True,False,False
1932,pca_uc_512_sq8_np512,main,0.9,False,False,True,True,False,False,False,False,False
1933,pca_uc_512_sq8_np512,main,0.9,False,False,False,False,True,False,False,False,False
1934,pca_uc_512_sq8_np512,main,0.9,True,True,False,False,True,True,True,False,True
1940,pca_uc_512_sq8_np512,main,0.8,True,True,False,False,False,True,True,False,True
1942,pca_uc_512_sq8_np512,sanity,0.9,True,True,False,False,True,True,True,False,False
1952,pca_uc_512_sq8_np512,main,1.0,True,True,False,False,True,True,True,False,True
1955,pca_uc_512_sq8_np512,main,0.9,True,True,True,True,False,True,True,False,True
1960,pca_uc_512_sq8_np512,main,1.0,True,True,True,True,False,True,True,False,True
1964,pca_uc_512_sq8_np512,main,1.0,False,False,True,True,False,False,False,True,False
1967,pca_uc_512_sq8_np512,main,1.0,True,True,False,False,True,True,True,False,True
1969,pca_uc_512_sq8_np512,main,0.9,True,False,False,False,True,True,False,True,False
1980,pca_uc_512_sq8_np512,main,0.9,True,False,True,True,False,True,False,True,False
1986,pca_uc_512_sq8_np512,main,0.9,True,True,False,False,True,True,True,False,True
1999,pca_uc_512_sq8_np512,main,1.0,False,False,False,False,False,False,False,False,False
2003,pca_uc_512_sq8_np512,main,0.9,True,True,False,False,False,True,True,False,True
2021,pca_uc_512_sq8_np512,main,0.9,True,True,True,True,False,True,True,False,True
2048,pca_uc_512_sq8_np512,sanity,1.0,False,False,False,False,False,False,False,False,False
2051,pca_uc_512_sq8_np512,main,1.0,True,True,False,False,True,True,True,False,True
2064,pca_uc_512_sq8_np512,main,1.0,True,True,False,False,False,True,True,False,True
2070,pca_uc_512_sq8_np512,main,0.9,True,True,False,False,True,True,True,False,True
2073,pca_uc_512_sq8_np512,sanity,1.0,True,True,False,False,True,True,True,False,False
2078,pca_uc_512_sq8_np512,main,1.0,True,True,False,False,True,True,True,False,True
2083,pca_uc_512_sq8_np512,main,1.0,False,False,False,False,True,False,False,False,False
2088,pca_uc_512_sq8_np512,main,0.9,True,True,False,False,True,True,True,False,True
2092,pca_uc_512_sq8_np512,main,1.0,False,False,False,False,False,False,False,False,False
2096,pca_uc_512_sq8_np512,main,0.9,False,False,True,True,False,False,False,False,False
2099,pca_uc_512_sq8_np512,main,1.0,True,True,True,True,False,True,True,False,True
2108,pca_uc_512_sq8_np512,main,1.0,False,False,False,False,False,False,False,False,False
2109,pca_uc_512_sq8_np512,main,1.0,True,True,False,False,True,True,True,False,True
2115,pca_uc_512_sq8_np512,main,1.0,False,False,True,True,False,False,False,False,False
2117,pca_uc_512_sq8_np512,sanity,0.9,False,False,False,False,False,False,False,False,False
2126,pca_uc_512_sq8_np512,main,1.0,True,True,False,False,True,True,True,False,True
2128,pca_uc_512_sq8_np512,main,1.0,False,False,True,True,False,False,False,False,False
2133,pca_uc_512_sq8_np512,main,0.9,False,False,False,False,False,False,False,False,False
2134,pca_uc_512_sq8_np512,main,1.0,True,True,False,False,True,True,True,False,True
2135,pca_uc_512_sq8_np512,main,1.0,True,False,True,True,False,True,False,False,False
2144,pca_uc_512_sq8_np512,main,1.0,True,True,True,True,False,True,True,False,True
2145,pca_uc_512_sq8_np512,main,0.9,False,False,True,True,False,False,False,False,False
2146,pca_uc_512_sq8_np512,main,0.9,True,True,False,False,True,True,True,False,True
2167,pca_uc_512_sq8_np512,main,1.0,True,False,False,False,False,True,False,False,False
2170,pca_uc_512_sq8_np512,main,1.0,True,False,False,False,False,True,False,False,False
2172,pca_uc_512_sq8_np512,main,0.9,True,True,False,False,True,True,True,False,True
2184,pca_uc_512_sq8_np512,main,1.0,True,True,True,True,False,True,True,False,True
2196,pca_uc_512_sq8_np512,sanity,1.0,True,True,False,False,True,True,True,False,False
2211,pca_uc_512_sq8_np512,main,0.9,True,True,False,False,False,True,True,False,True
2213,pca_uc_512_sq8_np512,main,1.0,False,False,False,False,False,False,False,False,False
2218,pca_uc_512_sq8_np512,main,1.0,True,True,False,False,False,True,True,False,True
2223,pca_uc_512_sq8_np512,main,1.0,False,False,True,True,False,False,False,False,False
2226,pca_uc_512_sq8_np512,main,1.0,False,False,True,True,False,False,False,False,False
2235,pca_uc_512_sq8_np512,main,1.0,True,True,False,False,True,True,True,False,True
2263,pca_uc_512_sq8_np512,main,0.9,True,True,False,False,True,True,True,False,True
2275,pca_uc_512_sq8_np512,main,0.9,False,False,False,False,False,False,False,False,False
2277,pca_uc_512_sq8_np512,main,1.0,True,True,False,False,False,True,True,False,True
2280,pca_uc_512_sq8_np512,sanity,1.0,False,False,True,True,False,False,False,False,False
2284,pca_uc_512_sq8_np512,main,1.0,True,False,False,False,True,True,False,True,False
2286,pca_uc_512_sq8_np512,main,0.9,True,True,False,False,True,True,True,False,True
2295,pca_uc_512_sq8_np512,main,1.0,True,True,False,False,False,True,True,False,True
2297,pca_uc_512_sq8_np512,main,1.0,True,False,False,False,True,True,False,False,False
2306,pca_uc_512_sq8_np512,main,0.9,True,True,False,False,True,True,True,False,True
2310,pca_uc_512_sq8_np512,main,1.0,True,True,False,False,False,True,True,False,True
2318,pca_uc_512_sq8_np512,main,1.0,True,True,True,True,False,True,True,False,True
2325,pca_uc_512_sq8_np512,main,1.0,True,True,False,False,True,True,True,False,True
2329,pca_uc_512_sq8_np512,main,1.0,True,True,True,True,False,True,True,False,True
2332,pca_uc_512_sq8_np512,main,1.0,True,True,False,False,True,True,True,False,True
2337,pca_uc_512_sq8_np512,main,1.0,True,True,False,False,True,True,True,False,True
2340,pca_uc_512_sq8_np512,main,1.0,False,False,True,True,False,False,False,False,False
2341,pca_uc_512_sq8_np512,sanity,0.9,False,False,True,True,False,False,False,False,False
2349,pca_uc_512_sq8_np512,main,1.0,True,False,False,False,True,True,False,False,False
2366,pca_uc_512_sq8_np512,main,0.8,True,True,False,False,True,True,True,False,True
2373,pca_uc_512_sq8_np512,main,1.0,True,True,False,False,True,True,True,False,True
2379,pca_uc_512_sq8_np512,main,0.9,True,True,True,True,False,True,True,False,True
2391,pca_uc_512_sq8_np512,main,1.0,True,True,True,True,False,True,True,False,True
2393,pca_uc_512_sq8_np512,main,0.8,True,True,True,True,False,True,True,False,True
2398,pca_uc_512_sq8_np512,main,1.0,True,True,False,False,True,True,True,False,True
2401,pca_uc_512_sq8_np512,main,1.0,True,True,True,True,False,True,True,False,True
2404,pca_uc_512_sq8_np512,main,1.0,False,False,True,True,False,False,False,False,False
2425,pca_uc_512_sq8_np512,main,1.0,True,True,False,False,True,True,True,False,True
2430,pca_uc_512_sq8_np512,main,1.0,True,True,True,True,False,True,True,False,True
2458,pca_uc_512_sq8_np512,main,1.0,True,True,True,True,False,True,True,False,True
2468,pca_uc_512_sq8_np512,main,1.0,True,True,True,True,False,True,True,False,True
2469,pca_uc_512_sq8_np512,main,0.9,True,True,False,False,True,True,True,False,True
2479,pca_uc_512_sq8_np512,main,1.0,True,False,False,False,True,True,False,False,False
2492,pca_uc_512_sq8_np512,sanity,1.0,True,True,False,False,True,True,True,False,False
2495,pca_uc_512_sq8_np512,main,0.9,True,True,False,False,True,True,True,False,True
2501,pca_uc_512_sq8_np512,main,0.9,True,True,False,False,True,True,True,False,True
2502,pca_uc_512_sq8_np512,main,0.9,True,True,False,False,True,True,True,False,True
2504,pca_uc_512_sq8_np512,main,0.9,True,True,False,False,False,True,True,False,True
2510,pca_uc_512_sq8_np512,main,1.0,True,False,True,True,False,True,False,True,False
2514,pca_uc_512_sq8_np512,main,1.0,True,True,False,False,False,True,True,False,True
2516,pca_uc_512_sq8_np512,main,1.0,False,False,True,True,False,False,False,False,False
2518,pca_uc_512_sq8_np512,main,1.0,True,True,True,True,False,True,True,False,True
2522,pca_uc_512_sq8_np512,sanity,1.0,False,False,False,False,False,False,False,False,False
2525,pca_uc_512_sq8_np512,main,0.9,True,True,True,True,False,True,True,False,True
2528,pca_uc_512_sq8_np512,main,1.0,True,False,False,False,True,True,False,False,False
2531,pca_uc_512_sq8_np512,main,1.0,True,True,False,False,False,True,True,False,True
2533,pca_uc_512_sq8_np512,main,0.8,False,False,True,True,False,True,True,False,True
2538,pca_uc_512_sq8_np512,sanity,1.0,True,True,False,False,True,True,True,False,False
2542,pca_uc_512_sq8_np512,main,0.9,True,True,True,True,False,True,True,False,True
2557,pca_uc_512_sq8_np512,main,1.0,False,False,True,True,False,False,False,False,False
2562,pca_uc_512_sq8_np512,main,1.0,False,False,True,True,False,False,False,False,False
2571,pca_uc_512_sq8_np512,main,0.9,True,True,False,False,False,True,True,False,True
2576,pca_uc_512_sq8_np512,main,0.9,True,True,False,False,False,True,True,False,True
2587,pca_uc_512_sq8_np512,main,1.0,True,True,True,True,False,True,True,False,True
2589,pca_uc_512_sq8_np512,main,0.9,True,True,False,False,True,True,True,False,True
2594,pca_uc_512_sq8_np512,main,1.0,True,True,False,False,True,True,True,False,True
2595,pca_uc_512_sq8_np512,main,1.0,False,False,True,True,False,False,False,False,False
2606,pca_uc_512_sq8_np512,main,1.0,True,True,False,False,True,True,True,False,True
2609,pca_uc_512_sq8_np512,main,1.0,False,False,False,False,True,False,False,False,False
2611,pca_uc_512_sq8_np512,main,1.0,True,True,False,False,False,True,True,False,True
2617,pca_uc_512_sq8_np512,main,1.0,True,False,True,True,False,True,False,False,False
2620,pca_uc_512_sq8_np512,main,0.9,True,True,False,False,True,True,True,False,True
2621,pca_uc_512_sq8_np512,main,1.0,True,True,True,True,False,True,True,False,True
2632,pca_uc_512_sq8_np512,main,1.0,True,True,False,False,True,True,True,False,True
2633,pca_uc_512_sq8_np512,main,0.9,True,True,False,False,True,True,True,False,True
2636,pca_uc_512_sq8_np512,main,0.9,True,True,True,True,False,True,True,False,True
2649,pca_uc_512_sq8_np512,main,1.0,True,True,True,True,False,True,True,False,True
2654,pca_uc_512_sq8_np512,main,0.9,True,True,False,False,True,True,True,False,True
2665,pca_uc_512_sq8_np512,main,0.9,True,True,True,True,False,True,True,False,True
2687,pca_uc_512_sq8_np512,main,1.0,True,True,True,True,False,True,True,False,True
2694,pca_uc_512_sq8_np512,main,0.9,True,True,False,False,True,True,True,False,True
2695,pca_uc_512_sq8_np512,main,0.9,True,True,False,False,True,True,True,False,True
2713,pca_uc_512_sq8_np512,main,1.0,True,True,False,False,True,True,True,False,True
2720,pca_uc_512_sq8_np512,main,0.9,True,True,False,False,True,True,True,False,True
2726,pca_uc_512_sq8_np512,main,1.0,True,True,False,False,True,True,True,False,True
2728,pca_uc_512_sq8_np512,main,1.0,True,True,False,False,True,True,True,False,True
2730,pca_uc_512_sq8_np512,main,1.0,True,True,False,False,True,True,True,False,True
2745,pca_uc_512_sq8_np512,main,1.0,False,False,True,True,False,False,False,False,False
2761,pca_uc_512_sq8_np512,sanity,1.0,False,False,True,True,False,False,False,False,False
2778,pca_uc_512_sq8_np512,main,1.0,True,True,False,False,True,True,True,False,True
2781,pca_uc_512_sq8_np512,main,1.0,True,True,False,False,True,True,True,False,True
2788,pca_uc_512_sq8_np512,main,1.0,True,True,False,False,False,True,True,False,True
2789,pca_uc_512_sq8_np512,main,0.9,True,True,False,False,True,True,True,False,True
2802,pca_uc_512_sq8_np512,main,0.9,True,True,False,False,True,True,True,False,True
2815,pca_uc_512_sq8_np512,sanity,1.0,True,True,False,False,True,True,True,False,False
2824,pca_uc_512_sq8_np512,main,1.0,False,False,True,True,False,False,False,False,False
2825,pca_uc_512_sq8_np512,main,1.0,False,False,True,True,False,False,False,False,False
2851,pca_uc_512_sq8_np512,main,0.9,True,True,False,False,False,True,True,False,True
2866,pca_uc_512_sq8_np512,main,1.0,True,True,True,True,False,True,True,False,True
2873,pca_uc_512_sq8_np512,main,1.0,True,True,True,True,False,True,True,False,True
2896,pca_uc_512_sq8_np512,main,1.0,True,True,False,False,True,True,True,False,True
2899,pca_uc_512_sq8_np512,main,1.0,True,True,False,False,True,True,True,False,True
2914,pca_uc_512_sq8_np512,main,1.0,True,True,True,True,False,True,True,False,True
2921,pca_uc_512_sq8_np512,main,1.0,True,True,False,False,False,True,True,False,True
2933,pca_uc_512_sq8_np512,main,1.0,True,True,False,False,True,True,True,False,True
2943,pca_uc_512_sq8_np512,main,0.9,True,False,True,True,False,True,False,False,False
2948,pca_uc_512_sq8_np512,main,1.0,True,True,False,False,False,True,True,False,True
2952,pca_uc_512_sq8_np512,main,1.0,True,True,False,False,True,True,True,False,True
2955,pca_uc_512_sq8_np512,main,0.9,True,True,False,False,True,True,True,False,True
2961,pca_uc_512_sq8_np512,main,1.0,True,False,False,False,True,True,False,False,False
3027,pca_uc_512_sq8_np512,main,1.0,True,True,False,False,True,True,True,False,True
3044,pca_uc_512_sq8_np512,main,1.0,True,True,False,False,True,True,True,False,True
3076,pca_uc_512_sq8_np512,main,0.9,True,True,False,False,True,True,True,False,True
3081,pca_uc_512_sq8_np512,main,1.0,True,True,False,False,True,True,True,False,True
3088,pca_uc_512_sq8_np512,main,1.0,False,False,True,True,False,False,False,False,False
3092,pca_uc_512_sq8_np512,main,1.0,True,True,False,False,True,True,True,False,True
3093,pca_uc_512_sq8_np512,main,1.0,True,True,False,False,True,True,True,False,True
3095,pca_uc_512_sq8_np512,main,1.0,True,True,True,True,False,True,True,False,True
3097,pca_uc_512_sq8_np512,main,1.0,True,True,False,False,True,True,True,False,True
3110,pca_uc_512_sq8_np512,main,0.9,True,True,False,False,True,True,True,False,True
3118,pca_uc_512_sq8_np512,main,1.0,True,True,False,False,False,True,True,False,True
3119,pca_uc_512_sq8_np512,main,1.0,True,True,True,True,False,True,True,False,True
3122,pca_uc_512_sq8_np512,sanity,0.9,True,True,False,False,True,True,True,False,False
3129,pca_uc_512_sq8_np512,main,1.0,True,True,True,True,False,True,True,False,True
3130,pca_uc_512_sq8_np512,main,0.9,False,False,False,False,True,False,False,False,False
3135,pca_uc_512_sq8_np512,main,1.0,True,True,True,True,False,True,True,False,True
3137,pca_uc_512_sq8_np512,main,1.0,True,True,True,True,False,True,True,False,True
3147,pca_uc_512_sq8_np512,sanity,1.0,True,False,True,True,False,True,False,False,False
3153,pca_uc_512_sq8_np512,main,0.9,True,True,True,True,False,True,True,False,True
3155,pca_uc_512_sq8_np512,main,0.8,False,False,True,True,False,True,True,False,True
3160,pca_uc_512_sq8_np512,main,1.0,True,True,True,True,True,True,True,False,True
3161,pca_uc_512_sq8_np512,main,1.0,True,True,True,True,False,True,True,False,True
3183,pca_uc_512_sq8_np512,main,1.0,True,True,False,False,True,True,True,False,True
3184,pca_uc_512_sq8_np512,main,1.0,True,True,False,False,True,True,True,False,True
3191,pca_uc_512_sq8_np512,main,0.9,True,True,True,True,False,True,True,False,True
3204,pca_uc_512_sq8_np512,main,1.0,True,True,False,False,True,True,True,False,True
3211,pca_uc_512_sq8_np512,main,0.9,True,True,False,False,False,True,True,False,True
3224,pca_uc_512_sq8_np512,main,1.0,True,True,False,False,False,True,True,False,True
3239,pca_uc_512_sq8_np512,main,0.9,True,True,True,True,False,True,True,False,True
3258,pca_uc_512_sq8_np512,main,1.0,True,True,True,True,False,True,True,False,True
3260,pca_uc_512_sq8_np512,main,0.8,True,True,False,False,True,True,True,False,True
3271,pca_uc_512_sq8_np512,main,1.0,True,True,False,False,True,True,True,False,True
3276,pca_uc_512_sq8_np512,main,1.0,True,True,False,False,True,True,True,False,True
3282,pca_uc_512_sq8_np512,main,1.0,True,True,False,False,True,True,True,False,True
3290,pca_uc_512_sq8_np512,sanity,1.0,False,False,True,True,False,False,False,False,False
3292,pca_uc_512_sq8_np512,main,1.0,True,True,True,True,False,True,True,False,True
3301,pca_uc_512_sq8_np512,main,1.0,True,True,False,False,True,True,True,False,True
3310,pca_uc_512_sq8_np512,main,1.0,True,True,False,False,True,True,True,False,True
3312,pca_uc_512_sq8_np512,main,1.0,False,False,False,False,False,False,False,False,False
3317,pca_uc_512_sq8_np512,main,0.9,True,True,True,True,False,True,True,False,True
3320,pca_uc_512_sq8_np512,main,1.0,True,True,True,True,False,True,True,False,True
3323,pca_uc_512_sq8_np512,main,0.9,True,True,False,False,True,True,True,False,True
3325,pca_uc_512_sq8_np512,main,1.0,False,False,True,True,False,False,False,False,False
3345,pca_uc_512_sq8_np512,main,1.0,True,True,True,True,False,True,True,False,True
3348,pca_uc_512_sq8_np512,main,0.9,True,True,False,False,True,True,True,False,True
3362,pca_uc_512_sq8_np512,main,1.0,True,True,False,False,True,True,True,False,True
3363,pca_uc_512_sq8_np512,main,0.9,False,False,True,True,False,False,False,False,False
3368,pca_uc_512_sq8_np512,main,0.9,True,True,True,True,False,True,True,False,True
3382,pca_uc_512_sq8_np512,sanity,1.0,True,True,True,True,False,True,True,False,False
3386,pca_uc_512_sq8_np512,main,1.0,True,True,False,False,True,True,True,False,True
3390,pca_uc_512_sq8_np512,sanity,1.0,True,True,False,False,True,True,True,False,False
3417,pca_uc_512_sq8_np512,main,1.0,True,True,True,True,False,True,True,False,True
3419,pca_uc_512_sq8_np512,main,1.0,True,True,False,False,True,True,True,False,True
3420,pca_uc_512_sq8_np512,sanity,1.0,True,True,True,True,False,True,True,False,False
3424,pca_uc_512_sq8_np512,main,1.0,True,True,False,False,True,True,True,False,True
3434,pca_uc_512_sq8_np512,main,1.0,True,True,False,False,True,True,True,False,True
3438,pca_uc_512_sq8_np512,main,1.0,True,True,False,False,True,True,True,False,True
3441,pca_uc_512_sq8_np512,main,1.0,True,True,False,False,True,True,True,False,True
3446,pca_uc_512_sq8_np512,main,0.9,True,True,False,False,True,True,True,False,True
3453,pca_uc_512_sq8_np512,main,0.9,False,False,False,False,False,False,False,False,False
3457,pca_uc_512_sq8_np512,main,0.9,False,False,True,True,False,False,False,False,False
3467,pca_uc_512_sq8_np512,main,1.0,False,False,True,True,False,False,False,False,False
3478,pca_uc_512_sq8_np512,main,1.0,True,False,False,False,True,True,False,False,False
3480,pca_uc_512_sq8_np512,main,0.9,True,True,True,True,False,True,True,False,True
3485,pca_uc_512_sq8_np512,main,1.0,False,False,True,True,False,False,False,False,False
3497,pca_uc_512_sq8_np512,main,1.0,True,False,False,False,True,True,False,False,False
3499,pca_uc_512_sq8_np512,sanity,1.0,True,True,False,False,True,True,True,False,False
3503,pca_uc_512_sq8_np512,main,1.0,True,True,False,False,True,True,True,False,True
3510,pca_uc_512_sq8_np512,main,1.0,True,True,False,False,True,True,True,False,True
3513,pca_uc_512_sq8_np512,sanity,1.0,False,False,False,False,False,False,False,False,False
3520,pca_uc_512_sq8_np512,main,0.9,True,False,True,True,False,True,False,False,False
3552,pca_uc_512_sq8_np512,main,0.9,True,False,False,False,False,True,False,True,False
3554,pca_uc_512_sq8_np512,main,1.0,True,True,False,False,True,True,True,False,True
3558,pca_uc_512_sq8_np512,main,1.0,True,True,False,False,True,True,True,False,True
3568,pca_uc_512_sq8_np512,main,0.9,True,True,False,False,True,True,True,False,True
3570,pca_uc_512_sq8_np512,main,0.9,True,True,False,False,True,True,True,False,True
3579,pca_uc_512_sq8_np512,main,1.0,True,False,True,True,False,True,False,False,False
3583,pca_uc_512_sq8_np512,sanity,1.0,False,False,False,False,False,False,False,False,False
3591,pca_uc_512_sq8_np512,main,1.0,True,True,True,True,False,True,True,False,True
3595,pca_uc_512_sq8_np512,main,1.0,True,True,False,False,False,True,True,False,True
3606,pca_uc_512_sq8_np512,main,1.0,True,True,True,True,False,True,True,False,True
3609,pca_uc_512_sq8_np512,main,1.0,True,True,False,False,True,True,True,False,True
13,pq_np256,sanity,0.8,True,True,False,False,True,True,True,False,False
14,pq_np256,main,0.7,True,True,False,False,True,True,True,False,True
19,pq_np256,main,0.9,True,False,True,True,False,True,False,True,False
30,pq_np256,main,1.0,True,True,False,False,True,True,True,False,True
45,pq_np256,main,0.9,True,True,False,False,True,True,True,False,True
60,pq_np256,main,0.9,True,True,False,False,True,True,True,False,True
66,pq_np256,main,0.7,True,True,False,False,True,True,True,False,True
71,pq_np256,main,0.9,True,True,False,False,True,True,True,False,True
82,pq_np256,main,0.8,True,False,True,True,False,True,False,False,False
92,pq_np256,main,0.7,True,True,True,True,False,True,True,False,True
105,pq_np256,main,0.8,True,True,True,True,False,True,True,False,True
108,pq_np256,main,0.9,True,True,False,False,True,True,True,False,True
115,pq_np256,main,0.8,True,True,False,False,True,True,True,False,True
125,pq_np256,main,1.0,True,False,True,True,False,True,False,False,False
129,pq_np256,main,0.6,True,True,False,False,False,False,False,False,False
132,pq_np256,main,0.9,True,False,False,False,True,True,False,True,False
146,pq_np256,sanity,0.8,True,True,True,True,False,True,True,False,False
151,pq_np256,main,0.9,True,True,False,False,True,False,False,False,False
153,pq_np256,main,0.8,False,False,True,True,False,False,False,False,False
180,pq_np256,main,0.8,False,False,False,False,True,False,False,False,False
188,pq_np256,main,0.6,True,True,False,False,True,True,True,False,True
206,pq_np256,main,0.8,True,True,True,True,False,True,True,False,True
217,pq_np256,main,0.9,True,True,True,True,False,True,True,False,True
233,pq_np256,main,0.9,False,False,True,True,False,False,False,False,False
235,pq_np256,main,0.8,False,False,False,False,True,False,False,False,False
249,pq_np256,main,0.6,True,True,True,True,False,True,True,False,True
261,pq_np256,main,0.9,True,True,False,False,True,True,True,False,True
264,pq_np256,main,0.9,True,True,False,False,True,True,True,False,True
268,pq_np256,main,0.8,True,True,False,False,True,True,True,False,True
279,pq_np256,main,0.9,False,False,True,True,False,True,True,False,True
286,pq_np256,main,0.8,True,True,False,False,True,True,True,False,True
287,pq_np256,main,0.8,True,True,False,False,True,True,True,False,True
290,pq_np256,main,0.8,True,False,True,True,False,True,False,True,False
291,pq_np256,main,0.8,True,False,False,False,True,True,False,False,False
295,pq_np256,main,0.7,True,False,False,False,True,True,False,False,False
296,pq_np256,main,0.8,True,True,True,True,False,True,True,False,True
307,pq_np256,main,0.9,True,True,False,False,True,True,True,False,True
318,pq_np256,main,0.9,True,True,False,False,True,True,True,False,True
319,pq_np256,main,0.7,False,False,True,True,False,True,False,False,False
323,pq_np256,sanity,0.6,False,False,False,False,False,False,False,False,False
337,pq_np256,main,0.7,True,True,True,True,False,True,True,False,True
350,pq_np256,main,0.9,True,True,False,False,True,True,True,False,True
352,pq_np256,main,0.7,True,True,False,False,True,True,True,False,True
371,pq_np256,main,0.9,True,True,False,False,True,True,True,False,True
382,pq_np256,main,0.9,False,False,False,False,True,False,False,False,False
399,pq_np256,main,0.9,True,True,False,False,True,True,True,False,True
400,pq_np256,main,1.0,True,True,False,False,False,True,True,False,True
416,pq_np256,main,0.9,True,True,True,True,False,True,True,False,True
419,pq_np256,main,0.9,True,True,False,False,True,True,True,False,True
421,pq_np256,main,0.8,True,True,True,True,False,True,True,False,True
422,pq_np256,main,0.8,True,True,False,False,True,True,True,False,True
424,pq_np256,sanity,0.7,True,True,False,False,False,True,True,False,False
433,pq_np256,main,0.8,True,True,False,False,True,True,True,False,True
442,pq_np256,main,0.8,True,False,False,False,True,True,False,False,False
444,pq_np256,main,0.9,True,True,False,False,True,True,True,False,True
447,pq_np256,main,0.6,False,False,False,False,True,False,False,False,False
450,pq_np256,main,0.9,True,True,False,False,True,True,True,False,True
453,pq_np256,main,1.0,True,True,False,False,False,True,True,False,True
462,pq_np256,sanity,0.7,False,False,True,True,False,False,False,False,False
476,pq_np256,main,0.6,False,False,False,False,True,True,False,False,False
478,pq_np256,sanity,0.8,True,True,False,False,True,True,True,False,False
482,pq_np256,main,0.9,True,True,True,True,False,True,True,False,True
484,pq_np256,main,0.8,True,True,True,True,False,True,True,False,True
486,pq_np256,main,0.9,True,True,False,False,True,True,True,False,True
488,pq_np256,main,0.9,False,False,False,False,False,False,False,False,False
491,pq_np256,main,0.6,True,True,True,True,False,True,False,False,False
496,pq_np256,main,1.0,True,True,False,False,False,True,True,False,True
501,pq_np256,main,0.9,True,True,False,False,True,True,True,False,True
508,pq_np256,main,0.9,True,True,True,True,False,True,True,False,True
513,pq_np256,main,0.9,True,True,True,True,False,True,True,False,True
518,pq_np256,main,0.9,True,True,False,False,True,True,True,False,True
519,pq_np256,sanity,0.8,True,True,True,True,False,True,True,False,False
523,pq_np256,main,0.7,True,True,False,False,True,True,True,False,True
524,pq_np256,main,0.9,True,True,False,False,True,True,True,False,True
531,pq_np256,main,0.9,False,False,True,True,False,False,False,False,False
535,pq_np256,sanity,0.8,True,False,True,True,False,True,True,False,False
537,pq_np256,main,0.8,True,True,False,False,True,True,True,False,True
551,pq_np256,main,1.0,True,False,True,True,False,True,False,True,False
552,pq_np256,main,0.7,True,True,False,False,True,True,True,False,True
553,pq_np256,main,0.8,True,True,False,False,True,True,True,False,True
559,pq_np256,main,0.7,True,True,True,True,False,True,True,False,True
565,pq_np256,main,0.9,True,True,False,False,True,True,True,False,True
571,pq_np256,sanity,0.8,True,True,False,False,True,True,True,False,False
590,pq_np256,main,0.7,True,True,False,False,True,True,True,False,True
591,pq_np256,main,0.7,True,True,True,True,False,False,False,False,False
604,pq_np256,main,0.5,False,False,True,True,False,False,False,False,False
606,pq_np256,main,1.0,True,True,False,False,True,True,True,False,True
614,pq_np256,main,1.0,True,True,True,True,False,True,True,False,True
617,pq_np256,main,0.8,True,True,False,False,True,True,True,False,True
619,pq_np256,sanity,0.9,False,False,True,True,False,False,False,False,False
621,pq_np256,main,0.8,True,True,True,True,False,True,True,False,True
637,pq_np256,main,0.8,True,True,False,False,True,True,True,False,True
642,pq_np256,main,0.9,True,True,False,False,True,True,True,False,True
644,pq_np256,main,1.0,True,True,False,False,True,True,True,False,True
652,pq_np256,main,0.9,True,True,False,False,True,False,False,False,False
658,pq_np256,sanity,0.8,False,False,True,True,False,False,False,False,False
684,pq_np256,main,1.0,False,False,True,True,False,False,False,False,False
697,pq_np256,main,0.8,True,True,False,False,False,True,True,False,True
701,pq_np256,main,0.7,True,True,False,False,True,True,True,False,True
705,pq_np256,main,0.9,True,True,False,False,True,True,True,False,True
715,pq_np256,main,0.9,False,False,True,True,False,False,False,False,False
726,pq_np256,main,0.9,False,False,False,False,False,False,False,False,False
753,pq_np256,main,0.8,True,True,False,False,True,True,True,False,True
754,pq_np256,main,0.4,True,True,True,True,False,True,True,False,True
775,pq_np256,sanity,0.6,False,False,True,True,False,False,False,False,False
782,pq_np256,main,0.8,False,False,True,True,False,False,False,False,False
784,pq_np256,main,0.9,True,True,False,False,True,True,True,False,True
787,pq_np256,main,0.8,True,True,False,False,True,True,True,False,True
802,pq_np256,main,0.5,True,True,True,True,False,True,True,False,True
823,pq_np256,main,0.7,True,True,False,False,True,True,True,False,True
826,pq_np256,main,0.8,True,True,False,False,True,True,True,False,True
841,pq_np256,main,0.6,True,True,True,True,False,False,False,False,False
845,pq_np256,main,0.8,False,False,False,False,False,True,True,False,True
855,pq_np256,main,0.9,False,False,True,True,False,False,False,False,False
861,pq_np256,main,0.9,True,True,False,False,True,True,True,False,True
868,pq_np256,main,1.0,True,True,False,False,False,True,True,False,True
873,pq_np256,main,0.9,False,False,False,False,True,False,False,False,False
883,pq_np256,sanity,0.9,False,False,False,False,False,False,False,False,False
884,pq_np256,main,1.0,True,True,False,False,True,True,True,False,True
891,pq_np256,main,0.8,True,True,False,False,False,True,True,False,True
896,pq_np256,main,0.7,False,False,True,True,False,True,True,False,True
901,pq_np256,main,0.7,True,True,True,True,False,True,True,False,True
905,pq_np256,sanity,0.8,True,True,False,False,True,True,True,False,False
907,pq_np256,main,0.8,True,True,False,False,False,True,True,False,True
919,pq_np256,sanity,0.9,True,True,False,False,False,True,True,False,False
931,pq_np256,main,0.7,True,True,True,True,False,True,True,False,True
937,pq_np256,main,0.8,True,True,False,False,True,True,True,False,True
944,pq_np256,main,0.9,False,False,False,False,False,False,False,False,False
966,pq_np256,main,0.9,False,False,False,False,False,False,False,False,False
967,pq_np256,main,0.8,True,True,False,False,True,True,True,False,True
970,pq_np256,main,0.9,True,True,False,False,True,True,True,False,True
972,pq_np256,main,0.8,True,True,True,True,False,True,True,False,True
978,pq_np256,main,0.7,False,False,True,True,False,False,False,False,False
987,pq_np256,main,0.8,False,False,True,True,False,False,False,False,False
990,pq_np256,main,0.7,True,True,False,False,True,True,True,False,True
992,pq_np256,main,0.8,True,True,True,True,False,True,True,False,True
1000,pq_np256,main,0.7,True,True,True,True,False,True,True,False,True
1001,pq_np256,main,0.9,True,True,False,False,False,True,True,False,True
1003,pq_np256,main,0.8,True,False,False,False,True,True,False,False,False
1005,pq_np256,main,0.8,False,False,False,False,False,True,False,False,False
1016,pq_np256,main,0.9,True,True,False,False,True,True,True,False,True
1020,pq_np256,main,0.9,True,True,True,True,False,True,True,False,True
1026,pq_np256,main,0.8,True,True,False,False,True,True,True,False,True
1028,pq_np256,main,0.8,True,False,True,True,False,True,False,False,False
1032,pq_np256,main,0.9,True,True,False,False,True,True,True,False,True
1048,pq_np256,main,0.7,True,True,False,False,True,True,True,False,True
1056,pq_np256,main,0.9,True,True,True,True,False,True,True,False,True
1063,pq_np256,main,0.9,True,True,False,False,True,True,True,False,True
1065,pq_np256,main,0.9,True,False,True,True,False,True,False,False,False
1066,pq_np256,main,0.9,True,True,False,False,True,True,True,False,True
1071,pq_np256,main,0.8,True,True,False,False,True,True,True,False,True
1081,pq_np256,sanity,0.9,True,True,True,True,False,True,True,False,False
1085,pq_np256,main,0.7,True,True,True,True,False,True,True,False,True
1088,pq_np256,main,0.8,True,True,False,False,True,True,True,False,True
1089,pq_np256,main,0.7,True,True,True,True,False,True,True,False,True
1093,pq_np256,main,0.7,False,False,True,True,False,False,False,False,False
1094,pq_np256,main,0.9,True,False,True,True,False,True,False,True,False
1103,pq_np256,main,0.8,True,True,False,False,False,True,True,False,True
1106,pq_np256,main,0.7,True,True,False,False,True,True,True,False,True
1108,pq_np256,main,0.9,False,False,False,False,True,True,False,False,False
1113,pq_np256,main,0.8,True,True,False,False,True,True,True,False,True
1114,pq_np256,main,0.5,True,True,True,True,False,True,True,False,True
1118,pq_np256,main,0.7,True,True,False,False,True,True,True,False,True
1122,pq_np256,main,0.8,True,True,True,True,False,False,False,False,False
1125,pq_np256,main,0.8,True,True,False,False,False,True,True,False,True
1148,pq_np256,main,0.8,True,True,False,True,False,True,True,False,True
1155,pq_np256,main,0.7,True,True,False,False,True,True,True,False,True
1158,pq_np256,main,0.9,True,True,False,False,True,True,True,False,True
1174,pq_np256,main,0.9,False,False,True,True,False,False,False,False,False
1183,pq_np256,main,0.7,True,True,True,True,False,True,True,False,True
1191,pq_np256,main,0.9,True,False,False,False,True,True,False,False,False
1216,pq_np256,main,0.8,False,False,True,True,False,False,False,False,False
1217,pq_np256,main,0.9,True,True,False,False,True,True,True,False,True
1244,pq_np256,main,0.7,True,True,True,True,False,True,True,False,True
1258,pq_np256,main,0.6,False,False,True,True,False,False,False,False,False
1278,pq_np256,main,0.8,True,True,True,True,False,True,True,False,True
1279,pq_np256,main,0.9,True,True,False,False,False,True,True,False,True
1282,pq_np256,main,1.0,True,True,False,False,False,True,True,False,True
1287,pq_np256,main,0.8,True,True,False,False,True,True,True,False,True
1289,pq_np256,main,1.0,True,True,False,False,True,True,True,False,True
1292,pq_np256,main,0.9,True,True,False,False,True,True,True,False,True
1293,pq_np256,main,0.8,True,True,True,True,False,True,True,False,True
1313,pq_np256,main,0.9,True,True,False,False,False,True,True,False,True
1320,pq_np256,main,0.9,True,True,True,True,False,True,True,False,True
1322,pq_np256,main,0.7,True,True,False,False,False,True,True,False,True
1327,pq_np256,sanity,0.9,False,False,False,False,True,False,False,False,False
1333,pq_np256,main,0.9,True,True,False,False,True,True,True,False,True
1336,pq_np256,main,0.8,True,True,False,False,True,True,True,False,True
1338,pq_np256,main,0.9,True,True,False,False,True,True,True,False,True
1342,pq_np256,main,0.8,True,False,True,True,False,True,False,True,False
1348,pq_np256,sanity,0.8,False,False,True,True,False,False,False,False,False
1370,pq_np256,main,1.0,True,True,False,True,False,True,True,False,True
1372,pq_np256,main,0.6,True,True,True,True,False,True,True,False,True
1375,pq_np256,main,1.0,True,True,False,False,True,True,True,False,True
1376,pq_np256,main,0.7,False,False,True,True,False,False,False,False,False
1396,pq_np256,main,0.7,True,True,False,False,True,True,True,False,True
1418,pq_np256,main,0.9,True,True,False,False,True,True,True,False,True
1419,pq_np256,main,0.9,True,True,True,True,False,True,True,False,True
1423,pq_np256,main,0.8,True,True,False,False,True,True,True,False,True
1427,pq_np256,main,0.9,True,True,False,False,True,True,True,False,True
1433,pq_np256,main,0.9,True,True,True,True,False,True,True,False,True
1437,pq_np256,main,0.8,True,True,True,True,False,True,True,False,True
1438,pq_np256,main,0.9,True,False,False,False,True,True,False,False,False
1458,pq_np256,sanity,0.9,False,False,True,True,False,False,False,False,False
1463,pq_np256,main,0.7,True,True,False,False,True,True,True,False,True
1466,pq_np256,main,1.0,True,True,False,False,True,True,True,False,True
1470,pq_np256,sanity,0.9,False,False,True,True,False,False,False,False,False
1471,pq_np256,main,0.8,True,False,True,True,False,True,False,True,False
1480,pq_np256,main,0.6,True,True,False,False,False,True,True,False,True
1484,pq_np256,main,0.9,True,False,True,True,False,True,False,False,False
1487,pq_np256,main,0.9,True,True,False,False,True,True,True,False,True
1490,pq_np256,main,0.9,False,False,True,True,False,False,False,False,False
1496,pq_np256,main,0.7,True,True,False,False,True,True,True,False,True
1501,pq_np256,main,0.9,True,True,False,False,False,True,True,False,True
1507,pq_np256,main,0.9,True,True,False,False,True,True,True,False,True
1508,pq_np256,sanity,0.9,True,True,False,False,True,True,True,False,False
1520,pq_np256,main,1.0,True,True,False,False,True,True,True,False,True
1527,pq_np256,main,0.9,True,True,False,False,True,True,True,False,True
1538,pq_np256,main,0.9,False,False,True,True,False,False,False,False,False
1542,pq_np256,main,0.6,False,False,True,True,False,True,False,False,False
1558,pq_np256,main,0.7,False,False,True,True,False,False,False,False,False
1574,pq_np256,main,0.9,True,False,False,False,True,True,False,False,False
1583,pq_np256,main,0.8,True,True,False,False,True,True,True,False,True
1589,pq_np256,main,0.9,True,True,False,False,True,True,True,False,True
1594,pq_np256,main,0.9,True,True,True,True,False,True,True,False,True
1596,pq_np256,sanity,0.8,False,False,True,True,False,False,False,False,False
1603,pq_np256,sanity,0.9,False,False,False,False,False,False,False,False,False
1611,pq_np256,main,0.9,False,False,False,False,True,True,True,False,True
1613,pq_np256,main,0.8,False,False,True,True,False,False,False,False,False
1617,pq_np256,main,0.7,False,False,True,True,False,False,False,False,False
1625,pq_np256,main,0.6,True,False,True,True,False,True,False,True,False
1626,pq_np256,main,0.9,True,True,True,True,False,True,True,False,True
1627,pq_np256,main,0.6,False,False,True,True,False,False,False,False,False
1630,pq_np256,main,0.8,True,True,False,False,True,True,True,False,True
1641,pq_np256,main,0.8,True,True,False,False,True,True,True,False,True
1642,pq_np256,sanity,0.9,False,False,False,False,False,False,False,False,False
1645,pq_np256,sanity,0.8,True,True,False,False,True,True,True,False,False
1654,pq_np256,main,0.7,False,False,True,True,False,False,False,False,False
1656,pq_np256,main,0.6,True,True,False,False,True,True,True,False,True
1660,pq_np256,main,0.7,True,True,True,True,False,True,True,False,True
1661,pq_np256,main,0.8,False,False,True,True,False,False,False,False,False
1670,pq_np256,main,0.9,False,False,True,True,False,False,False,False,False
1671,pq_np256,sanity,0.8,True,True,False,False,True,True,True,False,False
1690,pq_np256,main,0.7,True,True,False,False,True,True,True,False,True
1699,pq_np256,main,0.8,False,False,False,False,False,False,False,False,False
1715,pq_np256,sanity,0.8,False,False,True,True,False,False,False,False,False
1767,pq_np256,main,0.9,False,False,True,True,False,False,False,False,False
1770,pq_np256,main,0.8,True,True,True,True,False,True,True,False,True
1777,pq_np256,main,0.7,True,True,False,False,True,True,True,False,True
1785,pq_np256,main,0.8,True,True,True,True,False,True,True,False,True
1797,pq_np256,main,0.8,True,True,False,False,True,True,True,False,True
1799,pq_np256,main,0.8,True,True,False,False,True,True,True,False,True
1800,pq_np256,main,0.8,False,False,True,True,False,True,True,False,True
1804,pq_np256,main,0.7,True,True,False,False,True,True,True,False,True
1810,pq_np256,main,0.9,True,True,False,False,True,True,True,False,True
1811,pq_np256,main,0.9,True,True,False,False,True,True,True,False,True
1816,pq_np256,main,0.7,False,False,True,True,False,False,False,False,False
1831,pq_np256,sanity,0.9,False,False,True,True,False,False,False,False,False
1832,pq_np256,main,0.8,True,True,False,False,True,True,True,False,True
1837,pq_np256,main,0.8,True,True,False,False,True,True,True,False,True
1842,pq_np256,main,0.9,False,False,False,False,False,False,False,False,False
1859,pq_np256,main,0.9,True,True,False,False,True,True,True,False,True
1864,pq_np256,main,0.9,False,False,False,False,True,False,False,False,False
1874,pq_np256,main,0.5,True,True,True,True,False,True,True,False,True
1875,pq_np256,main,0.9,True,True,False,False,True,True,True,False,True
1906,pq_np256,main,0.7,True,True,False,False,True,True,True,False,True
1908,pq_np256,main,0.7,False,False,True,True,False,False,False,False,False
1916,pq_np256,main,0.9,True,True,False,False,True,True,True,False,True
1928,pq_np256,sanity,0.9,True,True,False,False,True,True,True,False,False
1932,pq_np256,main,0.8,False,False,True,True,False,False,False,False,False
1933,pq_np256,main,0.6,True,True,False,False,True,False,False,False,False
1934,pq_np256,main,0.7,True,True,False,False,True,True,True,False,True
1940,pq_np256,main,0.8,True,True,True,True,False,True,True,False,True
1942,pq_np256,sanity,0.7,True,True,False,False,True,True,True,False,False
1952,pq_np256,main,0.9,True,True,False,False,False,True,True,False,True
1955,pq_np256,main,0.8,True,True,True,True,False,True,True,False,True
1960,pq_np256,main,1.0,True,True,True,True,False,True,True,False,True
1964,pq_np256,main,0.9,False,False,False,False,False,False,False,True,False
1967,pq_np256,main,0.9,True,True,False,False,True,True,True,False,True
1969,pq_np256,main,0.9,True,False,False,False,True,True,False,True,False
1980,pq_np256,main,0.9,True,False,True,True,False,True,False,True,False
1986,pq_np256,main,0.8,True,True,False,True,True,True,True,False,True
1999,pq_np256,main,0.8,True,True,False,False,False,False,False,False,False
2003,pq_np256,main,0.6,True,True,False,False,False,True,True,False,True
2021,pq_np256,main,0.7,True,True,True,True,False,True,True,False,True
2048,pq_np256,sanity,0.9,False,False,False,False,False,False,False,False,False
2051,pq_np256,main,0.8,True,True,False,False,True,True,True,False,True
2064,pq_np256,main,0.7,True,True,False,False,True,True,True,False,True
2070,pq_np256,main,0.8,True,True,False,False,True,True,True,False,True
2073,pq_np256,sanity,0.8,True,True,False,False,True,True,True,False,False
2078,pq_np256,main,0.9,True,True,False,False,True,True,True,False,True
2083,pq_np256,main,0.7,False,False,False,False,True,False,False,False,False
2088,pq_np256,main,0.9,True,True,False,False,True,True,True,False,True
2092,pq_np256,main,0.9,False,False,False,False,False,False,False,False,False
2096,pq_np256,main,0.6,False,False,True,True,False,False,False,False,False
2099,pq_np256,main,0.9,True,True,True,True,False,True,True,False,True
2108,pq_np256,main,0.8,False,False,False,False,False,False,False,False,False
2109,pq_np256,main,0.8,True,True,False,False,True,True,True,False,True
2115,pq_np256,main,0.8,False,False,True,True,False,False,False,False,False
2117,pq_np256,sanity,1.0,False,False,False,False,False,False,False,False,False
2126,pq_np256,main,0.9,True,True,False,False,True,True,True,False,True
2128,pq_np256,main,1.0,False,False,True,True,False,False,False,False,False
2133,pq_np256,main,0.7,False,False,False,False,False,False,False,False,False
2134,pq_np256,main,0.9,True,True,False,False,True,True,True,False,True
2135,pq_np256,main,0.9,True,False,False,False,False,True,False,False,False
2144,pq_np256,main,0.8,True,True,True,True,False,True,True,False,True
2145,pq_np256,main,0.7,False,False,True,True,False,False,False,False,False
2146,pq_np256,main,0.8,True,True,False,False,True,True,True,False,True
2167,pq_np256,main,1.0,True,False,False,False,False,True,False,False,False
2170,pq_np256,main,1.0,True,False,False,False,False,True,False,False,False
2172,pq_np256,main,1.0,True,True,False,False,True,True,True,False,True
2184,pq_np256,main,1.0,True,True,True,True,False,True,True,False,True
2196,pq_np256,sanity,0.9,True,True,False,False,True,True,True,False,False
2211,pq_np256,main,0.7,True,True,False,False,False,True,True,False,True
2213,pq_np256,main,0.9,False,False,False,False,False,False,False,False,False
2218,pq_np256,main,0.7,True,True,False,False,False,True,True,False,True
2223,pq_np256,main,1.0,False,False,True,True,False,False,False,False,False
2226,pq_np256,main,0.7,False,False,True,True,False,False,False,False,False
2235,pq_np256,main,0.9,True,True,False,False,True,True,True,False,True
2263,pq_np256,main,0.8,True,True,False,False,True,True,True,False,True
2275,pq_np256,main,0.8,True,True,False,False,False,False,False,False,False
2277,pq_np256,main,0.7,True,True,False,False,False,True,True,False,True
2280,pq_np256,sanity,0.7,False,False,True,True,False,False,False,False,False
2284,pq_np256,main,0.7,True,False,False,False,True,True,False,True,False
2286,pq_np256,main,0.9,True,True,False,False,True,True,True,False,True
2295,pq_np256,main,0.8,True,True,False,False,False,True,True,False,True
2297,pq_np256,main,0.7,True,False,False,False,True,True,False,False,False
2306,pq_np256,main,0.8,True,True,False,False,True,True,True,False,True
2310,pq_np256,main,0.8,True,True,False,False,False,True,True,False,True
2318,pq_np256,main,0.6,True,True,True,True,False,True,True,False,True
2325,pq_np256,main,0.8,True,True,False,False,True,True,True,False,True
2329,pq_np256,main,0.9,True,True,True,True,False,True,True,False,True
2332,pq_np256,main,0.9,True,True,False,False,True,True,True,False,True
2337,pq_np256,main,0.9,True,True,True,True,False,True,True,False,True
2340,pq_np256,main,0.8,False,False,True,True,False,False,False,False,False
2341,pq_np256,sanity,0.6,False,False,True,True,False,False,False,False,False
2349,pq_np256,main,0.7,True,False,False,False,True,True,False,False,False
2366,pq_np256,main,0.8,True,True,False,False,True,True,True,False,True
2373,pq_np256,main,0.8,True,True,False,False,True,True,True,False,True
2379,pq_np256,main,0.9,True,True,True,True,False,True,True,False,True
2391,pq_np256,main,0.9,True,True,True,True,False,True,True,False,True
2393,pq_np256,main,0.8,True,True,True,True,False,True,True,False,True
2398,pq_np256,main,0.9,True,True,False,False,True,True,True,False,True
2401,pq_np256,main,0.8,True,True,True,True,False,True,True,False,True
2404,pq_np256,main,0.8,True,True,False,False,True,False,False,False,False
2425,pq_np256,main,0.8,True,True,False,False,True,True,True,False,True
2430,pq_np256,main,0.8,True,True,True,True,False,True,True,False,True
2458,pq_np256,main,0.8,True,True,True,True,False,True,True,False,True
2468,pq_np256,main,0.9,True,True,True,True,False,True,True,False,True
2469,pq_np256,main,0.9,True,True,False,False,True,True,True,False,True
2479,pq_np256,main,0.9,True,False,False,False,True,True,False,False,False
2492,pq_np256,sanity,0.8,True,True,False,False,True,True,True,False,False
2495,pq_np256,main,0.8,True,True,False,False,True,True,True,False,True
2501,pq_np256,main,0.8,True,True,False,False,True,True,True,False,True
2502,pq_np256,main,0.9,True,True,True,True,False,True,True,False,True
2504,pq_np256,main,0.8,True,True,False,False,False,True,True,False,True
2510,pq_np256,main,0.8,True,False,True,True,False,True,False,True,False
2514,pq_np256,main,0.7,True,True,False,False,False,True,True,False,True
2516,pq_np256,main,0.9,False,False,True,True,False,False,False,False,False
2518,pq_np256,main,0.8,True,True,False,False,True,True,True,False,True
2522,pq_np256,sanity,0.9,False,False,False,False,False,False,False,False,False
2525,pq_np256,main,0.9,True,True,True,True,False,True,True,False,True
2528,pq_np256,main,0.8,True,False,False,False,True,True,False,False,False
2531,pq_np256,main,0.7,True,True,False,False,False,True,True,False,True
2533,pq_np256,main,0.6,False,False,True,True,False,True,True,False,True
2538,pq_np256,sanity,0.8,True,True,False,False,True,True,True,False,False
2542,pq_np256,main,0.9,True,True,True,True,False,True,True,False,True
2557,pq_np256,main,0.9,False,False,True,True,False,False,False,False,False
2562,pq_np256,main,0.8,False,False,True,True,False,False,False,False,False
2571,pq_np256,main,0.9,True,True,False,False,False,True,True,False,True
2576,pq_np256,main,0.8,True,True,True,True,False,True,True,False,True
2587,pq_np256,main,0.8,True,True,True,True,False,True,True,False,True
2589,pq_np256,main,0.8,True,True,False,False,True,True,True,False,True
2594,pq_np256,main,0.8,True,True,False,False,True,True,True,False,True
2595,pq_np256,main,0.7,False,False,True,True,False,False,False,False,False
2606,pq_np256,main,0.6,True,True,False,False,True,True,True,False,True
2609,pq_np256,main,0.9,False,False,True,True,False,False,False,False,False
2611,pq_np256,main,0.9,True,True,False,False,False,True,True,False,True
2617,pq_np256,main,0.9,True,False,True,True,False,True,False,False,False
2620,pq_np256,main,0.7,True,True,False,False,True,True,True,False,True
2621,pq_np256,main,0.6,False,False,True,True,False,True,True,False,True
2632,pq_np256,main,0.9,True,True,False,False,True,True,True,False,True
2633,pq_np256,main,0.7,True,True,False,False,True,True,True,False,True
2636,pq_np256,main,0.8,True,True,True,True,False,True,True,False,True
2649,pq_np256,main,0.8,True,True,True,True,False,True,True,False,True
2654,pq_np256,main,0.8,True,True,False,False,True,True,True,False,True
2665,pq_np256,main,0.8,False,False,True,True,False,True,True,False,True
2687,pq_np256,main,0.7,False,False,True,True,False,True,True,False,True
2694,pq_np256,main,0.7,True,True,False,False,True,True,True,False,True
2695,pq_np256,main,0.8,True,True,False,False,True,True,True,False,True
2713,pq_np256,main,0.9,True,True,False,False,True,True,True,False,True
2720,pq_np256,main,1.0,True,True,False,False,True,True,True,False,True
2726,pq_np256,main,0.9,True,True,False,False,True,True,True,False,True
2728,pq_np256,main,0.8,True,True,False,False,True,True,True,False,True
2730,pq_np256,main,0.7,True,True,False,False,True,True,True,False,True
2745,pq_np256,main,0.8,False,False,True,True,False,False,False,False,False
2761,pq_np256,sanity,0.7,False,False,True,True,False,False,False,False,False
2778,pq_np256,main,0.9,True,True,False,False,True,True,True,False,True
2781,pq_np256,main,0.8,True,True,False,False,True,True,True,False,True
2788,pq_np256,main,0.9,True,True,False,False,False,True,True,False,True
2789,pq_np256,main,0.9,True,True,False,False,True,True,True,False,True
2802,pq_np256,main,0.8,True,True,False,False,True,True,True,False,True
2815,pq_np256,sanity,1.0,True,True,False,False,True,True,True,False,False
2824,pq_np256,main,1.0,False,False,True,True,False,False,False,False,False
2825,pq_np256,main,0.6,False,False,True,True,False,False,False,False,False
2851,pq_np256,main,0.7,True,True,True,True,False,True,True,False,True
2866,pq_np256,main,0.8,False,False,True,True,False,True,True,False,True
2873,pq_np256,main,0.9,True,True,True,True,False,True,True,False,True
2896,pq_np256,main,1.0,True,True,False,False,True,True,True,False,True
2899,pq_np256,main,0.8,True,True,False,False,True,True,True,False,True
2914,pq_np256,main,0.8,True,True,True,True,False,True,True,False,True
2921,pq_np256,main,0.9,False,False,False,False,False,True,True,False,True
2933,pq_np256,main,0.8,True,True,False,False,True,True,True,False,True
2943,pq_np256,main,0.8,True,False,True,True,False,True,False,False,False
2948,pq_np256,main,0.9,True,True,False,False,False,True,True,False,True
2952,pq_np256,main,0.8,True,True,False,False,True,True,True,False,True
2955,pq_np256,main,0.9,True,True,False,False,True,True,True,False,True
2961,pq_np256,main,0.8,True,False,False,False,True,True,False,False,False
3027,pq_np256,main,0.9,True,True,False,False,True,True,True,False,True
3044,pq_np256,main,0.9,True,True,False,False,True,True,True,False,True
3076,pq_np256,main,0.9,True,True,False,False,True,True,True,False,True
3081,pq_np256,main,0.9,True,True,False,False,True,True,True,False,True
3088,pq_np256,main,0.9,False,False,True,True,False,False,False,False,False
3092,pq_np256,main,0.9,True,True,True,True,False,True,True,False,True
3093,pq_np256,main,0.8,True,True,False,False,True,True,True,False,True
3095,pq_np256,main,0.7,False,False,True,True,False,True,True,False,True
3097,pq_np256,main,0.8,True,True,False,False,True,True,True,False,True
3110,pq_np256,main,0.6,True,True,False,False,True,True,True,False,True
3118,pq_np256,main,0.7,True,True,True,True,False,True,True,False,True
3119,pq_np256,main,0.9,True,True,True,True,False,True,True,False,True
3122,pq_np256,sanity,0.8,True,True,False,False,False,True,True,False,False
3129,pq_np256,main,0.6,True,True,False,False,True,True,True,False,True
3130,pq_np256,main,0.8,False,False,False,False,True,False,False,False,False
3135,pq_np256,main,0.8,True,True,True,True,False,True,True,False,True
3137,pq_np256,main,0.8,True,True,True,True,False,True,True,False,True
3147,pq_np256,sanity,0.8,True,False,False,False,False,True,False,False,False
3153,pq_np256,main,0.6,True,True,True,True,False,True,True,False,True
3155,pq_np256,main,0.5,False,False,True,True,False,True,True,False,True
3160,pq_np256,main,0.9,True,True,True,True,True,True,True,False,True
3161,pq_np256,main,0.8,True,True,False,False,True,True,True,False,True
3183,pq_np256,main,0.9,True,True,False,False,True,True,True,False,True
3184,pq_np256,main,1.0,True,True,False,False,True,True,True,False,True
3191,pq_np256,main,0.8,True,True,True,True,False,True,True,False,True
3204,pq_np256,main,0.6,True,True,False,False,True,True,True,False,True
3211,pq_np256,main,0.9,True,True,False,False,False,True,True,False,True
3224,pq_np256,main,0.9,True,True,True,True,False,True,True,False,True
3239,pq_np256,main,0.9,True,True,False,False,False,True,True,False,True
3258,pq_np256,main,1.0,True,True,False,True,False,True,True,False,True
3260,pq_np256,main,0.8,True,True,False,False,True,True,True,False,True
3271,pq_np256,main,1.0,True,True,False,False,True,True,True,False,True
3276,pq_np256,main,0.8,True,True,False,False,True,True,True,False,True
3282,pq_np256,main,0.8,True,True,False,False,True,True,True,False,True
3290,pq_np256,sanity,0.9,False,False,True,True,False,False,False,False,False
3292,pq_np256,main,0.9,True,True,False,False,True,True,True,False,True
3301,pq_np256,main,0.9,True,True,False,False,True,True,True,False,True
3310,pq_np256,main,1.0,True,True,False,False,True,True,True,False,True
3312,pq_np256,main,0.8,False,False,True,True,False,False,False,False,False
3317,pq_np256,main,0.9,True,True,True,True,False,True,True,False,True
3320,pq_np256,main,0.8,True,True,True,True,False,True,True,False,True
3323,pq_np256,main,0.8,True,True,False,False,True,True,True,False,True
3325,pq_np256,main,0.9,False,False,True,True,False,False,False,False,False
3345,pq_np256,main,0.9,True,True,True,True,False,True,True,False,True
3348,pq_np256,main,0.8,True,True,False,False,True,True,True,False,True
3362,pq_np256,main,0.9,True,True,False,False,True,True,True,False,True
3363,pq_np256,main,0.7,False,False,True,True,False,False,False,False,False
3368,pq_np256,main,0.7,True,True,True,True,False,True,True,False,True
3382,pq_np256,sanity,0.6,True,True,False,False,True,True,True,False,False
3386,pq_np256,main,0.9,True,True,True,True,False,True,True,False,True
3390,pq_np256,sanity,0.7,True,True,False,False,True,True,True,False,False
3417,pq_np256,main,0.9,True,True,False,False,True,True,True,False,True
3419,pq_np256,main,0.9,True,True,False,False,True,True,True,False,True
3420,pq_np256,sanity,0.7,True,True,True,True,False,True,True,False,False
3424,pq_np256,main,0.7,True,True,False,False,True,True,True,False,True
3434,pq_np256,main,0.9,True,True,False,False,False,True,True,False,True
3438,pq_np256,main,0.8,True,True,False,False,True,True,True,False,True
3441,pq_np256,main,0.8,True,True,False,False,True,True,True,False,True
3446,pq_np256,main,0.5,True,True,False,False,True,True,True,False,True
3453,pq_np256,main,0.8,False,False,False,False,False,False,False,False,False
3457,pq_np256,main,0.7,False,False,True,True,False,False,False,False,False
3467,pq_np256,main,0.8,False,False,True,True,False,False,False,False,False
3478,pq_np256,main,0.9,True,False,False,False,True,True,False,False,False
3480,pq_np256,main,0.6,False,False,True,True,False,True,True,False,True
3485,pq_np256,main,0.8,False,False,True,True,False,False,False,False,False
3497,pq_np256,main,0.9,True,False,False,False,True,True,False,False,False
3499,pq_np256,sanity,0.9,True,True,False,False,True,True,True,False,False
3503,pq_np256,main,0.9,True,True,False,False,True,True,True,False,True
3510,pq_np256,main,0.8,True,True,False,False,True,True,True,False,True
3513,pq_np256,sanity,0.9,False,False,False,False,False,False,False,False,False
3520,pq_np256,main,0.7,False,False,True,True,False,True,False,False,False
3552,pq_np256,main,0.7,True,False,True,True,False,True,False,True,False
3554,pq_np256,main,0.8,True,True,False,False,True,True,True,False,True
3558,pq_np256,main,1.0,True,True,False,False,True,True,True,False,True
3568,pq_np256,main,0.8,True,True,False,False,True,True,True,False,True
3570,pq_np256,main,0.9,True,True,False,False,True,True,True,False,True
3579,pq_np256,main,0.8,True,False,False,False,True,True,False,False,False
3583,pq_np256,sanity,0.7,False,False,True,True,False,False,False,False,False
3591,pq_np256,main,0.8,True,True,True,True,False,True,True,False,True
3595,pq_np256,main,1.0,True,True,False,False,False,True,True,False,True
3606,pq_np256,main,0.9,True,True,True,True,False,True,True,False,True
3609,pq_np256,main,0.7,True,True,False,False,True,True,True,False,True
13,rabitq_np256,sanity,0.8,True,True,False,False,True,True,True,False,False
14,rabitq_np256,main,0.8,True,True,False,False,True,True,True,False,True
19,rabitq_np256,main,1.0,True,False,True,True,False,True,False,True,False
30,rabitq_np256,main,0.7,True,True,False,False,True,True,True,False,True
45,rabitq_np256,main,0.9,True,True,False,False,True,True,True,False,True
60,rabitq_np256,main,0.7,True,True,False,False,True,True,True,False,True
66,rabitq_np256,main,0.9,True,True,False,False,True,True,True,False,True
71,rabitq_np256,main,0.8,True,True,False,False,False,True,True,False,True
82,rabitq_np256,main,0.6,True,False,True,True,False,True,False,False,False
92,rabitq_np256,main,0.6,True,True,True,True,False,True,True,False,True
105,rabitq_np256,main,0.8,True,True,True,True,False,True,True,False,True
108,rabitq_np256,main,0.9,True,True,False,False,True,True,True,False,True
115,rabitq_np256,main,0.9,False,False,False,False,True,True,True,False,True
125,rabitq_np256,main,1.0,True,False,False,False,True,True,False,False,False
129,rabitq_np256,main,0.8,False,False,False,False,False,False,False,False,False
132,rabitq_np256,main,0.9,True,False,False,False,True,True,False,True,False
146,rabitq_np256,sanity,0.7,True,True,True,True,False,True,True,False,False
151,rabitq_np256,main,0.9,True,True,False,False,False,False,False,False,False
153,rabitq_np256,main,0.7,False,False,True,True,False,False,False,False,False
180,rabitq_np256,main,0.8,False,False,False,False,True,False,False,False,False
188,rabitq_np256,main,0.7,True,True,False,False,True,True,True,False,True
206,rabitq_np256,main,0.6,True,True,True,True,False,True,True,False,True
217,rabitq_np256,main,0.7,True,True,True,True,False,True,True,False,True
233,rabitq_np256,main,0.8,False,False,True,True,False,False,False,False,False
235,rabitq_np256,main,0.6,False,False,False,False,True,False,False,False,False
249,rabitq_np256,main,0.9,True,True,False,False,True,True,True,False,True
261,rabitq_np256,main,0.8,True,True,False,False,True,True,True,False,True
264,rabitq_np256,main,0.7,True,True,False,False,True,True,True,False,True
268,rabitq_np256,main,0.8,True,True,False,False,True,True,True,False,True
279,rabitq_np256,main,0.8,False,False,True,True,False,True,True,False,True
286,rabitq_np256,main,0.8,True,True,False,False,True,True,True,False,True
287,rabitq_np256,main,0.7,True,True,False,False,True,True,True,False,True
290,rabitq_np256,main,0.7,True,False,True,True,False,True,False,True,False
291,rabitq_np256,main,0.8,True,False,False,False,True,True,False,False,False
295,rabitq_np256,main,0.7,True,False,False,False,True,True,False,False,False
296,rabitq_np256,main,0.7,True,True,False,False,True,True,True,False,True
307,rabitq_np256,main,0.8,True,True,False,False,True,True,True,False,True
318,rabitq_np256,main,0.8,True,True,False,False,True,True,True,False,True
319,rabitq_np256,main,0.8,True,False,False,False,True,True,False,False,False
323,rabitq_np256,sanity,0.8,False,False,False,False,False,False,False,False,False
337,rabitq_np256,main,0.9,True,True,True,True,False,True,True,False,True
350,rabitq_np256,main,0.9,True,True,False,False,True,True,True,False,True
352,rabitq_np256,main,0.9,True,True,False,False,True,True,True,False,True
371,rabitq_np256,main,0.7,True,True,False,False,True,True,True,False,True
382,rabitq_np256,main,1.0,False,False,False,False,True,False,False,False,False
399,rabitq_np256,main,1.0,True,True,False,False,True,True,True,False,True
400,rabitq_np256,main,0.8,True,True,False,False,False,True,True,False,True
416,rabitq_np256,main,0.6,True,True,True,True,False,True,True,False,True
419,rabitq_np256,main,1.0,True,True,False,False,True,True,True,False,True
421,rabitq_np256,main,0.6,True,True,True,True,False,True,True,False,True
422,rabitq_np256,main,0.9,True,True,False,False,True,True,True,False,True
424,rabitq_np256,sanity,0.8,True,True,True,True,False,True,True,False,False
433,rabitq_np256,main,0.8,True,True,False,False,True,True,True,False,True
442,rabitq_np256,main,0.8,True,False,False,False,True,True,False,False,False
444,rabitq_np256,main,0.8,True,True,False,False,True,True,True,False,True
447,rabitq_np256,main,0.9,False,False,False,False,True,False,False,False,False
450,rabitq_np256,main,0.9,True,True,False,False,True,True,True,False,True
453,rabitq_np256,main,0.7,True,True,False,False,False,True,True,False,True
462,rabitq_np256,sanity,0.5,False,False,True,True,False,False,False,False,False
476,rabitq_np256,main,0.6,True,False,False,False,True,True,False,False,False
478,rabitq_np256,sanity,0.7,True,True,False,False,True,True,True,False,False
482,rabitq_np256,main,0.8,False,False,True,True,False,True,True,False,True
484,rabitq_np256,main,0.9,True,True,True,True,False,True,True,False,True
486,rabitq_np256,main,0.8,True,True,False,False,True,True,True,False,True
488,rabitq_np256,main,1.0,False,False,False,False,False,False,False,False,False
491,rabitq_np256,main,0.8,True,False,True,True,False,True,False,False,False
496,rabitq_np256,main,0.9,False,False,False,False,False,True,True,False,True
501,rabitq_np256,main,0.7,True,True,False,False,True,True,True,False,True
508,rabitq_np256,main,0.7,True,True,True,True,False,True,True,False,True
513,rabitq_np256,main,0.9,True,True,True,True,False,True,True,False,True
518,rabitq_np256,main,1.0,True,True,False,False,True,True,True,False,True
519,rabitq_np256,sanity,0.9,True,True,True,True,False,True,True,False,False
523,rabitq_np256,main,0.5,True,True,False,False,True,True,True,False,True
524,rabitq_np256,main,0.9,True,True,False,False,True,True,True,False,True
531,rabitq_np256,main,0.7,False,False,True,True,False,False,False,False,False
535,rabitq_np256,sanity,0.5,True,False,True,True,False,True,True,False,False
537,rabitq_np256,main,0.9,True,True,False,False,True,True,True,False,True
551,rabitq_np256,main,0.9,True,False,True,True,False,True,False,True,False
552,rabitq_np256,main,0.6,True,True,False,False,True,True,True,False,True
553,rabitq_np256,main,0.8,True,True,True,True,False,True,True,False,True
559,rabitq_np256,main,0.7,True,True,True,True,False,True,True,False,True
565,rabitq_np256,main,0.9,True,True,False,False,True,True,True,False,True
571,rabitq_np256,sanity,0.7,True,True,False,False,True,True,True,False,False
590,rabitq_np256,main,0.8,True,True,False,False,True,True,True,False,True
591,rabitq_np256,main,0.8,False,False,True,True,False,False,False,False,False
604,rabitq_np256,main,0.7,False,False,True,True,False,False,False,False,False
606,rabitq_np256,main,0.8,True,True,False,False,True,True,True,False,True
614,rabitq_np256,main,0.9,True,True,False,False,True,True,True,False,True
617,rabitq_np256,main,0.6,True,True,False,False,True,True,True,False,True
619,rabitq_np256,sanity,1.0,False,False,True,True,False,False,False,False,False
621,rabitq_np256,main,0.8,True,True,True,True,False,True,True,False,True
637,rabitq_np256,main,0.8,True,True,False,False,True,True,True,False,True
642,rabitq_np256,main,0.9,True,True,False,False,True,True,True,False,True
644,rabitq_np256,main,1.0,True,True,False,False,False,True,True,False,True
652,rabitq_np256,main,0.7,False,False,True,True,False,False,False,False,False
658,rabitq_np256,sanity,0.8,False,False,True,True,False,False,False,False,False
684,rabitq_np256,main,0.9,False,False,True,True,False,False,False,False,False
697,rabitq_np256,main,0.8,True,True,False,False,False,True,True,False,True
701,rabitq_np256,main,0.6,True,True,False,False,True,True,True,False,True
705,rabitq_np256,main,0.8,True,True,False,False,True,True,True,False,True
715,rabitq_np256,main,1.0,False,False,False,False,False,False,False,False,False
726,rabitq_np256,main,0.7,True,True,False,False,True,False,False,False,False
753,rabitq_np256,main,0.8,True,True,False,False,True,True,True,False,True
754,rabitq_np256,main,0.6,True,True,True,True,False,True,True,False,True
775,rabitq_np256,sanity,0.9,False,False,True,True,False,False,False,False,False
782,rabitq_np256,main,0.9,False,False,True,True,False,False,False,False,False
784,rabitq_np256,main,0.9,True,True,False,False,True,True,True,False,True
787,rabitq_np256,main,0.9,True,True,False,False,True,True,True,False,True
802,rabitq_np256,main,0.6,True,True,True,True,False,True,True,False,True
823,rabitq_np256,main,0.7,True,True,False,False,True,True,True,False,True
826,rabitq_np256,main,0.8,True,True,True,True,False,True,True,False,True
841,rabitq_np256,main,0.8,False,False,True,True,False,False,False,False,False
845,rabitq_np256,main,0.9,False,False,False,False,False,True,True,False,True
855,rabitq_np256,main,0.8,False,False,True,True,False,False,False,False,False
861,rabitq_np256,main,0.9,True,True,False,False,True,True,True,False,True
868,rabitq_np256,main,0.9,True,True,False,False,False,True,True,False,True
873,rabitq_np256,main,0.8,False,False,False,False,True,False,False,False,False
883,rabitq_np256,sanity,0.9,False,False,False,False,False,False,False,False,False
884,rabitq_np256,main,0.9,True,True,False,False,True,True,True,False,True
891,rabitq_np256,main,0.9,True,True,False,False,False,True,True,False,True
896,rabitq_np256,main,0.8,True,True,True,True,False,True,True,False,True
901,rabitq_np256,main,0.8,False,False,False,False,False,True,True,False,True
905,rabitq_np256,sanity,0.8,True,True,False,False,True,True,True,False,False
907,rabitq_np256,main,0.7,True,True,False,False,False,True,True,False,True
919,rabitq_np256,sanity,1.0,True,True,False,False,False,True,True,False,False
931,rabitq_np256,main,0.6,True,True,True,True,False,True,True,False,True
937,rabitq_np256,main,1.0,True,True,False,False,True,True,True,False,True
944,rabitq_np256,main,0.8,False,False,False,False,False,False,False,False,False
966,rabitq_np256,main,0.6,False,False,True,True,False,False,False,False,False
967,rabitq_np256,main,0.8,True,True,False,False,True,True,True,False,True
970,rabitq_np256,main,0.8,True,True,False,False,True,True,True,False,True
972,rabitq_np256,main,0.8,True,True,True,True,False,True,True,False,True
978,rabitq_np256,main,0.6,True,True,False,False,True,False,False,False,False
987,rabitq_np256,main,0.7,False,False,True,True,False,False,False,False,False
990,rabitq_np256,main,0.7,True,True,True,True,False,True,True,False,True
992,rabitq_np256,main,0.6,True,True,True,True,False,True,True,False,True
1000,rabitq_np256,main,0.8,True,True,False,False,True,True,True,False,True
1001,rabitq_np256,main,0.8,True,True,False,False,False,True,True,False,True
1003,rabitq_np256,main,0.8,True,False,False,False,True,True,False,False,False
1005,rabitq_np256,main,0.8,False,False,False,False,False,True,False,False,False
1016,rabitq_np256,main,1.0,True,True,False,False,True,True,True,False,True
1020,rabitq_np256,main,0.8,True,True,True,True,False,True,True,False,True
1026,rabitq_np256,main,0.9,True,True,False,False,True,True,True,False,True
1028,rabitq_np256,main,0.8,True,False,False,False,False,True,False,False,False
1032,rabitq_np256,main,0.8,True,True,False,False,True,True,True,False,True
1048,rabitq_np256,main,0.8,True,True,False,False,True,True,True,False,True
1056,rabitq_np256,main,0.7,True,True,False,False,False,True,True,False,True
1063,rabitq_np256,main,0.8,True,True,False,False,True,True,True,False,True
1065,rabitq_np256,main,0.8,True,False,True,True,False,True,False,False,False
1066,rabitq_np256,main,1.0,True,True,False,False,True,True,True,False,True
1071,rabitq_np256,main,0.8,True,True,False,False,True,True,True,False,True
1081,rabitq_np256,sanity,0.9,True,True,True,True,False,True,True,False,False
1085,rabitq_np256,main,0.6,True,True,True,True,False,True,True,False,True
1088,rabitq_np256,main,0.8,True,True,False,False,True,True,True,False,True
1089,rabitq_np256,main,0.6,True,True,True,True,False,True,True,False,True
1093,rabitq_np256,main,0.7,False,False,True,True,False,False,False,False,False
1094,rabitq_np256,main,0.7,False,False,True,True,False,True,False,True,False
1103,rabitq_np256,main,0.7,True,True,False,False,False,True,True,False,True
1106,rabitq_np256,main,0.5,True,True,False,False,True,True,True,False,True
1108,rabitq_np256,main,0.9,True,False,False,False,True,True,False,False,False
1113,rabitq_np256,main,0.8,True,True,False,False,True,True,True,False,True
1114,rabitq_np256,main,0.9,True,True,True,True,False,True,True,False,True
1118,rabitq_np256,main,0.8,True,True,False,False,True,True,True,False,True
1122,rabitq_np256,main,0.6,True,True,True,True,False,False,False,False,False
1125,rabitq_np256,main,0.7,True,True,False,False,False,True,True,False,True
1148,rabitq_np256,main,0.8,True,True,False,True,False,True,True,False,True
1155,rabitq_np256,main,0.7,True,True,False,False,True,True,True,False,True
1158,rabitq_np256,main,0.7,True,True,False,False,True,True,True,False,True
1174,rabitq_np256,main,0.8,False,False,True,True,False,False,False,False,False
1183,rabitq_np256,main,0.6,True,True,True,True,False,True,True,False,True
1191,rabitq_np256,main,0.9,True,False,False,False,True,True,False,False,False
1216,rabitq_np256,main,0.7,False,False,True,True,False,False,False,False,False
1217,rabitq_np256,main,0.9,True,True,False,False,True,True,True,False,True
1244,rabitq_np256,main,0.5,True,True,True,True,False,True,True,False,True
1258,rabitq_np256,main,0.3,False,False,True,True,False,False,False,False,False
1278,rabitq_np256,main,0.8,True,True,True,True,False,True,True,False,True
1279,rabitq_np256,main,0.8,True,True,False,False,False,True,True,False,True
1282,rabitq_np256,main,0.8,True,True,False,False,False,True,True,False,True
1287,rabitq_np256,main,0.6,True,True,False,False,True,True,True,False,True
1289,rabitq_np256,main,0.9,True,True,False,False,True,True,True,False,True
1292,rabitq_np256,main,0.8,True,True,False,False,True,True,True,False,True
1293,rabitq_np256,main,0.7,True,True,True,True,False,True,True,False,True
1313,rabitq_np256,main,0.7,True,True,False,False,False,True,True,False,True
1320,rabitq_np256,main,0.9,True,True,False,False,True,True,True,False,True
1322,rabitq_np256,main,0.7,True,True,False,False,False,True,True,False,True
1327,rabitq_np256,sanity,0.9,False,False,False,False,True,False,False,False,False
1333,rabitq_np256,main,0.8,True,True,False,False,True,True,True,False,True
1336,rabitq_np256,main,0.9,True,True,False,False,True,True,True,False,True
1338,rabitq_np256,main,0.8,True,True,False,False,True,True,True,False,True
1342,rabitq_np256,main,0.8,True,False,True,True,False,True,False,True,False
1348,rabitq_np256,sanity,0.8,False,False,False,True,False,False,False,False,False
1370,rabitq_np256,main,0.7,True,True,True,True,False,True,True,False,True
1372,rabitq_np256,main,0.5,True,True,True,True,False,True,True,False,True
1375,rabitq_np256,main,0.8,True,True,False,False,True,True,True,False,True
1376,rabitq_np256,main,0.7,False,False,True,True,False,False,False,False,False
1396,rabitq_np256,main,0.9,True,True,False,False,True,True,True,False,True
1418,rabitq_np256,main,0.7,True,True,False,False,True,True,True,False,True
1419,rabitq_np256,main,0.8,True,True,True,True,False,True,True,False,True
1423,rabitq_np256,main,0.7,True,True,False,False,True,True,True,False,True
1427,rabitq_np256,main,0.8,True,True,False,False,True,True,True,False,True
1433,rabitq_np256,main,0.7,True,True,False,False,False,True,True,False,True
1437,rabitq_np256,main,0.7,False,False,True,True,False,True,True,False,True
1438,rabitq_np256,main,1.0,True,False,False,False,True,True,False,False,False
1458,rabitq_np256,sanity,1.0,False,False,True,True,False,False,False,False,False
1463,rabitq_np256,main,0.8,True,True,False,False,True,True,True,False,True
1466,rabitq_np256,main,0.9,True,True,False,False,True,True,True,False,True
1470,rabitq_np256,sanity,0.8,False,False,True,True,False,False,False,False,False
1471,rabitq_np256,main,0.9,True,False,True,True,False,True,False,True,False
1480,rabitq_np256,main,0.5,False,False,True,True,False,True,True,False,True
1484,rabitq_np256,main,0.8,True,False,True,True,False,True,False,False,False
1487,rabitq_np256,main,0.7,True,True,False,False,True,True,True,False,True
1490,rabitq_np256,main,0.7,False,False,True,True,False,False,False,False,False
1496,rabitq_np256,main,0.5,True,True,True,True,False,True,True,False,True
1501,rabitq_np256,main,0.8,True,True,False,False,False,True,True,False,True
1507,rabitq_np256,main,0.9,True,True,False,False,True,True,True,False,True
1508,rabitq_np256,sanity,0.9,True,True,False,False,True,True,True,False,False
1520,rabitq_np256,main,0.9,True,True,False,False,True,True,True,False,True
1527,rabitq_np256,main,0.9,True,True,False,False,True,True,True,False,True
1538,rabitq_np256,main,0.9,False,False,False,False,False,False,False,False,False
1542,rabitq_np256,main,0.7,False,False,True,True,False,True,False,False,False
1558,rabitq_np256,main,0.9,False,False,True,True,False,False,False,False,False
1574,rabitq_np256,main,0.9,True,False,False,False,True,True,False,False,False
1583,rabitq_np256,main,0.8,True,True,False,False,True,True,True,False,True
1589,rabitq_np256,main,0.7,True,True,False,False,True,True,True,False,True
1594,rabitq_np256,main,0.7,True,True,True,True,False,True,True,False,True
1596,rabitq_np256,sanity,0.8,False,False,True,True,False,False,False,False,False
1603,rabitq_np256,sanity,0.8,False,False,False,False,True,False,False,False,False
1611,rabitq_np256,main,0.9,True,True,False,False,True,True,True,False,True
1613,rabitq_np256,main,0.8,False,False,True,True,False,False,False,False,False
1617,rabitq_np256,main,0.7,False,False,True,True,False,False,False,False,False
1625,rabitq_np256,main,0.8,True,False,True,True,False,True,False,True,False
1626,rabitq_np256,main,0.9,True,True,False,False,True,True,True,False,True
1627,rabitq_np256,main,0.8,False,False,True,True,False,False,False,False,False
1630,rabitq_np256,main,0.9,True,True,False,False,True,True,True,False,True
1641,rabitq_np256,main,0.9,True,True,False,False,True,True,True,False,True
1642,rabitq_np256,sanity,0.9,False,False,False,False,False,False,False,False,False
1645,rabitq_np256,sanity,0.8,True,True,False,False,True,True,True,False,False
1654,rabitq_np256,main,0.6,False,False,True,True,False,False,False,False,False
1656,rabitq_np256,main,0.9,True,True,False,False,True,True,True,False,True
1660,rabitq_np256,main,0.6,True,True,True,True,False,True,True,False,True
1661,rabitq_np256,main,0.8,False,False,True,True,False,False,False,False,False
1670,rabitq_np256,main,1.0,False,False,True,True,False,False,False,False,False
1671,rabitq_np256,sanity,0.7,True,True,False,False,True,True,True,False,False
1690,rabitq_np256,main,0.7,True,True,False,False,True,True,True,False,True
1699,rabitq_np256,main,0.7,True,True,False,True,False,False,False,False,False
1715,rabitq_np256,sanity,0.8,False,False,True,True,False,False,False,False,False
1767,rabitq_np256,main,0.7,False,False,True,True,False,False,False,False,False
1770,rabitq_np256,main,0.8,True,True,True,True,False,True,True,False,True
1777,rabitq_np256,main,0.8,True,True,False,False,True,True,True,False,True
1785,rabitq_np256,main,0.9,True,True,True,True,False,True,True,False,True
1797,rabitq_np256,main,0.8,True,True,False,False,True,True,True,False,True
1799,rabitq_np256,main,0.8,True,True,False,False,True,True,True,False,True
1800,rabitq_np256,main,0.7,True,True,True,True,False,True,True,False,True
1804,rabitq_np256,main,0.7,True,True,False,False,True,True,True,False,True
1810,rabitq_np256,main,0.8,True,True,True,True,False,True,True,False,True
1811,rabitq_np256,main,0.9,True,True,False,False,True,True,True,False,True
1816,rabitq_np256,main,0.8,False,False,True,True,False,False,False,False,False
1831,rabitq_np256,sanity,0.8,False,False,True,True,False,False,False,False,False
1832,rabitq_np256,main,0.8,True,True,False,False,True,True,True,False,True
1837,rabitq_np256,main,0.7,True,True,False,False,False,True,True,False,True
1842,rabitq_np256,main,0.8,False,False,False,False,True,False,False,False,False
1859,rabitq_np256,main,0.8,True,True,False,False,True,True,True,False,True
1864,rabitq_np256,main,0.8,False,False,False,False,True,False,False,False,False
1874,rabitq_np256,main,0.7,True,True,True,True,False,True,True,False,True
1875,rabitq_np256,main,0.8,True,True,False,False,True,True,True,False,True
1906,rabitq_np256,main,0.8,True,True,False,False,True,True,True,False,True
1908,rabitq_np256,main,0.7,False,False,True,True,False,False,False,False,False
1916,rabitq_np256,main,0.9,True,True,False,False,True,True,True,False,True
1928,rabitq_np256,sanity,0.9,True,True,False,False,True,True,True,False,False
1932,rabitq_np256,main,0.7,False,False,True,True,False,False,False,False,False
1933,rabitq_np256,main,0.7,False,False,False,False,True,False,False,False,False
1934,rabitq_np256,main,0.5,True,True,False,False,True,True,True,False,True
1940,rabitq_np256,main,0.7,True,True,True,True,False,True,True,False,True
1942,rabitq_np256,sanity,0.7,True,True,True,True,False,True,True,False,False
1952,rabitq_np256,main,0.9,True,True,False,False,True,True,True,False,True
1955,rabitq_np256,main,0.7,True,True,True,True,False,True,True,False,True
1960,rabitq_np256,main,0.9,True,True,True,True,False,True,True,False,True
1964,rabitq_np256,main,0.8,False,False,False,False,False,False,False,True,False
1967,rabitq_np256,main,0.9,True,True,False,False,True,True,True,False,True
1969,rabitq_np256,main,0.8,True,False,False,False,True,True,False,True,False
1980,rabitq_np256,main,0.8,True,False,True,True,False,True,False,True,False
1986,rabitq_np256,main,0.8,True,True,False,False,True,True,True,False,True
1999,rabitq_np256,main,0.7,False,False,False,False,False,False,False,False,False
2003,rabitq_np256,main,0.7,True,True,False,False,False,True,True,False,True
2021,rabitq_np256,main,0.6,True,True,True,True,False,True,True,False,True
2048,rabitq_np256,sanity,0.7,False,False,False,False,False,False,False,False,False
2051,rabitq_np256,main,0.7,True,True,False,False,True,True,True,False,True
2064,rabitq_np256,main,0.9,True,True,False,False,False,True,True,False,True
2070,rabitq_np256,main,0.8,True,True,False,False,True,True,True,False,True
2073,rabitq_np256,sanity,0.8,True,True,False,False,True,True,True,False,False
2078,rabitq_np256,main,1.0,True,True,False,False,True,True,True,False,True
2083,rabitq_np256,main,0.9,False,False,False,False,True,False,False,False,False
2088,rabitq_np256,main,0.8,True,True,False,False,True,True,True,False,True
2092,rabitq_np256,main,1.0,False,False,False,False,False,False,False,False,False
2096,rabitq_np256,main,0.5,False,False,True,True,False,False,False,False,False
2099,rabitq_np256,main,0.9,True,True,True,True,False,True,True,False,True
2108,rabitq_np256,main,0.8,False,False,False,False,False,False,False,False,False
2109,rabitq_np256,main,0.9,True,True,False,False,True,True,True,False,True
2115,rabitq_np256,main,0.7,False,False,True,True,False,False,False,False,False
2117,rabitq_np256,sanity,1.0,False,False,False,False,False,False,False,False,False
2126,rabitq_np256,main,0.7,True,True,False,False,True,True,True,False,True
2128,rabitq_np256,main,0.9,True,True,True,True,False,False,False,False,False
2133,rabitq_np256,main,0.9,False,False,False,False,False,False,False,False,False
2134,rabitq_np256,main,1.0,True,True,False,False,True,True,True,False,True
2135,rabitq_np256,main,0.9,True,False,False,False,False,True,False,False,False
2144,rabitq_np256,main,0.6,True,True,True,True,False,True,True,False,True
2145,rabitq_np256,main,0.9,False,False,True,True,False,False,False,False,False
2146,rabitq_np256,main,0.7,True,True,False,False,True,True,True,False,True
2167,rabitq_np256,main,1.0,True,False,False,False,False,True,False,False,False
2170,rabitq_np256,main,0.8,True,False,False,False,False,True,False,False,False
2172,rabitq_np256,main,0.8,True,True,False,False,True,True,True,False,True
2184,rabitq_np256,main,0.8,True,True,True,True,False,True,True,False,True
2196,rabitq_np256,sanity,0.9,True,True,False,False,True,True,True,False,False
2211,rabitq_np256,main,0.7,True,True,True,True,False,True,True,False,True
2213,rabitq_np256,main,1.0,False,False,False,False,False,False,False,False,False
2218,rabitq_np256,main,0.8,True,True,False,False,False,True,True,False,True
2223,rabitq_np256,main,0.8,False,False,True,True,False,False,False,False,False
2226,rabitq_np256,main,0.7,True,True,True,True,False,False,False,False,False
2235,rabitq_np256,main,0.9,True,True,False,False,True,True,True,False,True
2263,rabitq_np256,main,0.6,True,True,False,False,True,True,True,False,True
2275,rabitq_np256,main,0.6,False,False,False,False,False,False,False,False,False
2277,rabitq_np256,main,0.8,True,True,False,False,False,True,True,False,True
2280,rabitq_np256,sanity,0.5,False,False,True,True,False,False,False,False,False
2284,rabitq_np256,main,0.8,True,False,False,False,True,True,False,True,False
2286,rabitq_np256,main,0.8,True,True,False,False,True,True,True,False,True
2295,rabitq_np256,main,0.8,True,True,False,False,False,True,True,False,True
2297,rabitq_np256,main,0.5,True,False,False,False,True,True,False,False,False
2306,rabitq_np256,main,0.6,True,True,False,False,True,True,True,False,True
2310,rabitq_np256,main,0.8,True,True,False,False,False,True,True,False,True
2318,rabitq_np256,main,0.7,True,True,True,True,False,True,True,False,True
2325,rabitq_np256,main,0.8,True,True,False,False,True,True,True,False,True
2329,rabitq_np256,main,0.7,True,True,True,True,False,True,True,False,True
2332,rabitq_np256,main,0.9,True,True,False,False,True,True,True,False,True
2337,rabitq_np256,main,0.7,True,True,False,True,True,True,True,False,True
2340,rabitq_np256,main,0.7,False,False,True,True,False,False,False,False,False
2341,rabitq_np256,sanity,0.5,False,False,True,True,False,False,False,False,False
2349,rabitq_np256,main,0.9,True,False,False,False,True,True,False,False,False
2366,rabitq_np256,main,0.7,True,True,False,False,True,True,True,False,True
2373,rabitq_np256,main,0.7,True,True,False,False,True,True,True,False,True
2379,rabitq_np256,main,0.8,True,True,True,True,False,True,True,False,True
2391,rabitq_np256,main,0.5,True,True,True,True,False,True,True,False,True
2393,rabitq_np256,main,0.8,True,True,True,True,False,True,True,False,True
2398,rabitq_np256,main,0.8,True,True,False,False,True,True,True,False,True
2401,rabitq_np256,main,0.7,True,True,True,True,False,True,True,False,True
2404,rabitq_np256,main,0.9,False,False,True,True,False,False,False,False,False
2425,rabitq_np256,main,0.7,True,True,False,False,True,True,True,False,True
2430,rabitq_np256,main,1.0,True,True,True,True,False,True,True,False,True
2458,rabitq_np256,main,0.9,True,True,True,True,False,True,True,False,True
2468,rabitq_np256,main,0.7,True,True,True,True,False,True,True,False,True
2469,rabitq_np256,main,0.8,True,True,False,False,True,True,True,False,True
2479,rabitq_np256,main,0.7,True,False,False,False,True,True,False,False,False
2492,rabitq_np256,sanity,0.8,True,True,False,False,True,True,True,False,False
2495,rabitq_np256,main,0.8,False,False,False,False,True,True,True,False,True
2501,rabitq_np256,main,0.8,True,True,False,False,True,True,True,False,True
2502,rabitq_np256,main,0.8,True,True,True,True,False,True,True,False,True
2504,rabitq_np256,main,0.8,True,True,False,False,False,True,True,False,True
2510,rabitq_np256,main,0.4,False,False,True,True,False,True,False,True,False
2514,rabitq_np256,main,0.7,True,True,False,False,False,True,True,False,True
2516,rabitq_np256,main,0.8,False,False,True,True,False,False,False,False,False
2518,rabitq_np256,main,0.9,True,True,False,False,True,True,True,False,True
2522,rabitq_np256,sanity,0.9,False,False,False,False,False,False,False,False,False
2525,rabitq_np256,main,0.9,True,True,True,True,False,True,True,False,True
2528,rabitq_np256,main,0.8,True,False,False,False,True,True,False,False,False
2531,rabitq_np256,main,0.8,True,True,False,False,False,True,True,False,True
2533,rabitq_np256,main,0.5,True,True,True,True,False,True,True,False,True
2538,rabitq_np256,sanity,0.7,True,True,False,False,True,True,True,False,False
2542,rabitq_np256,main,0.8,True,True,True,True,False,True,True,False,True
2557,rabitq_np256,main,0.8,False,False,True,True,False,False,False,False,False
2562,rabitq_np256,main,0.8,False,False,True,True,False,False,False,False,False
2571,rabitq_np256,main,1.0,True,True,False,False,False,True,True,False,True
2576,rabitq_np256,main,0.8,True,True,True,True,False,True,True,False,True
2587,rabitq_np256,main,0.6,True,True,True,True,False,True,True,False,True
2589,rabitq_np256,main,0.8,True,True,False,False,True,True,True,False,True
2594,rabitq_np256,main,0.9,True,True,True,True,False,True,True,False,True
2595,rabitq_np256,main,0.5,False,False,True,True,False,False,False,False,False
2606,rabitq_np256,main,0.7,True,True,False,False,True,True,True,False,True
2609,rabitq_np256,main,0.8,False,False,False,False,True,False,False,False,False
2611,rabitq_np256,main,0.7,True,True,False,False,False,True,True,False,True
2617,rabitq_np256,main,0.9,True,False,True,True,False,True,False,False,False
2620,rabitq_np256,main,0.7,True,True,False,False,True,True,True,False,True
2621,rabitq_np256,main,0.6,False,False,True,True,False,True,True,False,True
2632,rabitq_np256,main,0.8,True,True,False,False,True,True,True,False,True
2633,rabitq_np256,main,0.7,True,True,False,False,True,True,True,False,True
2636,rabitq_np256,main,0.9,True,True,True,True,False,True,True,False,True
2649,rabitq_np256,main,0.8,False,False,True,True,False,True,True,False,True
2654,rabitq_np256,main,0.9,True,True,False,False,True,True,True,False,True
2665,rabitq_np256,main,0.7,False,False,True,True,False,True,True,False,True
2687,rabitq_np256,main,0.6,False,False,True,True,False,True,True,False,True
2694,rabitq_np256,main,0.8,True,True,False,False,True,True,True,False,True
2695,rabitq_np256,main,0.7,True,True,False,False,True,True,True,False,True
2713,rabitq_np256,main,0.8,True,True,False,False,True,True,True,False,True
2720,rabitq_np256,main,0.9,True,True,True,True,False,True,True,False,True
2726,rabitq_np256,main,0.7,False,False,True,True,False,True,True,False,True
2728,rabitq_np256,main,0.9,True,True,False,False,True,True,True,False,True
2730,rabitq_np256,main,0.6,True,True,False,False,True,True,True,False,True
2745,rabitq_np256,main,0.8,False,False,True,True,False,False,False,False,False
2761,rabitq_np256,sanity,0.8,False,False,True,True,False,False,False,False,False
2778,rabitq_np256,main,1.0,True,True,False,False,True,True,True,False,True
2781,rabitq_np256,main,0.6,False,False,True,True,False,True,True,False,True
2788,rabitq_np256,main,0.8,True,True,False,False,False,True,True,False,True
2789,rabitq_np256,main,0.7,True,True,False,False,True,True,True,False,True
2802,rabitq_np256,main,0.8,True,True,False,False,True,True,True,False,True
2815,rabitq_np256,sanity,0.9,True,True,False,False,True,True,True,False,False
2824,rabitq_np256,main,0.5,True,True,True,True,False,False,False,False,False
2825,rabitq_np256,main,0.5,False,False,True,True,False,False,False,False,False
2851,rabitq_np256,main,0.7,True,True,False,False,False,True,True,False,True
2866,rabitq_np256,main,0.8,True,True,True,True,False,True,True,False,True
2873,rabitq_np256,main,0.8,True,True,False,False,False,True,True,False,True
2896,rabitq_np256,main,0.8,True,True,False,False,True,True,True,False,True
2899,rabitq_np256,main,0.9,True,True,True,True,False,True,True,False,True
2914,rabitq_np256,main,0.9,True,True,True,True,False,True,True,False,True
2921,rabitq_np256,main,0.9,True,True,False,False,False,True,True,False,True
2933,rabitq_np256,main,0.7,True,True,False,False,True,True,True,False,True
2943,rabitq_np256,main,0.7,True,False,False,False,True,True,False,False,False
2948,rabitq_np256,main,0.8,True,True,False,False,False,True,True,False,True
2952,rabitq_np256,main,0.7,True,True,False,False,True,True,True,False,True
2955,rabitq_np256,main,0.9,True,True,False,False,True,True,True,False,True
2961,rabitq_np256,main,1.0,True,False,False,False,True,True,False,False,False
3027,rabitq_np256,main,0.8,True,True,False,False,True,True,True,False,True
3044,rabitq_np256,main,0.7,True,True,False,False,True,True,True,False,True
3076,rabitq_np256,main,0.9,True,True,False,False,True,True,True,False,True
3081,rabitq_np256,main,0.7,True,True,False,False,True,True,True,False,True
3088,rabitq_np256,main,0.9,False,False,False,False,False,False,False,False,False
3092,rabitq_np256,main,0.9,True,True,False,False,True,True,True,False,True
3093,rabitq_np256,main,0.9,True,True,False,False,True,True,True,False,True
3095,rabitq_np256,main,0.8,True,True,True,True,False,True,True,False,True
3097,rabitq_np256,main,0.7,True,True,False,False,True,True,True,False,True
3110,rabitq_np256,main,0.6,True,True,False,False,True,True,True,False,True
3118,rabitq_np256,main,0.8,True,True,True,True,False,True,True,False,True
3119,rabitq_np256,main,0.6,False,False,False,False,False,True,True,False,True
3122,rabitq_np256,sanity,0.8,True,True,False,False,False,True,True,False,False
3129,rabitq_np256,main,0.6,True,True,False,False,True,True,True,False,True
3130,rabitq_np256,main,0.7,False,False,False,False,True,False,False,False,False
3135,rabitq_np256,main,0.9,True,True,True,True,False,True,True,False,True
3137,rabitq_np256,main,0.8,True,True,True,True,False,True,True,False,True
3147,rabitq_np256,sanity,0.7,True,False,False,False,False,True,False,False,False
3153,rabitq_np256,main,0.7,True,True,True,True,False,True,True,False,True
3155,rabitq_np256,main,0.5,False,False,True,True,False,True,True,False,True
3160,rabitq_np256,main,0.9,True,True,False,False,True,True,True,False,True
3161,rabitq_np256,main,0.8,True,True,False,False,True,True,True,False,True
3183,rabitq_np256,main,0.9,True,True,False,False,True,True,True,False,True
3184,rabitq_np256,main,0.9,True,True,False,False,True,True,True,False,True
3191,rabitq_np256,main,0.9,True,True,True,True,False,True,True,False,True
3204,rabitq_np256,main,0.9,True,True,False,False,True,True,True,False,True
3211,rabitq_np256,main,0.9,True,True,False,False,False,True,True,False,True
3224,rabitq_np256,main,0.8,True,True,True,True,False,True,True,False,True
3239,rabitq_np256,main,0.9,True,True,False,False,False,True,True,False,True
3258,rabitq_np256,main,0.9,True,True,True,True,False,True,True,False,True
3260,rabitq_np256,main,0.7,True,True,False,False,True,True,True,False,True
3271,rabitq_np256,main,0.8,True,True,False,False,True,True,True,False,True
3276,rabitq_np256,main,0.8,True,True,False,False,True,True,True,False,True
3282,rabitq_np256,main,0.8,True,True,False,False,True,True,True,False,True
3290,rabitq_np256,sanity,0.9,False,False,False,False,False,False,False,False,False
3292,rabitq_np256,main,0.9,True,True,True,True,False,True,True,False,True
3301,rabitq_np256,main,0.9,True,True,False,False,True,True,True,False,True
3310,rabitq_np256,main,0.9,True,True,True,True,False,True,True,False,True
3312,rabitq_np256,main,1.0,False,False,True,True,False,False,False,False,False
3317,rabitq_np256,main,0.9,True,True,True,True,False,True,True,False,True
3320,rabitq_np256,main,0.8,True,True,True,True,False,True,True,False,True
3323,rabitq_np256,main,0.9,True,True,False,False,True,True,True,False,True
3325,rabitq_np256,main,0.7,False,False,True,True,False,False,False,False,False
3345,rabitq_np256,main,0.9,True,True,True,True,False,True,True,False,True
3348,rabitq_np256,main,0.9,True,True,False,False,True,True,True,False,True
3362,rabitq_np256,main,0.9,True,True,False,False,True,True,True,False,True
3363,rabitq_np256,main,0.6,False,False,False,False,True,False,False,False,False
3368,rabitq_np256,main,0.7,True,True,True,True,False,True,True,False,True
3382,rabitq_np256,sanity,0.6,True,True,False,False,False,True,True,False,False
3386,rabitq_np256,main,0.8,True,True,True,True,False,True,True,False,True
3390,rabitq_np256,sanity,0.6,True,True,False,False,True,True,True,False,False
3417,rabitq_np256,main,0.8,True,True,True,True,False,True,True,False,True
3419,rabitq_np256,main,0.9,True,True,False,False,True,True,True,False,True
3420,rabitq_np256,sanity,0.8,True,True,True,True,False,True,True,False,False
3424,rabitq_np256,main,0.3,True,True,False,False,True,True,True,False,True
3434,rabitq_np256,main,0.9,True,True,False,False,False,True,True,False,True
3438,rabitq_np256,main,0.6,True,True,False,False,True,True,True,False,True
3441,rabitq_np256,main,0.9,True,True,False,False,True,True,True,False,True
3446,rabitq_np256,main,0.6,True,True,True,True,False,True,True,False,True
3453,rabitq_np256,main,0.7,False,False,False,False,False,False,False,False,False
3457,rabitq_np256,main,0.5,False,False,True,True,False,False,False,False,False
3467,rabitq_np256,main,0.8,False,False,True,True,False,False,False,False,False
3478,rabitq_np256,main,0.9,True,False,False,False,True,True,False,False,False
3480,rabitq_np256,main,0.7,False,False,False,False,False,True,True,False,True
3485,rabitq_np256,main,0.6,True,True,True,True,False,False,False,False,False
3497,rabitq_np256,main,0.9,True,False,False,False,False,True,False,False,False
3499,rabitq_np256,sanity,0.8,True,True,False,False,True,True,True,False,False
3503,rabitq_np256,main,0.9,True,True,False,False,True,True,True,False,True
3510,rabitq_np256,main,0.8,True,True,False,False,True,True,True,False,True
3513,rabitq_np256,sanity,0.9,False,False,False,False,True,False,False,False,False
3520,rabitq_np256,main,0.6,False,False,True,True,False,True,False,False,False
3552,rabitq_np256,main,0.8,True,False,False,False,False,True,False,True,False
3554,rabitq_np256,main,0.8,True,True,False,False,True,True,True,False,True
3558,rabitq_np256,main,0.9,True,True,False,False,True,True,True,False,True
3568,rabitq_np256,main,0.8,True,True,True,True,False,True,True,False,True
3570,rabitq_np256,main,0.7,True,True,False,False,True,True,True,False,True
3579,rabitq_np256,main,0.7,True,False,True,True,False,True,False,False,False
3583,rabitq_np256,sanity,0.6,False,False,False,False,False,False,False,False,False
3591,rabitq_np256,main,0.6,True,True,True,True,False,True,True,False,True
3595,rabitq_np256,main,0.8,True,True,False,False,False,True,True,False,True
3606,rabitq_np256,main,0.9,True,True,True,True,False,True,True,False,True
3609,rabitq_np256,main,0.9,True,True,False,False,True,True,True,False,True
13,refine_np64,sanity,1.0,True,True,False,False,True,True,True,False,False
14,refine_np64,main,1.0,True,True,False,False,True,True,True,False,True
19,refine_np64,main,1.0,True,False,True,True,False,True,False,True,False
30,refine_np64,main,1.0,True,True,False,False,True,True,True,False,True
45,refine_np64,main,1.0,True,True,False,False,True,True,True,False,True
60,refine_np64,main,1.0,True,True,False,False,True,True,True,False,True
66,refine_np64,main,1.0,True,True,False,False,True,True,True,False,True
71,refine_np64,main,1.0,True,True,False,False,True,True,True,False,True
82,refine_np64,main,1.0,True,False,True,True,False,True,False,False,False
92,refine_np64,main,0.9,True,True,True,True,False,True,True,False,True
105,refine_np64,main,0.9,True,True,True,True,False,True,True,False,True
108,refine_np64,main,1.0,True,True,False,False,True,True,True,False,True
115,refine_np64,main,1.0,True,True,False,False,True,True,True,False,True
125,refine_np64,main,1.0,True,False,True,True,False,True,False,False,False
129,refine_np64,main,1.0,False,False,False,False,False,False,False,False,False
132,refine_np64,main,1.0,True,False,False,False,True,True,False,True,False
146,refine_np64,sanity,1.0,True,True,True,True,False,True,True,False,False
151,refine_np64,main,1.0,False,False,False,False,False,False,False,False,False
153,refine_np64,main,0.8,False,False,True,True,False,False,False,False,False
180,refine_np64,main,0.9,False,False,False,False,True,False,False,False,False
188,refine_np64,main,0.9,True,True,False,False,True,True,True,False,True
206,refine_np64,main,1.0,True,True,True,True,False,True,True,False,True
217,refine_np64,main,1.0,True,True,False,False,False,True,True,False,True
233,refine_np64,main,1.0,False,False,True,True,False,False,False,False,False
235,refine_np64,main,1.0,False,False,False,False,True,False,False,False,False
249,refine_np64,main,0.7,True,True,False,False,True,True,True,False,True
261,refine_np64,main,1.0,True,True,False,False,True,True,True,False,True
264,refine_np64,main,1.0,True,True,False,False,True,True,True,False,True
268,refine_np64,main,0.9,True,True,False,False,True,True,True,False,True
279,refine_np64,main,0.9,False,False,True,True,False,True,True,False,True
286,refine_np64,main,1.0,True,True,False,False,True,True,True,False,True
287,refine_np64,main,1.0,True,True,False,False,True,True,True,False,True
290,refine_np64,main,1.0,True,False,True,True,False,True,False,True,False
291,refine_np64,main,0.9,True,False,True,True,False,True,False,False,False
295,refine_np64,main,0.9,True,False,False,False,True,True,False,False,False
296,refine_np64,main,1.0,True,True,True,True,False,True,True,False,True
307,refine_np64,main,1.0,True,True,False,False,True,True,True,False,True
318,refine_np64,main,0.9,True,True,False,False,True,True,True,False,True
319,refine_np64,main,1.0,True,False,False,False,True,True,False,False,False
323,refine_np64,sanity,1.0,False,False,True,True,False,False,False,False,False
337,refine_np64,main,1.0,True,True,True,True,False,True,True,False,True
350,refine_np64,main,1.0,True,True,False,False,True,True,True,False,True
352,refine_np64,main,1.0,True,True,False,False,True,True,True,False,True
371,refine_np64,main,1.0,True,True,False,False,True,True,True,False,True
382,refine_np64,main,1.0,False,False,False,False,True,False,False,False,False
399,refine_np64,main,1.0,True,True,False,False,True,True,True,False,True
400,refine_np64,main,1.0,True,True,False,False,False,True,True,False,True
416,refine_np64,main,1.0,True,True,True,True,False,True,True,False,True
419,refine_np64,main,1.0,True,True,False,False,True,True,True,False,True
421,refine_np64,main,1.0,True,True,False,False,True,True,True,False,True
422,refine_np64,main,1.0,True,True,False,False,True,True,True,False,True
424,refine_np64,sanity,0.9,True,True,True,True,False,True,True,False,False
433,refine_np64,main,1.0,True,True,False,False,True,True,True,False,True
442,refine_np64,main,0.7,False,False,True,True,False,True,False,False,False
444,refine_np64,main,1.0,True,True,False,False,True,True,True,False,True
447,refine_np64,main,1.0,False,False,False,False,True,False,False,False,False
450,refine_np64,main,1.0,True,True,False,False,True,True,True,False,True
453,refine_np64,main,1.0,True,True,False,False,False,True,True,False,True
462,refine_np64,sanity,0.8,False,False,True,True,False,False,False,False,False
476,refine_np64,main,1.0,True,False,False,False,True,True,False,False,False
478,refine_np64,sanity,1.0,True,True,False,False,True,True,True,False,False
482,refine_np64,main,1.0,True,True,True,True,False,True,True,False,True
484,refine_np64,main,1.0,True,True,True,True,False,True,True,False,True
486,refine_np64,main,1.0,True,True,False,False,True,True,True,False,True
488,refine_np64,main,1.0,False,False,False,False,False,False,False,False,False
491,refine_np64,main,1.0,True,False,True,True,False,True,False,False,False
496,refine_np64,main,1.0,True,True,False,False,True,True,True,False,True
501,refine_np64,main,1.0,True,True,False,False,True,True,True,False,True
508,refine_np64,main,1.0,True,True,True,True,False,True,True,False,True
513,refine_np64,main,1.0,True,True,True,True,False,True,True,False,True
518,refine_np64,main,1.0,True,True,False,False,True,True,True,False,True
519,refine_np64,sanity,0.9,True,True,True,True,False,True,True,False,False
523,refine_np64,main,0.7,True,True,False,False,True,True,True,False,True
524,refine_np64,main,1.0,True,True,False,False,True,True,True,False,True
531,refine_np64,main,0.8,False,False,True,True,False,False,False,False,False
535,refine_np64,sanity,0.9,True,True,False,False,True,True,True,False,False
537,refine_np64,main,1.0,True,True,False,False,True,True,True,False,True
551,refine_np64,main,1.0,True,False,True,True,False,True,False,True,False
552,refine_np64,main,0.9,True,True,False,False,True,True,True,False,True
553,refine_np64,main,1.0,True,True,False,False,True,True,True,False,True
559,refine_np64,main,1.0,True,True,True,True,False,True,True,False,True
565,refine_np64,main,1.0,True,True,False,False,True,True,True,False,True
571,refine_np64,sanity,1.0,True,True,False,False,True,True,True,False,False
590,refine_np64,main,1.0,True,True,False,False,True,True,True,False,True
591,refine_np64,main,1.0,False,False,True,True,False,False,False,False,False
604,refine_np64,main,0.8,False,False,True,True,False,False,False,False,False
606,refine_np64,main,1.0,True,True,False,False,True,True,True,False,True
614,refine_np64,main,1.0,True,True,False,False,False,True,True,False,True
617,refine_np64,main,0.9,True,True,False,False,True,True,True,False,True
619,refine_np64,sanity,1.0,False,False,True,True,False,False,False,False,False
621,refine_np64,main,1.0,True,True,True,True,False,True,True,False,True
637,refine_np64,main,1.0,True,True,False,False,True,True,True,False,True
642,refine_np64,main,1.0,True,True,False,False,True,True,True,False,True
644,refine_np64,main,1.0,True,True,False,False,True,True,True,False,True
652,refine_np64,main,1.0,False,False,True,True,False,False,False,False,False
658,refine_np64,sanity,1.0,False,False,True,True,False,False,False,False,False
684,refine_np64,main,1.0,False,False,True,True,False,False,False,False,False
697,refine_np64,main,1.0,True,True,False,False,False,True,True,False,True
701,refine_np64,main,0.9,True,True,False,False,True,True,True,False,True
705,refine_np64,main,0.6,True,True,False,False,True,True,True,False,True
715,refine_np64,main,1.0,False,False,False,False,False,False,False,False,False
726,refine_np64,main,1.0,False,False,True,True,False,False,False,False,False
753,refine_np64,main,0.9,True,True,False,False,True,True,True,False,True
754,refine_np64,main,0.8,True,True,True,True,False,True,True,False,True
775,refine_np64,sanity,0.9,False,False,True,True,False,False,False,False,False
782,refine_np64,main,1.0,False,False,True,True,False,False,False,False,False
784,refine_np64,main,1.0,True,True,False,False,True,True,True,False,True
787,refine_np64,main,1.0,True,True,False,False,True,True,True,False,True
802,refine_np64,main,1.0,True,True,True,True,False,True,True,False,True
823,refine_np64,main,0.9,True,True,False,False,True,True,True,False,True
826,refine_np64,main,0.8,True,True,False,False,True,True,True,False,True
841,refine_np64,main,1.0,False,False,True,True,False,False,False,False,False
845,refine_np64,main,0.9,False,False,False,False,False,True,True,False,True
855,refine_np64,main,1.0,False,False,True,True,False,False,False,False,False
861,refine_np64,main,1.0,True,True,False,False,True,True,True,False,True
868,refine_np64,main,1.0,True,True,False,False,True,True,True,False,True
873,refine_np64,main,1.0,False,False,False,False,True,False,False,False,False
883,refine_np64,sanity,1.0,False,False,True,True,False,False,False,False,False
884,refine_np64,main,1.0,True,True,False,False,True,True,True,False,True
891,refine_np64,main,1.0,True,True,False,False,False,True,True,False,True
896,refine_np64,main,0.9,True,True,False,False,False,True,True,False,True
901,refine_np64,main,0.7,False,False,False,False,False,True,True,False,True
905,refine_np64,sanity,1.0,True,True,False,False,True,True,True,False,False
907,refine_np64,main,1.0,True,True,False,False,False,True,True,False,True
919,refine_np64,sanity,1.0,True,True,False,False,False,True,True,False,False
931,refine_np64,main,1.0,True,True,True,True,False,True,True,False,True
937,refine_np64,main,1.0,True,True,False,False,True,True,True,False,True
944,refine_np64,main,1.0,False,False,False,False,False,False,False,False,False
966,refine_np64,main,1.0,False,False,True,True,False,False,False,False,False
967,refine_np64,main,1.0,True,True,False,False,True,True,True,False,True
970,refine_np64,main,1.0,True,True,False,False,True,True,True,False,True
972,refine_np64,main,0.9,True,True,True,True,False,True,True,False,True
978,refine_np64,main,0.9,False,False,True,True,False,False,False,False,False
987,refine_np64,main,0.9,False,False,True,True,False,False,False,False,False
990,refine_np64,main,1.0,True,True,False,False,True,True,True,False,True
992,refine_np64,main,1.0,True,True,True,True,False,True,True,False,True
1000,refine_np64,main,1.0,True,True,False,False,True,True,True,False,True
1001,refine_np64,main,1.0,True,True,False,False,False,True,True,False,True
1003,refine_np64,main,1.0,True,False,True,True,False,True,False,False,False
1005,refine_np64,main,1.0,True,False,False,False,False,True,False,False,False
1016,refine_np64,main,1.0,True,True,False,False,True,True,True,False,True
1020,refine_np64,main,0.6,True,True,True,True,False,True,True,False,True
1026,refine_np64,main,1.0,True,True,False,False,True,True,True,False,True
1028,refine_np64,main,1.0,True,False,False,False,False,True,False,False,False
1032,refine_np64,main,1.0,True,True,True,True,False,True,True,False,True
1048,refine_np64,main,1.0,True,True,False,False,True,True,True,False,True
1056,refine_np64,main,1.0,True,True,True,True,False,True,True,False,True
1063,refine_np64,main,1.0,True,True,False,False,True,True,True,False,True
1065,refine_np64,main,1.0,True,False,True,True,False,True,False,False,False
1066,refine_np64,main,1.0,True,True,False,False,True,True,True,False,True
1071,refine_np64,main,1.0,True,True,False,False,True,True,True,False,True
1081,refine_np64,sanity,0.8,True,True,True,True,False,True,True,False,False
1085,refine_np64,main,0.8,True,True,True,True,False,True,True,False,True
1088,refine_np64,main,1.0,True,True,False,False,True,True,True,False,True
1089,refine_np64,main,1.0,True,True,True,True,False,True,True,False,True
1093,refine_np64,main,0.9,False,False,True,True,False,False,False,False,False
1094,refine_np64,main,1.0,True,False,True,True,False,True,False,True,False
1103,refine_np64,main,1.0,True,True,False,False,False,True,True,False,True
1106,refine_np64,main,0.6,True,True,False,False,True,True,True,False,True
1108,refine_np64,main,1.0,True,False,False,False,True,True,False,False,False
1113,refine_np64,main,0.9,True,True,False,False,True,True,True,False,True
1114,refine_np64,main,1.0,True,True,True,True,False,True,True,False,True
1118,refine_np64,main,1.0,True,True,False,False,True,True,True,False,True
1122,refine_np64,main,1.0,False,False,True,True,False,False,False,False,False
1125,refine_np64,main,1.0,True,True,False,False,False,True,True,False,True
1148,refine_np64,main,1.0,True,True,False,True,False,True,True,False,True
1155,refine_np64,main,1.0,True,True,False,False,True,True,True,False,True
1158,refine_np64,main,0.9,True,True,False,False,True,True,True,False,True
1174,refine_np64,main,1.0,False,False,True,True,False,False,False,False,False
1183,refine_np64,main,0.9,True,True,True,True,False,True,True,False,True
1191,refine_np64,main,1.0,True,False,False,False,True,True,False,False,False
1216,refine_np64,main,1.0,False,False,True,True,False,False,False,False,False
1217,refine_np64,main,1.0,True,True,False,False,True,True,True,False,True
1244,refine_np64,main,1.0,True,True,True,True,False,True,True,False,True
1258,refine_np64,main,0.8,False,False,True,True,False,False,False,False,False
1278,refine_np64,main,1.0,True,True,True,True,False,True,True,False,True
1279,refine_np64,main,1.0,True,True,False,False,False,True,True,False,True
1282,refine_np64,main,1.0,True,True,False,False,False,True,True,False,True
1287,refine_np64,main,1.0,True,True,False,False,True,True,True,False,True
1289,refine_np64,main,1.0,True,True,False,False,True,True,True,False,True
1292,refine_np64,main,1.0,True,True,False,False,True,True,True,False,True
1293,refine_np64,main,1.0,True,True,True,True,False,True,True,False,True
1313,refine_np64,main,1.0,True,True,False,False,False,True,True,False,True
1320,refine_np64,main,1.0,True,True,False,False,True,True,True,False,True
1322,refine_np64,main,1.0,True,True,False,False,True,True,True,False,True
1327,refine_np64,sanity,0.9,False,False,False,False,True,False,False,False,False
1333,refine_np64,main,1.0,True,True,False,False,True,True,True,False,True
1336,refine_np64,main,1.0,True,True,False,False,True,True,True,False,True
1338,refine_np64,main,1.0,True,True,False,False,True,True,True,False,True
1342,refine_np64,main,1.0,True,False,True,True,False,True,False,True,False
1348,refine_np64,sanity,1.0,False,False,False,False,False,False,False,False,False
1370,refine_np64,main,1.0,True,True,False,True,False,True,True,False,True
1372,refine_np64,main,0.9,False,False,True,True,False,True,True,False,True
1375,refine_np64,main,1.0,True,True,False,False,True,True,True,False,True
1376,refine_np64,main,1.0,False,False,True,True,False,False,False,False,False
1396,refine_np64,main,1.0,True,True,False,False,True,True,True,False,True
1418,refine_np64,main,1.0,True,True,False,False,True,True,True,False,True
1419,refine_np64,main,1.0,True,True,True,True,False,True,True,False,True
1423,refine_np64,main,1.0,True,True,False,False,True,True,True,False,True
1427,refine_np64,main,1.0,True,True,False,False,True,True,True,False,True
1433,refine_np64,main,1.0,True,True,True,True,False,True,True,False,True
1437,refine_np64,main,0.9,True,True,True,True,False,True,True,False,True
1438,refine_np64,main,1.0,True,False,False,False,True,True,False,False,False
1458,refine_np64,sanity,1.0,False,False,True,True,False,False,False,False,False
1463,refine_np64,main,1.0,True,True,False,False,True,True,True,False,True
1466,refine_np64,main,1.0,True,True,False,False,True,True,True,False,True
1470,refine_np64,sanity,0.9,False,False,True,True,False,False,False,False,False
1471,refine_np64,main,0.9,True,False,True,True,False,True,False,True,False
1480,refine_np64,main,1.0,True,True,False,False,False,True,True,False,True
1484,refine_np64,main,1.0,True,False,True,True,False,True,False,False,False
1487,refine_np64,main,1.0,True,True,False,False,True,True,True,False,True
1490,refine_np64,main,1.0,False,False,True,True,False,False,False,False,False
1496,refine_np64,main,0.9,True,True,True,True,False,True,True,False,True
1501,refine_np64,main,0.9,True,True,False,False,False,True,True,False,True
1507,refine_np64,main,1.0,True,True,False,False,True,True,True,False,True
1508,refine_np64,sanity,1.0,True,True,False,False,True,True,True,False,False
1520,refine_np64,main,1.0,True,True,False,False,True,True,True,False,True
1527,refine_np64,main,1.0,True,True,False,False,True,True,True,False,True
1538,refine_np64,main,1.0,False,False,False,False,False,False,False,False,False
1542,refine_np64,main,0.9,True,False,False,False,True,True,False,False,False
1558,refine_np64,main,1.0,False,False,True,True,False,False,False,False,False
1574,refine_np64,main,0.9,True,False,False,False,True,True,False,False,False
1583,refine_np64,main,1.0,True,True,False,False,True,True,True,False,True
1589,refine_np64,main,1.0,True,True,False,False,True,True,True,False,True
1594,refine_np64,main,1.0,True,True,False,False,True,True,True,False,True
1596,refine_np64,sanity,0.9,False,False,True,True,False,False,False,False,False
1603,refine_np64,sanity,1.0,False,False,False,False,True,False,False,False,False
1611,refine_np64,main,1.0,True,True,False,False,True,True,True,False,True
1613,refine_np64,main,1.0,False,False,True,True,False,False,False,False,False
1617,refine_np64,main,1.0,False,False,True,True,False,False,False,False,False
1625,refine_np64,main,0.8,True,False,True,True,False,True,False,True,False
1626,refine_np64,main,1.0,True,True,False,False,True,True,True,False,True
1627,refine_np64,main,1.0,False,False,True,True,False,False,False,False,False
1630,refine_np64,main,1.0,True,True,False,False,True,True,True,False,True
1641,refine_np64,main,1.0,True,True,False,False,True,True,True,False,True
1642,refine_np64,sanity,1.0,False,False,False,False,False,False,False,False,False
1645,refine_np64,sanity,1.0,True,True,False,False,True,True,True,False,False
1654,refine_np64,main,1.0,False,False,True,True,False,False,False,False,False
1656,refine_np64,main,1.0,True,True,False,False,True,True,True,False,True
1660,refine_np64,main,1.0,True,True,True,True,False,True,True,False,True
1661,refine_np64,main,1.0,False,False,False,True,False,False,False,False,False
1670,refine_np64,main,1.0,False,False,True,True,False,False,False,False,False
1671,refine_np64,sanity,0.9,True,True,False,False,True,True,True,False,False
1690,refine_np64,main,1.0,True,True,False,False,True,True,True,False,True
1699,refine_np64,main,1.0,False,False,True,True,False,False,False,False,False
1715,refine_np64,sanity,1.0,False,False,True,True,False,False,False,False,False
1767,refine_np64,main,1.0,False,False,True,True,False,False,False,False,False
1770,refine_np64,main,0.6,True,True,True,True,False,True,True,False,True
1777,refine_np64,main,0.9,True,True,False,False,True,True,True,False,True
1785,refine_np64,main,1.0,True,True,True,True,False,True,True,False,True
1797,refine_np64,main,0.9,True,True,False,False,True,True,True,False,True
1799,refine_np64,main,1.0,True,True,False,False,True,True,True,False,True
1800,refine_np64,main,0.9,True,True,False,False,True,True,True,False,True
1804,refine_np64,main,1.0,True,True,False,False,True,True,True,False,True
1810,refine_np64,main,1.0,True,True,True,True,False,True,True,False,True
1811,refine_np64,main,1.0,True,True,False,False,True,True,True,False,True
1816,refine_np64,main,1.0,False,False,True,True,False,False,False,False,False
1831,refine_np64,sanity,1.0,False,False,True,True,False,False,False,False,False
1832,refine_np64,main,0.9,True,True,False,False,True,True,True,False,True
1837,refine_np64,main,1.0,True,True,False,False,True,True,True,False,True
1842,refine_np64,main,1.0,False,False,False,False,False,False,False,False,False
1859,refine_np64,main,1.0,True,True,False,False,True,True,True,False,True
1864,refine_np64,main,1.0,False,False,False,False,True,False,False,False,False
1874,refine_np64,main,1.0,True,True,True,True,False,True,True,False,True
1875,refine_np64,main,1.0,True,True,False,False,True,True,True,False,True
1906,refine_np64,main,1.0,True,True,False,False,True,True,True,False,True
1908,refine_np64,main,1.0,False,False,True,True,False,False,False,False,False
1916,refine_np64,main,1.0,True,True,False,False,True,True,True,False,True
1928,refine_np64,sanity,1.0,True,True,False,False,True,True,True,False,False
1932,refine_np64,main,0.9,False,False,True,True,False,False,False,False,False
1933,refine_np64,main,1.0,False,False,False,False,True,False,False,False,False
1934,refine_np64,main,1.0,True,True,False,False,True,True,True,False,True
1940,refine_np64,main,1.0,True,True,True,True,False,True,True,False,True
1942,refine_np64,sanity,1.0,True,True,True,True,False,True,True,False,False
1952,refine_np64,main,1.0,True,True,False,False,True,True,True,False,True
1955,refine_np64,main,1.0,True,True,True,True,False,True,True,False,True
1960,refine_np64,main,1.0,True,True,True,True,False,True,True,False,True
1964,refine_np64,main,1.0,False,False,True,True,False,False,False,True,False
1967,refine_np64,main,1.0,True,True,False,False,True,True,True,False,True
1969,refine_np64,main,1.0,True,False,False,False,True,True,False,True,False
1980,refine_np64,main,1.0,True,False,True,True,False,True,False,True,False
1986,refine_np64,main,1.0,True,True,False,False,True,True,True,False,True
1999,refine_np64,main,1.0,False,False,False,False,False,False,False,False,False
2003,refine_np64,main,1.0,True,True,False,False,False,True,True,False,True
2021,refine_np64,main,0.9,True,True,True,True,False,True,True,False,True
2048,refine_np64,sanity,1.0,False,False,True,True,False,False,False,False,False
2051,refine_np64,main,1.0,True,True,False,False,True,True,True,False,True
2064,refine_np64,main,1.0,True,True,False,False,False,True,True,False,True
2070,refine_np64,main,1.0,True,True,False,False,True,True,True,False,True
2073,refine_np64,sanity,1.0,True,True,False,False,True,True,True,False,False
2078,refine_np64,main,1.0,True,True,False,False,True,True,True,False,True
2083,refine_np64,main,0.9,False,False,False,False,False,False,False,False,False
2088,refine_np64,main,0.9,True,True,False,False,True,True,True,False,True
2092,refine_np64,main,0.9,False,False,False,False,False,False,False,False,False
2096,refine_np64,main,0.9,False,False,True,True,False,False,False,False,False
2099,refine_np64,main,0.9,True,True,True,True,False,True,True,False,True
2108,refine_np64,main,1.0,False,False,False,False,False,False,False,False,False
2109,refine_np64,main,0.9,True,True,False,False,True,True,True,False,True
2115,refine_np64,main,1.0,False,False,True,True,False,False,False,False,False
2117,refine_np64,sanity,0.9,False,False,False,False,False,False,False,False,False
2126,refine_np64,main,1.0,True,True,False,False,True,True,True,False,True
2128,refine_np64,main,1.0,False,False,True,True,False,False,False,False,False
2133,refine_np64,main,1.0,False,False,False,False,False,False,False,False,False
2134,refine_np64,main,1.0,True,True,False,False,True,True,True,False,True
2135,refine_np64,main,1.0,True,False,False,False,False,True,False,False,False
2144,refine_np64,main,0.9,True,True,True,True,False,True,True,False,True
2145,refine_np64,main,1.0,False,False,True,True,False,False,False,False,False
2146,refine_np64,main,1.0,True,True,False,False,True,True,True,False,True
2167,refine_np64,main,1.0,True,False,False,False,False,True,False,False,False
2170,refine_np64,main,1.0,True,False,False,False,False,True,False,False,False
2172,refine_np64,main,1.0,True,True,False,False,True,True,True,False,True
2184,refine_np64,main,1.0,True,True,True,True,False,True,True,False,True
2196,refine_np64,sanity,1.0,True,True,False,False,True,True,True,False,False
2211,refine_np64,main,1.0,True,True,False,False,False,True,True,False,True
2213,refine_np64,main,1.0,False,False,True,True,False,False,False,False,False
2218,refine_np64,main,1.0,True,True,False,False,True,True,True,False,True
2223,refine_np64,main,0.9,False,False,True,True,False,False,False,False,False
2226,refine_np64,main,0.9,True,True,True,True,False,False,False,False,False
2235,refine_np64,main,1.0,True,True,False,False,True,True,True,False,True
2263,refine_np64,main,1.0,True,True,False,False,True,True,True,False,True
2275,refine_np64,main,1.0,False,False,False,False,False,False,False,False,False
2277,refine_np64,main,1.0,True,True,False,False,False,True,True,False,True
2280,refine_np64,sanity,0.9,False,False,True,True,False,False,False,False,False
2284,refine_np64,main,1.0,True,False,False,False,True,True,False,True,False
2286,refine_np64,main,1.0,True,True,False,False,True,True,True,False,True
2295,refine_np64,main,1.0,True,True,False,False,False,True,True,False,True
2297,refine_np64,main,0.7,False,False,True,True,False,True,False,False,False
2306,refine_np64,main,1.0,True,True,False,False,True,True,True,False,True
2310,refine_np64,main,1.0,True,True,False,False,False,True,True,False,True
2318,refine_np64,main,1.0,True,True,True,True,False,True,True,False,True
2325,refine_np64,main,1.0,True,True,False,False,True,True,True,False,True
2329,refine_np64,main,1.0,True,True,True,True,False,True,True,False,True
2332,refine_np64,main,1.0,True,True,False,False,True,True,True,False,True
2337,refine_np64,main,1.0,True,True,True,True,False,True,True,False,True
2340,refine_np64,main,1.0,False,False,True,True,False,False,False,False,False
2341,refine_np64,sanity,0.7,False,False,True,True,False,False,False,False,False
2349,refine_np64,main,1.0,True,False,False,False,True,True,False,False,False
2366,refine_np64,main,1.0,True,True,False,False,True,True,True,False,True
2373,refine_np64,main,0.5,True,True,False,False,True,True,True,False,True
2379,refine_np64,main,1.0,True,True,True,True,False,True,True,False,True
2391,refine_np64,main,1.0,True,True,True,True,False,True,True,False,True
2393,refine_np64,main,1.0,True,True,True,True,False,True,True,False,True
2398,refine_np64,main,1.0,True,True,False,False,True,True,True,False,True
2401,refine_np64,main,1.0,True,True,True,True,False,True,True,False,True
2404,refine_np64,main,0.9,False,False,False,False,True,False,False,False,False
2425,refine_np64,main,1.0,True,True,False,False,True,True,True,False,True
2430,refine_np64,main,1.0,True,True,True,True,False,True,True,False,True
2458,refine_np64,main,1.0,True,True,False,False,True,True,True,False,True
2468,refine_np64,main,0.9,True,True,True,True,False,True,True,False,True
2469,refine_np64,main,0.9,True,True,False,False,True,True,True,False,True
2479,refine_np64,main,1.0,True,False,True,True,False,True,False,False,False
2492,refine_np64,sanity,1.0,True,True,False,False,True,True,True,False,False
2495,refine_np64,main,1.0,True,True,False,False,True,True,True,False,True
2501,refine_np64,main,1.0,True,True,False,False,True,True,True,False,True
2502,refine_np64,main,1.0,True,True,False,False,True,True,True,False,True
2504,refine_np64,main,1.0,True,True,False,False,False,True,True,False,True
2510,refine_np64,main,1.0,True,False,True,True,False,True,False,True,False
2514,refine_np64,main,1.0,True,True,False,False,False,True,True,False,True
2516,refine_np64,main,1.0,False,False,True,True,False,False,False,False,False
2518,refine_np64,main,1.0,True,True,False,False,True,True,True,False,True
2522,refine_np64,sanity,0.9,False,False,False,False,False,False,False,False,False
2525,refine_np64,main,1.0,True,True,True,True,False,True,True,False,True
2528,refine_np64,main,1.0,True,False,False,False,True,True,False,False,False
2531,refine_np64,main,1.0,True,True,False,False,False,True,True,False,True
2533,refine_np64,main,1.0,True,True,True,True,False,True,True,False,True
2538,refine_np64,sanity,1.0,True,True,False,False,True,True,True,False,False
2542,refine_np64,main,1.0,True,True,True,True,False,True,True,False,True
2557,refine_np64,main,1.0,False,False,True,True,False,False,False,False,False
2562,refine_np64,main,1.0,False,False,True,True,False,False,False,False,False
2571,refine_np64,main,0.9,True,True,False,False,False,True,True,False,True
2576,refine_np64,main,1.0,True,True,True,True,False,True,True,False,True
2587,refine_np64,main,0.9,True,True,True,True,False,True,True,False,True
2589,refine_np64,main,0.7,True,True,False,False,True,True,True,False,True
2594,refine_np64,main,1.0,True,True,True,True,False,True,True,False,True
2595,refine_np64,main,0.9,False,False,True,True,False,False,False,False,False
2606,refine_np64,main,1.0,True,True,False,False,True,True,True,False,True
2609,refine_np64,main,1.0,False,False,True,True,False,False,False,False,False
2611,refine_np64,main,1.0,True,True,False,False,False,True,True,False,True
2617,refine_np64,main,1.0,True,False,True,True,False,True,False,False,False
2620,refine_np64,main,0.9,True,True,False,False,True,True,True,False,True
2621,refine_np64,main,1.0,True,True,True,True,False,True,True,False,True
2632,refine_np64,main,1.0,True,True,False,False,True,True,True,False,True
2633,refine_np64,main,0.8,True,True,False,False,True,True,True,False,True
2636,refine_np64,main,1.0,True,True,True,True,False,True,True,False,True
2649,refine_np64,main,1.0,True,True,True,True,False,True,True,False,True
2654,refine_np64,main,0.9,True,True,False,False,True,True,True,False,True
2665,refine_np64,main,1.0,True,True,True,True,False,True,True,False,True
2687,refine_np64,main,1.0,True,True,True,True,False,True,True,False,True
2694,refine_np64,main,1.0,True,True,True,True,False,True,True,False,True
2695,refine_np64,main,1.0,True,True,False,False,True,True,True,False,True
2713,refine_np64,main,1.0,True,True,False,False,True,True,True,False,True
2720,refine_np64,main,1.0,True,True,False,False,True,True,True,False,True
2726,refine_np64,main,0.7,True,True,False,False,True,True,True,False,True
2728,refine_np64,main,0.9,True,True,False,False,True,True,True,False,True
2730,refine_np64,main,0.9,True,True,False,False,True,True,True,False,True
2745,refine_np64,main,1.0,False,False,True,True,False,False,False,False,False
2761,refine_np64,sanity,0.9,False,False,True,True,False,False,False,False,False
2778,refine_np64,main,1.0,True,True,False,False,True,True,True,False,True
2781,refine_np64,main,1.0,True,True,False,False,True,True,True,False,True
2788,refine_np64,main,1.0,True,True,False,False,False,True,True,False,True
2789,refine_np64,main,1.0,True,True,False,False,True,True,True,False,True
2802,refine_np64,main,0.9,True,True,False,False,True,True,True,False,True
2815,refine_np64,sanity,1.0,True,True,False,False,True,True,True,False,False
2824,refine_np64,main,1.0,False,False,True,True,False,False,False,False,False
2825,refine_np64,main,0.9,False,False,True,True,False,False,False,False,False
2851,refine_np64,main,1.0,True,True,True,True,False,True,True,False,True
2866,refine_np64,main,1.0,True,True,True,True,False,True,True,False,True
2873,refine_np64,main,1.0,True,True,False,False,False,True,True,False,True
2896,refine_np64,main,1.0,True,True,False,False,True,True,True,False,True
2899,refine_np64,main,1.0,True,True,True,True,False,True,True,False,True
2914,refine_np64,main,1.0,True,True,True,True,False,True,True,False,True
2921,refine_np64,main,1.0,True,True,False,False,True,True,True,False,True
2933,refine_np64,main,1.0,True,True,False,False,True,True,True,False,True
2943,refine_np64,main,0.6,True,False,True,True,False,True,False,False,False
2948,refine_np64,main,1.0,True,True,False,False,False,True,True,False,True
2952,refine_np64,main,0.9,True,True,False,False,True,True,True,False,True
2955,refine_np64,main,0.9,True,True,False,False,True,True,True,False,True
2961,refine_np64,main,1.0,True,False,False,False,True,True,False,False,False
3027,refine_np64,main,1.0,True,True,False,False,True,True,True,False,True
3044,refine_np64,main,1.0,True,True,False,False,True,True,True,False,True
3076,refine_np64,main,0.9,True,True,False,False,True,True,True,False,True
3081,refine_np64,main,1.0,True,True,False,False,True,True,True,False,True
3088,refine_np64,main,1.0,False,False,True,True,False,False,False,False,False
3092,refine_np64,main,0.9,True,True,False,False,True,True,True,False,True
3093,refine_np64,main,1.0,True,True,False,False,True,True,True,False,True
3095,refine_np64,main,1.0,True,True,True,True,False,True,True,False,True
3097,refine_np64,main,1.0,True,True,False,False,True,True,True,False,True
3110,refine_np64,main,1.0,True,True,False,False,True,True,True,False,True
3118,refine_np64,main,0.9,True,True,True,True,False,True,True,False,True
3119,refine_np64,main,1.0,True,True,False,False,True,True,True,False,True
3122,refine_np64,sanity,0.9,True,True,False,False,True,True,True,False,False
3129,refine_np64,main,0.9,True,True,False,False,True,True,True,False,True
3130,refine_np64,main,0.8,False,False,False,False,True,False,False,False,False
3135,refine_np64,main,1.0,True,True,True,True,False,True,True,False,True
3137,refine_np64,main,0.9,True,True,True,True,False,True,True,False,True
3147,refine_np64,sanity,1.0,True,False,False,False,False,True,False,False,False
3153,refine_np64,main,0.8,True,True,True,True,False,True,True,False,True
3155,refine_np64,main,0.8,False,False,True,True,False,True,True,False,True
3160,refine_np64,main,1.0,True,True,False,False,True,True,True,False,True
3161,refine_np64,main,1.0,True,True,False,False,True,True,True,False,True
3183,refine_np64,main,1.0,True,True,False,False,True,True,True,False,True
3184,refine_np64,main,1.0,True,True,False,False,True,True,True,False,True
3191,refine_np64,main,0.9,True,True,True,True,False,True,True,False,True
3204,refine_np64,main,1.0,True,True,False,False,True,True,True,False,True
3211,refine_np64,main,1.0,True,True,False,False,False,True,True,False,True
3224,refine_np64,main,1.0,True,True,False,False,False,True,True,False,True
3239,refine_np64,main,0.9,True,True,True,True,False,True,True,False,True
3258,refine_np64,main,1.0,True,True,True,True,False,True,True,False,True
3260,refine_np64,main,1.0,True,True,False,False,True,True,True,False,True
3271,refine_np64,main,0.7,True,True,False,False,True,True,True,False,True
3276,refine_np64,main,1.0,True,True,False,False,True,True,True,False,True
3282,refine_np64,main,1.0,True,True,False,False,True,True,True,False,True
3290,refine_np64,sanity,1.0,False,False,True,True,False,False,False,False,False
3292,refine_np64,main,1.0,True,True,False,False,True,True,True,False,True
3301,refine_np64,main,1.0,True,True,False,False,True,True,True,False,True
3310,refine_np64,main,1.0,True,True,True,True,False,True,True,False,True
3312,refine_np64,main,0.9,False,False,True,True,False,False,False,False,False
3317,refine_np64,main,1.0,True,True,True,True,False,True,True,False,True
3320,refine_np64,main,1.0,True,True,True,True,False,True,True,False,True
3323,refine_np64,main,1.0,True,True,False,False,True,True,True,False,True
3325,refine_np64,main,1.0,False,False,True,True,False,False,False,False,False
3345,refine_np64,main,1.0,True,True,True,True,False,True,True,False,True
3348,refine_np64,main,1.0,True,True,False,False,True,True,True,False,True
3362,refine_np64,main,1.0,True,True,False,False,True,True,True,False,True
3363,refine_np64,main,0.9,False,False,True,True,False,False,False,False,False
3368,refine_np64,main,1.0,True,True,True,True,False,True,True,False,True
3382,refine_np64,sanity,0.8,True,True,False,False,False,True,True,False,False
3386,refine_np64,main,1.0,True,True,True,True,False,True,True,False,True
3390,refine_np64,sanity,0.9,True,True,False,False,True,True,True,False,False
3417,refine_np64,main,1.0,True,True,True,True,False,True,True,False,True
3419,refine_np64,main,1.0,True,True,False,False,True,True,True,False,True
3420,refine_np64,sanity,1.0,True,True,True,True,False,True,True,False,False
3424,refine_np64,main,1.0,True,True,False,False,True,True,True,False,True
3434,refine_np64,main,1.0,True,True,False,False,True,True,True,False,True
3438,refine_np64,main,1.0,True,True,False,False,True,True,True,False,True
3441,refine_np64,main,1.0,True,True,False,False,True,True,True,False,True
3446,refine_np64,main,0.9,True,True,False,False,True,True,True,False,True
3453,refine_np64,main,1.0,False,False,False,False,False,False,False,False,False
3457,refine_np64,main,1.0,False,False,True,True,False,False,False,False,False
3467,refine_np64,main,1.0,False,False,True,True,False,False,False,False,False
3478,refine_np64,main,1.0,True,False,False,False,True,True,False,False,False
3480,refine_np64,main,1.0,True,True,True,True,False,True,True,False,True
3485,refine_np64,main,1.0,False,False,True,True,False,False,False,False,False
3497,refine_np64,main,1.0,True,False,False,False,True,True,False,False,False
3499,refine_np64,sanity,1.0,True,True,False,False,True,True,True,False,False
3503,refine_np64,main,1.0,True,True,False,False,True,True,True,False,True
3510,refine_np64,main,1.0,True,True,False,False,True,True,True,False,True
3513,refine_np64,sanity,0.9,False,False,False,False,False,False,False,False,False
3520,refine_np64,main,1.0,True,False,True,True,False,True,False,False,False
3552,refine_np64,main,1.0,True,False,True,True,False,True,False,True,False
3554,refine_np64,main,0.6,True,True,False,False,True,True,True,False,True
3558,refine_np64,main,1.0,True,True,False,False,True,True,True,False,True
3568,refine_np64,main,0.9,False,False,True,True,False,True,True,False,True
3570,refine_np64,main,1.0,True,True,False,False,True,True,True,False,True
3579,refine_np64,main,1.0,True,False,True,True,False,True,False,False,False
3583,refine_np64,sanity,0.9,False,False,True,True,False,False,False,False,False
3591,refine_np64,main,1.0,True,True,True,True,False,True,True,False,True
3595,refine_np64,main,1.0,True,True,False,False,False,True,True,False,True
3606,refine_np64,main,1.0,True,True,True,True,False,True,True,False,True
3609,refine_np64,main,1.0,True,True,False,False,True,True,True,False,True
13,sq8_np16,sanity,1.0,True,True,False,False,True,True,True,False,False
14,sq8_np16,main,0.9,True,True,False,False,True,True,True,False,True
19,sq8_np16,main,1.0,True,False,True,True,False,True,False,True,False
30,sq8_np16,main,1.0,True,True,False,False,True,True,True,False,True
45,sq8_np16,main,1.0,True,True,False,False,True,True,True,False,True
60,sq8_np16,main,1.0,True,True,False,False,True,True,True,False,True
66,sq8_np16,main,1.0,True,True,False,False,True,True,True,False,True
71,sq8_np16,main,1.0,True,True,False,False,True,True,True,False,True
82,sq8_np16,main,0.9,True,False,True,True,False,True,False,False,False
92,sq8_np16,main,0.8,True,True,True,True,False,True,True,False,True
105,sq8_np16,main,0.9,True,True,True,True,False,True,True,False,True
108,sq8_np16,main,1.0,True,True,False,False,True,True,True,False,True
115,sq8_np16,main,1.0,True,True,False,False,True,True,True,False,True
125,sq8_np16,main,1.0,True,False,False,False,False,True,False,False,False
129,sq8_np16,main,0.9,True,True,False,False,False,False,False,False,False
132,sq8_np16,main,0.8,True,False,False,False,True,True,False,True,False
146,sq8_np16,sanity,1.0,True,True,True,True,False,True,True,False,False
151,sq8_np16,main,1.0,False,False,False,False,False,False,False,False,False
153,sq8_np16,main,0.9,False,False,True,True,False,False,False,False,False
180,sq8_np16,main,1.0,False,False,False,False,True,False,False,False,False
188,sq8_np16,main,0.8,True,True,False,False,True,True,True,False,True
206,sq8_np16,main,1.0,True,True,True,True,False,True,True,False,True
217,sq8_np16,main,1.0,True,True,True,True,False,True,True,False,True
233,sq8_np16,main,1.0,False,False,True,True,False,False,False,False,False
235,sq8_np16,main,0.9,False,False,False,False,True,False,False,False,False
249,sq8_np16,main,0.6,True,True,True,True,False,True,True,False,True
261,sq8_np16,main,0.9,True,True,True,True,False,True,True,False,True
264,sq8_np16,main,1.0,True,True,False,False,True,True,True,False,True
268,sq8_np16,main,1.0,True,True,False,False,True,True,True,False,True
279,sq8_np16,main,1.0,True,True,True,True,False,True,True,False,True
286,sq8_np16,main,0.9,True,True,False,False,True,True,True,False,True
287,sq8_np16,main,0.9,True,True,False,False,True,True,True,False,True
290,sq8_np16,main,1.0,True,False,True,True,False,True,False,True,False
291,sq8_np16,main,0.8,True,False,False,False,True,True,False,False,False
295,sq8_np16,main,1.0,True,False,False,False,True,True,False,False,False
296,sq8_np16,main,1.0,True,True,False,False,True,True,True,False,True
307,sq8_np16,main,1.0,True,True,False,False,True,True,True,False,True
318,sq8_np16,main,0.9,True,True,False,False,True,True,True,False,True
319,sq8_np16,main,1.0,True,False,False,False,True,True,False,False,False
323,sq8_np16,sanity,1.0,False,False,False,False,False,False,False,False,False
337,sq8_np16,main,1.0,True,True,True,True,False,True,True,False,True
350,sq8_np16,main,1.0,True,True,False,False,True,True,True,False,True
352,sq8_np16,main,0.9,True,True,False,False,True,True,True,False,True
371,sq8_np16,main,1.0,True,True,False,False,True,True,True,False,True
382,sq8_np16,main,1.0,False,False,False,False,True,False,False,False,False
399,sq8_np16,main,1.0,True,True,False,False,True,True,True,False,True
400,sq8_np16,main,1.0,True,True,False,False,False,True,True,False,True
416,sq8_np16,main,1.0,True,True,True,True,False,True,True,False,True
419,sq8_np16,main,0.9,True,True,False,False,True,True,True,False,True
421,sq8_np16,main,0.9,True,True,True,True,False,True,True,False,True
422,sq8_np16,main,1.0,True,True,False,False,True,True,True,False,True
424,sq8_np16,sanity,1.0,True,True,True,True,False,True,True,False,False
433,sq8_np16,main,1.0,True,True,False,False,True,True,True,False,True
442,sq8_np16,main,0.3,False,False,True,True,False,True,False,False,False
444,sq8_np16,main,1.0,True,True,False,False,True,True,True,False,True
447,sq8_np16,main,1.0,False,False,True,True,False,False,False,False,False
450,sq8_np16,main,0.7,True,True,False,False,True,True,True,False,True
453,sq8_np16,main,1.0,True,True,False,False,False,True,True,False,True
462,sq8_np16,sanity,0.6,False,False,True,True,False,False,False,False,False
476,sq8_np16,main,1.0,True,False,False,False,True,True,False,False,False
478,sq8_np16,sanity,0.9,True,True,False,False,True,True,True,False,False
482,sq8_np16,main,1.0,True,True,True,True,False,True,True,False,True
484,sq8_np16,main,1.0,True,True,True,True,False,True,True,False,True
486,sq8_np16,main,0.9,True,True,False,False,True,True,True,False,True
488,sq8_np16,main,1.0,False,False,False,False,False,False,False,False,False
491,sq8_np16,main,1.0,True,False,True,True,False,True,False,False,False
496,sq8_np16,main,1.0,True,True,False,False,False,True,True,False,True
501,sq8_np16,main,0.9,True,True,False,False,True,True,True,False,True
508,sq8_np16,main,0.7,False,False,True,True,False,True,True,False,True
513,sq8_np16,main,1.0,True,True,True,True,False,True,True,False,True
518,sq8_np16,main,0.9,True,True,False,False,True,True,True,False,True
519,sq8_np16,sanity,1.0,True,True,True,True,False,True,True,False,False
523,sq8_np16,main,0.5,True,True,False,False,True,True,True,False,True
524,sq8_np16,main,0.8,True,True,False,False,True,True,True,False,True
531,sq8_np16,main,0.8,False,False,True,True,False,False,False,False,False
535,sq8_np16,sanity,0.9,True,True,True,True,False,True,True,False,False
537,sq8_np16,main,0.7,True,True,False,False,True,True,True,False,True
551,sq8_np16,main,1.0,True,False,True,True,False,True,False,True,False
552,sq8_np16,main,0.9,True,True,False,False,True,True,True,False,True
553,sq8_np16,main,1.0,True,True,False,False,True,True,True,False,True
559,sq8_np16,main,0.9,True,True,True,True,False,True,True,False,True
565,sq8_np16,main,0.9,True,True,False,False,True,True,True,False,True
571,sq8_np16,sanity,1.0,True,True,False,False,True,True,True,False,False
590,sq8_np16,main,1.0,True,True,False,False,True,True,True,False,True
591,sq8_np16,main,0.9,False,False,True,True,False,False,False,False,False
604,sq8_np16,main,0.7,False,False,True,True,False,False,False,False,False
606,sq8_np16,main,1.0,True,True,False,False,True,True,True,False,True
614,sq8_np16,main,1.0,True,True,False,False,False,True,True,False,True
617,sq8_np16,main,0.9,True,True,False,False,True,True,True,False,True
619,sq8_np16,sanity,0.7,False,False,True,True,False,False,False,False,False
621,sq8_np16,main,1.0,True,True,True,True,False,True,True,False,True
637,sq8_np16,main,1.0,True,True,False,False,True,True,True,False,True
642,sq8_np16,main,1.0,True,True,False,False,True,True,True,False,True
644,sq8_np16,main,1.0,True,True,False,False,True,True,True,False,True
652,sq8_np16,main,1.0,False,False,True,True,False,False,False,False,False
658,sq8_np16,sanity,1.0,False,False,True,True,False,False,False,False,False
684,sq8_np16,main,1.0,False,False,True,True,False,False,False,False,False
697,sq8_np16,main,1.0,True,True,False,False,False,True,True,False,True
701,sq8_np16,main,0.7,True,True,False,False,True,True,True,False,True
705,sq8_np16,main,0.4,True,True,False,False,True,True,True,False,True
715,sq8_np16,main,1.0,False,False,False,False,False,False,False,False,False
726,sq8_np16,main,0.9,True,True,False,False,True,False,False,False,False
753,sq8_np16,main,0.7,True,True,True,True,False,True,True,False,True
754,sq8_np16,main,0.6,True,True,True,True,False,True,True,False,True
775,sq8_np16,sanity,0.8,False,False,True,True,False,False,False,False,False
782,sq8_np16,main,0.9,False,False,True,True,False,False,False,False,False
784,sq8_np16,main,1.0,True,True,False,False,True,True,True,False,True
787,sq8_np16,main,1.0,True,True,False,False,True,True,True,False,True
802,sq8_np16,main,0.9,True,True,False,False,True,True,True,False,True
823,sq8_np16,main,0.8,True,True,False,False,True,True,True,False,True
826,sq8_np16,main,0.7,True,True,False,False,True,True,True,False,True
841,sq8_np16,main,1.0,False,False,True,True,False,False,False,False,False
845,sq8_np16,main,0.9,False,False,False,False,False,True,True,False,True
855,sq8_np16,main,1.0,False,False,True,True,False,False,False,False,False
861,sq8_np16,main,1.0,True,True,False,False,True,True,True,False,True
868,sq8_np16,main,1.0,True,True,False,False,True,True,True,False,True
873,sq8_np16,main,1.0,False,False,False,False,True,False,False,False,False
883,sq8_np16,sanity,0.9,False,False,True,True,False,False,False,False,False
884,sq8_np16,main,1.0,True,True,False,False,True,True,True,False,True
891,sq8_np16,main,1.0,True,True,False,False,False,True,True,False,True
896,sq8_np16,main,0.9,True,True,False,False,False,True,True,False,True
901,sq8_np16,main,0.4,False,False,True,True,False,True,True,False,True
905,sq8_np16,sanity,1.0,True,True,False,False,True,True,True,False,False
907,sq8_np16,main,0.7,True,True,True,True,False,True,True,False,True
919,sq8_np16,sanity,1.0,True,True,False,False,False,True,True,False,False
931,sq8_np16,main,0.9,True,True,True,True,False,True,True,False,True
937,sq8_np16,main,1.0,True,True,False,False,True,True,True,False,True
944,sq8_np16,main,1.0,False,False,False,False,True,False,False,False,False
966,sq8_np16,main,0.9,False,False,False,False,False,False,False,False,False
967,sq8_np16,main,1.0,True,True,False,False,True,True,True,False,True
970,sq8_np16,main,1.0,True,True,False,False,True,True,True,False,True
972,sq8_np16,main,0.9,True,True,True,True,False,True,True,False,True
978,sq8_np16,main,0.8,False,False,True,True,False,False,False,False,False
987,sq8_np16,main,0.9,False,False,True,True,False,False,False,False,False
990,sq8_np16,main,1.0,True,True,True,True,False,True,True,False,True
992,sq8_np16,main,0.8,True,True,True,True,False,True,True,False,True
1000,sq8_np16,main,1.0,True,True,False,False,True,True,True,False,True
1001,sq8_np16,main,1.0,True,True,False,False,False,True,True,False,True
1003,sq8_np16,main,0.9,True,False,False,False,True,True,False,False,False
1005,sq8_np16,main,1.0,True,False,False,False,False,True,False,False,False
1016,sq8_np16,main,1.0,True,True,False,False,True,True,True,False,True
1020,sq8_np16,main,0.9,True,True,True,True,False,True,True,False,True
1026,sq8_np16,main,1.0,True,True,False,False,True,True,True,False,True
1028,sq8_np16,main,1.0,True,False,False,False,False,True,False,False,False
1032,sq8_np16,main,1.0,True,True,False,False,False,True,True,False,True
1048,sq8_np16,main,1.0,True,True,False,False,True,True,True,False,True
1056,sq8_np16,main,0.8,True,True,False,False,False,True,True,False,True
1063,sq8_np16,main,1.0,True,True,False,False,True,True,True,False,True
1065,sq8_np16,main,1.0,True,False,False,False,False,True,False,False,False
1066,sq8_np16,main,0.9,True,True,False,False,True,True,True,False,True
1071,sq8_np16,main,0.9,True,True,False,False,True,True,True,False,True
1081,sq8_np16,sanity,0.5,False,False,True,True,False,True,True,False,False
1085,sq8_np16,main,0.7,True,True,True,True,False,True,True,False,True
1088,sq8_np16,main,1.0,True,True,True,True,False,True,True,False,True
1089,sq8_np16,main,1.0,True,True,True,True,False,True,True,False,True
1093,sq8_np16,main,0.7,False,False,True,True,False,False,False,False,False
1094,sq8_np16,main,1.0,True,False,True,True,False,True,False,True,False
1103,sq8_np16,main,1.0,True,True,False,False,False,True,True,False,True
1106,sq8_np16,main,0.2,True,True,False,False,True,True,True,False,True
1108,sq8_np16,main,0.9,False,False,False,False,True,True,False,False,False
1113,sq8_np16,main,0.4,True,True,False,False,True,True,True,False,True
1114,sq8_np16,main,1.0,True,True,True,True,False,True,True,False,True
1118,sq8_np16,main,1.0,True,True,False,False,True,True,True,False,True
1122,sq8_np16,main,1.0,False,False,True,True,False,False,False,False,False
1125,sq8_np16,main,1.0,True,True,False,False,False,True,True,False,True
1148,sq8_np16,main,1.0,True,True,False,True,False,True,True,False,True
1155,sq8_np16,main,1.0,True,True,False,False,True,True,True,False,True
1158,sq8_np16,main,0.8,True,True,False,False,True,True,True,False,True
1174,sq8_np16,main,1.0,False,False,True,True,False,False,False,False,False
1183,sq8_np16,main,0.7,True,True,True,True,False,True,True,False,True
1191,sq8_np16,main,1.0,True,False,False,False,True,True,False,False,False
1216,sq8_np16,main,1.0,False,False,True,True,False,False,False,False,False
1217,sq8_np16,main,1.0,True,True,False,False,True,True,True,False,True
1244,sq8_np16,main,0.9,True,True,True,True,False,True,True,False,True
1258,sq8_np16,main,0.7,False,False,True,True,False,False,False,False,False
1278,sq8_np16,main,1.0,True,True,True,True,False,True,True,False,True
1279,sq8_np16,main,1.0,True,True,False,False,False,True,True,False,True
1282,sq8_np16,main,1.0,True,True,False,False,False,True,True,False,True
1287,sq8_np16,main,1.0,True,True,False,False,True,True,True,False,True
1289,sq8_np16,main,0.8,True,True,False,False,True,True,True,False,True
1292,sq8_np16,main,1.0,True,True,False,False,True,True,True,False,True
1293,sq8_np16,main,0.9,True,True,True,True,False,True,True,False,True
1313,sq8_np16,main,1.0,True,True,False,False,False,True,True,False,True
1320,sq8_np16,main,1.0,True,True,True,True,False,True,True,False,True
1322,sq8_np16,main,1.0,True,True,False,False,True,True,True,False,True
1327,sq8_np16,sanity,1.0,False,False,False,False,True,False,False,False,False
1333,sq8_np16,main,0.9,True,True,False,False,True,True,True,False,True
1336,sq8_np16,main,1.0,True,True,False,False,True,True,True,False,True
1338,sq8_np16,main,0.8,True,True,False,False,True,True,True,False,True
1342,sq8_np16,main,1.0,True,False,True,True,False,True,False,True,False
1348,sq8_np16,sanity,1.0,False,False,False,True,False,False,False,False,False
1370,sq8_np16,main,1.0,True,True,True,True,False,True,True,False,True
1372,sq8_np16,main,0.7,False,False,True,True,False,True,True,False,True
1375,sq8_np16,main,0.9,True,True,False,False,True,True,True,False,True
1376,sq8_np16,main,0.8,False,False,False,False,False,False,False,False,False
1396,sq8_np16,main,1.0,True,True,False,False,True,True,True,False,True
1418,sq8_np16,main,0.9,True,True,False,False,True,True,True,False,True
1419,sq8_np16,main,1.0,True,True,True,True,False,True,True,False,True
1423,sq8_np16,main,0.5,True,True,False,False,True,True,True,False,True
1427,sq8_np16,main,1.0,True,True,False,False,True,True,True,False,True
1433,sq8_np16,main,1.0,True,True,True,True,False,True,True,False,True
1437,sq8_np16,main,0.7,True,True,True,True,False,True,True,False,True
1438,sq8_np16,main,1.0,True,False,False,False,True,True,False,False,False
1458,sq8_np16,sanity,1.0,False,False,True,True,False,False,False,False,False
1463,sq8_np16,main,0.9,True,True,False,False,True,True,True,False,True
1466,sq8_np16,main,1.0,True,True,False,False,True,True,True,False,True
1470,sq8_np16,sanity,0.8,False,False,True,True,False,False,False,False,False
1471,sq8_np16,main,1.0,True,False,True,True,False,True,False,True,False
1480,sq8_np16,main,0.9,True,True,True,True,False,True,True,False,True
1484,sq8_np16,main,1.0,True,False,True,True,False,True,False,False,False
1487,sq8_np16,main,1.0,True,True,False,False,True,True,True,False,True
1490,sq8_np16,main,1.0,False,False,True,True,False,False,False,False,False
1496,sq8_np16,main,0.8,True,True,True,True,False,True,True,False,True
1501,sq8_np16,main,0.9,True,True,False,False,False,True,True,False,True
1507,sq8_np16,main,1.0,True,True,False,False,True,True,True,False,True
1508,sq8_np16,sanity,1.0,True,True,False,False,True,True,True,False,False
1520,sq8_np16,main,1.0,True,True,False,False,True,True,True,False,True
1527,sq8_np16,main,1.0,True,True,False,False,True,True,True,False,True
1538,sq8_np16,main,1.0,False,False,False,False,False,False,False,False,False
1542,sq8_np16,main,0.9,True,False,False,False,True,True,False,False,False
1558,sq8_np16,main,1.0,False,False,True,True,False,False,False,False,False
1574,sq8_np16,main,0.9,True,False,False,False,True,True,False,False,False
1583,sq8_np16,main,1.0,True,True,False,False,True,True,True,False,True
1589,sq8_np16,main,1.0,True,True,False,False,True,True,True,False,True
1594,sq8_np16,main,0.9,True,True,True,True,False,True,True,False,True
1596,sq8_np16,sanity,0.7,False,False,True,True,False,False,False,False,False
1603,sq8_np16,sanity,1.0,False,False,False,False,False,False,False,False,False
1611,sq8_np16,main,1.0,True,True,False,False,True,True,True,False,True
1613,sq8_np16,main,0.8,False,False,True,True,False,False,False,False,False
1617,sq8_np16,main,1.0,False,False,True,True,False,False,False,False,False
1625,sq8_np16,main,0.9,True,False,True,True,False,True,False,True,False
1626,sq8_np16,main,1.0,True,True,False,False,True,True,True,False,True
1627,sq8_np16,main,0.9,False,False,True,True,False,False,False,False,False
1630,sq8_np16,main,1.0,True,True,False,False,True,True,True,False,True
1641,sq8_np16,main,1.0,True,True,False,False,True,True,True,False,True
1642,sq8_np16,sanity,1.0,False,False,False,False,False,False,False,False,False
1645,sq8_np16,sanity,0.9,True,True,False,False,True,True,True,False,False
1654,sq8_np16,main,0.9,False,False,True,True,False,False,False,False,False
1656,sq8_np16,main,1.0,True,True,False,False,True,True,True,False,True
1660,sq8_np16,main,1.0,True,True,True,True,False,True,True,False,True
1661,sq8_np16,main,1.0,False,False,False,True,False,False,False,False,False
1670,sq8_np16,main,1.0,False,False,True,True,False,False,False,False,False
1671,sq8_np16,sanity,0.9,True,True,False,False,True,True,True,False,False
1690,sq8_np16,main,0.7,True,True,False,False,True,True,True,False,True
1699,sq8_np16,main,1.0,False,False,True,True,False,False,False,False,False
1715,sq8_np16,sanity,0.9,False,False,True,True,False,False,False,False,False
1767,sq8_np16,main,1.0,False,False,True,True,False,False,False,False,False
1770,sq8_np16,main,0.9,True,True,True,True,False,True,True,False,True
1777,sq8_np16,main,0.9,True,True,False,False,True,True,True,False,True
1785,sq8_np16,main,1.0,True,True,False,False,True,True,True,False,True
1797,sq8_np16,main,0.9,True,True,False,False,True,True,True,False,True
1799,sq8_np16,main,1.0,True,True,False,False,True,True,True,False,True
1800,sq8_np16,main,0.6,True,True,False,False,True,True,True,False,True
1804,sq8_np16,main,1.0,True,True,False,False,True,True,True,False,True
1810,sq8_np16,main,1.0,True,True,True,True,False,True,True,False,True
1811,sq8_np16,main,1.0,True,True,False,False,False,True,True,False,True
1816,sq8_np16,main,1.0,False,False,True,True,False,False,False,False,False
1831,sq8_np16,sanity,1.0,False,False,True,True,False,False,False,False,False
1832,sq8_np16,main,0.9,True,True,False,False,True,True,True,False,True
1837,sq8_np16,main,1.0,True,True,False,False,True,True,True,False,True
1842,sq8_np16,main,1.0,False,False,False,False,False,False,False,False,False
1859,sq8_np16,main,1.0,True,True,False,False,True,True,True,False,True
1864,sq8_np16,main,1.0,False,False,False,False,True,False,False,False,False
1874,sq8_np16,main,1.0,True,True,True,True,False,True,True,False,True
1875,sq8_np16,main,1.0,True,True,False,False,True,True,True,False,True
1906,sq8_np16,main,1.0,True,True,False,False,True,True,True,False,True
1908,sq8_np16,main,0.8,True,True,False,False,True,False,False,False,False
1916,sq8_np16,main,1.0,True,True,False,False,True,True,True,False,True
1928,sq8_np16,sanity,1.0,True,True,False,False,True,True,True,False,False
1932,sq8_np16,main,1.0,False,False,True,True,False,False,False,False,False
1933,sq8_np16,main,1.0,False,False,False,False,True,False,False,False,False
1934,sq8_np16,main,0.9,True,True,False,False,True,True,True,False,True
1940,sq8_np16,main,0.8,True,True,True,True,False,True,True,False,True
1942,sq8_np16,sanity,0.8,True,True,True,True,False,True,True,False,False
1952,sq8_np16,main,1.0,True,True,False,False,False,True,True,False,True
1955,sq8_np16,main,1.0,True,True,True,True,False,True,True,False,True
1960,sq8_np16,main,1.0,True,True,True,True,False,True,True,False,True
1964,sq8_np16,main,1.0,False,False,False,False,False,False,False,True,False
1967,sq8_np16,main,1.0,True,True,False,False,True,True,True,False,True
1969,sq8_np16,main,1.0,True,False,False,False,True,True,False,True,False
1980,sq8_np16,main,1.0,True,False,True,True,False,True,False,True,False
1986,sq8_np16,main,1.0,True,True,False,False,True,True,True,False,True
1999,sq8_np16,main,1.0,False,False,False,False,False,False,False,False,False
2003,sq8_np16,main,1.0,True,True,False,False,False,True,True,False,True
2021,sq8_np16,main,0.8,True,True,True,True,False,True,True,False,True
2048,sq8_np16,sanity,1.0,False,False,False,False,False,False,False,False,False
2051,sq8_np16,main,1.0,True,True,False,True,True,True,True,False,True
2064,sq8_np16,main,0.7,True,True,False,False,False,True,True,False,True
2070,sq8_np16,main,0.7,True,True,False,False,True,True,True,False,True
2073,sq8_np16,sanity,1.0,True,True,False,False,True,True,True,False,False
2078,sq8_np16,main,1.0,True,True,False,False,True,True,True,False,True
2083,sq8_np16,main,0.9,False,False,False,False,False,False,False,False,False
2088,sq8_np16,main,1.0,True,True,False,False,True,True,True,False,True
2092,sq8_np16,main,1.0,False,False,False,False,False,False,False,False,False
2096,sq8_np16,main,0.8,False,False,True,True,False,False,False,False,False
2099,sq8_np16,main,0.9,True,True,True,True,False,True,True,False,True
2108,sq8_np16,main,1.0,False,False,False,False,False,False,False,False,False
2109,sq8_np16,main,0.8,True,True,False,False,True,True,True,False,True
2115,sq8_np16,main,0.9,False,False,True,True,False,False,False,False,False
2117,sq8_np16,sanity,1.0,False,False,False,False,False,False,False,False,False
2126,sq8_np16,main,1.0,True,True,False,False,True,True,True,False,True
2128,sq8_np16,main,1.0,False,False,True,True,False,False,False,False,False
2133,sq8_np16,main,0.9,False,False,False,False,False,False,False,False,False
2134,sq8_np16,main,1.0,True,True,False,False,True,True,True,False,True
2135,sq8_np16,main,0.9,True,False,False,False,False,True,False,False,False
2144,sq8_np16,main,0.8,True,True,True,True,False,True,True,False,True
2145,sq8_np16,main,1.0,False,False,True,True,False,False,False,False,False
2146,sq8_np16,main,1.0,True,True,False,False,True,True,True,False,True
2167,sq8_np16,main,1.0,True,False,False,False,False,True,False,False,False
2170,sq8_np16,main,1.0,True,False,False,False,False,True,False,False,False
2172,sq8_np16,main,0.9,True,True,False,False,True,True,True,False,True
2184,sq8_np16,main,1.0,True,True,True,True,False,True,True,False,True
2196,sq8_np16,sanity,1.0,True,True,False,False,True,True,True,False,False
2211,sq8_np16,main,1.0,True,True,False,False,False,True,True,False,True
2213,sq8_np16,main,1.0,False,False,False,False,False,False,False,False,False
2218,sq8_np16,main,0.8,True,True,False,False,False,True,True,False,True
2223,sq8_np16,main,0.9,False,False,True,True,False,False,False,False,False
2226,sq8_np16,main,0.9,True,True,True,True,False,False,False,False,False
2235,sq8_np16,main,0.9,True,True,False,False,True,True,True,False,True
2263,sq8_np16,main,1.0,True,True,False,False,True,True,True,False,True
2275,sq8_np16,main,0.8,False,False,False,False,False,False,False,False,False
2277,sq8_np16,main,1.0,True,True,False,False,False,True,True,False,True
2280,sq8_np16,sanity,0.6,False,False,True,True,False,False,False,False,False
2284,sq8_np16,main,0.9,True,False,False,False,True,True,False,True,False
2286,sq8_np16,main,0.9,True,True,False,False,True,True,True,False,True
2295,sq8_np16,main,1.0,True,True,False,False,False,True,True,False,True
2297,sq8_np16,main,0.5,False,False,True,True,False,True,False,False,False
2306,sq8_np16,main,1.0,True,True,False,False,True,True,True,False,True
2310,sq8_np16,main,1.0,True,True,False,False,False,True,True,False,True
2318,sq8_np16,main,1.0,True,True,True,True,False,True,True,False,True
2325,sq8_np16,main,1.0,True,True,False,False,True,True,True,False,True
2329,sq8_np16,main,1.0,True,True,True,True,False,True,True,False,True
2332,sq8_np16,main,1.0,True,True,False,False,True,True,True,False,True
2337,sq8_np16,main,1.0,True,True,False,True,False,True,True,False,True
2340,sq8_np16,main,1.0,False,False,True,True,False,False,False,False,False
2341,sq8_np16,sanity,0.6,False,False,True,True,False,False,False,False,False
2349,sq8_np16,main,1.0,True,False,False,False,True,True,False,False,False
2366,sq8_np16,main,1.0,True,True,False,False,True,True,True,False,True
2373,sq8_np16,main,0.5,True,True,False,False,True,True,True,False,True
2379,sq8_np16,main,0.9,True,True,True,True,False,True,True,False,True
2391,sq8_np16,main,1.0,True,True,True,True,False,True,True,False,True
2393,sq8_np16,main,0.7,True,True,True,True,False,True,True,False,True
2398,sq8_np16,main,1.0,True,True,False,False,True,True,True,False,True
2401,sq8_np16,main,1.0,True,True,True,True,False,True,True,False,True
2404,sq8_np16,main,0.9,False,False,True,True,False,False,False,False,False
2425,sq8_np16,main,0.9,True,True,False,False,True,True,True,False,True
2430,sq8_np16,main,1.0,True,True,True,True,False,True,True,False,True
2458,sq8_np16,main,1.0,True,True,True,True,False,True,True,False,True
2468,sq8_np16,main,0.9,True,True,True,True,False,True,True,False,True
2469,sq8_np16,main,0.7,True,True,False,False,True,True,True,False,True
2479,sq8_np16,main,1.0,True,False,True,True,False,True,False,False,False
2492,sq8_np16,sanity,1.0,True,True,False,False,True,True,True,False,False
2495,sq8_np16,main,1.0,True,True,False,False,True,True,True,False,True
2501,sq8_np16,main,0.9,True,True,False,False,True,True,True,False,True
2502,sq8_np16,main,1.0,True,True,False,False,True,True,True,False,True
2504,sq8_np16,main,0.9,True,True,False,False,False,True,True,False,True
2510,sq8_np16,main,0.9,True,False,True,True,False,True,False,True,False
2514,sq8_np16,main,1.0,True,True,False,False,False,True,True,False,True
2516,sq8_np16,main,0.9,False,False,True,True,False,False,False,False,False
2518,sq8_np16,main,1.0,True,True,True,True,False,True,True,False,True
2522,sq8_np16,sanity,0.9,False,False,False,False,False,False,False,False,False
2525,sq8_np16,main,0.9,True,True,True,True,False,True,True,False,True
2528,sq8_np16,main,1.0,True,False,False,False,True,True,False,False,False
2531,sq8_np16,main,1.0,True,True,False,False,False,True,True,False,True
2533,sq8_np16,main,0.8,False,False,True,True,False,True,True,False,True
2538,sq8_np16,sanity,0.9,True,True,False,False,True,True,True,False,False
2542,sq8_np16,main,1.0,True,True,True,True,False,True,True,False,True
2557,sq8_np16,main,1.0,False,False,True,True,False,False,False,False,False
2562,sq8_np16,main,1.0,False,False,True,True,False,False,False,False,False
2571,sq8_np16,main,0.9,True,True,False,False,False,True,True,False,True
2576,sq8_np16,main,1.0,True,True,True,True,False,True,True,False,True
2587,sq8_np16,main,1.0,True,True,True,True,False,True,True,False,True
2589,sq8_np16,main,0.8,True,True,False,False,True,True,True,False,True
2594,sq8_np16,main,1.0,True,True,False,False,True,True,True,False,True
2595,sq8_np16,main,0.8,False,False,False,False,True,False,False,False,False
2606,sq8_np16,main,0.9,True,True,False,False,True,True,True,False,True
2609,sq8_np16,main,0.9,False,False,True,True,False,False,False,False,False
2611,sq8_np16,main,1.0,True,True,False,False,False,True,True,False,True
2617,sq8_np16,main,1.0,True,False,True,True,False,True,False,False,False
2620,sq8_np16,main,0.7,True,True,False,False,True,True,True,False,True
2621,sq8_np16,main,0.7,False,False,True,True,False,True,True,False,True
2632,sq8_np16,main,1.0,True,True,False,False,True,True,True,False,True
2633,sq8_np16,main,0.7,True,True,False,False,True,True,True,False,True
2636,sq8_np16,main,1.0,True,True,True,True,False,True,True,False,True
2649,sq8_np16,main,0.9,True,True,True,True,False,True,True,False,True
2654,sq8_np16,main,0.9,True,True,False,False,True,True,True,False,True
2665,sq8_np16,main,0.9,True,True,True,True,False,True,True,False,True
2687,sq8_np16,main,1.0,True,True,True,True,False,True,True,False,True
2694,sq8_np16,main,1.0,True,True,False,False,True,True,True,False,True
2695,sq8_np16,main,1.0,True,True,False,False,True,True,True,False,True
2713,sq8_np16,main,1.0,True,True,False,False,True,True,True,False,True
2720,sq8_np16,main,0.9,True,True,False,False,True,True,True,False,True
2726,sq8_np16,main,0.7,True,True,False,False,True,True,True,False,True
2728,sq8_np16,main,0.8,True,True,False,False,True,True,True,False,True
2730,sq8_np16,main,0.9,True,True,False,False,True,True,True,False,True
2745,sq8_np16,main,1.0,False,False,True,True,False,False,False,False,False
2761,sq8_np16,sanity,1.0,False,False,True,True,False,False,False,False,False
2778,sq8_np16,main,1.0,True,True,False,False,True,True,True,False,True
2781,sq8_np16,main,0.9,True,True,False,False,True,True,True,False,True
2788,sq8_np16,main,1.0,True,True,False,False,False,True,True,False,True
2789,sq8_np16,main,0.8,False,False,True,True,False,True,True,False,True
2802,sq8_np16,main,1.0,True,True,False,False,True,True,True,False,True
2815,sq8_np16,sanity,1.0,True,True,False,False,True,True,True,False,False
2824,sq8_np16,main,1.0,False,False,True,True,False,False,False,False,False
2825,sq8_np16,main,0.7,False,False,True,True,False,False,False,False,False
2851,sq8_np16,main,0.9,True,True,False,False,False,True,True,False,True
2866,sq8_np16,main,1.0,True,True,True,True,False,True,True,False,True
2873,sq8_np16,main,1.0,True,True,False,False,False,True,True,False,True
2896,sq8_np16,main,1.0,True,True,False,False,True,True,True,False,True
2899,sq8_np16,main,1.0,True,True,True,True,False,True,True,False,True
2914,sq8_np16,main,1.0,True,True,True,True,False,True,True,False,True
2921,sq8_np16,main,1.0,True,True,False,False,False,True,True,False,True
2933,sq8_np16,main,0.9,True,True,False,False,True,True,True,False,True
2943,sq8_np16,main,0.5,True,False,True,True,False,True,False,False,False
2948,sq8_np16,main,1.0,True,True,False,False,False,True,True,False,True
2952,sq8_np16,main,1.0,True,True,False,False,True,True,True,False,True
2955,sq8_np16,main,0.8,True,True,False,False,True,True,True,False,True
2961,sq8_np16,main,1.0,True,False,False,False,True,True,False,False,False
3027,sq8_np16,main,0.9,True,True,False,False,True,True,True,False,True
3044,sq8_np16,main,1.0,True,True,False,False,True,True,True,False,True
3076,sq8_np16,main,0.9,True,True,False,False,True,True,True,False,True
3081,sq8_np16,main,1.0,True,True,False,False,True,True,True,False,True
3088,sq8_np16,main,1.0,False,False,True,True,False,False,False,False,False
3092,sq8_np16,main,0.9,True,True,False,False,True,True,True,False,True
3093,sq8_np16,main,0.8,False,False,True,True,False,True,True,False,True
3095,sq8_np16,main,0.9,True,True,True,True,False,True,True,False,True
3097,sq8_np16,main,0.8,True,True,False,False,True,True,True,False,True
3110,sq8_np16,main,0.9,True,True,False,False,True,True,True,False,True
3118,sq8_np16,main,0.9,True,True,True,True,False,True,True,False,True
3119,sq8_np16,main,1.0,True,True,False,False,True,True,True,False,True
3122,sq8_np16,sanity,0.9,True,True,False,False,True,True,True,False,False
3129,sq8_np16,main,0.7,True,True,False,False,True,True,True,False,True
3130,sq8_np16,main,0.7,False,False,False,False,True,False,False,False,False
3135,sq8_np16,main,0.9,True,True,True,True,False,True,True,False,True
3137,sq8_np16,main,0.9,True,True,True,True,False,True,True,False,True
3147,sq8_np16,sanity,0.9,True,False,True,True,False,True,False,False,False
3153,sq8_np16,main,0.7,True,True,True,True,False,True,True,False,True
3155,sq8_np16,main,0.7,False,False,True,True,False,True,True,False,True
3160,sq8_np16,main,1.0,True,True,True,True,True,True,True,False,True
3161,sq8_np16,main,0.9,True,True,False,False,True,True,True,False,True
3183,sq8_np16,main,1.0,True,True,False,False,True,True,True,False,True
3184,sq8_np16,main,0.9,True,True,False,False,True,True,True,False,True
3191,sq8_np16,main,0.9,True,True,True,True,False,True,True,False,True
3204,sq8_np16,main,0.9,True,True,False,False,True,True,True,False,True
3211,sq8_np16,main,1.0,True,True,False,False,False,True,True,False,True
3224,sq8_np16,main,1.0,True,True,False,False,False,True,True,False,True
3239,sq8_np16,main,1.0,True,True,False,False,False,True,True,False,True
3258,sq8_np16,main,0.9,True,True,True,True,False,True,True,False,True
3260,sq8_np16,main,1.0,True,True,False,False,True,True,True,False,True
3271,sq8_np16,main,0.3,True,True,False,False,True,True,True,False,True
3276,sq8_np16,main,1.0,True,True,False,False,True,True,True,False,True
3282,sq8_np16,main,0.9,True,True,False,False,True,True,True,False,True
3290,sq8_np16,sanity,0.9,False,False,False,False,False,False,False,False,False
3292,sq8_np16,main,1.0,True,True,True,True,False,True,True,False,True
3301,sq8_np16,main,1.0,True,True,False,False,True,True,True,False,True
3310,sq8_np16,main,0.9,True,True,True,True,False,True,True,False,True
3312,sq8_np16,main,0.9,False,False,True,True,False,False,False,False,False
3317,sq8_np16,main,0.9,True,True,True,True,False,True,True,False,True
3320,sq8_np16,main,1.0,True,True,True,True,False,True,True,False,True
3323,sq8_np16,main,1.0,True,True,False,False,True,True,True,False,True
3325,sq8_np16,main,1.0,False,False,True,True,False,False,False,False,False
3345,sq8_np16,main,0.8,True,True,True,True,False,True,True,False,True
3348,sq8_np16,main,1.0,True,True,False,False,True,True,True,False,True
3362,sq8_np16,main,1.0,True,True,False,False,True,True,True,False,True
3363,sq8_np16,main,0.8,False,False,True,True,False,False,False,False,False
3368,sq8_np16,main,0.9,True,True,True,True,False,True,True,False,True
3382,sq8_np16,sanity,0.7,True,True,True,True,False,True,True,False,False
3386,sq8_np16,main,0.8,True,True,True,True,False,True,True,False,True
3390,sq8_np16,sanity,0.7,True,True,False,False,True,True,True,False,False
3417,sq8_np16,main,1.0,True,True,True,True,False,True,True,False,True
3419,sq8_np16,main,1.0,True,True,False,False,True,True,True,False,True
3420,sq8_np16,sanity,0.9,True,True,True,True,False,True,True,False,False
3424,sq8_np16,main,0.6,True,True,False,False,True,True,True,False,True
3434,sq8_np16,main,1.0,True,True,False,False,True,True,True,False,True
3438,sq8_np16,main,1.0,True,True,False,False,True,True,True,False,True
3441,sq8_np16,main,0.8,True,True,False,False,True,True,True,False,True
3446,sq8_np16,main,0.7,True,True,True,True,False,True,True,False,True
3453,sq8_np16,main,1.0,False,False,False,False,False,False,False,False,False
3457,sq8_np16,main,1.0,False,False,True,True,False,False,False,False,False
3467,sq8_np16,main,1.0,False,False,True,True,False,False,False,False,False
3478,sq8_np16,main,1.0,True,False,False,False,True,True,False,False,False
3480,sq8_np16,main,1.0,True,True,True,True,False,True,True,False,True
3485,sq8_np16,main,0.9,False,False,True,True,False,False,False,False,False
3497,sq8_np16,main,1.0,True,False,False,False,True,True,False,False,False
3499,sq8_np16,sanity,1.0,True,True,False,False,True,True,True,False,False
3503,sq8_np16,main,1.0,True,True,False,False,True,True,True,False,True
3510,sq8_np16,main,0.7,False,False,True,True,False,True,True,False,True
3513,sq8_np16,sanity,0.9,False,False,False,False,False,False,False,False,False
3520,sq8_np16,main,0.6,True,False,True,True,False,True,False,False,False
3552,sq8_np16,main,1.0,True,False,True,True,False,True,False,True,False
3554,sq8_np16,main,0.3,True,True,False,False,True,True,True,False,True
3558,sq8_np16,main,1.0,True,True,False,False,True,True,True,False,True
3568,sq8_np16,main,0.9,False,False,True,True,False,True,True,False,True
3570,sq8_np16,main,0.8,True,True,False,False,True,True,True,False,True
3579,sq8_np16,main,1.0,True,False,True,True,False,True,False,False,False
3583,sq8_np16,sanity,0.8,False,False,True,True,False,False,False,False,False
3591,sq8_np16,main,0.8,True,True,True,True,False,True,True,False,True
3595,sq8_np16,main,0.7,False,False,True,True,False,True,True,False,True
3606,sq8_np16,main,0.9,True,True,True,True,False,True,True,False,True
3609,sq8_np16,main,1.0,True,True,False,False,True,True,True,False,True
13,sq8_np4,sanity,0.8,True,True,False,False,True,True,True,False,False
14,sq8_np4,main,0.4,True,True,False,False,True,True,True,False,True
19,sq8_np4,main,0.9,True,False,True,True,False,True,False,True,False
30,sq8_np4,main,1.0,True,True,False,False,True,True,True,False,True
45,sq8_np4,main,1.0,True,True,False,False,True,True,True,False,True
60,sq8_np4,main,1.0,True,True,False,False,True,True,True,False,True
66,sq8_np4,main,1.0,True,True,False,False,True,True,True,False,True
71,sq8_np4,main,1.0,True,True,False,False,False,True,True,False,True
82,sq8_np4,main,0.9,True,False,True,True,False,True,False,False,False
92,sq8_np4,main,0.6,True,True,True,True,False,True,True,False,True
105,sq8_np4,main,0.6,True,True,True,True,False,True,True,False,True
108,sq8_np4,main,1.0,True,True,False,False,True,True,True,False,True
115,sq8_np4,main,0.8,True,True,False,False,True,True,True,False,True
125,sq8_np4,main,1.0,True,False,True,True,False,True,False,False,False
129,sq8_np4,main,0.6,True,True,False,False,False,False,False,False,False
132,sq8_np4,main,0.7,True,False,False,False,True,True,False,True,False
146,sq8_np4,sanity,1.0,True,True,True,True,False,True,True,False,False
151,sq8_np4,main,1.0,False,False,False,False,True,False,False,False,False
153,sq8_np4,main,0.7,False,False,True,True,False,False,False,False,False
180,sq8_np4,main,1.0,False,False,False,False,True,False,False,False,False
188,sq8_np4,main,0.6,True,True,False,False,True,True,True,False,True
206,sq8_np4,main,1.0,True,True,True,True,False,True,True,False,True
217,sq8_np4,main,1.0,True,True,True,True,False,True,True,False,True
233,sq8_np4,main,0.9,False,False,True,True,False,False,False,False,False
235,sq8_np4,main,0.8,False,False,False,False,True,False,False,False,False
249,sq8_np4,main,0.2,True,True,True,True,False,True,True,False,True
261,sq8_np4,main,0.6,True,True,True,True,False,True,True,False,True
264,sq8_np4,main,0.7,True,True,False,False,True,True,True,False,True
268,sq8_np4,main,0.8,True,True,False,False,True,True,True,False,True
279,sq8_np4,main,0.9,False,False,True,True,False,True,True,False,True
286,sq8_np4,main,0.6,True,True,False,False,True,True,True,False,True
287,sq8_np4,main,0.5,True,True,False,False,True,True,True,False,True
290,sq8_np4,main,1.0,True,False,True,True,False,True,False,True,False
291,sq8_np4,main,0.7,False,False,True,True,False,True,False,False,False
295,sq8_np4,main,1.0,True,False,False,False,True,True,False,False,False
296,sq8_np4,main,1.0,True,True,False,False,True,True,True,False,True
307,sq8_np4,main,1.0,True,True,False,False,True,True,True,False,True
318,sq8_np4,main,0.7,True,True,False,False,True,True,True,False,True
319,sq8_np4,main,0.6,False,False,True,True,False,True,False,False,False
323,sq8_np4,sanity,0.9,False,False,True,True,False,False,False,False,False
337,sq8_np4,main,1.0,True,True,True,True,False,True,True,False,True
350,sq8_np4,main,1.0,True,True,False,False,True,True,True,False,True
352,sq8_np4,main,0.6,True,True,False,False,True,True,True,False,True
371,sq8_np4,main,1.0,True,True,False,False,True,True,True,False,True
382,sq8_np4,main,0.8,False,False,False,False,True,False,False,False,False
399,sq8_np4,main,1.0,True,True,False,False,True,True,True,False,True
400,sq8_np4,main,0.5,True,True,False,False,False,True,True,False,True
416,sq8_np4,main,0.7,True,True,True,True,False,True,True,False,True
419,sq8_np4,main,0.9,True,True,False,False,True,True,True,False,True
421,sq8_np4,main,0.7,True,True,True,True,False,True,True,False,True
422,sq8_np4,main,0.7,True,True,False,False,True,True,True,False,True
424,sq8_np4,sanity,0.8,True,True,True,True,False,True,True,False,False
433,sq8_np4,main,0.9,True,True,False,False,True,True,True,False,True
442,sq8_np4,main,0.3,False,False,True,True,False,True,False,False,False
444,sq8_np4,main,1.0,True,True,False,False,True,True,True,False,True
447,sq8_np4,main,1.0,False,False,False,False,True,False,False,False,False
450,sq8_np4,main,0.5,True,True,False,False,True,True,True,False,True
453,sq8_np4,main,1.0,True,True,False,False,False,True,True,False,True
462,sq8_np4,sanity,0.3,False,False,True,True,False,False,False,False,False
476,sq8_np4,main,1.0,True,False,False,False,True,True,False,False,False
478,sq8_np4,sanity,0.9,True,True,False,False,True,True,True,False,False
482,sq8_np4,main,0.9,False,False,True,True,False,True,True,False,True
484,sq8_np4,main,0.8,True,True,False,False,True,True,True,False,True
486,sq8_np4,main,0.8,True,True,False,False,True,True,True,False,True
488,sq8_np4,main,1.0,False,False,False,False,False,False,False,False,False
491,sq8_np4,main,0.9,True,False,True,True,False,True,False,False,False
496,sq8_np4,main,0.9,True,True,False,False,False,True,True,False,True
501,sq8_np4,main,0.6,True,True,False,False,True,True,True,False,True
508,sq8_np4,main,0.5,False,False,True,True,False,True,True,False,True
513,sq8_np4,main,1.0,True,True,True,True,False,True,True,False,True
518,sq8_np4,main,0.8,True,True,False,False,True,True,True,False,True
519,sq8_np4,sanity,1.0,True,True,True,True,False,True,True,False,False
523,sq8_np4,main,0.4,True,True,False,False,True,True,True,False,True
524,sq8_np4,main,0.8,True,True,True,True,False,True,True,False,True
531,sq8_np4,main,0.6,False,False,True,True,False,False,False,False,False
535,sq8_np4,sanity,0.9,True,True,True,True,False,True,True,False,False
537,sq8_np4,main,0.7,True,True,False,False,True,True,True,False,True
551,sq8_np4,main,0.9,True,False,True,True,False,True,False,True,False
552,sq8_np4,main,0.8,True,True,False,False,True,True,True,False,True
553,sq8_np4,main,0.9,True,True,True,True,False,True,True,False,True
559,sq8_np4,main,0.6,True,True,False,False,True,True,True,False,True
565,sq8_np4,main,0.9,True,True,False,False,True,True,True,False,True
571,sq8_np4,sanity,0.9,True,True,False,False,True,True,True,False,False
590,sq8_np4,main,1.0,True,True,True,True,False,True,True,False,True
591,sq8_np4,main,1.0,False,False,True,True,False,False,False,False,False
604,sq8_np4,main,0.3,False,False,True,True,False,False,False,False,False
606,sq8_np4,main,1.0,True,True,False,False,True,True,True,False,True
614,sq8_np4,main,0.9,True,True,False,False,False,True,True,False,True
617,sq8_np4,main,0.5,True,True,False,False,True,True,True,False,True
619,sq8_np4,sanity,0.5,False,False,True,True,False,False,False,False,False
621,sq8_np4,main,1.0,True,True,True,True,False,True,True,False,True
637,sq8_np4,main,1.0,True,True,False,False,True,True,True,False,True
642,sq8_np4,main,0.9,True,True,False,False,True,True,True,False,True
644,sq8_np4,main,1.0,True,True,False,False,True,True,True,False,True
652,sq8_np4,main,0.8,False,False,True,True,False,False,False,False,False
658,sq8_np4,sanity,1.0,False,False,True,True,False,False,False,False,False
684,sq8_np4,main,1.0,False,False,True,True,False,False,False,False,False
697,sq8_np4,main,0.9,True,True,False,False,False,True,True,False,True
701,sq8_np4,main,0.4,True,True,True,True,False,True,True,False,True
705,sq8_np4,main,0.3,True,True,False,False,True,True,True,False,True
715,sq8_np4,main,1.0,False,False,False,False,False,False,False,False,False
726,sq8_np4,main,0.7,False,False,True,True,False,False,False,False,False
753,sq8_np4,main,0.7,True,True,True,True,False,True,True,False,True
754,sq8_np4,main,0.2,True,True,True,True,False,True,True,False,True
775,sq8_np4,sanity,0.7,False,False,True,True,False,False,False,False,False
782,sq8_np4,main,0.9,False,False,True,True,False,False,False,False,False
784,sq8_np4,main,1.0,True,True,False,False,True,True,True,False,True
787,sq8_np4,main,0.9,True,True,True,True,False,True,True,False,True
802,sq8_np4,main,0.9,True,True,False,False,True,True,True,False,True
823,sq8_np4,main,0.5,True,True,False,False,True,True,True,False,True
826,sq8_np4,main,0.3,True,True,True,True,False,True,True,False,True
841,sq8_np4,main,0.7,True,True,True,True,False,False,False,False,False
845,sq8_np4,main,0.8,False,False,False,False,False,True,True,False,True
855,sq8_np4,main,1.0,False,False,True,True,False,False,False,False,False
861,sq8_np4,main,1.0,True,True,False,False,True,True,True,False,True
868,sq8_np4,main,0.9,True,True,False,False,True,True,True,False,True
873,sq8_np4,main,0.8,False,False,False,False,True,False,False,False,False
883,sq8_np4,sanity,0.8,False,False,False,False,False,False,False,False,False
884,sq8_np4,main,0.7,True,True,False,False,True,True,True,False,True
891,sq8_np4,main,1.0,True,True,False,False,False,True,True,False,True
896,sq8_np4,main,0.9,False,False,True,True,False,True,True,False,True
901,sq8_np4,main,0.3,False,False,True,True,False,True,True,False,True
905,sq8_np4,sanity,1.0,True,True,False,False,True,True,True,False,False
907,sq8_np4,main,0.5,True,True,True,True,False,True,True,False,True
919,sq8_np4,sanity,1.0,True,True,False,False,False,True,True,False,False
931,sq8_np4,main,0.6,True,True,True,True,False,True,True,False,True
937,sq8_np4,main,1.0,True,True,False,False,True,True,True,False,True
944,sq8_np4,main,1.0,False,False,False,False,True,False,False,False,False
966,sq8_np4,main,0.9,False,False,True,True,False,False,False,False,False
967,sq8_np4,main,1.0,True,True,False,False,True,True,True,False,True
970,sq8_np4,main,1.0,True,True,False,False,True,True,True,False,True
972,sq8_np4,main,0.8,True,True,True,True,False,True,True,False,True
978,sq8_np4,main,0.7,False,False,True,True,False,False,False,False,False
987,sq8_np4,main,0.8,False,False,True,True,False,False,False,False,False
990,sq8_np4,main,0.9,True,True,True,True,False,True,True,False,True
992,sq8_np4,main,0.7,True,True,True,True,False,True,True,False,True
1000,sq8_np4,main,0.7,True,True,False,False,True,True,True,False,True
1001,sq8_np4,main,0.8,True,True,False,False,False,True,True,False,True
1003,sq8_np4,main,0.9,True,False,False,False,True,True,False,False,False
1005,sq8_np4,main,0.6,False,False,False,False,False,True,False,False,False
1016,sq8_np4,main,1.0,True,True,False,False,True,True,True,False,True
1020,sq8_np4,main,0.6,False,False,True,True,False,True,True,False,True
1026,sq8_np4,main,1.0,True,True,False,False,True,True,True,False,True
1028,sq8_np4,main,0.9,True,False,True,True,False,True,False,False,False
1032,sq8_np4,main,1.0,True,True,True,True,False,True,True,False,True
1048,sq8_np4,main,1.0,True,True,False,False,True,True,True,False,True
1056,sq8_np4,main,0.5,True,True,True,True,False,True,True,False,True
1063,sq8_np4,main,1.0,True,True,False,False,True,True,True,False,True
1065,sq8_np4,main,0.9,True,False,False,False,False,True,False,False,False
1066,sq8_np4,main,0.9,True,True,False,False,True,True,True,False,True
1071,sq8_np4,main,0.8,True,True,False,False,True,True,True,False,True
1081,sq8_np4,sanity,0.3,False,False,True,True,False,True,True,False,False
1085,sq8_np4,main,0.5,True,True,True,True,False,True,True,False,True
1088,sq8_np4,main,1.0,True,True,True,True,False,True,True,False,True
1089,sq8_np4,main,1.0,True,True,True,True,False,True,True,False,True
1093,sq8_np4,main,0.7,False,False,True,True,False,False,False,False,False
1094,sq8_np4,main,1.0,True,False,True,True,False,True,False,True,False
1103,sq8_np4,main,0.9,True,True,False,False,False,True,True,False,True
1106,sq8_np4,main,0.0,False,False,True,True,False,True,True,False,True
1108,sq8_np4,main,0.9,False,False,False,False,True,True,False,False,False
1113,sq8_np4,main,0.0,False,False,True,True,False,True,True,False,True
1114,sq8_np4,main,1.0,True,True,True,True,False,True,True,False,True
1118,sq8_np4,main,0.9,True,True,False,False,True,True,True,False,True
1122,sq8_np4,main,0.9,True,True,True,True,False,False,False,False,False
1125,sq8_np4,main,1.0,True,True,False,False,False,True,True,False,True
1148,sq8_np4,main,1.0,True,True,False,True,False,True,True,False,True
1155,sq8_np4,main,0.9,True,True,False,False,True,True,True,False,True
1158,sq8_np4,main,0.6,True,True,False,False,True,True,True,False,True
1174,sq8_np4,main,1.0,False,False,True,True,False,False,False,False,False
1183,sq8_np4,main,0.3,True,True,True,True,False,True,True,False,True
1191,sq8_np4,main,0.9,True,False,False,False,True,True,False,False,False
1216,sq8_np4,main,1.0,False,False,True,True,False,False,False,False,False
1217,sq8_np4,main,1.0,True,True,False,False,True,True,True,False,True
1244,sq8_np4,main,0.5,False,False,True,True,False,True,True,False,True
1258,sq8_np4,main,0.4,False,False,True,True,False,False,False,False,False
1278,sq8_np4,main,1.0,True,True,True,True,False,True,True,False,True
1279,sq8_np4,main,1.0,True,True,False,False,False,True,True,False,True
1282,sq8_np4,main,1.0,True,True,False,False,False,True,True,False,True
1287,sq8_np4,main,1.0,True,True,False,False,True,True,True,False,True
1289,sq8_np4,main,0.2,False,False,True,True,False,True,True,False,True
1292,sq8_np4,main,1.0,True,True,False,False,True,True,True,False,True
1293,sq8_np4,main,0.9,True,True,True,True,False,True,True,False,True
1313,sq8_np4,main,1.0,True,True,False,False,False,True,True,False,True
1320,sq8_np4,main,0.9,True,True,True,True,False,True,True,False,True
1322,sq8_np4,main,0.6,True,True,True,True,False,True,True,False,True
1327,sq8_np4,sanity,1.0,False,False,False,False,True,False,False,False,False
1333,sq8_np4,main,0.5,True,True,False,False,True,True,True,False,True
1336,sq8_np4,main,1.0,True,True,False,False,True,True,True,False,True
1338,sq8_np4,main,0.8,True,True,False,False,True,True,True,False,True
1342,sq8_np4,main,0.9,True,False,True,True,False,True,False,True,False
1348,sq8_np4,sanity,0.8,False,False,True,True,False,False,False,False,False
1370,sq8_np4,main,0.9,True,True,False,False,False,True,True,False,True
1372,sq8_np4,main,0.5,False,False,True,True,False,True,True,False,True
1375,sq8_np4,main,0.9,True,True,False,False,True,True,True,False,True
1376,sq8_np4,main,0.6,False,False,False,False,False,False,False,False,False
1396,sq8_np4,main,1.0,True,True,False,False,True,True,True,False,True
1418,sq8_np4,main,0.9,True,True,False,False,True,True,True,False,True
1419,sq8_np4,main,0.7,True,True,True,True,False,True,True,False,True
1423,sq8_np4,main,0.4,True,True,False,False,True,True,True,False,True
1427,sq8_np4,main,1.0,True,True,False,False,True,True,True,False,True
1433,sq8_np4,main,1.0,True,True,True,True,False,True,True,False,True
1437,sq8_np4,main,0.6,True,True,True,True,False,True,True,False,True
1438,sq8_np4,main,0.9,True,False,False,False,True,True,False,False,False
1458,sq8_np4,sanity,1.0,False,False,True,True,False,False,False,False,False
1463,sq8_np4,main,0.4,False,False,True,True,False,True,True,False,True
1466,sq8_np4,main,0.9,True,True,False,False,True,True,True,False,True
1470,sq8_np4,sanity,0.7,False,False,True,True,False,False,False,False,False
1471,sq8_np4,main,0.8,True,False,True,True,False,True,False,True,False
1480,sq8_np4,main,0.7,True,True,False,False,False,True,True,False,True
1484,sq8_np4,main,0.9,True,False,True,True,False,True,False,False,False
1487,sq8_np4,main,0.8,True,True,True,True,False,True,True,False,True
1490,sq8_np4,main,1.0,False,False,True,True,False,False,False,False,False
1496,sq8_np4,main,0.6,True,True,True,True,False,True,True,False,True
1501,sq8_np4,main,0.8,True,True,False,False,True,True,True,False,True
1507,sq8_np4,main,1.0,True,True,False,False,True,True,True,False,True
1508,sq8_np4,sanity,0.9,True,True,False,False,True,True,True,False,False
1520,sq8_np4,main,1.0,True,True,True,True,False,True,True,False,True
1527,sq8_np4,main,1.0,True,True,False,False,True,True,True,False,True
1538,sq8_np4,main,1.0,False,False,False,False,False,False,False,False,False
1542,sq8_np4,main,0.8,True,False,False,False,True,True,False,False,False
1558,sq8_np4,main,1.0,False,False,True,True,False,False,False,False,False
1574,sq8_np4,main,0.6,True,False,False,False,True,True,False,False,False
1583,sq8_np4,main,0.9,True,True,False,False,True,True,True,False,True
1589,sq8_np4,main,0.8,True,True,False,False,True,True,True,False,True
1594,sq8_np4,main,0.9,True,True,True,True,False,True,True,False,True
1596,sq8_np4,sanity,0.4,False,False,True,True,False,False,False,False,False
1603,sq8_np4,sanity,0.8,False,False,True,True,False,False,False,False,False
1611,sq8_np4,main,1.0,True,True,False,False,True,True,True,False,True
1613,sq8_np4,main,0.6,False,False,True,True,False,False,False,False,False
1617,sq8_np4,main,1.0,False,False,True,True,False,False,False,False,False
1625,sq8_np4,main,0.8,True,False,True,True,False,True,False,True,False
1626,sq8_np4,main,1.0,True,True,False,False,True,True,True,False,True
1627,sq8_np4,main,0.4,False,False,True,True,False,False,False,False,False
1630,sq8_np4,main,0.8,True,True,False,False,True,True,True,False,True
1641,sq8_np4,main,1.0,True,True,False,False,True,True,True,False,True
1642,sq8_np4,sanity,1.0,False,False,False,False,False,False,False,False,False
1645,sq8_np4,sanity,0.9,True,True,False,False,True,True,True,False,False
1654,sq8_np4,main,0.7,False,False,True,True,False,False,False,False,False
1656,sq8_np4,main,0.9,True,True,False,False,True,True,True,False,True
1660,sq8_np4,main,0.8,True,True,False,False,False,True,True,False,True
1661,sq8_np4,main,1.0,False,False,False,True,False,False,False,False,False
1670,sq8_np4,main,1.0,False,False,True,True,False,False,False,False,False
1671,sq8_np4,sanity,0.7,True,True,False,False,True,True,True,False,False
1690,sq8_np4,main,0.6,True,True,False,False,True,True,True,False,True
1699,sq8_np4,main,0.9,False,False,False,False,False,False,False,False,False
1715,sq8_np4,sanity,0.9,False,False,True,True,False,False,False,False,False
1767,sq8_np4,main,0.9,False,False,True,True,False,False,False,False,False
1770,sq8_np4,main,0.6,False,False,True,True,False,True,True,False,True
1777,sq8_np4,main,0.7,False,False,True,True,False,True,True,False,True
1785,sq8_np4,main,1.0,True,True,False,False,True,True,True,False,True
1797,sq8_np4,main,0.8,True,True,False,False,True,True,True,False,True
1799,sq8_np4,main,0.8,True,True,False,False,True,True,True,False,True
1800,sq8_np4,main,0.6,True,True,False,False,True,True,True,False,True
1804,sq8_np4,main,0.9,True,True,False,False,False,True,True,False,True
1810,sq8_np4,main,1.0,True,True,True,True,False,True,True,False,True
1811,sq8_np4,main,1.0,True,True,False,False,True,True,True,False,True
1816,sq8_np4,main,1.0,False,False,True,True,False,False,False,False,False
1831,sq8_np4,sanity,1.0,False,False,True,True,False,False,False,False,False
1832,sq8_np4,main,0.9,True,True,False,False,True,True,True,False,True
1837,sq8_np4,main,1.0,True,True,False,False,True,True,True,False,True
1842,sq8_np4,main,0.9,False,False,False,False,False,False,False,False,False
1859,sq8_np4,main,0.9,True,True,False,False,True,True,True,False,True
1864,sq8_np4,main,1.0,False,False,False,False,True,False,False,False,False
1874,sq8_np4,main,1.0,True,True,True,True,False,True,True,False,True
1875,sq8_np4,main,0.9,True,True,False,False,True,True,True,False,True
1906,sq8_np4,main,1.0,True,True,False,False,True,True,True,False,True
1908,sq8_np4,main,0.6,False,False,True,True,False,False,False,False,False
1916,sq8_np4,main,0.9,True,True,False,False,True,True,True,False,True
1928,sq8_np4,sanity,1.0,True,True,False,False,True,True,True,False,False
1932,sq8_np4,main,1.0,False,False,True,True,False,False,False,False,False
1933,sq8_np4,main,0.9,False,False,False,False,True,False,False,False,False
1934,sq8_np4,main,0.8,True,True,False,False,True,True,True,False,True
1940,sq8_np4,main,0.6,False,False,True,True,False,True,True,False,True
1942,sq8_np4,sanity,0.8,True,True,True,True,False,True,True,False,False
1952,sq8_np4,main,1.0,True,True,False,False,False,True,True,False,True
1955,sq8_np4,main,0.9,True,True,True,True,False,True,True,False,True
1960,sq8_np4,main,0.7,True,True,True,True,False,True,True,False,True
1964,sq8_np4,main,1.0,False,False,False,False,False,False,False,True,False
1967,sq8_np4,main,1.0,True,True,False,False,True,True,True,False,True
1969,sq8_np4,main,0.7,True,False,False,False,True,True,False,True,False
1980,sq8_np4,main,0.7,True,False,True,True,False,True,False,True,False
1986,sq8_np4,main,1.0,True,True,False,False,True,True,True,False,True
1999,sq8_np4,main,0.7,False,False,False,False,False,False,False,False,False
2003,sq8_np4,main,1.0,True,True,False,False,False,True,True,False,True
2021,sq8_np4,main,0.7,True,True,True,True,False,True,True,False,True
2048,sq8_np4,sanity,1.0,False,False,True,True,False,False,False,False,False
2051,sq8_np4,main,1.0,True,True,False,False,True,True,True,False,True
2064,sq8_np4,main,0.4,True,True,False,False,False,True,True,False,True
2070,sq8_np4,main,0.5,True,True,False,False,True,True,True,False,True
2073,sq8_np4,sanity,0.8,True,True,False,False,True,True,True,False,False
2078,sq8_np4,main,1.0,True,True,False,False,True,True,True,False,True
2083,sq8_np4,main,0.6,False,False,False,False,False,False,False,False,False
2088,sq8_np4,main,0.9,True,True,False,False,True,True,True,False,True
2092,sq8_np4,main,0.7,False,False,False,False,False,False,False,False,False
2096,sq8_np4,main,0.8,False,False,True,True,False,False,False,False,False
2099,sq8_np4,main,0.7,True,True,True,True,False,True,True,False,True
2108,sq8_np4,main,1.0,False,False,False,False,False,False,False,False,False
2109,sq8_np4,main,0.7,True,True,False,False,True,True,True,False,True
2115,sq8_np4,main,0.7,False,False,True,True,False,False,False,False,False
2117,sq8_np4,sanity,1.0,False,False,False,False,False,False,False,False,False
2126,sq8_np4,main,1.0,True,True,False,False,True,True,True,False,True
2128,sq8_np4,main,1.0,False,False,True,True,False,False,False,False,False
2133,sq8_np4,main,0.3,False,False,False,False,False,False,False,False,False
2134,sq8_np4,main,1.0,True,True,False,False,True,True,True,False,True
2135,sq8_np4,main,0.5,True,False,True,True,False,True,False,False,False
2144,sq8_np4,main,0.6,True,True,True,True,False,True,True,False,True
2145,sq8_np4,main,1.0,False,False,True,True,False,False,False,False,False
2146,sq8_np4,main,0.9,True,True,False,False,True,True,True,False,True
2167,sq8_np4,main,1.0,True,False,False,False,False,True,False,False,False
2170,sq8_np4,main,0.8,False,False,False,False,False,True,False,False,False
2172,sq8_np4,main,0.9,True,True,False,False,True,True,True,False,True
2184,sq8_np4,main,0.9,True,True,True,True,False,True,True,False,True
2196,sq8_np4,sanity,1.0,True,True,False,False,True,True,True,False,False
2211,sq8_np4,main,1.0,True,True,False,False,False,True,True,False,True
2213,sq8_np4,main,0.6,True,True,False,False,True,False,False,False,False
2218,sq8_np4,main,0.6,True,True,False,False,False,True,True,False,True
2223,sq8_np4,main,0.6,False,False,True,True,False,False,False,False,False
2226,sq8_np4,main,0.7,False,False,True,True,False,False,False,False,False
2235,sq8_np4,main,0.9,True,True,False,False,True,True,True,False,True
2263,sq8_np4,main,1.0,True,True,False,False,True,True,True,False,True
2275,sq8_np4,main,0.7,False,False,True,True,False,False,False,False,False
2277,sq8_np4,main,1.0,True,True,False,False,False,True,True,False,True
2280,sq8_np4,sanity,0.6,False,False,True,True,False,False,False,False,False
2284,sq8_np4,main,0.8,True,False,False,False,True,True,False,True,False
2286,sq8_np4,main,0.9,True,True,False,False,True,True,True,False,True
2295,sq8_np4,main,1.0,True,True,False,False,False,True,True,False,True
2297,sq8_np4,main,0.4,False,False,True,True,False,True,False,False,False
2306,sq8_np4,main,1.0,True,True,False,False,True,True,True,False,True
2310,sq8_np4,main,1.0,True,True,False,False,False,True,True,False,True
2318,sq8_np4,main,0.7,True,True,True,True,False,True,True,False,True
2325,sq8_np4,main,1.0,True,True,False,False,True,True,True,False,True
2329,sq8_np4,main,1.0,True,True,True,True,False,True,True,False,True
2332,sq8_np4,main,0.9,True,True,False,False,True,True,True,False,True
2337,sq8_np4,main,1.0,True,True,False,True,False,True,True,False,True
2340,sq8_np4,main,1.0,False,False,True,True,False,False,False,False,False
2341,sq8_np4,sanity,0.4,False,False,True,True,False,False,False,False,False
2349,sq8_np4,main,1.0,True,False,False,False,True,True,False,False,False
2366,sq8_np4,main,1.0,True,True,False,False,True,True,True,False,True
2373,sq8_np4,main,0.2,True,True,False,False,True,True,True,False,True
2379,sq8_np4,main,0.9,True,True,True,True,False,True,True,False,True
2391,sq8_np4,main,0.7,True,True,True,True,False,True,True,False,True
2393,sq8_np4,main,0.5,True,True,True,True,False,True,True,False,True
2398,sq8_np4,main,1.0,True,True,False,False,True,True,True,False,True
2401,sq8_np4,main,0.9,True,True,True,True,False,True,True,False,True
2404,sq8_np4,main,0.9,False,False,True,True,False,False,False,False,False
2425,sq8_np4,main,0.9,True,True,False,False,True,True,True,False,True
2430,sq8_np4,main,1.0,True,True,True,True,False,True,True,False,True
2458,sq8_np4,main,0.4,True,True,False,False,True,True,True,False,True
2468,sq8_np4,main,0.9,True,True,True,True,False,True,True,False,True
2469,sq8_np4,main,0.6,True,True,False,False,True,True,True,False,True
2479,sq8_np4,main,1.0,True,False,True,True,False,True,False,False,False
2492,sq8_np4,sanity,0.9,True,True,False,False,True,True,True,False,False
2495,sq8_np4,main,1.0,True,True,False,False,True,True,True,False,True
2501,sq8_np4,main,0.8,True,True,False,False,True,True,True,False,True
2502,sq8_np4,main,1.0,True,True,False,False,True,True,True,False,True
2504,sq8_np4,main,0.7,False,False,False,False,False,True,True,False,True
2510,sq8_np4,main,0.8,True,False,True,True,False,True,False,True,False
2514,sq8_np4,main,1.0,True,True,False,False,False,True,True,False,True
2516,sq8_np4,main,0.9,False,False,True,True,False,False,False,False,False
2518,sq8_np4,main,1.0,True,True,False,False,True,True,True,False,True
2522,sq8_np4,sanity,0.8,False,False,False,False,False,False,False,False,False
2525,sq8_np4,main,0.9,True,True,True,True,False,True,True,False,True
2528,sq8_np4,main,0.6,True,False,False,False,True,True,False,False,False
2531,sq8_np4,main,0.6,True,True,False,False,False,True,True,False,True
2533,sq8_np4,main,0.6,False,False,True,True,False,True,True,False,True
2538,sq8_np4,sanity,0.9,True,True,False,False,True,True,True,False,False
2542,sq8_np4,main,1.0,True,True,True,True,False,True,True,False,True
2557,sq8_np4,main,0.9,False,False,True,True,False,False,False,False,False
2562,sq8_np4,main,0.9,False,False,True,True,False,False,False,False,False
2571,sq8_np4,main,0.8,True,True,False,False,False,True,True,False,True
2576,sq8_np4,main,1.0,True,True,True,True,False,True,True,False,True
2587,sq8_np4,main,0.8,True,True,True,True,False,True,True,False,True
2589,sq8_np4,main,0.8,True,True,False,False,True,True,True,False,True
2594,sq8_np4,main,0.8,True,True,False,True,False,True,True,False,True
2595,sq8_np4,main,0.5,False,False,True,True,False,False,False,False,False
2606,sq8_np4,main,0.9,True,True,False,False,True,True,True,False,True
2609,sq8_np4,main,0.8,False,False,True,True,False,False,False,False,False
2611,sq8_np4,main,1.0,True,True,False,False,False,True,True,False,True
2617,sq8_np4,main,0.8,True,False,True,True,False,True,False,False,False
2620,sq8_np4,main,0.4,True,True,False,False,True,True,True,False,True
2621,sq8_np4,main,0.6,False,False,True,True,False,True,True,False,True
2632,sq8_np4,main,0.8,True,True,False,False,True,True,True,False,True
2633,sq8_np4,main,0.2,True,True,False,False,True,True,True,False,True
2636,sq8_np4,main,0.6,True,True,False,False,False,True,True,False,True
2649,sq8_np4,main,0.9,True,True,True,True,False,True,True,False,True
2654,sq8_np4,main,0.9,True,True,False,False,True,True,True,False,True
2665,sq8_np4,main,0.9,True,True,True,True,False,True,True,False,True
2687,sq8_np4,main,1.0,True,True,True,True,False,True,True,False,True
2694,sq8_np4,main,0.7,True,True,False,False,True,True,True,False,True
2695,sq8_np4,main,1.0,True,True,False,False,True,True,True,False,True
2713,sq8_np4,main,1.0,True,True,False,False,True,True,True,False,True
2720,sq8_np4,main,0.8,True,False,False,False,True,True,True,False,True
2726,sq8_np4,main,0.3,False,False,True,True,False,True,True,False,True
2728,sq8_np4,main,0.6,True,True,False,False,True,True,True,False,True
2730,sq8_np4,main,0.9,True,True,False,False,True,True,True,False,True
2745,sq8_np4,main,0.8,False,False,True,True,False,False,False,False,False
2761,sq8_np4,sanity,0.7,False,False,True,True,False,False,False,False,False
2778,sq8_np4,main,0.9,True,True,False,False,True,True,True,False,True
2781,sq8_np4,main,0.9,True,True,False,False,True,True,True,False,True
2788,sq8_np4,main,1.0,True,True,False,False,False,True,True,False,True
2789,sq8_np4,main,0.6,False,False,True,True,False,True,True,False,True
2802,sq8_np4,main,0.7,True,True,False,False,True,True,True,False,True
2815,sq8_np4,sanity,1.0,True,True,False,False,True,True,True,False,False
2824,sq8_np4,main,1.0,False,False,True,True,False,False,False,False,False
2825,sq8_np4,main,0.3,False,False,True,True,False,False,False,False,False
2851,sq8_np4,main,1.0,True,True,True,True,False,True,True,False,True
2866,sq8_np4,main,0.9,True,True,True,True,False,True,True,False,True
2873,sq8_np4,main,1.0,True,True,True,True,False,True,True,False,True
2896,sq8_np4,main,1.0,True,True,False,False,True,True,True,False,True
2899,sq8_np4,main,1.0,True,True,True,True,False,True,True,False,True
2914,sq8_np4,main,1.0,True,True,True,True,False,True,True,False,True
2921,sq8_np4,main,0.9,False,False,False,False,False,True,True,False,True
2933,sq8_np4,main,0.8,True,True,False,False,True,True,True,False,True
2943,sq8_np4,main,0.4,True,False,True,True,False,True,False,False,False
2948,sq8_np4,main,1.0,True,True,False,False,True,True,True,False,True
2952,sq8_np4,main,1.0,True,True,False,False,True,True,True,False,True
2955,sq8_np4,main,0.4,True,True,True,True,False,True,True,False,True
2961,sq8_np4,main,1.0,True,False,False,False,True,True,False,False,False
3027,sq8_np4,main,0.5,True,True,False,False,True,True,True,False,True
3044,sq8_np4,main,0.7,True,True,False,False,True,True,True,False,True
3076,sq8_np4,main,0.9,True,True,False,False,True,True,True,False,True
3081,sq8_np4,main,1.0,True,True,False,False,True,True,True,False,True
3088,sq8_np4,main,1.0,False,False,True,True,False,False,False,False,False
3092,sq8_np4,main,0.8,False,False,True,True,False,True,True,False,True
3093,sq8_np4,main,0.7,False,False,True,True,False,True,True,False,True
3095,sq8_np4,main,0.2,False,False,True,True,False,True,True,False,True
3097,sq8_np4,main,0.7,True,True,False,False,True,True,True,False,True
3110,sq8_np4,main,0.8,True,True,False,False,True,True,True,False,True
3118,sq8_np4,main,0.9,True,True,True,True,False,True,True,False,True
3119,sq8_np4,main,0.9,True,True,False,False,True,True,True,False,True
3122,sq8_np4,sanity,0.9,True,True,False,False,False,True,True,False,False
3129,sq8_np4,main,0.4,False,False,True,True,False,True,True,False,True
3130,sq8_np4,main,0.5,False,False,False,False,True,False,False,False,False
3135,sq8_np4,main,0.7,True,True,True,True,False,True,True,False,True
3137,sq8_np4,main,0.7,True,True,True,True,False,True,True,False,True
3147,sq8_np4,sanity,0.6,False,False,True,True,False,True,False,False,False
3153,sq8_np4,main,0.7,True,True,False,False,True,True,True,False,True
3155,sq8_np4,main,0.3,False,False,True,True,False,True,True,False,True
3160,sq8_np4,main,0.8,True,True,True,True,True,True,True,False,True
3161,sq8_np4,main,0.9,True,True,False,False,True,True,True,False,True
3183,sq8_np4,main,1.0,True,True,False,False,True,True,True,False,True
3184,sq8_np4,main,0.9,True,True,False,False,True,True,True,False,True
3191,sq8_np4,main,0.5,True,True,True,True,False,True,True,False,True
3204,sq8_np4,main,0.7,True,True,False,False,True,True,True,False,True
3211,sq8_np4,main,1.0,True,True,False,False,False,True,True,False,True
3224,sq8_np4,main,1.0,True,True,False,False,False,True,True,False,True
3239,sq8_np4,main,0.9,True,True,False,False,False,True,True,False,True
3258,sq8_np4,main,0.8,True,True,False,True,False,True,True,False,True
3260,sq8_np4,main,0.6,True,True,False,False,True,True,True,False,True
3271,sq8_np4,main,0.2,True,True,False,False,True,True,True,False,True
3276,sq8_np4,main,0.7,True,True,False,False,True,True,True,False,True
3282,sq8_np4,main,0.9,True,True,False,False,True,True,True,False,True
3290,sq8_np4,sanity,0.9,False,False,False,False,False,False,False,False,False
3292,sq8_np4,main,1.0,True,True,False,False,True,True,True,False,True
3301,sq8_np4,main,0.8,True,True,False,False,True,True,True,False,True
3310,sq8_np4,main,0.9,True,True,True,True,False,True,True,False,True
3312,sq8_np4,main,0.8,False,False,False,False,False,False,False,False,False
3317,sq8_np4,main,0.8,True,True,False,False,True,True,True,False,True
3320,sq8_np4,main,1.0,True,True,True,True,False,True,True,False,True
3323,sq8_np4,main,0.9,True,True,False,False,True,True,True,False,True
3325,sq8_np4,main,0.7,False,False,True,True,False,False,False,False,False
3345,sq8_np4,main,0.7,True,True,True,True,False,True,True,False,True
3348,sq8_np4,main,1.0,True,True,False,False,True,True,True,False,True
3362,sq8_np4,main,1.0,True,True,False,False,True,True,True,False,True
3363,sq8_np4,main,0.8,False,False,True,True,False,False,False,False,False
3368,sq8_np4,main,0.7,True,True,True,True,False,True,True,False,True
3382,sq8_np4,sanity,0.7,True,True,False,False,True,True,True,False,False
3386,sq8_np4,main,0.7,True,True,True,True,False,True,True,False,True
3390,sq8_np4,sanity,0.5,True,True,False,False,True,True,True,False,False
3417,sq8_np4,main,1.0,True,True,True,True,False,True,True,False,True
3419,sq8_np4,main,0.8,True,True,False,False,True,True,True,False,True
3420,sq8_np4,sanity,0.9,True,True,True,True,False,True,True,False,False
3424,sq8_np4,main,0.5,True,True,False,False,True,True,True,False,True
3434,sq8_np4,main,0.7,True,True,False,False,False,True,True,False,True
3438,sq8_np4,main,0.9,True,True,False,False,True,True,True,False,True
3441,sq8_np4,main,0.8,True,True,False,False,True,True,True,False,True
3446,sq8_np4,main,0.3,False,False,True,True,False,True,True,False,True
3453,sq8_np4,main,1.0,False,False,False,False,False,False,False,False,False
3457,sq8_np4,main,0.9,False,False,True,True,False,False,False,False,False
3467,sq8_np4,main,1.0,False,False,True,True,False,False,False,False,False
3478,sq8_np4,main,0.8,True,False,False,False,True,True,False,False,False
3480,sq8_np4,main,0.8,True,True,True,True,False,True,True,False,True
3485,sq8_np4,main,0.7,False,False,True,True,False,False,False,False,False
3497,sq8_np4,main,0.9,True,False,False,False,True,True,False,False,False
3499,sq8_np4,sanity,1.0,True,True,False,False,True,True,True,False,False
3503,sq8_np4,main,1.0,True,True,False,False,True,True,True,False,True
3510,sq8_np4,main,0.5,False,False,True,True,False,True,True,False,True
3513,sq8_np4,sanity,0.9,False,False,False,False,False,False,False,False,False
3520,sq8_np4,main,0.4,False,False,True,True,False,True,False,False,False
3552,sq8_np4,main,0.9,True,False,False,False,False,True,False,True,False
3554,sq8_np4,main,0.0,False,False,True,True,False,True,True,False,True
3558,sq8_np4,main,1.0,True,True,False,False,True,True,True,False,True
3568,sq8_np4,main,0.8,False,False,True,True,False,True,True,False,True
3570,sq8_np4,main,0.3,True,True,True,True,False,True,True,False,True
3579,sq8_np4,main,0.6,False,False,True,True,False,True,False,False,False
3583,sq8_np4,sanity,0.7,False,False,True,True,False,False,False,False,False
3591,sq8_np4,main,0.6,False,False,True,True,False,True,True,False,True
3595,sq8_np4,main,0.7,False,False,True,True,False,True,True,False,True
3606,sq8_np4,main,0.7,True,True,True,True,False,True,True,False,True
3609,sq8_np4,main,0.9,True,True,False,False,True,True,True,False,True
13,sq8_np512,sanity,1.0,True,True,False,False,True,True,True,False,False
14,sq8_np512,main,1.0,True,True,False,False,True,True,True,False,True
19,sq8_np512,main,1.0,True,False,True,True,False,True,False,True,False
30,sq8_np512,main,0.9,True,True,False,False,True,True,True,False,True
45,sq8_np512,main,1.0,True,True,False,False,True,True,True,False,True
60,sq8_np512,main,1.0,True,True,False,False,True,True,True,False,True
66,sq8_np512,main,1.0,True,True,False,False,True,True,True,False,True
71,sq8_np512,main,1.0,True,True,False,False,True,True,True,False,True
82,sq8_np512,main,1.0,True,False,True,True,False,True,False,False,False
92,sq8_np512,main,1.0,True,True,True,True,False,True,True,False,True
105,sq8_np512,main,1.0,True,True,True,True,False,True,True,False,True
108,sq8_np512,main,1.0,True,True,False,False,True,True,True,False,True
115,sq8_np512,main,1.0,True,True,False,False,True,True,True,False,True
125,sq8_np512,main,1.0,True,False,False,False,False,True,False,False,False
129,sq8_np512,main,1.0,False,False,False,False,False,False,False,False,False
132,sq8_np512,main,1.0,True,False,False,False,True,True,False,True,False
146,sq8_np512,sanity,1.0,True,True,True,True,False,True,True,False,False
151,sq8_np512,main,1.0,False,False,False,False,False,False,False,False,False
153,sq8_np512,main,1.0,False,False,True,True,False,False,False,False,False
180,sq8_np512,main,1.0,False,False,False,False,True,False,False,False,False
188,sq8_np512,main,1.0,True,True,False,False,True,True,True,False,True
206,sq8_np512,main,1.0,True,True,True,True,False,True,True,False,True
217,sq8_np512,main,1.0,True,True,True,True,False,True,True,False,True
233,sq8_np512,main,1.0,False,False,True,True,False,False,False,False,False
235,sq8_np512,main,1.0,False,False,False,False,True,False,False,False,False
249,sq8_np512,main,1.0,True,True,False,False,True,True,True,False,True
261,sq8_np512,main,1.0,True,True,False,False,True,True,True,False,True
264,sq8_np512,main,1.0,True,True,False,False,True,True,True,False,True
268,sq8_np512,main,1.0,True,True,False,False,True,True,True,False,True
279,sq8_np512,main,1.0,True,True,True,True,False,True,True,False,True
286,sq8_np512,main,1.0,True,True,False,False,True,True,True,False,True
287,sq8_np512,main,1.0,True,True,False,False,True,True,True,False,True
290,sq8_np512,main,1.0,True,False,True,True,False,True,False,True,False
291,sq8_np512,main,1.0,True,False,False,False,True,True,False,False,False
295,sq8_np512,main,1.0,True,False,False,False,True,True,False,False,False
296,sq8_np512,main,1.0,True,True,False,False,True,True,True,False,True
307,sq8_np512,main,1.0,True,True,False,False,True,True,True,False,True
318,sq8_np512,main,1.0,True,True,False,False,True,True,True,False,True
319,sq8_np512,main,1.0,True,False,False,False,True,True,False,False,False
323,sq8_np512,sanity,1.0,False,False,False,False,False,False,False,False,False
337,sq8_np512,main,1.0,True,True,True,True,False,True,True,False,True
350,sq8_np512,main,1.0,True,True,False,False,True,True,True,False,True
352,sq8_np512,main,1.0,True,True,False,False,True,True,True,False,True
371,sq8_np512,main,1.0,True,True,False,False,True,True,True,False,True
382,sq8_np512,main,1.0,False,False,False,False,True,False,False,False,False
399,sq8_np512,main,1.0,True,True,False,False,True,True,True,False,True
400,sq8_np512,main,1.0,True,True,False,False,False,True,True,False,True
416,sq8_np512,main,1.0,True,True,True,True,False,True,True,False,True
419,sq8_np512,main,0.9,True,True,False,False,True,True,True,False,True
421,sq8_np512,main,1.0,True,True,False,False,True,True,True,False,True
422,sq8_np512,main,1.0,True,True,False,False,True,True,True,False,True
424,sq8_np512,sanity,1.0,True,True,True,True,False,True,True,False,False
433,sq8_np512,main,1.0,True,True,False,False,True,True,True,False,True
442,sq8_np512,main,1.0,True,False,True,True,False,True,False,False,False
444,sq8_np512,main,1.0,True,True,False,False,True,True,True,False,True
447,sq8_np512,main,1.0,False,False,False,False,True,False,False,False,False
450,sq8_np512,main,1.0,True,True,False,False,True,True,True,False,True
453,sq8_np512,main,1.0,True,True,False,False,False,True,True,False,True
462,sq8_np512,sanity,1.0,False,False,True,True,False,False,False,False,False
476,sq8_np512,main,1.0,True,False,False,False,True,True,False,False,False
478,sq8_np512,sanity,1.0,True,True,False,False,True,True,True,False,False
482,sq8_np512,main,1.0,True,True,True,True,False,True,True,False,True
484,sq8_np512,main,1.0,True,True,True,True,False,True,True,False,True
486,sq8_np512,main,1.0,True,True,False,False,True,True,True,False,True
488,sq8_np512,main,1.0,False,False,False,False,False,False,False,False,False
491,sq8_np512,main,1.0,True,False,True,True,False,True,False,False,False
496,sq8_np512,main,1.0,True,True,False,False,False,True,True,False,True
501,sq8_np512,main,1.0,True,True,False,False,True,True,True,False,True
508,sq8_np512,main,1.0,True,True,True,True,False,True,True,False,True
513,sq8_np512,main,1.0,True,True,True,True,False,True,True,False,True
518,sq8_np512,main,1.0,True,True,False,False,True,True,True,False,True
519,sq8_np512,sanity,1.0,True,True,True,True,False,True,True,False,False
523,sq8_np512,main,0.8,True,True,False,False,True,True,True,False,True
524,sq8_np512,main,1.0,True,True,False,False,True,True,True,False,True
531,sq8_np512,main,1.0,False,False,True,True,False,False,False,False,False
535,sq8_np512,sanity,1.0,True,True,True,True,False,True,True,False,False
537,sq8_np512,main,1.0,True,True,False,False,True,True,True,False,True
551,sq8_np512,main,1.0,True,False,True,True,False,True,False,True,False
552,sq8_np512,main,1.0,True,True,False,False,True,True,True,False,True
553,sq8_np512,main,1.0,True,True,False,False,True,True,True,False,True
559,sq8_np512,main,0.9,True,True,True,True,False,True,True,False,True
565,sq8_np512,main,1.0,True,True,False,False,True,True,True,False,True
571,sq8_np512,sanity,1.0,True,True,False,False,True,True,True,False,False
590,sq8_np512,main,1.0,True,True,True,True,False,True,True,False,True
591,sq8_np512,main,0.9,False,False,True,True,False,False,False,False,False
604,sq8_np512,main,0.9,False,False,True,True,False,False,False,False,False
606,sq8_np512,main,1.0,True,True,False,False,True,True,True,False,True
614,sq8_np512,main,1.0,True,True,False,False,False,True,True,False,True
617,sq8_np512,main,1.0,True,True,False,False,True,True,True,False,True
619,sq8_np512,sanity,1.0,False,False,True,True,False,False,False,False,False
621,sq8_np512,main,1.0,True,True,True,True,False,True,True,False,True
637,sq8_np512,main,1.0,True,True,False,False,True,True,True,False,True
642,sq8_np512,main,1.0,True,True,False,False,True,True,True,False,True
644,sq8_np512,main,1.0,True,True,False,False,True,True,True,False,True
652,sq8_np512,main,1.0,False,False,True,True,False,False,False,False,False
658,sq8_np512,sanity,1.0,False,False,True,True,False,False,False,False,False
684,sq8_np512,main,1.0,False,False,True,True,False,False,False,False,False
697,sq8_np512,main,1.0,True,True,False,False,False,True,True,False,True
701,sq8_np512,main,1.0,True,True,False,False,True,True,True,False,True
705,sq8_np512,main,1.0,True,True,False,False,True,True,True,False,True
715,sq8_np512,main,1.0,False,False,False,False,False,False,False,False,False
726,sq8_np512,main,1.0,False,False,True,True,False,False,False,False,False
753,sq8_np512,main,1.0,True,True,False,False,True,True,True,False,True
754,sq8_np512,main,1.0,True,True,True,True,False,True,True,False,True
775,sq8_np512,sanity,1.0,False,False,True,True,False,False,False,False,False
782,sq8_np512,main,1.0,False,False,True,True,False,False,False,False,False
784,sq8_np512,main,1.0,True,True,False,False,True,True,True,False,True
787,sq8_np512,main,1.0,True,True,False,False,True,True,True,False,True
802,sq8_np512,main,1.0,True,True,False,False,True,True,True,False,True
823,sq8_np512,main,1.0,True,True,False,False,True,True,True,False,True
826,sq8_np512,main,1.0,True,True,False,False,True,True,True,False,True
841,sq8_np512,main,1.0,False,False,True,True,False,False,False,False,False
845,sq8_np512,main,0.9,False,False,False,False,False,True,True,False,True
855,sq8_np512,main,1.0,False,False,True,True,False,False,False,False,False
861,sq8_np512,main,1.0,True,True,False,False,True,True,True,False,True
868,sq8_np512,main,1.0,True,True,False,False,True,True,True,False,True
873,sq8_np512,main,1.0,False,False,False,False,True,False,False,False,False
883,sq8_np512,sanity,1.0,False,False,False,False,False,False,False,False,False
884,sq8_np512,main,1.0,True,True,False,False,True,True,True,False,True
891,sq8_np512,main,1.0,True,True,False,False,False,True,True,False,True
896,sq8_np512,main,0.9,True,True,True,True,False,True,True,False,True
901,sq8_np512,main,1.0,True,True,False,False,False,True,True,False,True
905,sq8_np512,sanity,1.0,True,True,False,False,True,True,True,False,False
907,sq8_np512,main,1.0,True,True,False,False,False,True,True,False,True
919,sq8_np512,sanity,1.0,True,True,False,False,False,True,True,False,False
931,sq8_np512,main,0.9,True,True,True,True,False,True,True,False,True
937,sq8_np512,main,1.0,True,True,False,False,True,True,True,False,True
944,sq8_np512,main,1.0,False,False,False,False,False,False,False,False,False
966,sq8_np512,main,1.0,False,False,True,True,False,False,False,False,False
967,sq8_np512,main,1.0,True,True,False,False,True,True,True,False,True
970,sq8_np512,main,1.0,True,True,False,False,True,True,True,False,True
972,sq8_np512,main,1.0,True,True,True,True,False,True,True,False,True
978,sq8_np512,main,1.0,False,False,True,True,False,False,False,False,False
987,sq8_np512,main,1.0,False,False,True,True,False,False,False,False,False
990,sq8_np512,main,1.0,True,True,False,False,True,True,True,False,True
992,sq8_np512,main,1.0,True,True,True,True,False,True,True,False,True
1000,sq8_np512,main,1.0,True,True,False,False,True,True,True,False,True
1001,sq8_np512,main,1.0,True,True,False,False,False,True,True,False,True
1003,sq8_np512,main,1.0,True,False,False,False,True,True,False,False,False
1005,sq8_np512,main,1.0,True,False,False,False,False,True,False,False,False
1016,sq8_np512,main,1.0,True,True,False,False,True,True,True,False,True
1020,sq8_np512,main,1.0,True,True,True,True,False,True,True,False,True
1026,sq8_np512,main,1.0,True,True,False,False,True,True,True,False,True
1028,sq8_np512,main,1.0,True,False,False,False,False,True,False,False,False
1032,sq8_np512,main,1.0,True,True,False,False,True,True,True,False,True
1048,sq8_np512,main,1.0,True,True,False,False,True,True,True,False,True
1056,sq8_np512,main,1.0,True,True,True,True,False,True,True,False,True
1063,sq8_np512,main,1.0,True,True,False,False,True,True,True,False,True
1065,sq8_np512,main,1.0,True,False,False,False,False,True,False,False,False
1066,sq8_np512,main,1.0,True,True,False,False,True,True,True,False,True
1071,sq8_np512,main,0.9,True,True,False,False,True,True,True,False,True
1081,sq8_np512,sanity,1.0,True,True,True,True,False,True,True,False,False
1085,sq8_np512,main,1.0,True,True,True,True,False,True,True,False,True
1088,sq8_np512,main,1.0,True,True,True,True,False,True,True,False,True
1089,sq8_np512,main,1.0,True,True,True,True,False,True,True,False,True
1093,sq8_np512,main,1.0,False,False,True,True,False,False,False,False,False
1094,sq8_np512,main,1.0,True,False,True,True,False,True,False,True,False
1103,sq8_np512,main,1.0,True,True,False,False,False,True,True,False,True
1106,sq8_np512,main,1.0,True,True,False,False,True,True,True,False,True
1108,sq8_np512,main,1.0,True,False,False,False,True,True,False,False,False
1113,sq8_np512,main,1.0,True,True,False,False,True,True,True,False,True
1114,sq8_np512,main,1.0,True,True,True,True,False,True,True,False,True
1118,sq8_np512,main,1.0,True,True,False,False,True,True,True,False,True
1122,sq8_np512,main,1.0,False,False,True,True,False,False,False,False,False
1125,sq8_np512,main,1.0,True,True,False,False,False,True,True,False,True
1148,sq8_np512,main,1.0,True,True,False,True,False,True,True,False,True
1155,sq8_np512,main,1.0,True,True,False,False,True,True,True,False,True
1158,sq8_np512,main,1.0,True,True,False,False,True,True,True,False,True
1174,sq8_np512,main,1.0,False,False,True,True,False,False,False,False,False
1183,sq8_np512,main,1.0,True,True,True,True,False,True,True,False,True
1191,sq8_np512,main,1.0,True,False,False,False,True,True,False,False,False
1216,sq8_np512,main,1.0,False,False,True,True,False,False,False,False,False
1217,sq8_np512,main,1.0,True,True,False,False,True,True,True,False,True
1244,sq8_np512,main,1.0,True,True,True,True,False,True,True,False,True
1258,sq8_np512,main,1.0,False,False,True,True,False,False,False,False,False
1278,sq8_np512,main,1.0,True,True,True,True,False,True,True,False,True
1279,sq8_np512,main,1.0,True,True,False,False,False,True,True,False,True
1282,sq8_np512,main,1.0,True,True,False,False,False,True,True,False,True
1287,sq8_np512,main,1.0,True,True,False,False,True,True,True,False,True
1289,sq8_np512,main,1.0,True,True,False,False,True,True,True,False,True
1292,sq8_np512,main,1.0,True,True,False,False,True,True,True,False,True
1293,sq8_np512,main,0.9,True,True,True,True,False,True,True,False,True
1313,sq8_np512,main,1.0,True,True,False,False,False,True,True,False,True
1320,sq8_np512,main,1.0,True,True,False,True,False,True,True,False,True
1322,sq8_np512,main,1.0,True,True,False,False,True,True,True,False,True
1327,sq8_np512,sanity,1.0,False,False,False,False,True,False,False,False,False
1333,sq8_np512,main,1.0,True,True,False,False,True,True,True,False,True
1336,sq8_np512,main,1.0,True,True,False,False,True,True,True,False,True
1338,sq8_np512,main,1.0,True,True,False,False,True,True,True,False,True
1342,sq8_np512,main,1.0,True,False,True,True,False,True,False,True,False
1348,sq8_np512,sanity,1.0,False,False,False,True,False,False,False,False,False
1370,sq8_np512,main,1.0,True,True,True,True,False,True,True,False,True
1372,sq8_np512,main,1.0,True,True,True,True,False,True,True,False,True
1375,sq8_np512,main,1.0,True,True,False,False,True,True,True,False,True
1376,sq8_np512,main,1.0,False,False,False,True,False,False,False,False,False
1396,sq8_np512,main,1.0,True,True,False,False,True,True,True,False,True
1418,sq8_np512,main,1.0,True,True,False,False,True,True,True,False,True
1419,sq8_np512,main,1.0,True,True,True,True,False,True,True,False,True
1423,sq8_np512,main,1.0,True,True,False,False,True,True,True,False,True
1427,sq8_np512,main,1.0,True,True,False,False,True,True,True,False,True
1433,sq8_np512,main,1.0,True,True,True,True,False,True,True,False,True
1437,sq8_np512,main,1.0,True,True,True,True,False,True,True,False,True
1438,sq8_np512,main,1.0,True,False,False,False,True,True,False,False,False
1458,sq8_np512,sanity,1.0,False,False,True,True,False,False,False,False,False
1463,sq8_np512,main,1.0,True,True,False,False,True,True,True,False,True
1466,sq8_np512,main,1.0,True,True,False,False,True,True,True,False,True
1470,sq8_np512,sanity,1.0,False,False,True,True,False,False,False,False,False
1471,sq8_np512,main,1.0,True,False,True,True,False,True,False,True,False
1480,sq8_np512,main,1.0,True,True,True,True,False,True,True,False,True
1484,sq8_np512,main,1.0,True,False,True,True,False,True,False,False,False
1487,sq8_np512,main,1.0,True,True,False,False,True,True,True,False,True
1490,sq8_np512,main,1.0,False,False,True,True,False,False,False,False,False
1496,sq8_np512,main,1.0,True,True,False,False,False,True,True,False,True
1501,sq8_np512,main,1.0,True,True,False,False,False,True,True,False,True
1507,sq8_np512,main,1.0,True,True,False,False,True,True,True,False,True
1508,sq8_np512,sanity,1.0,True,True,False,False,True,True,True,False,False
1520,sq8_np512,main,1.0,True,True,True,True,False,True,True,False,True
1527,sq8_np512,main,1.0,True,True,False,False,True,True,True,False,True
1538,sq8_np512,main,1.0,False,False,False,False,False,False,False,False,False
1542,sq8_np512,main,0.9,True,False,False,False,True,True,False,False,False
1558,sq8_np512,main,1.0,False,False,True,True,False,False,False,False,False
1574,sq8_np512,main,1.0,True,False,False,False,True,True,False,False,False
1583,sq8_np512,main,1.0,True,True,False,False,True,True,True,False,True
1589,sq8_np512,main,1.0,True,True,False,False,True,True,True,False,True
1594,sq8_np512,main,0.9,True,True,True,True,False,True,True,False,True
1596,sq8_np512,sanity,1.0,False,False,True,True,False,False,False,False,False
1603,sq8_np512,sanity,1.0,False,False,False,False,False,False,False,False,False
1611,sq8_np512,main,1.0,True,True,False,False,True,True,True,False,True
1613,sq8_np512,main,1.0,False,False,True,True,False,False,False,False,False
1617,sq8_np512,main,1.0,False,False,True,True,False,False,False,False,False
1625,sq8_np512,main,1.0,True,False,True,True,False,True,False,True,False
1626,sq8_np512,main,1.0,True,True,False,False,True,True,True,False,True
1627,sq8_np512,main,1.0,False,False,True,True,False,False,False,False,False
1630,sq8_np512,main,1.0,True,True,False,False,True,True,True,False,True
1641,sq8_np512,main,1.0,True,True,False,False,True,True,True,False,True
1642,sq8_np512,sanity,1.0,False,False,False,False,False,False,False,False,False
1645,sq8_np512,sanity,0.9,True,True,False,False,True,True,True,False,False
1654,sq8_np512,main,1.0,False,False,True,True,False,False,False,False,False
1656,sq8_np512,main,1.0,True,True,False,False,True,True,True,False,True
1660,sq8_np512,main,1.0,True,True,True,True,False,True,True,False,True
1661,sq8_np512,main,1.0,False,False,True,True,False,False,False,False,False
1670,sq8_np512,main,1.0,False,False,True,True,False,False,False,False,False
1671,sq8_np512,sanity,1.0,True,True,False,False,True,True,True,False,False
1690,sq8_np512,main,1.0,True,True,False,False,True,True,True,False,True
1699,sq8_np512,main,1.0,False,False,True,True,False,False,False,False,False
1715,sq8_np512,sanity,0.9,False,False,True,True,False,False,False,False,False
1767,sq8_np512,main,1.0,False,False,True,True,False,False,False,False,False
1770,sq8_np512,main,1.0,True,True,True,True,False,True,True,False,True
1777,sq8_np512,main,1.0,True,True,False,False,True,True,True,False,True
1785,sq8_np512,main,1.0,True,True,False,False,True,True,True,False,True
1797,sq8_np512,main,0.9,True,True,False,False,True,True,True,False,True
1799,sq8_np512,main,1.0,True,True,False,False,True,True,True,False,True
1800,sq8_np512,main,1.0,True,True,False,False,True,True,True,False,True
1804,sq8_np512,main,1.0,True,True,False,False,True,True,True,False,True
1810,sq8_np512,main,1.0,True,True,True,True,False,True,True,False,True
1811,sq8_np512,main,1.0,True,True,False,False,False,True,True,False,True
1816,sq8_np512,main,1.0,False,False,True,True,False,False,False,False,False
1831,sq8_np512,sanity,1.0,False,False,True,True,False,False,False,False,False
1832,sq8_np512,main,1.0,True,True,False,False,True,True,True,False,True
1837,sq8_np512,main,1.0,True,True,False,False,True,True,True,False,True
1842,sq8_np512,main,1.0,False,False,False,False,False,False,False,False,False
1859,sq8_np512,main,1.0,True,True,False,False,True,True,True,False,True
1864,sq8_np512,main,1.0,False,False,False,False,True,False,False,False,False
1874,sq8_np512,main,1.0,True,True,True,True,False,True,True,False,True
1875,sq8_np512,main,1.0,True,True,False,False,True,True,True,False,True
1906,sq8_np512,main,1.0,True,True,False,False,True,True,True,False,True
1908,sq8_np512,main,0.9,False,False,True,True,False,False,False,False,False
1916,sq8_np512,main,1.0,True,True,False,False,True,True,True,False,True
1928,sq8_np512,sanity,1.0,True,True,False,False,True,True,True,False,False
1932,sq8_np512,main,1.0,False,False,True,True,False,False,False,False,False
1933,sq8_np512,main,1.0,False,False,False,False,True,False,False,False,False
1934,sq8_np512,main,0.9,True,True,False,False,True,True,True,False,True
1940,sq8_np512,main,1.0,True,True,True,True,False,True,True,False,True
1942,sq8_np512,sanity,1.0,True,True,False,False,True,True,True,False,False
1952,sq8_np512,main,1.0,True,True,False,False,False,True,True,False,True
1955,sq8_np512,main,1.0,True,True,True,True,False,True,True,False,True
1960,sq8_np512,main,1.0,True,True,True,True,False,True,True,False,True
1964,sq8_np512,main,1.0,False,False,False,False,False,False,False,True,False
1967,sq8_np512,main,1.0,True,True,False,False,True,True,True,False,True
1969,sq8_np512,main,1.0,True,False,False,False,True,True,False,True,False
1980,sq8_np512,main,1.0,True,False,True,True,False,True,False,True,False
1986,sq8_np512,main,1.0,True,True,False,False,True,True,True,False,True
1999,sq8_np512,main,1.0,False,False,False,False,False,False,False,False,False
2003,sq8_np512,main,1.0,True,True,False,False,False,True,True,False,True
2021,sq8_np512,main,1.0,True,True,True,True,False,True,True,False,True
2048,sq8_np512,sanity,1.0,False,False,True,True,False,False,False,False,False
2051,sq8_np512,main,1.0,True,True,False,True,True,True,True,False,True
2064,sq8_np512,main,1.0,True,True,False,False,False,True,True,False,True
2070,sq8_np512,main,1.0,True,True,False,False,True,True,True,False,True
2073,sq8_np512,sanity,1.0,True,True,False,False,True,True,True,False,False
2078,sq8_np512,main,1.0,True,True,False,False,True,True,True,False,True
2083,sq8_np512,main,1.0,False,False,False,False,True,False,False,False,False
2088,sq8_np512,main,1.0,True,True,False,False,True,True,True,False,True
2092,sq8_np512,main,1.0,False,False,False,False,False,False,False,False,False
2096,sq8_np512,main,1.0,False,False,True,True,False,False,False,False,False
2099,sq8_np512,main,1.0,True,True,True,True,False,True,True,False,True
2108,sq8_np512,main,1.0,False,False,False,False,False,False,False,False,False
2109,sq8_np512,main,1.0,True,True,False,False,True,True,True,False,True
2115,sq8_np512,main,1.0,False,False,True,True,False,False,False,False,False
2117,sq8_np512,sanity,1.0,False,False,False,False,False,False,False,False,False
2126,sq8_np512,main,1.0,True,True,False,False,True,True,True,False,True
2128,sq8_np512,main,1.0,False,False,True,True,False,False,False,False,False
2133,sq8_np512,main,1.0,False,False,False,False,False,False,False,False,False
2134,sq8_np512,main,1.0,True,True,False,False,True,True,True,False,True
2135,sq8_np512,main,1.0,True,False,False,False,False,True,False,False,False
2144,sq8_np512,main,1.0,True,True,True,True,False,True,True,False,True
2145,sq8_np512,main,1.0,False,False,True,True,False,False,False,False,False
2146,sq8_np512,main,1.0,True,True,False,False,True,True,True,False,True
2167,sq8_np512,main,1.0,True,False,False,False,False,True,False,False,False
2170,sq8_np512,main,1.0,True,False,False,False,False,True,False,False,False
2172,sq8_np512,main,0.9,True,True,False,False,True,True,True,False,True
2184,sq8_np512,main,1.0,True,True,True,True,False,True,True,False,True
2196,sq8_np512,sanity,1.0,True,True,False,False,True,True,True,False,False
2211,sq8_np512,main,1.0,True,True,False,False,False,True,True,False,True
2213,sq8_np512,main,1.0,False,False,False,False,False,False,False,False,False
2218,sq8_np512,main,1.0,True,True,False,False,True,True,True,False,True
2223,sq8_np512,main,1.0,False,False,True,True,False,False,False,False,False
2226,sq8_np512,main,1.0,False,False,True,True,False,False,False,False,False
2235,sq8_np512,main,1.0,True,True,False,False,True,True,True,False,True
2263,sq8_np512,main,1.0,True,True,False,False,True,True,True,False,True
2275,sq8_np512,main,1.0,False,False,False,False,False,False,False,False,False
2277,sq8_np512,main,1.0,True,True,False,False,False,True,True,False,True
2280,sq8_np512,sanity,1.0,False,False,True,True,False,False,False,False,False
2284,sq8_np512,main,1.0,True,False,False,False,True,True,False,True,False
2286,sq8_np512,main,0.9,True,True,False,False,True,True,True,False,True
2295,sq8_np512,main,1.0,True,True,False,False,False,True,True,False,True
2297,sq8_np512,main,1.0,True,False,False,False,True,True,False,False,False
2306,sq8_np512,main,1.0,True,True,False,False,True,True,True,False,True
2310,sq8_np512,main,1.0,True,True,False,False,False,True,True,False,True
2318,sq8_np512,main,1.0,True,True,True,True,False,True,True,False,True
2325,sq8_np512,main,1.0,True,True,False,False,True,True,True,False,True
2329,sq8_np512,main,1.0,True,True,True,True,False,True,True,False,True
2332,sq8_np512,main,1.0,True,True,False,False,True,True,True,False,True
2337,sq8_np512,main,1.0,True,True,False,True,False,True,True,False,True
2340,sq8_np512,main,1.0,False,False,True,True,False,False,False,False,False
2341,sq8_np512,sanity,1.0,False,False,True,True,False,False,False,False,False
2349,sq8_np512,main,1.0,True,False,False,False,True,True,False,False,False
2366,sq8_np512,main,1.0,True,True,False,False,True,True,True,False,True
2373,sq8_np512,main,1.0,True,True,False,False,True,True,True,False,True
2379,sq8_np512,main,0.9,True,True,True,True,False,True,True,False,True
2391,sq8_np512,main,1.0,True,True,True,True,False,True,True,False,True
2393,sq8_np512,main,0.9,True,True,True,True,False,True,True,False,True
2398,sq8_np512,main,1.0,True,True,False,False,True,True,True,False,True
2401,sq8_np512,main,1.0,True,True,True,True,False,True,True,False,True
2404,sq8_np512,main,1.0,False,False,False,False,False,False,False,False,False
2425,sq8_np512,main,0.9,True,True,False,False,True,True,True,False,True
2430,sq8_np512,main,1.0,True,True,True,True,False,True,True,False,True
2458,sq8_np512,main,1.0,True,True,True,True,False,True,True,False,True
2468,sq8_np512,main,1.0,True,True,False,False,True,True,True,False,True
2469,sq8_np512,main,1.0,True,True,False,False,True,True,True,False,True
2479,sq8_np512,main,1.0,True,False,True,True,False,True,False,False,False
2492,sq8_np512,sanity,1.0,True,True,False,False,True,True,True,False,False
2495,sq8_np512,main,1.0,True,True,False,False,True,True,True,False,True
2501,sq8_np512,main,0.9,True,True,False,False,True,True,True,False,True
2502,sq8_np512,main,1.0,True,True,False,False,True,True,True,False,True
2504,sq8_np512,main,1.0,True,True,False,False,False,True,True,False,True
2510,sq8_np512,main,1.0,True,False,True,True,False,True,False,True,False
2514,sq8_np512,main,1.0,True,True,False,False,False,True,True,False,True
2516,sq8_np512,main,0.9,False,False,True,True,False,False,False,False,False
2518,sq8_np512,main,1.0,True,True,False,False,True,True,True,False,True
2522,sq8_np512,sanity,1.0,False,False,False,False,False,False,False,False,False
2525,sq8_np512,main,1.0,True,True,True,True,False,True,True,False,True
2528,sq8_np512,main,1.0,True,False,False,False,True,True,False,False,False
2531,sq8_np512,main,1.0,True,True,False,False,False,True,True,False,True
2533,sq8_np512,main,1.0,True,True,True,True,False,True,True,False,True
2538,sq8_np512,sanity,1.0,True,True,False,False,True,True,True,False,False
2542,sq8_np512,main,1.0,True,True,True,True,False,True,True,False,True
2557,sq8_np512,main,1.0,False,False,True,True,False,False,False,False,False
2562,sq8_np512,main,1.0,False,False,True,True,False,False,False,False,False
2571,sq8_np512,main,1.0,True,True,False,False,False,True,True,False,True
2576,sq8_np512,main,1.0,True,True,True,True,False,True,True,False,True
2587,sq8_np512,main,1.0,True,True,True,True,False,True,True,False,True
2589,sq8_np512,main,0.9,True,True,False,False,True,True,True,False,True
2594,sq8_np512,main,1.0,True,True,False,False,True,True,True,False,True
2595,sq8_np512,main,1.0,False,False,True,True,False,False,False,False,False
2606,sq8_np512,main,1.0,True,True,False,False,True,True,True,False,True
2609,sq8_np512,main,1.0,False,False,True,True,False,False,False,False,False
2611,sq8_np512,main,1.0,True,True,False,False,False,True,True,False,True
2617,sq8_np512,main,1.0,True,False,True,True,False,True,False,False,False
2620,sq8_np512,main,1.0,True,True,False,False,True,True,True,False,True
2621,sq8_np512,main,1.0,True,True,True,True,False,True,True,False,True
2632,sq8_np512,main,1.0,True,True,False,False,True,True,True,False,True
2633,sq8_np512,main,1.0,True,True,False,False,True,True,True,False,True
2636,sq8_np512,main,1.0,True,True,True,True,False,True,True,False,True
2649,sq8_np512,main,1.0,True,True,True,True,False,True,True,False,True
2654,sq8_np512,main,1.0,True,True,False,False,True,True,True,False,True
2665,sq8_np512,main,1.0,True,True,True,True,False,True,True,False,True
2687,sq8_np512,main,1.0,True,True,True,True,False,True,True,False,True
2694,sq8_np512,main,1.0,True,True,False,False,True,True,True,False,True
2695,sq8_np512,main,1.0,True,True,False,False,True,True,True,False,True
2713,sq8_np512,main,1.0,True,True,False,False,True,True,True,False,True
2720,sq8_np512,main,0.9,True,True,True,True,False,True,True,False,True
2726,sq8_np512,main,1.0,True,True,False,False,True,True,True,False,True
2728,sq8_np512,main,1.0,True,True,False,False,True,True,True,False,True
2730,sq8_np512,main,0.9,True,True,False,False,True,True,True,False,True
2745,sq8_np512,main,1.0,False,False,True,True,False,False,False,False,False
2761,sq8_np512,sanity,1.0,False,False,True,True,False,False,False,False,False
2778,sq8_np512,main,1.0,True,True,False,False,True,True,True,False,True
2781,sq8_np512,main,1.0,True,True,False,False,True,True,True,False,True
2788,sq8_np512,main,1.0,True,True,False,False,False,True,True,False,True
2789,sq8_np512,main,1.0,True,True,False,False,True,True,True,False,True
2802,sq8_np512,main,1.0,True,True,False,False,True,True,True,False,True
2815,sq8_np512,sanity,1.0,True,True,False,False,True,True,True,False,False
2824,sq8_np512,main,1.0,False,False,True,True,False,False,False,False,False
2825,sq8_np512,main,1.0,False,False,True,True,False,False,False,False,False
2851,sq8_np512,main,0.9,True,True,False,False,False,True,True,False,True
2866,sq8_np512,main,1.0,True,True,True,True,False,True,True,False,True
2873,sq8_np512,main,1.0,True,True,True,True,False,True,True,False,True
2896,sq8_np512,main,1.0,True,True,False,False,True,True,True,False,True
2899,sq8_np512,main,1.0,True,True,True,True,False,True,True,False,True
2914,sq8_np512,main,1.0,True,True,True,True,False,True,True,False,True
2921,sq8_np512,main,1.0,True,True,False,False,True,True,True,False,True
2933,sq8_np512,main,0.9,True,True,False,False,True,True,True,False,True
2943,sq8_np512,main,1.0,True,False,True,True,False,True,False,False,False
2948,sq8_np512,main,1.0,True,True,False,False,False,True,True,False,True
2952,sq8_np512,main,1.0,True,True,False,False,True,True,True,False,True
2955,sq8_np512,main,1.0,True,True,False,False,True,True,True,False,True
2961,sq8_np512,main,1.0,True,False,False,False,True,True,False,False,False
3027,sq8_np512,main,1.0,True,True,False,False,True,True,True,False,True
3044,sq8_np512,main,1.0,True,True,False,False,True,True,True,False,True
3076,sq8_np512,main,0.9,True,True,False,False,True,True,True,False,True
3081,sq8_np512,main,1.0,True,True,False,False,True,True,True,False,True
3088,sq8_np512,main,1.0,False,False,True,True,False,False,False,False,False
3092,sq8_np512,main,1.0,True,True,False,False,True,True,True,False,True
3093,sq8_np512,main,1.0,True,True,False,False,True,True,True,False,True
3095,sq8_np512,main,1.0,True,True,True,True,False,True,True,False,True
3097,sq8_np512,main,1.0,True,True,False,False,True,True,True,False,True
3110,sq8_np512,main,0.9,True,True,False,False,True,True,True,False,True
3118,sq8_np512,main,0.9,True,True,True,True,False,True,True,False,True
3119,sq8_np512,main,1.0,True,True,False,False,True,True,True,False,True
3122,sq8_np512,sanity,1.0,True,True,False,False,True,True,True,False,False
3129,sq8_np512,main,1.0,True,True,False,False,True,True,True,False,True
3130,sq8_np512,main,1.0,False,False,False,False,True,False,False,False,False
3135,sq8_np512,main,0.9,True,True,True,True,False,True,True,False,True
3137,sq8_np512,main,1.0,True,True,True,True,False,True,True,False,True
3147,sq8_np512,sanity,1.0,True,False,True,True,False,True,False,False,False
3153,sq8_np512,main,0.9,True,True,False,False,True,True,True,False,True
3155,sq8_np512,main,0.9,False,False,True,True,False,True,True,False,True
3160,sq8_np512,main,1.0,True,True,True,True,False,True,True,False,True
3161,sq8_np512,main,1.0,True,True,False,False,True,True,True,False,True
3183,sq8_np512,main,1.0,True,True,False,False,True,True,True,False,True
3184,sq8_np512,main,1.0,True,True,False,False,True,True,True,False,True
3191,sq8_np512,main,1.0,True,True,True,True,False,True,True,False,True
3204,sq8_np512,main,1.0,True,True,False,False,True,True,True,False,True
3211,sq8_np512,main,1.0,True,True,False,False,False,True,True,False,True
3224,sq8_np512,main,1.0,True,True,False,False,False,True,True,False,True
3239,sq8_np512,main,1.0,True,True,False,False,False,True,True,False,True
3258,sq8_np512,main,1.0,True,True,True,True,False,True,True,False,True
3260,sq8_np512,main,1.0,True,True,False,False,True,True,True,False,True
3271,sq8_np512,main,1.0,True,True,False,False,True,True,True,False,True
3276,sq8_np512,main,1.0,True,True,False,False,True,True,True,False,True
3282,sq8_np512,main,1.0,True,True,False,False,True,True,True,False,True
3290,sq8_np512,sanity,1.0,False,False,False,False,False,False,False,False,False
3292,sq8_np512,main,1.0,True,True,False,False,True,True,True,False,True
3301,sq8_np512,main,1.0,True,True,False,False,True,True,True,False,True
3310,sq8_np512,main,1.0,True,True,True,True,False,True,True,False,True
3312,sq8_np512,main,1.0,False,False,False,False,False,False,False,False,False
3317,sq8_np512,main,1.0,True,True,True,True,False,True,True,False,True
3320,sq8_np512,main,1.0,True,True,True,True,False,True,True,False,True
3323,sq8_np512,main,1.0,True,True,False,False,True,True,True,False,True
3325,sq8_np512,main,1.0,False,False,True,True,False,False,False,False,False
3345,sq8_np512,main,1.0,True,True,True,True,False,True,True,False,True
3348,sq8_np512,main,1.0,True,True,False,False,True,True,True,False,True
3362,sq8_np512,main,1.0,True,True,False,False,True,True,True,False,True
3363,sq8_np512,main,1.0,False,False,False,False,True,False,False,False,False
3368,sq8_np512,main,0.9,True,True,True,True,False,True,True,False,True
3382,sq8_np512,sanity,1.0,True,True,False,False,False,True,True,False,False
3386,sq8_np512,main,1.0,True,True,True,True,False,True,True,False,True
3390,sq8_np512,sanity,1.0,True,True,False,False,True,True,True,False,False
3417,sq8_np512,main,1.0,True,True,True,True,False,True,True,False,True
3419,sq8_np512,main,1.0,True,True,False,False,True,True,True,False,True
3420,sq8_np512,sanity,1.0,True,True,True,True,False,True,True,False,False
3424,sq8_np512,main,1.0,True,True,False,False,True,True,True,False,True
3434,sq8_np512,main,1.0,True,True,False,False,True,True,True,False,True
3438,sq8_np512,main,1.0,True,True,False,False,True,True,True,False,True
3441,sq8_np512,main,1.0,True,True,False,False,True,True,True,False,True
3446,sq8_np512,main,1.0,True,True,False,False,True,True,True,False,True
3453,sq8_np512,main,1.0,False,False,False,False,False,False,False,False,False
3457,sq8_np512,main,1.0,False,False,True,True,False,False,False,False,False
3467,sq8_np512,main,1.0,False,False,True,True,False,False,False,False,False
3478,sq8_np512,main,1.0,True,False,False,False,True,True,False,False,False
3480,sq8_np512,main,1.0,True,True,True,True,False,True,True,False,True
3485,sq8_np512,main,1.0,False,False,True,True,False,False,False,False,False
3497,sq8_np512,main,1.0,True,False,False,False,True,True,False,False,False
3499,sq8_np512,sanity,1.0,True,True,False,False,True,True,True,False,False
3503,sq8_np512,main,1.0,True,True,False,False,True,True,True,False,True
3510,sq8_np512,main,1.0,True,True,False,False,True,True,True,False,True
3513,sq8_np512,sanity,1.0,False,False,False,False,False,False,False,False,False
3520,sq8_np512,main,1.0,True,False,True,True,False,True,False,False,False
3552,sq8_np512,main,1.0,True,False,False,False,False,True,False,True,False
3554,sq8_np512,main,1.0,True,True,False,False,True,True,True,False,True
3558,sq8_np512,main,1.0,True,True,False,False,True,True,True,False,True
3568,sq8_np512,main,1.0,True,True,False,False,True,True,True,False,True
3570,sq8_np512,main,1.0,True,True,False,False,False,True,True,False,True
3579,sq8_np512,main,1.0,True,False,True,True,False,True,False,False,False
3583,sq8_np512,sanity,1.0,False,False,False,False,False,False,False,False,False
3591,sq8_np512,main,1.0,True,True,True,True,False,True,True,False,True
3595,sq8_np512,main,1.0,True,True,False,False,False,True,True,False,True
3606,sq8_np512,main,1.0,True,True,True,True,False,True,True,False,True
3609,sq8_np512,main,1.0,True,True,False,False,True,True,True,False,True
13,sq8_np64,sanity,1.0,True,True,False,False,True,True,True,False,False
14,sq8_np64,main,1.0,True,True,False,False,True,True,True,False,True
19,sq8_np64,main,1.0,True,False,True,True,False,True,False,True,False
30,sq8_np64,main,1.0,True,True,False,False,True,True,True,False,True
45,sq8_np64,main,1.0,True,True,False,False,True,True,True,False,True
60,sq8_np64,main,1.0,True,True,False,False,True,True,True,False,True
66,sq8_np64,main,1.0,True,True,False,False,True,True,True,False,True
71,sq8_np64,main,1.0,True,True,False,False,True,True,True,False,True
82,sq8_np64,main,1.0,True,False,True,True,False,True,False,False,False
92,sq8_np64,main,0.9,True,True,True,True,False,True,True,False,True
105,sq8_np64,main,0.9,True,True,True,True,False,True,True,False,True
108,sq8_np64,main,1.0,True,True,False,False,True,True,True,False,True
115,sq8_np64,main,1.0,True,True,False,False,True,True,True,False,True
125,sq8_np64,main,1.0,True,False,True,True,False,True,False,False,False
129,sq8_np64,main,1.0,False,False,False,False,False,False,False,False,False
132,sq8_np64,main,1.0,True,False,False,False,True,True,False,True,False
146,sq8_np64,sanity,1.0,True,True,True,True,False,True,True,False,False
151,sq8_np64,main,1.0,False,False,False,False,False,False,False,False,False
153,sq8_np64,main,0.9,False,False,True,True,False,False,False,False,False
180,sq8_np64,main,1.0,False,False,False,False,True,False,False,False,False
188,sq8_np64,main,1.0,True,True,False,False,True,True,True,False,True
206,sq8_np64,main,1.0,True,True,True,True,False,True,True,False,True
217,sq8_np64,main,1.0,True,True,True,True,False,True,True,False,True
233,sq8_np64,main,1.0,False,False,True,True,False,False,False,False,False
235,sq8_np64,main,1.0,False,False,False,False,True,False,False,False,False
249,sq8_np64,main,0.7,True,True,False,False,True,True,True,False,True
261,sq8_np64,main,0.9,True,True,False,False,True,True,True,False,True
264,sq8_np64,main,1.0,True,True,False,False,True,True,True,False,True
268,sq8_np64,main,1.0,True,True,False,False,True,True,True,False,True
279,sq8_np64,main,1.0,True,True,True,True,False,True,True,False,True
286,sq8_np64,main,1.0,True,True,False,False,True,True,True,False,True
287,sq8_np64,main,1.0,True,True,False,False,True,True,True,False,True
290,sq8_np64,main,1.0,True,False,True,True,False,True,False,True,False
291,sq8_np64,main,0.9,True,False,False,False,True,True,False,False,False
295,sq8_np64,main,1.0,True,False,False,False,True,True,False,False,False
296,sq8_np64,main,1.0,True,True,True,True,False,True,True,False,True
307,sq8_np64,main,1.0,True,True,False,False,True,True,True,False,True
318,sq8_np64,main,0.9,True,True,False,False,True,True,True,False,True
319,sq8_np64,main,1.0,True,False,False,False,True,True,False,False,False
323,sq8_np64,sanity,1.0,False,False,False,False,False,False,False,False,False
337,sq8_np64,main,1.0,True,True,True,True,False,True,True,False,True
350,sq8_np64,main,1.0,True,True,False,False,True,True,True,False,True
352,sq8_np64,main,1.0,True,True,False,False,True,True,True,False,True
371,sq8_np64,main,1.0,True,True,False,False,True,True,True,False,True
382,sq8_np64,main,1.0,False,False,False,False,True,False,False,False,False
399,sq8_np64,main,1.0,True,True,False,False,True,True,True,False,True
400,sq8_np64,main,1.0,True,True,False,False,False,True,True,False,True
416,sq8_np64,main,1.0,True,True,True,True,False,True,True,False,True
419,sq8_np64,main,0.9,True,True,False,False,True,True,True,False,True
421,sq8_np64,main,1.0,True,True,False,False,True,True,True,False,True
422,sq8_np64,main,1.0,True,True,False,False,True,True,True,False,True
424,sq8_np64,sanity,1.0,True,True,True,True,False,True,True,False,False
433,sq8_np64,main,1.0,True,True,False,False,True,True,True,False,True
442,sq8_np64,main,0.6,False,False,False,False,True,True,False,False,False
444,sq8_np64,main,1.0,True,True,False,False,True,True,True,False,True
447,sq8_np64,main,1.0,False,False,False,False,True,False,False,False,False
450,sq8_np64,main,0.9,True,True,False,False,True,True,True,False,True
453,sq8_np64,main,1.0,True,True,False,False,False,True,True,False,True
462,sq8_np64,sanity,0.8,False,False,True,True,False,False,False,False,False
476,sq8_np64,main,1.0,True,False,False,False,True,True,False,False,False
478,sq8_np64,sanity,1.0,True,True,False,False,True,True,True,False,False
482,sq8_np64,main,1.0,True,True,True,True,False,True,True,False,True
484,sq8_np64,main,1.0,True,True,True,True,False,True,True,False,True
486,sq8_np64,main,1.0,True,True,False,False,True,True,True,False,True
488,sq8_np64,main,1.0,False,False,False,False,False,False,False,False,False
491,sq8_np64,main,1.0,True,False,True,True,False,True,False,False,False
496,sq8_np64,main,1.0,True,True,False,False,False,True,True,False,True
501,sq8_np64,main,1.0,True,True,False,False,True,True,True,False,True
508,sq8_np64,main,1.0,True,True,True,True,False,True,True,False,True
513,sq8_np64,main,1.0,True,True,True,True,False,True,True,False,True
518,sq8_np64,main,0.9,True,True,False,False,True,True,True,False,True
519,sq8_np64,sanity,1.0,True,True,True,True,False,True,True,False,False
523,sq8_np64,main,0.7,True,True,False,False,True,True,True,False,True
524,sq8_np64,main,1.0,True,True,False,False,True,True,True,False,True
531,sq8_np64,main,0.8,False,False,True,True,False,False,False,False,False
535,sq8_np64,sanity,1.0,True,True,True,True,False,True,True,False,False
537,sq8_np64,main,1.0,True,True,False,False,True,True,True,False,True
551,sq8_np64,main,1.0,True,False,True,True,False,True,False,True,False
552,sq8_np64,main,1.0,True,True,False,False,True,True,True,False,True
553,sq8_np64,main,1.0,True,True,False,False,True,True,True,False,True
559,sq8_np64,main,0.9,True,True,True,True,False,True,True,False,True
565,sq8_np64,main,1.0,True,True,False,False,True,True,True,False,True
571,sq8_np64,sanity,1.0,True,True,False,False,True,True,True,False,False
590,sq8_np64,main,1.0,True,True,True,True,False,True,True,False,True
591,sq8_np64,main,0.9,False,False,True,True,False,False,False,False,False
604,sq8_np64,main,0.8,False,False,True,True,False,False,False,False,False
606,sq8_np64,main,1.0,True,True,False,False,True,True,True,False,True
614,sq8_np64,main,1.0,True,True,False,False,False,True,True,False,True
617,sq8_np64,main,1.0,True,True,False,False,True,True,True,False,True
619,sq8_np64,sanity,1.0,False,False,True,True,False,False,False,False,False
621,sq8_np64,main,1.0,True,True,True,True,False,True,True,False,True
637,sq8_np64,main,1.0,True,True,False,False,True,True,True,False,True
642,sq8_np64,main,1.0,True,True,False,False,True,True,True,False,True
644,sq8_np64,main,1.0,True,True,False,False,True,True,True,False,True
652,sq8_np64,main,1.0,False,False,True,True,False,False,False,False,False
658,sq8_np64,sanity,1.0,False,False,True,True,False,False,False,False,False
684,sq8_np64,main,1.0,False,False,True,True,False,False,False,False,False
697,sq8_np64,main,1.0,True,True,False,False,False,True,True,False,True
701,sq8_np64,main,1.0,True,True,False,False,True,True,True,False,True
705,sq8_np64,main,0.7,True,True,False,False,True,True,True,False,True
715,sq8_np64,main,1.0,False,False,False,False,False,False,False,False,False
726,sq8_np64,main,1.0,False,False,True,True,False,False,False,False,False
753,sq8_np64,main,0.9,True,True,False,False,True,True,True,False,True
754,sq8_np64,main,0.8,True,True,True,True,False,True,True,False,True
775,sq8_np64,sanity,1.0,False,False,True,True,False,False,False,False,False
782,sq8_np64,main,1.0,False,False,True,True,False,False,False,False,False
784,sq8_np64,main,1.0,True,True,False,False,True,True,True,False,True
787,sq8_np64,main,1.0,True,True,False,False,True,True,True,False,True
802,sq8_np64,main,1.0,True,True,False,False,True,True,True,False,True
823,sq8_np64,main,0.9,True,True,False,False,True,True,True,False,True
826,sq8_np64,main,0.8,True,True,False,False,True,True,True,False,True
841,sq8_np64,main,1.0,False,False,True,True,False,False,False,False,False
845,sq8_np64,main,0.9,False,False,False,False,False,True,True,False,True
855,sq8_np64,main,1.0,False,False,True,True,False,False,False,False,False
861,sq8_np64,main,1.0,True,True,False,False,True,True,True,False,True
868,sq8_np64,main,1.0,True,True,False,False,True,True,True,False,True
873,sq8_np64,main,1.0,False,False,False,False,True,False,False,False,False
883,sq8_np64,sanity,1.0,False,False,False,False,False,False,False,False,False
884,sq8_np64,main,1.0,True,True,False,False,True,True,True,False,True
891,sq8_np64,main,1.0,True,True,False,False,False,True,True,False,True
896,sq8_np64,main,0.9,True,True,True,True,False,True,True,False,True
901,sq8_np64,main,0.7,False,False,True,True,False,True,True,False,True
905,sq8_np64,sanity,1.0,True,True,False,False,True,True,True,False,False
907,sq8_np64,main,1.0,True,True,False,False,False,True,True,False,True
919,sq8_np64,sanity,1.0,True,True,False,False,False,True,True,False,False
931,sq8_np64,main,0.9,True,True,True,True,False,True,True,False,True
937,sq8_np64,main,1.0,True,True,False,False,True,True,True,False,True
944,sq8_np64,main,1.0,False,False,False,False,False,False,False,False,False
966,sq8_np64,main,1.0,False,False,True,True,False,False,False,False,False
967,sq8_np64,main,1.0,True,True,False,False,True,True,True,False,True
970,sq8_np64,main,1.0,True,True,False,False,True,True,True,False,True
972,sq8_np64,main,1.0,True,True,True,True,False,True,True,False,True
978,sq8_np64,main,0.9,False,False,True,True,False,False,False,False,False
987,sq8_np64,main,1.0,False,False,True,True,False,False,False,False,False
990,sq8_np64,main,1.0,True,True,False,False,True,True,True,False,True
992,sq8_np64,main,1.0,True,True,True,True,False,True,True,False,True
1000,sq8_np64,main,1.0,True,True,False,False,True,True,True,False,True
1001,sq8_np64,main,1.0,True,True,False,False,False,True,True,False,True
1003,sq8_np64,main,1.0,True,False,False,False,True,True,False,False,False
1005,sq8_np64,main,1.0,True,False,False,False,False,True,False,False,False
1016,sq8_np64,main,1.0,True,True,False,False,True,True,True,False,True
1020,sq8_np64,main,0.9,True,True,True,True,False,True,True,False,True
1026,sq8_np64,main,1.0,True,True,False,False,True,True,True,False,True
1028,sq8_np64,main,1.0,True,False,False,False,False,True,False,False,False
1032,sq8_np64,main,1.0,True,True,False,False,True,True,True,False,True
1048,sq8_np64,main,1.0,True,True,False,False,True,True,True,False,True
1056,sq8_np64,main,1.0,True,True,True,True,False,True,True,False,True
1063,sq8_np64,main,1.0,True,True,False,False,True,True,True,False,True
1065,sq8_np64,main,1.0,True,False,True,True,False,True,False,False,False
1066,sq8_np64,main,1.0,True,True,False,False,True,True,True,False,True
1071,sq8_np64,main,0.9,True,True,False,False,True,True,True,False,True
1081,sq8_np64,sanity,0.9,True,True,True,True,False,True,True,False,False
1085,sq8_np64,main,0.9,True,True,True,True,False,True,True,False,True
1088,sq8_np64,main,1.0,True,True,True,True,False,True,True,False,True
1089,sq8_np64,main,1.0,True,True,True,True,False,True,True,False,True
1093,sq8_np64,main,1.0,False,False,True,True,False,False,False,False,False
1094,sq8_np64,main,1.0,True,False,True,True,False,True,False,True,False
1103,sq8_np64,main,1.0,True,True,False,False,False,True,True,False,True
1106,sq8_np64,main,0.5,True,True,False,False,True,True,True,False,True
1108,sq8_np64,main,1.0,True,False,False,False,True,True,False,False,False
1113,sq8_np64,main,0.9,True,True,False,False,True,True,True,False,True
1114,sq8_np64,main,1.0,True,True,True,True,False,True,True,False,True
1118,sq8_np64,main,1.0,True,True,False,False,True,True,True,False,True
1122,sq8_np64,main,1.0,False,False,True,True,False,False,False,False,False
1125,sq8_np64,main,1.0,True,True,False,False,False,True,True,False,True
1148,sq8_np64,main,1.0,True,True,False,True,False,True,True,False,True
1155,sq8_np64,main,1.0,True,True,False,False,True,True,True,False,True
1158,sq8_np64,main,0.9,True,True,False,False,True,True,True,False,True
1174,sq8_np64,main,1.0,False,False,True,True,False,False,False,False,False
1183,sq8_np64,main,1.0,True,True,True,True,False,True,True,False,True
1191,sq8_np64,main,1.0,True,False,False,False,True,True,False,False,False
1216,sq8_np64,main,1.0,False,False,True,True,False,False,False,False,False
1217,sq8_np64,main,1.0,True,True,False,False,True,True,True,False,True
1244,sq8_np64,main,1.0,True,True,True,True,False,True,True,False,True
1258,sq8_np64,main,0.8,False,False,True,True,False,False,False,False,False
1278,sq8_np64,main,1.0,True,True,True,True,False,True,True,False,True
1279,sq8_np64,main,1.0,True,True,False,False,False,True,True,False,True
1282,sq8_np64,main,1.0,True,True,False,False,False,True,True,False,True
1287,sq8_np64,main,1.0,True,True,False,False,True,True,True,False,True
1289,sq8_np64,main,1.0,True,True,False,False,True,True,True,False,True
1292,sq8_np64,main,1.0,True,True,False,False,True,True,True,False,True
1293,sq8_np64,main,0.9,True,True,True,True,False,True,True,False,True
1313,sq8_np64,main,1.0,True,True,False,False,False,True,True,False,True
1320,sq8_np64,main,1.0,True,True,False,False,True,True,True,False,True
1322,sq8_np64,main,1.0,True,True,False,False,True,True,True,False,True
1327,sq8_np64,sanity,1.0,False,False,False,False,True,False,False,False,False
1333,sq8_np64,main,1.0,True,True,False,False,True,True,True,False,True
1336,sq8_np64,main,1.0,True,True,False,False,True,True,True,False,True
1338,sq8_np64,main,1.0,True,True,False,False,True,True,True,False,True
1342,sq8_np64,main,1.0,True,False,True,True,False,True,False,True,False
1348,sq8_np64,sanity,1.0,False,False,False,False,False,False,False,False,False
1370,sq8_np64,main,1.0,True,True,True,True,False,True,True,False,True
1372,sq8_np64,main,0.7,False,False,True,True,False,True,True,False,True
1375,sq8_np64,main,0.9,True,True,False,False,True,True,True,False,True
1376,sq8_np64,main,1.0,False,False,False,True,False,False,False,False,False
1396,sq8_np64,main,1.0,True,True,False,False,True,True,True,False,True
1418,sq8_np64,main,1.0,True,True,False,False,True,True,True,False,True
1419,sq8_np64,main,1.0,True,True,True,True,False,True,True,False,True
1423,sq8_np64,main,1.0,True,True,False,False,True,True,True,False,True
1427,sq8_np64,main,1.0,True,True,False,False,True,True,True,False,True
1433,sq8_np64,main,1.0,True,True,True,True,False,True,True,False,True
1437,sq8_np64,main,1.0,True,True,True,True,False,True,True,False,True
1438,sq8_np64,main,1.0,True,False,False,False,True,True,False,False,False
1458,sq8_np64,sanity,1.0,False,False,True,True,False,False,False,False,False
1463,sq8_np64,main,1.0,True,True,False,False,True,True,True,False,True
1466,sq8_np64,main,1.0,True,True,False,False,True,True,True,False,True
1470,sq8_np64,sanity,0.9,False,False,True,True,False,False,False,False,False
1471,sq8_np64,main,1.0,True,False,True,True,False,True,False,True,False
1480,sq8_np64,main,0.9,True,True,True,True,False,True,True,False,True
1484,sq8_np64,main,1.0,True,False,True,True,False,True,False,False,False
1487,sq8_np64,main,1.0,True,True,False,False,True,True,True,False,True
1490,sq8_np64,main,1.0,False,False,True,True,False,False,False,False,False
1496,sq8_np64,main,0.9,True,True,False,False,False,True,True,False,True
1501,sq8_np64,main,0.9,True,True,False,False,False,True,True,False,True
1507,sq8_np64,main,1.0,True,True,False,False,True,True,True,False,True
1508,sq8_np64,sanity,1.0,True,True,False,False,True,True,True,False,False
1520,sq8_np64,main,1.0,True,True,False,False,True,True,True,False,True
1527,sq8_np64,main,1.0,True,True,False,False,True,True,True,False,True
1538,sq8_np64,main,1.0,False,False,False,False,False,False,False,False,False
1542,sq8_np64,main,0.9,True,False,False,False,False,True,False,False,False
1558,sq8_np64,main,1.0,False,False,True,True,False,False,False,False,False
1574,sq8_np64,main,0.9,True,False,False,False,True,True,False,False,False
1583,sq8_np64,main,1.0,True,True,False,False,True,True,True,False,True
1589,sq8_np64,main,1.0,True,True,False,False,True,True,True,False,True
1594,sq8_np64,main,0.9,True,True,True,True,False,True,True,False,True
1596,sq8_np64,sanity,1.0,False,False,True,True,False,False,False,False,False
1603,sq8_np64,sanity,1.0,False,False,False,False,False,False,False,False,False
1611,sq8_np64,main,1.0,True,True,False,False,True,True,True,False,True
1613,sq8_np64,main,0.9,False,False,True,True,False,False,False,False,False
1617,sq8_np64,main,1.0,False,False,True,True,False,False,False,False,False
1625,sq8_np64,main,1.0,True,False,True,True,False,True,False,True,False
1626,sq8_np64,main,1.0,True,True,False,False,True,True,True,False,True
1627,sq8_np64,main,1.0,False,False,True,True,False,False,False,False,False
1630,sq8_np64,main,1.0,True,True,False,False,True,True,True,False,True
1641,sq8_np64,main,1.0,True,True,False,False,True,True,True,False,True
1642,sq8_np64,sanity,1.0,False,False,False,False,False,False,False,False,False
1645,sq8_np64,sanity,0.9,True,True,False,False,True,True,True,False,False
1654,sq8_np64,main,0.9,False,False,True,True,False,False,False,False,False
1656,sq8_np64,main,1.0,True,True,False,False,True,True,True,False,True
1660,sq8_np64,main,1.0,True,True,True,True,False,True,True,False,True
1661,sq8_np64,main,1.0,False,False,True,True,False,False,False,False,False
1670,sq8_np64,main,1.0,False,False,True,True,False,False,False,False,False
1671,sq8_np64,sanity,0.9,True,True,False,False,True,True,True,False,False
1690,sq8_np64,main,0.9,True,True,False,False,True,True,True,False,True
1699,sq8_np64,main,1.0,False,False,True,True,False,False,False,False,False
1715,sq8_np64,sanity,0.9,False,False,True,True,False,False,False,False,False
1767,sq8_np64,main,1.0,False,False,True,True,False,False,False,False,False
1770,sq8_np64,main,0.9,True,True,True,True,False,True,True,False,True
1777,sq8_np64,main,0.9,True,True,False,False,True,True,True,False,True
1785,sq8_np64,main,1.0,True,True,False,False,True,True,True,False,True
1797,sq8_np64,main,0.9,True,True,False,False,True,True,True,False,True
1799,sq8_np64,main,1.0,True,True,False,False,True,True,True,False,True
1800,sq8_np64,main,0.9,True,True,False,False,True,True,True,False,True
1804,sq8_np64,main,1.0,True,True,False,False,True,True,True,False,True
1810,sq8_np64,main,1.0,True,True,True,True,False,True,True,False,True
1811,sq8_np64,main,1.0,True,True,False,False,False,True,True,False,True
1816,sq8_np64,main,1.0,False,False,True,True,False,False,False,False,False
1831,sq8_np64,sanity,1.0,False,False,True,True,False,False,False,False,False
1832,sq8_np64,main,0.9,True,True,False,False,True,True,True,False,True
1837,sq8_np64,main,1.0,True,True,False,False,True,True,True,False,True
1842,sq8_np64,main,1.0,False,False,False,False,False,False,False,False,False
1859,sq8_np64,main,1.0,True,True,False,False,True,True,True,False,True
1864,sq8_np64,main,1.0,False,False,False,False,True,False,False,False,False
1874,sq8_np64,main,1.0,True,True,True,True,False,True,True,False,True
1875,sq8_np64,main,1.0,True,True,False,False,True,True,True,False,True
1906,sq8_np64,main,1.0,True,True,False,False,True,True,True,False,True
1908,sq8_np64,main,0.9,False,False,True,True,False,False,False,False,False
1916,sq8_np64,main,1.0,True,True,False,False,True,True,True,False,True
1928,sq8_np64,sanity,1.0,True,True,False,False,True,True,True,False,False
1932,sq8_np64,main,1.0,False,False,True,True,False,False,False,False,False
1933,sq8_np64,main,1.0,False,False,False,False,True,False,False,False,False
1934,sq8_np64,main,0.9,True,True,False,False,True,True,True,False,True
1940,sq8_np64,main,1.0,True,True,False,True,False,True,True,False,True
1942,sq8_np64,sanity,1.0,True,True,False,False,True,True,True,False,False
1952,sq8_np64,main,1.0,True,True,False,False,False,True,True,False,True
1955,sq8_np64,main,1.0,True,True,True,True,False,True,True,False,True
1960,sq8_np64,main,1.0,True,True,True,True,False,True,True,False,True
1964,sq8_np64,main,1.0,False,False,False,False,False,False,False,True,False
1967,sq8_np64,main,1.0,True,True,False,False,True,True,True,False,True
1969,sq8_np64,main,1.0,True,False,False,False,True,True,False,True,False
1980,sq8_np64,main,1.0,True,False,True,True,False,True,False,True,False
1986,sq8_np64,main,1.0,True,True,False,False,True,True,True,False,True
1999,sq8_np64,main,1.0,False,False,False,False,False,False,False,False,False
2003,sq8_np64,main,1.0,True,True,False,False,False,True,True,False,True
2021,sq8_np64,main,0.9,True,True,True,True,False,True,True,False,True
2048,sq8_np64,sanity,1.0,False,False,False,False,False,False,False,False,False
2051,sq8_np64,main,1.0,True,True,True,True,False,True,True,False,True
2064,sq8_np64,main,1.0,True,True,False,False,False,True,True,False,True
2070,sq8_np64,main,1.0,True,True,False,False,True,True,True,False,True
2073,sq8_np64,sanity,1.0,True,True,False,False,True,True,True,False,False
2078,sq8_np64,main,1.0,True,True,False,False,True,True,True,False,True
2083,sq8_np64,main,0.9,False,False,False,False,False,False,False,False,False
2088,sq8_np64,main,1.0,True,True,False,False,True,True,True,False,True
2092,sq8_np64,main,1.0,False,False,False,False,False,False,False,False,False
2096,sq8_np64,main,0.9,False,False,True,True,False,False,False,False,False
2099,sq8_np64,main,1.0,True,True,True,True,False,True,True,False,True
2108,sq8_np64,main,1.0,False,False,False,False,False,False,False,False,False
2109,sq8_np64,main,1.0,True,True,False,False,True,True,True,False,True
2115,sq8_np64,main,1.0,False,False,True,True,False,False,False,False,False
2117,sq8_np64,sanity,1.0,False,False,False,False,False,False,False,False,False
2126,sq8_np64,main,1.0,True,True,False,False,True,True,True,False,True
2128,sq8_np64,main,1.0,False,False,True,True,False,False,False,False,False
2133,sq8_np64,main,1.0,False,False,False,False,False,False,False,False,False
2134,sq8_np64,main,1.0,True,True,False,False,True,True,True,False,True
2135,sq8_np64,main,1.0,True,False,True,True,False,True,False,False,False
2144,sq8_np64,main,0.9,True,True,True,True,False,True,True,False,True
2145,sq8_np64,main,1.0,False,False,True,True,False,False,False,False,False
2146,sq8_np64,main,1.0,True,True,False,False,True,True,True,False,True
2167,sq8_np64,main,1.0,True,False,False,False,False,True,False,False,False
2170,sq8_np64,main,1.0,True,False,False,False,False,True,False,False,False
2172,sq8_np64,main,0.9,True,True,False,False,True,True,True,False,True
2184,sq8_np64,main,1.0,True,True,True,True,False,True,True,False,True
2196,sq8_np64,sanity,1.0,True,True,False,False,True,True,True,False,False
2211,sq8_np64,main,1.0,True,True,False,False,False,True,True,False,True
2213,sq8_np64,main,1.0,False,False,False,False,False,False,False,False,False
2218,sq8_np64,main,0.9,True,True,False,False,False,True,True,False,True
2223,sq8_np64,main,0.9,False,False,True,True,False,False,False,False,False
2226,sq8_np64,main,1.0,False,False,True,True,False,False,False,False,False
2235,sq8_np64,main,1.0,True,True,False,False,True,True,True,False,True
2263,sq8_np64,main,1.0,True,True,False,False,True,True,True,False,True
2275,sq8_np64,main,1.0,False,False,False,False,False,False,False,False,False
2277,sq8_np64,main,1.0,True,True,False,False,False,True,True,False,True
2280,sq8_np64,sanity,0.8,False,False,True,True,False,False,False,False,False
2284,sq8_np64,main,1.0,True,False,False,False,True,True,False,True,False
2286,sq8_np64,main,0.9,True,True,False,False,True,True,True,False,True
2295,sq8_np64,main,1.0,True,True,False,False,False,True,True,False,True
2297,sq8_np64,main,0.8,False,False,True,True,False,True,False,False,False
2306,sq8_np64,main,1.0,True,True,False,False,True,True,True,False,True
2310,sq8_np64,main,1.0,True,True,False,False,False,True,True,False,True
2318,sq8_np64,main,1.0,True,True,True,True,False,True,True,False,True
2325,sq8_np64,main,1.0,True,True,False,False,True,True,True,False,True
2329,sq8_np64,main,1.0,True,True,True,True,False,True,True,False,True
2332,sq8_np64,main,1.0,True,True,False,False,True,True,True,False,True
2337,sq8_np64,main,1.0,True,True,False,True,False,True,True,False,True
2340,sq8_np64,main,1.0,False,False,True,True,False,False,False,False,False
2341,sq8_np64,sanity,0.7,False,False,True,True,False,False,False,False,False
2349,sq8_np64,main,1.0,True,False,False,False,True,True,False,False,False
2366,sq8_np64,main,1.0,True,True,False,False,True,True,True,False,True
2373,sq8_np64,main,0.7,True,True,False,False,True,True,True,False,True
2379,sq8_np64,main,0.9,True,True,True,True,False,True,True,False,True
2391,sq8_np64,main,1.0,True,True,True,True,False,True,True,False,True
2393,sq8_np64,main,0.9,True,True,True,True,False,True,True,False,True
2398,sq8_np64,main,1.0,True,True,False,False,True,True,True,False,True
2401,sq8_np64,main,1.0,True,True,True,True,False,True,True,False,True
2404,sq8_np64,main,1.0,False,False,True,True,False,False,False,False,False
2425,sq8_np64,main,0.9,True,True,False,False,True,True,True,False,True
2430,sq8_np64,main,1.0,True,True,True,True,False,True,True,False,True
2458,sq8_np64,main,1.0,True,True,True,True,False,True,True,False,True
2468,sq8_np64,main,0.9,True,True,True,True,False,True,True,False,True
2469,sq8_np64,main,0.9,True,True,False,False,True,True,True,False,True
2479,sq8_np64,main,1.0,True,False,True,True,False,True,False,False,False
2492,sq8_np64,sanity,1.0,True,True,False,False,True,True,True,False,False
2495,sq8_np64,main,1.0,True,True,False,False,True,True,True,False,True
2501,sq8_np64,main,0.9,True,True,False,False,True,True,True,False,True
2502,sq8_np64,main,1.0,True,True,False,False,True,True,True,False,True
2504,sq8_np64,main,1.0,True,True,False,False,False,True,True,False,True
2510,sq8_np64,main,1.0,True,False,True,True,False,True,False,True,False
2514,sq8_np64,main,1.0,True,True,False,False,False,True,True,False,True
2516,sq8_np64,main,1.0,False,False,True,True,False,False,False,False,False
2518,sq8_np64,main,1.0,True,True,True,True,False,True,True,False,True
2522,sq8_np64,sanity,0.9,False,False,False,False,False,False,False,False,False
2525,sq8_np64,main,0.9,True,True,True,True,False,True,True,False,True
2528,sq8_np64,main,1.0,True,False,False,False,True,True,False,False,False
2531,sq8_np64,main,1.0,True,True,False,False,False,True,True,False,True
2533,sq8_np64,main,0.9,True,True,True,True,False,True,True,False,True
2538,sq8_np64,sanity,0.9,True,True,False,False,True,True,True,False,False
2542,sq8_np64,main,1.0,True,True,True,True,False,True,True,False,True
2557,sq8_np64,main,1.0,False,False,True,True,False,False,False,False,False
2562,sq8_np64,main,1.0,False,False,True,True,False,False,False,False,False
2571,sq8_np64,main,0.9,True,True,False,False,False,True,True,False,True
2576,sq8_np64,main,1.0,True,True,True,True,False,True,True,False,True
2587,sq8_np64,main,1.0,True,True,True,True,False,True,True,False,True
2589,sq8_np64,main,0.9,True,True,False,False,True,True,True,False,True
2594,sq8_np64,main,1.0,True,True,False,False,True,True,True,False,True
2595,sq8_np64,main,0.8,False,False,False,False,True,False,False,False,False
2606,sq8_np64,main,1.0,True,True,False,False,True,True,True,False,True
2609,sq8_np64,main,1.0,False,False,True,True,False,False,False,False,False
2611,sq8_np64,main,1.0,True,True,False,False,False,True,True,False,True
2617,sq8_np64,main,1.0,True,False,True,True,False,True,False,False,False
2620,sq8_np64,main,0.9,True,True,False,False,True,True,True,False,True
2621,sq8_np64,main,0.9,True,True,True,True,False,True,True,False,True
2632,sq8_np64,main,1.0,True,True,False,False,True,True,True,False,True
2633,sq8_np64,main,0.8,True,True,False,False,True,True,True,False,True
2636,sq8_np64,main,1.0,True,True,True,True,False,True,True,False,True
2649,sq8_np64,main,1.0,True,True,True,True,False,True,True,False,True
2654,sq8_np64,main,1.0,True,True,False,False,True,True,True,False,True
2665,sq8_np64,main,1.0,True,True,True,True,False,True,True,False,True
2687,sq8_np64,main,1.0,True,True,True,True,False,True,True,False,True
2694,sq8_np64,main,1.0,True,True,False,False,True,True,True,False,True
2695,sq8_np64,main,1.0,True,True,False,False,True,True,True,False,True
2713,sq8_np64,main,1.0,True,True,False,False,True,True,True,False,True
2720,sq8_np64,main,0.9,True,True,False,False,True,True,True,False,True
2726,sq8_np64,main,0.9,True,True,False,False,True,True,True,False,True
2728,sq8_np64,main,0.9,True,True,False,False,True,True,True,False,True
2730,sq8_np64,main,0.9,True,True,False,False,True,True,True,False,True
2745,sq8_np64,main,1.0,False,False,True,True,False,False,False,False,False
2761,sq8_np64,sanity,1.0,False,False,True,True,False,False,False,False,False
2778,sq8_np64,main,1.0,True,True,False,False,True,True,True,False,True
2781,sq8_np64,main,1.0,True,True,False,False,True,True,True,False,True
2788,sq8_np64,main,1.0,True,True,False,False,False,True,True,False,True
2789,sq8_np64,main,1.0,True,True,False,False,True,True,True,False,True
2802,sq8_np64,main,1.0,True,True,False,False,True,True,True,False,True
2815,sq8_np64,sanity,1.0,True,True,False,False,True,True,True,False,False
2824,sq8_np64,main,1.0,False,False,True,True,False,False,False,False,False
2825,sq8_np64,main,0.9,False,False,True,True,False,False,False,False,False
2851,sq8_np64,main,0.9,True,True,False,False,False,True,True,False,True
2866,sq8_np64,main,1.0,True,True,True,True,False,True,True,False,True
2873,sq8_np64,main,1.0,True,True,True,True,False,True,True,False,True
2896,sq8_np64,main,1.0,True,True,False,False,True,True,True,False,True
2899,sq8_np64,main,1.0,True,True,True,True,False,True,True,False,True
2914,sq8_np64,main,1.0,True,True,True,True,False,True,True,False,True
2921,sq8_np64,main,1.0,True,True,False,False,False,True,True,False,True
2933,sq8_np64,main,0.9,True,True,False,False,True,True,True,False,True
2943,sq8_np64,main,0.7,True,False,False,False,True,True,False,False,False
2948,sq8_np64,main,1.0,True,True,False,False,False,True,True,False,True
2952,sq8_np64,main,1.0,True,True,False,False,True,True,True,False,True
2955,sq8_np64,main,0.9,True,True,False,False,True,True,True,False,True
2961,sq8_np64,main,1.0,True,False,False,False,True,True,False,False,False
3027,sq8_np64,main,1.0,True,True,False,False,True,True,True,False,True
3044,sq8_np64,main,1.0,True,True,False,False,True,True,True,False,True
3076,sq8_np64,main,0.9,True,True,False,False,True,True,True,False,True
3081,sq8_np64,main,1.0,True,True,False,False,True,True,True,False,True
3088,sq8_np64,main,1.0,False,False,True,True,False,False,False,False,False
3092,sq8_np64,main,0.9,True,True,False,False,True,True,True,False,True
3093,sq8_np64,main,0.9,True,True,False,False,True,True,True,False,True
3095,sq8_np64,main,1.0,True,True,True,True,False,True,True,False,True
3097,sq8_np64,main,0.9,True,True,False,False,True,True,True,False,True
3110,sq8_np64,main,0.9,True,True,False,False,True,True,True,False,True
3118,sq8_np64,main,0.9,True,True,True,True,False,True,True,False,True
3119,sq8_np64,main,1.0,True,True,False,False,True,True,True,False,True
3122,sq8_np64,sanity,0.9,True,True,False,False,True,True,True,False,False
3129,sq8_np64,main,0.8,True,True,True,True,False,True,True,False,True
3130,sq8_np64,main,0.9,False,False,False,False,True,False,False,False,False
3135,sq8_np64,main,0.9,True,True,True,True,False,True,True,False,True
3137,sq8_np64,main,0.9,True,True,True,True,False,True,True,False,True
3147,sq8_np64,sanity,1.0,True,False,False,False,False,True,False,False,False
3153,sq8_np64,main,0.8,True,True,True,True,False,True,True,False,True
3155,sq8_np64,main,0.9,False,False,True,True,False,True,True,False,True
3160,sq8_np64,main,1.0,True,True,False,False,True,True,True,False,True
3161,sq8_np64,main,1.0,True,True,True,True,False,True,True,False,True
3183,sq8_np64,main,1.0,True,True,False,False,True,True,True,False,True
3184,sq8_np64,main,1.0,True,True,False,False,True,True,True,False,True
3191,sq8_np64,main,1.0,True,True,True,True,False,True,True,False,True
3204,sq8_np64,main,1.0,True,True,False,False,True,True,True,False,True
3211,sq8_np64,main,1.0,True,True,False,False,False,True,True,False,True
3224,sq8_np64,main,1.0,True,True,False,False,False,True,True,False,True
3239,sq8_np64,main,1.0,True,True,False,False,False,True,True,False,True
3258,sq8_np64,main,1.0,True,True,True,True,False,True,True,False,True
3260,sq8_np64,main,1.0,True,True,False,False,True,True,True,False,True
3271,sq8_np64,main,0.8,True,True,False,False,True,True,True,False,True
3276,sq8_np64,main,1.0,True,True,False,False,True,True,True,False,True
3282,sq8_np64,main,1.0,True,True,False,False,True,True,True,False,True
3290,sq8_np64,sanity,1.0,False,False,False,False,False,False,False,False,False
3292,sq8_np64,main,1.0,True,True,False,False,True,True,True,False,True
3301,sq8_np64,main,1.0,True,True,False,False,True,True,True,False,True
3310,sq8_np64,main,1.0,True,True,True,True,False,True,True,False,True
3312,sq8_np64,main,0.9,False,False,True,True,False,False,False,False,False
3317,sq8_np64,main,1.0,True,True,True,True,False,True,True,False,True
3320,sq8_np64,main,1.0,True,True,True,True,False,True,True,False,True
3323,sq8_np64,main,1.0,True,True,False,False,True,True,True,False,True
3325,sq8_np64,main,1.0,False,False,True,True,False,False,False,False,False
3345,sq8_np64,main,1.0,True,True,True,True,False,True,True,False,True
3348,sq8_np64,main,1.0,True,True,False,False,True,True,True,False,True
3362,sq8_np64,main,1.0,True,True,False,False,True,True,True,False,True
3363,sq8_np64,main,0.9,False,False,True,True,False,False,False,False,False
3368,sq8_np64,main,0.9,True,True,True,True,False,True,True,False,True
3382,sq8_np64,sanity,0.9,True,True,False,False,False,True,True,False,False
3386,sq8_np64,main,1.0,True,True,True,True,False,True,True,False,True
3390,sq8_np64,sanity,0.8,True,True,False,False,True,True,True,False,False
3417,sq8_np64,main,1.0,True,True,True,True,False,True,True,False,True
3419,sq8_np64,main,1.0,True,True,False,False,True,True,True,False,True
3420,sq8_np64,sanity,1.0,True,True,True,True,False,True,True,False,False
3424,sq8_np64,main,1.0,True,True,False,False,True,True,True,False,True
3434,sq8_np64,main,1.0,True,True,False,False,True,True,True,False,True
3438,sq8_np64,main,1.0,True,True,False,False,True,True,True,False,True
3441,sq8_np64,main,1.0,True,True,False,False,True,True,True,False,True
3446,sq8_np64,main,0.8,True,True,True,True,False,True,True,False,True
3453,sq8_np64,main,1.0,False,False,False,False,False,False,False,False,False
3457,sq8_np64,main,1.0,False,False,True,True,False,False,False,False,False
3467,sq8_np64,main,1.0,False,False,True,True,False,False,False,False,False
3478,sq8_np64,main,1.0,True,False,False,False,True,True,False,False,False
3480,sq8_np64,main,1.0,True,True,True,True,False,True,True,False,True
3485,sq8_np64,main,1.0,False,False,True,True,False,False,False,False,False
3497,sq8_np64,main,1.0,True,False,False,False,True,True,False,False,False
3499,sq8_np64,sanity,1.0,True,True,False,False,True,True,True,False,False
3503,sq8_np64,main,1.0,True,True,False,False,True,True,True,False,True
3510,sq8_np64,main,1.0,True,True,False,False,True,True,True,False,True
3513,sq8_np64,sanity,0.9,False,False,False,False,False,False,False,False,False
3520,sq8_np64,main,1.0,True,False,True,True,False,True,False,False,False
3552,sq8_np64,main,1.0,True,False,True,True,False,True,False,True,False
3554,sq8_np64,main,0.7,True,True,False,False,True,True,True,False,True
3558,sq8_np64,main,1.0,True,True,False,False,True,True,True,False,True
3568,sq8_np64,main,0.9,False,False,True,True,False,True,True,False,True
3570,sq8_np64,main,1.0,True,True,False,False,False,True,True,False,True
3579,sq8_np64,main,1.0,True,False,True,True,False,True,False,False,False
3583,sq8_np64,sanity,0.8,False,False,True,True,False,False,False,False,False
3591,sq8_np64,main,1.0,True,True,True,True,False,True,True,False,True
3595,sq8_np64,main,1.0,True,True,False,False,False,True,True,False,True
3606,sq8_np64,main,1.0,True,True,True,True,False,True,True,False,True
3609,sq8_np64,main,1.0,True,True,False,False,True,True,True,False,True
13,sq8_np8,sanity,0.8,True,True,False,False,True,True,True,False,False
14,sq8_np8,main,0.7,True,True,False,False,True,True,True,False,True
19,sq8_np8,main,1.0,True,False,True,True,False,True,False,True,False
30,sq8_np8,main,1.0,True,True,False,False,True,True,True,False,True
45,sq8_np8,main,1.0,True,True,False,False,True,True,True,False,True
60,sq8_np8,main,1.0,True,True,False,False,True,True,True,False,True
66,sq8_np8,main,1.0,True,True,False,False,True,True,True,False,True
71,sq8_np8,main,1.0,True,True,False,False,True,True,True,False,True
82,sq8_np8,main,0.9,True,False,True,True,False,True,False,False,False
92,sq8_np8,main,0.8,True,True,True,True,False,True,True,False,True
105,sq8_np8,main,0.7,True,True,True,True,False,True,True,False,True
108,sq8_np8,main,1.0,True,True,False,False,True,True,True,False,True
115,sq8_np8,main,0.8,True,True,False,False,True,True,True,False,True
125,sq8_np8,main,1.0,True,False,True,True,False,True,False,False,False
129,sq8_np8,main,0.6,True,True,False,False,False,False,False,False,False
132,sq8_np8,main,0.7,True,False,False,False,True,True,False,True,False
146,sq8_np8,sanity,1.0,True,True,True,True,False,True,True,False,False
151,sq8_np8,main,1.0,False,False,False,False,False,False,False,False,False
153,sq8_np8,main,0.7,False,False,True,True,False,False,False,False,False
180,sq8_np8,main,1.0,False,False,False,False,True,False,False,False,False
188,sq8_np8,main,0.7,True,True,False,False,True,True,True,False,True
206,sq8_np8,main,1.0,True,True,True,True,False,True,True,False,True
217,sq8_np8,main,1.0,True,True,True,True,False,True,True,False,True
233,sq8_np8,main,0.9,False,False,True,True,False,False,False,False,False
235,sq8_np8,main,0.9,False,False,False,False,True,False,False,False,False
249,sq8_np8,main,0.3,True,True,False,False,True,True,True,False,True
261,sq8_np8,main,0.6,True,True,True,True,False,True,True,False,True
264,sq8_np8,main,0.9,True,True,False,False,True,True,True,False,True
268,sq8_np8,main,0.9,True,True,False,False,True,True,True,False,True
279,sq8_np8,main,1.0,True,True,True,True,False,True,True,False,True
286,sq8_np8,main,0.7,True,True,False,False,True,True,True,False,True
287,sq8_np8,main,0.6,True,True,False,False,True,True,True,False,True
290,sq8_np8,main,1.0,True,False,True,True,False,True,False,True,False
291,sq8_np8,main,0.7,False,False,True,True,False,True,False,False,False
295,sq8_np8,main,1.0,True,False,False,False,True,True,False,False,False
296,sq8_np8,main,1.0,True,True,False,False,True,True,True,False,True
307,sq8_np8,main,1.0,True,True,False,False,True,True,True,False,True
318,sq8_np8,main,0.7,True,True,False,False,True,True,True,False,True
319,sq8_np8,main,0.7,True,False,False,False,True,True,False,False,False
323,sq8_np8,sanity,1.0,False,False,True,True,False,False,False,False,False
337,sq8_np8,main,1.0,True,True,True,True,False,True,True,False,True
350,sq8_np8,main,1.0,True,True,False,False,True,True,True,False,True
352,sq8_np8,main,0.8,True,True,False,False,True,True,True,False,True
371,sq8_np8,main,1.0,True,True,False,False,True,True,True,False,True
382,sq8_np8,main,0.9,False,False,False,False,True,False,False,False,False
399,sq8_np8,main,1.0,True,True,False,False,True,True,True,False,True
400,sq8_np8,main,1.0,True,True,False,False,False,True,True,False,True
416,sq8_np8,main,0.8,True,True,True,True,False,True,True,False,True
419,sq8_np8,main,0.9,True,True,False,False,True,True,True,False,True
421,sq8_np8,main,0.8,True,True,False,False,True,True,True,False,True
422,sq8_np8,main,0.9,True,True,False,False,True,True,True,False,True
424,sq8_np8,sanity,0.9,True,True,True,True,False,True,True,False,False
433,sq8_np8,main,1.0,True,True,False,False,True,True,True,False,True
442,sq8_np8,main,0.3,False,False,True,True,False,True,False,False,False
444,sq8_np8,main,1.0,True,True,False,False,True,True,True,False,True
447,sq8_np8,main,1.0,False,False,False,False,True,False,False,False,False
450,sq8_np8,main,0.6,True,True,False,False,True,True,True,False,True
453,sq8_np8,main,1.0,True,True,False,False,False,True,True,False,True
462,sq8_np8,sanity,0.4,False,False,True,True,False,False,False,False,False
476,sq8_np8,main,1.0,True,False,False,False,True,True,False,False,False
478,sq8_np8,sanity,0.9,True,True,False,False,True,True,True,False,False
482,sq8_np8,main,1.0,True,True,True,True,False,True,True,False,True
484,sq8_np8,main,1.0,True,True,True,True,False,True,True,False,True
486,sq8_np8,main,0.9,True,True,False,False,True,True,True,False,True
488,sq8_np8,main,1.0,False,False,False,False,False,False,False,False,False
491,sq8_np8,main,0.9,True,False,True,True,False,True,False,False,False
496,sq8_np8,main,0.9,True,True,True,True,False,True,True,False,True
501,sq8_np8,main,0.7,True,True,False,False,True,True,True,False,True
508,sq8_np8,main,0.7,False,False,True,True,False,True,True,False,True
513,sq8_np8,main,1.0,True,True,True,True,False,True,True,False,True
518,sq8_np8,main,0.9,True,True,False,False,True,True,True,False,True
519,sq8_np8,sanity,1.0,True,True,True,True,False,True,True,False,False
523,sq8_np8,main,0.5,True,True,True,True,False,True,True,False,True
524,sq8_np8,main,0.8,True,True,False,False,True,True,True,False,True
531,sq8_np8,main,0.7,False,False,True,True,False,False,False,False,False
535,sq8_np8,sanity,0.9,True,True,True,True,False,True,True,False,False
537,sq8_np8,main,0.7,True,True,False,False,True,True,True,False,True
551,sq8_np8,main,1.0,True,False,True,True,False,True,False,True,False
552,sq8_np8,main,0.8,True,True,False,False,True,True,True,False,True
553,sq8_np8,main,1.0,True,True,False,False,True,True,True,False,True
559,sq8_np8,main,0.7,True,True,True,True,False,True,True,False,True
565,sq8_np8,main,0.9,True,True,False,False,True,True,True,False,True
571,sq8_np8,sanity,1.0,True,True,False,False,True,True,True,False,False
590,sq8_np8,main,1.0,True,True,False,False,True,True,True,False,True
591,sq8_np8,main,1.0,False,False,True,True,False,False,False,False,False
604,sq8_np8,main,0.6,False,False,True,True,False,False,False,False,False
606,sq8_np8,main,1.0,True,True,False,False,True,True,True,False,True
614,sq8_np8,main,0.9,True,True,False,False,False,True,True,False,True
617,sq8_np8,main,0.5,True,True,False,False,True,True,True,False,True
619,sq8_np8,sanity,0.5,False,False,True,True,False,False,False,False,False
621,sq8_np8,main,1.0,True,True,True,True,False,True,True,False,True
637,sq8_np8,main,1.0,True,True,False,False,True,True,True,False,True
642,sq8_np8,main,1.0,True,True,False,False,True,True,True,False,True
644,sq8_np8,main,1.0,True,True,False,False,True,True,True,False,True
652,sq8_np8,main,0.8,False,False,True,True,False,False,False,False,False
658,sq8_np8,sanity,1.0,False,False,True,True,False,False,False,False,False
684,sq8_np8,main,1.0,False,False,True,True,False,False,False,False,False
697,sq8_np8,main,1.0,True,True,False,False,False,True,True,False,True
701,sq8_np8,main,0.7,True,True,False,False,True,True,True,False,True
705,sq8_np8,main,0.3,True,True,False,False,True,True,True,False,True
715,sq8_np8,main,1.0,False,False,False,False,False,False,False,False,False
726,sq8_np8,main,0.8,True,True,False,False,True,False,False,False,False
753,sq8_np8,main,0.7,True,True,True,True,False,True,True,False,True
754,sq8_np8,main,0.3,True,True,True,True,False,True,True,False,True
775,sq8_np8,sanity,0.7,False,False,True,True,False,False,False,False,False
782,sq8_np8,main,0.9,False,False,True,True,False,False,False,False,False
784,sq8_np8,main,1.0,True,True,False,False,True,True,True,False,True
787,sq8_np8,main,1.0,True,True,False,False,True,True,True,False,True
802,sq8_np8,main,0.9,True,True,False,False,True,True,True,False,True
823,sq8_np8,main,0.6,True,True,False,False,True,True,True,False,True
826,sq8_np8,main,0.4,True,True,True,True,False,True,True,False,True
841,sq8_np8,main,0.8,False,False,True,True,False,False,False,False,False
845,sq8_np8,main,0.8,False,False,False,False,False,True,True,False,True
855,sq8_np8,main,1.0,False,False,True,True,False,False,False,False,False
861,sq8_np8,main,1.0,True,True,False,False,True,True,True,False,True
868,sq8_np8,main,0.9,True,True,False,False,True,True,True,False,True
873,sq8_np8,main,0.9,False,False,False,False,True,False,False,False,False
883,sq8_np8,sanity,0.8,False,False,True,True,False,False,False,False,False
884,sq8_np8,main,0.7,True,True,False,False,True,True,True,False,True
891,sq8_np8,main,1.0,True,True,False,False,False,True,True,False,True
896,sq8_np8,main,0.9,False,False,True,True,False,True,True,False,True
901,sq8_np8,main,0.3,False,False,True,True,False,True,True,False,True
905,sq8_np8,sanity,1.0,True,True,False,False,True,True,True,False,False
907,sq8_np8,main,0.5,True,True,True,True,False,True,True,False,True
919,sq8_np8,sanity,1.0,True,True,False,False,False,True,True,False,False
931,sq8_np8,main,0.7,True,True,True,True,False,True,True,False,True
937,sq8_np8,main,1.0,True,True,False,False,True,True,True,False,True
944,sq8_np8,main,1.0,False,False,False,False,True,False,False,False,False
966,sq8_np8,main,0.9,False,False,False,False,False,False,False,False,False
967,sq8_np8,main,1.0,True,True,False,False,True,True,True,False,True
970,sq8_np8,main,1.0,True,True,False,False,True,True,True,False,True
972,sq8_np8,main,0.9,True,True,True,True,False,True,True,False,True
978,sq8_np8,main,0.7,False,False,True,True,False,False,False,False,False
987,sq8_np8,main,0.8,False,False,True,True,False,False,False,False,False
990,sq8_np8,main,1.0,True,True,False,False,True,True,True,False,True
992,sq8_np8,main,0.7,True,True,True,True,False,True,True,False,True
1000,sq8_np8,main,0.8,True,True,False,False,True,True,True,False,True
1001,sq8_np8,main,1.0,True,True,True,True,False,True,True,False,True
1003,sq8_np8,main,0.9,True,False,False,False,True,True,False,False,False
1005,sq8_np8,main,0.8,True,False,False,False,False,True,False,False,False
1016,sq8_np8,main,1.0,True,True,False,False,True,True,True,False,True
1020,sq8_np8,main,0.6,False,False,True,True,False,True,True,False,True
1026,sq8_np8,main,1.0,True,True,False,False,True,True,True,False,True
1028,sq8_np8,main,1.0,True,False,False,False,False,True,False,False,False
1032,sq8_np8,main,1.0,True,True,True,True,False,True,True,False,True
1048,sq8_np8,main,1.0,True,True,False,False,True,True,True,False,True
1056,sq8_np8,main,0.7,True,True,True,True,False,True,True,False,True
1063,sq8_np8,main,1.0,True,True,False,False,True,True,True,False,True
1065,sq8_np8,main,1.0,True,False,False,False,False,True,False,False,False
1066,sq8_np8,main,0.9,True,True,False,False,True,True,True,False,True
1071,sq8_np8,main,0.9,True,True,False,False,True,True,True,False,True
1081,sq8_np8,sanity,0.4,False,False,True,True,False,True,True,False,False
1085,sq8_np8,main,0.6,True,True,False,False,True,True,True,False,True
1088,sq8_np8,main,1.0,True,True,True,True,False,True,True,False,True
1089,sq8_np8,main,1.0,True,True,True,True,False,True,True,False,True
1093,sq8_np8,main,0.7,False,False,True,True,False,False,False,False,False
1094,sq8_np8,main,1.0,True,False,True,True,False,True,False,True,False
1103,sq8_np8,main,0.9,True,True,False,False,False,True,True,False,True
1106,sq8_np8,main,0.2,True,True,False,False,True,True,True,False,True
1108,sq8_np8,main,0.9,False,False,False,False,True,True,False,False,False
1113,sq8_np8,main,0.4,True,True,False,False,True,True,True,False,True
1114,sq8_np8,main,1.0,True,True,True,True,False,True,True,False,True
1118,sq8_np8,main,0.9,True,True,False,False,True,True,True,False,True
1122,sq8_np8,main,1.0,False,False,True,True,False,False,False,False,False
1125,sq8_np8,main,1.0,True,True,False,False,True,True,True,False,True
1148,sq8_np8,main,1.0,True,True,False,True,False,True,True,False,True
1155,sq8_np8,main,0.9,True,True,False,False,True,True,True,False,True
1158,sq8_np8,main,0.8,True,True,False,False,True,True,True,False,True
1174,sq8_np8,main,1.0,False,False,True,True,False,False,False,False,False
1183,sq8_np8,main,0.5,True,True,True,True,False,True,True,False,True
1191,sq8_np8,main,1.0,True,False,False,False,True,True,False,False,False
1216,sq8_np8,main,1.0,False,False,True,True,False,False,False,False,False
1217,sq8_np8,main,1.0,True,True,False,False,True,True,True,False,True
1244,sq8_np8,main,0.5,False,False,True,True,False,True,True,False,True
1258,sq8_np8,main,0.6,False,False,True,True,False,False,False,False,False
1278,sq8_np8,main,1.0,True,True,True,True,False,True,True,False,True
1279,sq8_np8,main,1.0,True,True,False,False,False,True,True,False,True
1282,sq8_np8,main,1.0,True,True,False,False,False,True,True,False,True
1287,sq8_np8,main,1.0,True,True,False,False,True,True,True,False,True
1289,sq8_np8,main,0.7,True,True,False,False,True,True,True,False,True
1292,sq8_np8,main,1.0,True,True,False,False,True,True,True,False,True
1293,sq8_np8,main,0.9,True,True,True,True,False,True,True,False,True
1313,sq8_np8,main,1.0,True,True,False,False,False,True,True,False,True
1320,sq8_np8,main,0.9,True,True,True,True,False,True,True,False,True
1322,sq8_np8,main,0.6,True,True,True,True,False,True,True,False,True
1327,sq8_np8,sanity,1.0,False,False,False,False,True,False,False,False,False
1333,sq8_np8,main,0.7,True,True,False,False,True,True,True,False,True
1336,sq8_np8,main,1.0,True,True,False,False,True,True,True,False,True
1338,sq8_np8,main,0.8,True,True,False,False,True,True,True,False,True
1342,sq8_np8,main,1.0,True,False,True,True,False,True,False,True,False
1348,sq8_np8,sanity,1.0,False,False,False,True,False,False,False,False,False
1370,sq8_np8,main,0.9,True,True,False,False,False,True,True,False,True
1372,sq8_np8,main,0.6,False,False,True,True,False,True,True,False,True
1375,sq8_np8,main,0.9,True,True,False,False,True,True,True,False,True
1376,sq8_np8,main,0.8,False,False,False,False,False,False,False,False,False
1396,sq8_np8,main,1.0,True,True,False,False,True,True,True,False,True
1418,sq8_np8,main,0.9,True,True,False,False,True,True,True,False,True
1419,sq8_np8,main,1.0,True,True,True,True,False,True,True,False,True
1423,sq8_np8,main,0.4,True,True,False,False,True,True,True,False,True
1427,sq8_np8,main,1.0,True,True,False,False,True,True,True,False,True
1433,sq8_np8,main,1.0,True,True,True,True,False,True,True,False,True
1437,sq8_np8,main,0.7,True,True,True,True,False,True,True,False,True
1438,sq8_np8,main,1.0,True,False,False,False,True,True,False,False,False
1458,sq8_np8,sanity,1.0,False,False,True,True,False,False,False,False,False
1463,sq8_np8,main,0.8,True,True,False,False,True,True,True,False,True
1466,sq8_np8,main,0.9,True,True,False,False,True,True,True,False,True
1470,sq8_np8,sanity,0.8,False,False,True,True,False,False,False,False,False
1471,sq8_np8,main,1.0,True,False,True,True,False,True,False,True,False
1480,sq8_np8,main,0.8,True,True,True,True,False,True,True,False,True
1484,sq8_np8,main,1.0,True,False,True,True,False,True,False,False,False
1487,sq8_np8,main,0.9,True,True,False,False,True,True,True,False,True
1490,sq8_np8,main,1.0,False,False,True,True,False,False,False,False,False
1496,sq8_np8,main,0.8,True,True,True,True,False,True,True,False,True
1501,sq8_np8,main,0.8,True,True,False,False,True,True,True,False,True
1507,sq8_np8,main,1.0,True,True,False,False,True,True,True,False,True
1508,sq8_np8,sanity,1.0,True,True,False,False,True,True,True,False,False
1520,sq8_np8,main,1.0,True,True,False,False,True,True,True,False,True
1527,sq8_np8,main,1.0,True,True,False,False,True,True,True,False,True
1538,sq8_np8,main,1.0,False,False,False,False,False,False,False,False,False
1542,sq8_np8,main,0.9,True,False,False,False,True,True,False,False,False
1558,sq8_np8,main,1.0,False,False,True,True,False,False,False,False,False
1574,sq8_np8,main,0.8,True,False,False,False,True,True,False,False,False
1583,sq8_np8,main,1.0,True,True,False,False,True,True,True,False,True
1589,sq8_np8,main,1.0,True,True,False,False,True,True,True,False,True
1594,sq8_np8,main,0.9,True,True,True,True,False,True,True,False,True
1596,sq8_np8,sanity,0.5,False,False,True,True,False,False,False,False,False
1603,sq8_np8,sanity,1.0,False,False,False,False,False,False,False,False,False
1611,sq8_np8,main,1.0,True,True,False,False,True,True,True,False,True
1613,sq8_np8,main,0.7,False,False,True,True,False,False,False,False,False
1617,sq8_np8,main,1.0,False,False,True,True,False,False,False,False,False
1625,sq8_np8,main,0.9,True,False,True,True,False,True,False,True,False
1626,sq8_np8,main,1.0,True,True,False,False,True,True,True,False,True
1627,sq8_np8,main,0.8,False,False,True,True,False,False,False,False,False
1630,sq8_np8,main,0.9,True,True,False,False,True,True,True,False,True
1641,sq8_np8,main,1.0,True,True,False,False,True,True,True,False,True
1642,sq8_np8,sanity,1.0,False,False,False,False,False,False,False,False,False
1645,sq8_np8,sanity,0.9,True,True,False,False,True,True,True,False,False
1654,sq8_np8,main,0.7,False,False,True,True,False,False,False,False,False
1656,sq8_np8,main,0.9,True,True,False,False,True,True,True,False,True
1660,sq8_np8,main,0.8,True,True,False,False,False,True,True,False,True
1661,sq8_np8,main,1.0,False,False,True,True,False,False,False,False,False
1670,sq8_np8,main,1.0,False,False,True,True,False,False,False,False,False
1671,sq8_np8,sanity,0.8,True,True,False,False,True,True,True,False,False
1690,sq8_np8,main,0.7,True,True,False,False,True,True,True,False,True
1699,sq8_np8,main,0.9,False,False,False,False,False,False,False,False,False
1715,sq8_np8,sanity,0.9,False,False,True,True,False,False,False,False,False
1767,sq8_np8,main,1.0,False,False,True,True,False,False,False,False,False
1770,sq8_np8,main,0.7,False,False,False,False,False,True,True,False,True
1777,sq8_np8,main,0.7,False,False,True,True,False,True,True,False,True
1785,sq8_np8,main,1.0,True,True,True,True,False,True,True,False,True
1797,sq8_np8,main,0.9,True,True,False,False,True,True,True,False,True
1799,sq8_np8,main,0.9,True,True,False,False,True,True,True,False,True
1800,sq8_np8,main,0.6,True,True,False,False,True,True,True,False,True
1804,sq8_np8,main,1.0,True,True,False,False,True,True,True,False,True
1810,sq8_np8,main,1.0,True,True,True,True,False,True,True,False,True
1811,sq8_np8,main,1.0,True,True,False,False,True,True,True,False,True
1816,sq8_np8,main,1.0,False,False,True,True,False,False,False,False,False
1831,sq8_np8,sanity,1.0,False,False,True,True,False,False,False,False,False
1832,sq8_np8,main,0.9,True,True,False,False,True,True,True,False,True
1837,sq8_np8,main,1.0,True,True,False,False,True,True,True,False,True
1842,sq8_np8,main,0.9,False,False,False,False,False,False,False,False,False
1859,sq8_np8,main,0.9,True,True,False,False,True,True,True,False,True
1864,sq8_np8,main,1.0,False,False,False,False,True,False,False,False,False
1874,sq8_np8,main,1.0,True,True,True,True,False,True,True,False,True
1875,sq8_np8,main,1.0,True,True,False,False,True,True,True,False,True
1906,sq8_np8,main,1.0,True,True,False,False,True,True,True,False,True
1908,sq8_np8,main,0.7,True,True,False,False,True,False,False,False,False
1916,sq8_np8,main,0.9,True,True,False,False,True,True,True,False,True
1928,sq8_np8,sanity,1.0,True,True,False,False,True,True,True,False,False
1932,sq8_np8,main,1.0,False,False,True,True,False,False,False,False,False
1933,sq8_np8,main,0.9,False,False,False,False,True,False,False,False,False
1934,sq8_np8,main,0.8,True,True,False,False,True,True,True,False,True
1940,sq8_np8,main,0.7,True,True,True,True,False,True,True,False,True
1942,sq8_np8,sanity,0.8,True,True,True,True,False,True,True,False,False
1952,sq8_np8,main,1.0,True,True,False,False,False,True,True,False,True
1955,sq8_np8,main,0.9,True,True,True,True,False,True,True,False,True
1960,sq8_np8,main,0.9,True,True,True,True,False,True,True,False,True
1964,sq8_np8,main,1.0,False,False,False,False,False,False,False,True,False
1967,sq8_np8,main,1.0,True,True,False,False,True,True,True,False,True
1969,sq8_np8,main,1.0,True,False,False,False,True,True,False,True,False
1980,sq8_np8,main,0.8,True,False,True,True,False,True,False,True,False
1986,sq8_np8,main,1.0,True,True,False,False,True,True,True,False,True
1999,sq8_np8,main,1.0,False,False,False,False,False,False,False,False,False
2003,sq8_np8,main,1.0,True,True,False,False,False,True,True,False,True
2021,sq8_np8,main,0.7,True,True,True,True,False,True,True,False,True
2048,sq8_np8,sanity,1.0,False,False,True,True,False,False,False,False,False
2051,sq8_np8,main,1.0,True,True,False,False,True,True,True,False,True
2064,sq8_np8,main,0.4,True,True,False,False,False,True,True,False,True
2070,sq8_np8,main,0.7,True,True,False,False,True,True,True,False,True
2073,sq8_np8,sanity,0.9,True,True,False,False,True,True,True,False,False
2078,sq8_np8,main,1.0,True,True,False,False,True,True,True,False,True
2083,sq8_np8,main,0.6,False,False,False,False,False,False,False,False,False
2088,sq8_np8,main,1.0,True,True,False,False,True,True,True,False,True
2092,sq8_np8,main,0.7,False,False,False,False,False,False,False,False,False
2096,sq8_np8,main,0.8,False,False,True,True,False,False,False,False,False
2099,sq8_np8,main,0.8,True,True,True,True,False,True,True,False,True
2108,sq8_np8,main,1.0,False,False,False,False,False,False,False,False,False
2109,sq8_np8,main,0.8,True,True,False,False,True,True,True,False,True
2115,sq8_np8,main,0.9,False,False,False,False,True,False,False,False,False
2117,sq8_np8,sanity,1.0,False,False,False,False,False,False,False,False,False
2126,sq8_np8,main,1.0,True,True,False,False,True,True,True,False,True
2128,sq8_np8,main,1.0,False,False,True,True,False,False,False,False,False
2133,sq8_np8,main,0.7,False,False,False,False,False,False,False,False,False
2134,sq8_np8,main,1.0,True,True,False,False,True,True,True,False,True
2135,sq8_np8,main,0.7,True,False,True,True,False,True,False,False,False
2144,sq8_np8,main,0.6,True,True,True,True,False,True,True,False,True
2145,sq8_np8,main,1.0,False,False,True,True,False,False,False,False,False
2146,sq8_np8,main,1.0,True,True,False,False,True,True,True,False,True
2167,sq8_np8,main,1.0,True,False,False,False,False,True,False,False,False
2170,sq8_np8,main,0.9,True,False,False,False,False,True,False,False,False
2172,sq8_np8,main,0.9,True,True,False,False,True,True,True,False,True
2184,sq8_np8,main,1.0,True,True,True,True,False,True,True,False,True
2196,sq8_np8,sanity,1.0,True,True,False,False,True,True,True,False,False
2211,sq8_np8,main,1.0,True,True,False,False,False,True,True,False,True
2213,sq8_np8,main,1.0,False,False,False,False,False,False,False,False,False
2218,sq8_np8,main,0.6,True,True,True,True,False,True,True,False,True
2223,sq8_np8,main,0.8,False,False,True,True,False,False,False,False,False
2226,sq8_np8,main,0.8,True,True,True,True,False,False,False,False,False
2235,sq8_np8,main,0.9,True,True,False,False,True,True,True,False,True
2263,sq8_np8,main,1.0,True,True,False,False,True,True,True,False,True
2275,sq8_np8,main,0.8,False,False,False,False,False,False,False,False,False
2277,sq8_np8,main,1.0,True,True,False,False,False,True,True,False,True
2280,sq8_np8,sanity,0.6,False,False,True,True,False,False,False,False,False
2284,sq8_np8,main,0.8,True,False,False,False,True,True,False,True,False
2286,sq8_np8,main,0.9,True,True,False,False,True,True,True,False,True
2295,sq8_np8,main,1.0,True,True,False,False,False,True,True,False,True
2297,sq8_np8,main,0.5,False,False,True,True,False,True,False,False,False
2306,sq8_np8,main,1.0,True,True,False,False,True,True,True,False,True
2310,sq8_np8,main,1.0,True,True,False,False,False,True,True,False,True
2318,sq8_np8,main,0.8,True,True,True,True,False,True,True,False,True
2325,sq8_np8,main,1.0,True,True,False,False,True,True,True,False,True
2329,sq8_np8,main,1.0,True,True,True,True,False,True,True,False,True
2332,sq8_np8,main,1.0,True,True,False,False,True,True,True,False,True
2337,sq8_np8,main,1.0,True,True,False,True,True,True,True,False,True
2340,sq8_np8,main,1.0,False,False,True,True,False,False,False,False,False
2341,sq8_np8,sanity,0.6,False,False,True,True,False,False,False,False,False
2349,sq8_np8,main,1.0,True,False,False,False,True,True,False,False,False
2366,sq8_np8,main,1.0,True,True,False,False,True,True,True,False,True
2373,sq8_np8,main,0.3,True,True,False,False,True,True,True,False,True
2379,sq8_np8,main,0.9,True,True,True,True,False,True,True,False,True
2391,sq8_np8,main,0.9,True,True,True,True,False,True,True,False,True
2393,sq8_np8,main,0.7,True,True,True,True,False,True,True,False,True
2398,sq8_np8,main,1.0,True,True,False,False,True,True,True,False,True
2401,sq8_np8,main,1.0,True,True,True,True,False,True,True,False,True
2404,sq8_np8,main,0.9,False,False,True,True,False,False,False,False,False
2425,sq8_np8,main,0.9,True,True,False,False,True,True,True,False,True
2430,sq8_np8,main,1.0,True,True,True,True,False,True,True,False,True
2458,sq8_np8,main,0.8,True,True,True,True,False,True,True,False,True
2468,sq8_np8,main,0.9,True,True,False,False,True,True,True,False,True
2469,sq8_np8,main,0.6,True,True,False,False,True,True,True,False,True
2479,sq8_np8,main,1.0,True,False,True,True,False,True,False,False,False
2492,sq8_np8,sanity,1.0,True,True,False,False,True,True,True,False,False
2495,sq8_np8,main,1.0,True,True,False,False,True,True,True,False,True
2501,sq8_np8,main,0.9,True,True,False,False,True,True,True,False,True
2502,sq8_np8,main,1.0,True,True,False,False,True,True,True,False,True
2504,sq8_np8,main,0.8,True,True,False,False,False,True,True,False,True
2510,sq8_np8,main,0.9,True,False,True,True,False,True,False,True,False
2514,sq8_np8,main,1.0,True,True,False,False,False,True,True,False,True
2516,sq8_np8,main,0.9,False,False,True,True,False,False,False,False,False
2518,sq8_np8,main,1.0,True,True,False,False,True,True,True,False,True
2522,sq8_np8,sanity,0.9,False,False,False,False,False,False,False,False,False
2525,sq8_np8,main,0.9,True,True,True,True,False,True,True,False,True
2528,sq8_np8,main,1.0,True,False,False,False,True,True,False,False,False
2531,sq8_np8,main,0.6,True,True,False,False,False,True,True,False,True
2533,sq8_np8,main,0.8,False,False,True,True,False,True,True,False,True
2538,sq8_np8,sanity,0.9,True,True,False,False,True,True,True,False,False
2542,sq8_np8,main,1.0,True,True,True,True,False,True,True,False,True
2557,sq8_np8,main,1.0,False,False,True,True,False,False,False,False,False
2562,sq8_np8,main,1.0,False,False,True,True,False,False,False,False,False
2571,sq8_np8,main,0.8,True,True,False,False,False,True,True,False,True
2576,sq8_np8,main,1.0,True,True,True,True,False,True,True,False,True
2587,sq8_np8,main,1.0,True,True,True,True,False,True,True,False,True
2589,sq8_np8,main,0.8,True,True,False,False,True,True,True,False,True
2594,sq8_np8,main,1.0,True,True,False,False,True,True,True,False,True
2595,sq8_np8,main,0.5,False,False,True,True,False,False,False,False,False
2606,sq8_np8,main,0.9,True,True,False,False,True,True,True,False,True
2609,sq8_np8,main,0.8,False,False,True,True,False,False,False,False,False
2611,sq8_np8,main,1.0,True,True,False,False,False,True,True,False,True
2617,sq8_np8,main,0.9,True,False,True,True,False,True,False,False,False
2620,sq8_np8,main,0.6,True,True,False,False,True,True,True,False,True
2621,sq8_np8,main,0.7,False,False,True,True,False,True,True,False,True
2632,sq8_np8,main,0.9,True,True,False,False,True,True,True,False,True
2633,sq8_np8,main,0.5,True,True,False,False,True,True,True,False,True
2636,sq8_np8,main,0.9,True,True,True,True,False,True,True,False,True
2649,sq8_np8,main,0.9,True,True,True,True,False,True,True,False,True
2654,sq8_np8,main,0.9,True,True,False,False,True,True,True,False,True
2665,sq8_np8,main,0.9,True,True,True,True,False,True,True,False,True
2687,sq8_np8,main,1.0,True,True,True,True,False,True,True,False,True
2694,sq8_np8,main,0.9,True,True,True,True,False,True,True,False,True
2695,sq8_np8,main,1.0,True,True,False,False,True,True,True,False,True
2713,sq8_np8,main,1.0,True,True,False,False,True,True,True,False,True
2720,sq8_np8,main,0.9,True,True,False,False,True,True,True,False,True
2726,sq8_np8,main,0.7,True,True,False,False,True,True,True,False,True
2728,sq8_np8,main,0.8,True,True,False,False,True,True,True,False,True
2730,sq8_np8,main,0.9,True,True,False,False,True,True,True,False,True
2745,sq8_np8,main,0.8,False,False,True,True,False,False,False,False,False
2761,sq8_np8,sanity,0.9,False,False,True,True,False,False,False,False,False
2778,sq8_np8,main,1.0,True,True,False,False,True,True,True,False,True
2781,sq8_np8,main,0.9,True,True,False,False,True,True,True,False,True
2788,sq8_np8,main,1.0,True,True,False,False,False,True,True,False,True
2789,sq8_np8,main,0.7,False,False,True,True,False,True,True,False,True
2802,sq8_np8,main,0.9,True,True,False,False,True,True,True,False,True
2815,sq8_np8,sanity,1.0,True,True,False,False,True,True,True,False,False
2824,sq8_np8,main,1.0,False,False,True,True,False,False,False,False,False
2825,sq8_np8,main,0.4,False,False,True,True,False,False,False,False,False
2851,sq8_np8,main,1.0,True,True,True,True,False,True,True,False,True
2866,sq8_np8,main,1.0,True,True,True,True,False,True,True,False,True
2873,sq8_np8,main,1.0,True,True,True,True,False,True,True,False,True
2896,sq8_np8,main,1.0,True,True,False,False,True,True,True,False,True
2899,sq8_np8,main,1.0,True,True,False,False,True,True,True,False,True
2914,sq8_np8,main,1.0,True,True,True,True,False,True,True,False,True
2921,sq8_np8,main,1.0,True,True,False,False,True,True,True,False,True
2933,sq8_np8,main,0.9,True,True,False,False,True,True,True,False,True
2943,sq8_np8,main,0.5,True,False,True,True,False,True,False,False,False
2948,sq8_np8,main,1.0,True,True,False,False,False,True,True,False,True
2952,sq8_np8,main,1.0,True,True,False,False,True,True,True,False,True
2955,sq8_np8,main,0.6,True,True,True,True,False,True,True,False,True
2961,sq8_np8,main,1.0,True,False,False,False,True,True,False,False,False
3027,sq8_np8,main,0.9,True,True,False,False,True,True,True,False,True
3044,sq8_np8,main,1.0,True,True,False,False,True,True,True,False,True
3076,sq8_np8,main,0.9,True,True,False,False,True,True,True,False,True
3081,sq8_np8,main,1.0,True,True,False,False,True,True,True,False,True
3088,sq8_np8,main,1.0,False,False,True,True,False,False,False,False,False
3092,sq8_np8,main,0.9,True,True,False,False,True,True,True,False,True
3093,sq8_np8,main,0.8,False,False,True,True,False,True,True,False,True
3095,sq8_np8,main,0.6,True,True,True,True,False,True,True,False,True
3097,sq8_np8,main,0.8,True,True,False,False,True,True,True,False,True
3110,sq8_np8,main,0.9,True,True,False,False,True,True,True,False,True
3118,sq8_np8,main,0.9,True,True,True,True,False,True,True,False,True
3119,sq8_np8,main,1.0,True,True,False,False,True,True,True,False,True
3122,sq8_np8,sanity,0.9,True,True,False,False,True,True,True,False,False
3129,sq8_np8,main,0.6,True,True,True,True,False,True,True,False,True
3130,sq8_np8,main,0.6,False,False,False,False,True,False,False,False,False
3135,sq8_np8,main,0.8,True,True,True,True,False,True,True,False,True
3137,sq8_np8,main,0.7,True,True,True,True,False,True,True,False,True
3147,sq8_np8,sanity,0.6,False,False,True,True,False,True,False,False,False
3153,sq8_np8,main,0.7,True,True,True,True,False,True,True,False,True
3155,sq8_np8,main,0.3,False,False,True,True,False,True,True,False,True
3160,sq8_np8,main,1.0,True,True,False,False,True,True,True,False,True
3161,sq8_np8,main,0.9,True,True,False,False,True,True,True,False,True
3183,sq8_np8,main,1.0,True,True,False,False,True,True,True,False,True
3184,sq8_np8,main,0.9,True,True,False,False,True,True,True,False,True
3191,sq8_np8,main,0.8,True,True,True,True,False,True,True,False,True
3204,sq8_np8,main,0.9,True,True,False,False,True,True,True,False,True
3211,sq8_np8,main,1.0,True,True,False,False,False,True,True,False,True
3224,sq8_np8,main,1.0,True,True,True,True,False,True,True,False,True
3239,sq8_np8,main,1.0,True,True,False,False,False,True,True,False,True
3258,sq8_np8,main,0.9,True,True,True,True,False,True,True,False,True
3260,sq8_np8,main,0.9,True,True,False,False,True,True,True,False,True
3271,sq8_np8,main,0.3,True,True,False,False,True,True,True,False,True
3276,sq8_np8,main,0.7,True,True,False,False,True,True,True,False,True
3282,sq8_np8,main,0.9,True,True,False,False,True,True,True,False,True
3290,sq8_np8,sanity,0.9,False,False,False,False,False,False,False,False,False
3292,sq8_np8,main,1.0,True,True,True,True,False,True,True,False,True
3301,sq8_np8,main,1.0,True,True,False,False,True,True,True,False,True
3310,sq8_np8,main,0.9,True,True,True,True,False,True,True,False,True
3312,sq8_np8,main,0.8,False,False,False,False,False,False,False,False,False
3317,sq8_np8,main,0.9,True,True,True,True,False,True,True,False,True
3320,sq8_np8,main,1.0,True,True,True,True,False,True,True,False,True
3323,sq8_np8,main,1.0,True,True,False,False,True,True,True,False,True
3325,sq8_np8,main,0.8,False,False,True,True,False,False,False,False,False
3345,sq8_np8,main,0.7,True,True,True,True,False,True,True,False,True
3348,sq8_np8,main,1.0,True,True,False,False,True,True,True,False,True
3362,sq8_np8,main,1.0,True,True,False,False,True,True,True,False,True
3363,sq8_np8,main,0.8,False,False,True,True,False,False,False,False,False
3368,sq8_np8,main,0.9,True,True,True,True,False,True,True,False,True
3382,sq8_np8,sanity,0.7,True,True,False,False,True,True,True,False,False
3386,sq8_np8,main,0.8,True,True,True,True,False,True,True,False,True
3390,sq8_np8,sanity,0.5,True,True,False,False,True,True,True,False,False
3417,sq8_np8,main,1.0,True,True,True,True,False,True,True,False,True
3419,sq8_np8,main,0.9,True,True,False,False,True,True,True,False,True
3420,sq8_np8,sanity,0.9,True,True,True,True,False,True,True,False,False
3424,sq8_np8,main,0.6,True,True,False,False,True,True,True,False,True
3434,sq8_np8,main,1.0,True,True,False,False,True,True,True,False,True
3438,sq8_np8,main,0.9,True,True,False,False,True,True,True,False,True
3441,sq8_np8,main,0.8,True,True,False,False,True,True,True,False,True
3446,sq8_np8,main,0.4,False,False,True,True,False,True,True,False,True
3453,sq8_np8,main,1.0,False,False,False,False,False,False,False,False,False
3457,sq8_np8,main,0.9,False,False,True,True,False,False,False,False,False
3467,sq8_np8,main,1.0,False,False,True,True,False,False,False,False,False
3478,sq8_np8,main,0.9,True,False,False,False,True,True,False,False,False
3480,sq8_np8,main,1.0,True,True,True,True,False,True,True,False,True
3485,sq8_np8,main,0.9,False,False,True,True,False,False,False,False,False
3497,sq8_np8,main,1.0,True,False,False,False,True,True,False,False,False
3499,sq8_np8,sanity,1.0,True,True,False,False,True,True,True,False,False
3503,sq8_np8,main,1.0,True,True,False,False,True,True,True,False,True
3510,sq8_np8,main,0.6,False,False,True,True,False,True,True,False,True
3513,sq8_np8,sanity,0.9,False,False,False,False,False,False,False,False,False
3520,sq8_np8,main,0.6,True,False,True,True,False,True,False,False,False
3552,sq8_np8,main,1.0,True,False,False,False,False,True,False,True,False
3554,sq8_np8,main,0.0,True,True,True,True,False,True,True,False,True
3558,sq8_np8,main,1.0,True,True,False,False,True,True,True,False,True
3568,sq8_np8,main,0.9,False,False,True,True,False,True,True,False,True
3570,sq8_np8,main,0.6,True,True,False,False,True,True,True,False,True
3579,sq8_np8,main,0.7,True,False,True,True,False,True,False,False,False
3583,sq8_np8,sanity,0.8,False,False,True,True,False,False,False,False,False
3591,sq8_np8,main,0.7,True,True,True,True,False,True,True,False,True
3595,sq8_np8,main,0.7,False,False,True,True,False,True,True,False,True
3606,sq8_np8,main,0.9,True,True,False,False,True,True,True,False,True
3609,sq8_np8,main,1.0,True,True,False,False,True,True,True,False,True
