qid,arm,input_tokens,output_tokens,cache_creation_input_tokens,cache_read_input_tokens,turns,hit_turn_cap,stop_reason,error,wall_clock_s,started_at,answer,any_file_hit,all_files_hit,symbol_hit,matched_files,judge_correct,judge_reason,cost_total_billed,cost_agent_billed,cost_judge_billed,cost_uncached_list,in_stuffed_prefix,difficulty,scaling_subset,stratum,hops,grep_handle
ws8_q002,indexed,76970,1064,0,0,4,False,end_turn,,20.804,2026-09-11 11:47:31+00:00,"I have sufficient information from `rust-lang__rust__158557.md` to answer this.

**Cause:** The failure was traced not to a compiler regression, but to the fact that `tests/ui/codegen/huge-stacks.rs` genuinely needs a large amount of memory to run meaningfully. The test deliberately spawns a thread with a ~5 GB stack because it exists to verify a previously-found soundness bug (a 4 GB-stack test that non-deterministically printed the wrong value) does not recur. As workingjubilee explained, to test the 4 GB behavior with any ""slack,"" the test needs to request slightly more than 4 GB — and once you're asking for that much, requesting 5 GB doesn't meaningfully add to the memory requirement. So a QEMU guest with only 1 GB RAM simply cannot satisfy the thread's stack allocation request, causing `std::thread::Builder::spawn()` to return `EAGAIN`/`WouldBlock`, which the test's `.unwrap()` turned into a panic.

**Resolution:** Maintainers determined this is not a code/compiler regression and not really a bug in the test suite requiring a code fix — it's an inherent memory requirement of the test. workingjubilee noted the test suite failing under insufficient resources isn't itself considered a ""regression"" (that label is reserved for actual compiler/behavior regressions). The agreed fix was simply to make the failure clearer: update the panic/error message so that running out of memory during thread creation is explained as an environment/resource limitation rather than presenting as an opaque `unwrap()` panic, rather than changing the test's memory requirements or skipping it gracefully.

(Source: `rust-lang__rust__158557.md`)",True,True,False,rust-lang__rust__158557.md,True,"The answer names the correct issue (rust-lang/rust#158557) and correctly attributes the failure to the test's inherent ~5GB stack/memory requirement causing spawn failure, with the outcome being clarification rather than a code regression fix.",0.21532,0.16458,0.05074000000000001,0.16458,,,,hop1,1,6.7448
ws8_q001,agentic,16510,711,0,0,4,False,end_turn,,12.255,2026-09-11 11:48:15+00:00,"The issue is currently open (no final fix merged yet in the archived thread), but the discussion traces the root cause and the fix in progress:

- **Root cause traced to:** the ""any subpath moved"" check in `rustc_borrowck` (specifically the code around `rustc_borrowck::src/lib.rs` handling partial moves, not `places_conflict::place_projection_conflict` as first suspected). As user `lqd` pointed out, `place_projection_conflict` isn't even invoked for this example; instead, the move-checking logic simply fails to recognize that `let [row] = arr;` constitutes a partial move that could alias with a later runtime `Index` projection (`arr[0][...]`) versus the earlier `ConstantIndex` projection used to destructure the array. In other words, borrowck's ""any subpath moved"" logic wrongly treats a `ConstantIndex` projection as disjoint from (rather than a potential alias of) a runtime `Index` projection into the same array, so it doesn't flag the later indexing expression as using a partially-moved value.

- **Resolution status:** As of the last comment in the thread, `beepster4096` claimed the issue and stated they were ""working on a PR for this,"" but no PR/fix had been merged yet within the captured thread — the issue was still open.

(Source: `rust-lang__rust__160525.md`)",True,True,False,rust-lang__rust__160525.md,False,"Answer identifies the right thread but fails to state the resolution, claiming no fix existed, and instead hedges that a PR was merely in progress.",0.070295,0.040130000000000006,0.030164999999999997,0.040130000000000006,,,,hop1,1,7.8435
ws8_q001,indexed,151459,1761,0,0,5,False,end_turn,,22.85,2026-09-11 11:48:41+00:00,"## Root cause

The bug was traced to a gap in borrowck's move-checking logic (in `rustc_borrowck`'s `check_if_full_path_is_moved`/move-path lookup code), not to the `places_conflict`/`place_projection_conflict` overlap logic that was initially suspected. Specifically:

- The reporter's hypothesis (and initial suspicion by `beepster4096`) was that `place_projection_conflict`'s `DISJOINT-OR-EQ-ARRAY-INDEX` case incorrectly treated a `ConstantIndex` projection (e.g., from `let [row] = arr`) and a runtime `Index` projection (e.g., `arr[i]`) as disjoint-or-equal rather than a possible arbitrary overlap.
- However, further investigation (by `beepster4096` and `lqd`) showed that `place_projection_conflict` isn't even invoked in this scenario — the actual problem is in borrowck's ""is this path already (partially) moved"" check. When a place like `arr[i]` (an `Index` projection) is checked for validity, the code looks up the ""closest"" move path via `MovePathLookup`, but it wasn't accounting for the fact that a sibling `ConstantIndex` projection of the same array (created e.g. by a pattern like `let [row] = arr`) could already have moved out a value that the `Index` projection could alias with at runtime. So a move through `ConstantIndex{0 of 1}` wasn't being flagged when later accessed via a runtime `Index` projection on the same array. (rust-lang__rust__160525.md)

## Resolution

This was fixed in PR **rust-lang/rust#160780** (""Disallow accesses through an Index projection when a sibling ConstantIndex projection has been moved out of""), authored by `beepster4096`. The fix:
- Refactored `LookupResult` (used by `MovePathLookup::find`) so that `LookupResult::Parent(None)` became its own `LookupResult::None` variant, and `LookupResult::Parent` now carries the projection element following the parent move path.
- Updated borrowck's `check_if_full_path_is_moved` to use this new field: when it is a `PlaceElem::Index`, the checker now verifies there are no uninitialized descendants of the indexed array's move path (which can only be `ConstantIndex` projections and their descendants), thereby correctly flagging the aliasing/use-after-move case.
- Removed `move_path_closest_to`, inlining its logic into `check_if_full_path_is_moved`.

This PR explicitly states it ""Fixes rust-lang/rust#160525."" (rust-lang__rust__160780.md)",True,True,False,rust-lang__rust__160525.md,True,"The answer identifies the expected issue #160525, correctly describes the borrowck move-check gap rather than places_conflict, and names the fixing PR #160780 with accurate detail.",0.330358,0.320528,0.00983,0.320528,,,,hop1,1,7.8435
ws8_q002,agentic,12005,727,0,0,4,False,end_turn,,10.288,2026-09-11 11:49:06+00:00,"Based on the thread, the failure in `tests/ui/codegen/huge-stacks.rs` was traced not to a compiler regression but simply to insufficient host memory: the test intentionally spawns a thread with a 5 GB stack (needed to give ""slack"" around the 4 GB stack size the test is actually verifying, per the original soundness bug it guards against), and in a 1 GB-RAM QEMU guest the kernel's `thread::Builder::spawn()` fails with `EAGAIN`/`WouldBlock` because it can't allocate that much stack, causing the `.unwrap()` to panic (rust-lang__rust__158557.md).

The maintainers (workingjubilee) determined this wasn't a real regression or bug in the test suite's expected sense — it's just a resource-constrained environment lacking enough RAM to run a test that legitimately requires ~5 GB. The resolution was PR #158582, ""Comment on needed RAM in huge-stacks.rs,"" which updated the test to give a clearer/more explanatory error message for external CI/runners with limited resources, rather than reducing the memory requirement or changing test behavior (rust-lang__rust__158582.md, rust-lang__rust__158557.md).",True,True,False,rust-lang__rust__158557.md,True,"Answer identifies issue #158557, correctly attributing the failure to the test's intentional ~5GB stack allocation exceeding available RAM, resolved by a PR documenting the memory requirement.",0.04318,0.03128,0.0119,0.03128,,,,hop1,1,6.7448
ws8_q060,indexed,7647,766,0,0,2,False,end_turn,,9.946,2026-09-11 11:54:09+00:00,"## Root cause

The bug was traced to `checkVolumeSatisfyClaim` in the PV controller, which compares a PersistentVolume's capacity against a PVC's requested storage using `Quantity.Value()`. Since `Value()` projects the quantity onto `int64`, any storage quantity larger than `int64` max (e.g., 2^63 or 2^64) overflows, causing the comparison to be wrong. This affected the *explicit* binding path (when a PVC binds to a PV via `spec.volumeName`) — the automatic matching path (`FindMatchingVolume`) was unaffected because it already used `Quantity.Cmp` instead.

This meant a PV with capacity `9223372036854775808` (2^63) would read back as negative via `Value()`, so a `1Gi` claim naming it explicitly would be wrongly rejected with ""requested PV is too small"" and stay Pending. Conversely, a request past int64 could wrap negative and let an undersized PV bind successfully.

This was reachable because a related PR (#141169) had changed `validateBasicResource` to accept PV capacities of 2^63, so overflow-sized values became legitimate/reachable in the cluster.

## Resolution

The fix (PR kubernetes/kubernetes#141618) changed the comparison in `checkVolumeSatisfyClaim` to use `Quantity.Cmp` instead of `Value()`, matching the approach already used in `FindMatchingVolume`:

```go
if volumeQty.Cmp(requestedQty) < 0 {
    return fmt.Errorf(""requested PV is too small"")
}
```

This was verified with a new test, `TestCheckVolumeSatisfyClaim`, covering both overflow directions and the exact boundary case, and confirming that reverting the fix causes five specific test cases to fail. This was part of a broader ""Quantity int64 overflow burndown"" effort tracked in issue #141166.

**Sources:** `kubernetes__kubernetes__141617.md`, `kubernetes__kubernetes__141618.md`",True,False,False,kubernetes__kubernetes__141617.md,True,"Answer identifies issue #141617, the Value() overflow in checkVolumeSatisfyClaim, the Cmp-based fix, and the broader #141166 burndown effort.",0.042549,0.022954,0.019594999999999998,0.022954,,,,hop3plus,6,7.3326
ws8_q037,agentic,14056,1950,0,0,5,False,end_turn,,29.377,2026-09-11 11:54:27+00:00,"Based on the available thread (`rust-lang__rust__159708.md`), this issue is still **open** and has not actually been resolved with a fix yet.

What happened is that the reporter (maxdexh) narrowed down the root cause: the bug initially looked like it involved `dyn Trait` objects and higher-ranked lifetime bounds (the compiler complaining about ""`(dyn SomeTrait + '0)` must implement `Trait`, for any lifetime `'0`..."" / a spurious higher-ranked subtype error with `-Znext-solver`). However, by iterating on the reproduction, they showed that `dyn SomeTrait` wasn't actually essential — the same failure occurs with a plain reference type and an ordinary (non-higher-ranked) lifetime:

```rust
trait Trait { type Assoc; }
impl Trait for &'static () { type Assoc = (); }
fn future<T: Trait>() -> impl Future<Output = T::Assoc> { async { todo!() } }
fn use_send(_: impl Send) {}
fn main() {
    use_send(async { future::<&'static ()>().await }); // error
}
```

So the ""higher ranked bound"" framing in the original error message was traced to being a red herring/artifact — the underlying problem isn't really about higher-ranked trait bounds or `dyn` objects at all, but a more general issue in how the region/leak-check machinery interacts with RPIT auto-trait (`Send`) inference for associated types tied to a generic parameter's lifetime.

The related ICE (tracked separately in `rust-lang__rust__159575.md`) that could be triggered by working around this bug (by adding an explicit `+ Send` bound) was noted to be ""fixed-by-next-solver,"" but no fix for #159708 itself is recorded in the thread — it remains open without a resolution.",True,True,False,rust-lang__rust__159708.md;rust-lang__rust__159575.md,False,"The answer claims the issue remains unresolved with no fix, failing to identify the actual traced cause and resolution (old solver limitation resolved by the next-gen trait solver).",0.070587,0.047611999999999995,0.022975,0.047611999999999995,,,,hop2,2,6.5442
ws8_q075,indexed,57836,881,0,0,4,False,end_turn,,13.358,2026-09-11 11:55:06+00:00,"Based on the tracking issue `rust-lang__rust__160258.md`:

The question raised was whether this change (for PR #158247, ""hermit/fs: Return `unsupported()` instead of `from_raw_os_error(22)`"") actually needed release notes at all. It was **traced to a broader question about whether tier 3 targets (like Hermit) — which have no OS stability guarantees — need release notes/compatibility notes for their behavior changes**. 

- `mkroening` questioned whether the change needed to be mentioned in release notes at all, since Hermit is a tier 3 target without OS stability guarantees. He suggested alternate wording if it were kept: *""On Hermit, more file system operations now return `io::Error::from(io::ErrorKind::Unsupported)` instead of `io::Error::from_raw_os_error(EINVAL)`""*.
- `clarfonthey` looped in `lcnr`, who had originally marked the PR as needing release notes.
- `lcnr` responded that they weren't sure whether it actually required release notes, and took the question to the Rust Zulip (t-release channel) to get clarification on the policy for tier 3 target changes.

As of the latest activity, the issue is still open, and it appears the matter was resolved (or at least deferred) by escalating the general policy question to Zulip rather than a specific code fix — i.e., it was resolved by determining/confirming policy on whether tier-3-target changes need release notes, rather than by further code changes.

**Source:** `rust-lang__rust__160258.md`",True,False,False,rust-lang__rust__160258.md,False,"Candidate only discusses the relnotes-policy side discussion, omitting the underlying hermit EINVAL issue (#158168) and its fix by PR #158247, and hedges on resolution.",0.148147,0.124482,0.023665,0.124482,,,,hop3plus,3,6.5442
ws8_q060,agentic,4946,514,0,0,3,False,end_turn,,6.708,2026-09-11 11:55:29+00:00,"**Root cause:** The bug was traced to `checkVolumeSatisfyClaim` (the code path used for explicit PV binding via `spec.volumeName`) comparing storage capacities using `Quantity.Value()`, which projects the quantity onto `int64`. Since PR #141169 allowed PV capacities as large as 2^63, values at or beyond that threshold overflow the int64 range (e.g. `9223372036854775808` reads back as negative), causing incorrect size comparisons—valid PVs could be wrongly rejected as ""too small,"" or oversized claims could wrongly bind to undersized PVs. The automatic-matching path (`FindMatchingVolume`) wasn't affected because it already used `Quantity.Cmp` instead of `.Value()`.

**Fix:** Change the explicit-binding comparison in `checkVolumeSatisfyClaim` to use `volumeQty.Cmp(requestedQty) < 0` instead of comparing `.Value()` results, aligning it with the `FindMatchingVolume` logic in `pv_helpers.go`.

(Source: `kubernetes__kubernetes__141617.md`)",True,False,False,kubernetes__kubernetes__141617.md,True,"Candidate identifies issue #141617, the int64 overflow in checkVolumeSatisfyClaim's Quantity.Value() comparison, and the fix switching to Quantity.Cmp, matching expectations despite a minor PR-number slip.",0.042912,0.015031999999999998,0.027880000000000002,0.015031999999999998,,,,hop3plus,6,7.3326
ws8_q037,indexed,724308,2847,0,0,10,False,end_turn,,55.738,2026-09-11 11:55:48+00:00,"Based on the content retrieved, I have the full text of this issue. It appears to be an **open** issue that has been narrowed down but not yet definitively fixed within the retrieved discussion.

## Answer

The issue is **rust-lang/rust#159708** (""`Send` bound not inferred on RPIT due to nonsensical unsatisfied higher ranked bound""), extracted from issue #159575.

**What it was traced to:** The reporter (maxdexh) progressively minimized the reproduction and traced the bug to opaque-type/associated-type normalization interacting badly with concrete (non-generic) `Self` types. The original repro used `impl Trait for dyn SomeTrait { type Assoc = (); }`, and the compiler wrongly treated the call `future::<dyn SomeTrait>()` as if it required a **higher-ranked** obligation `for<'0> (dyn SomeTrait + '0): Trait`, even though `dyn SomeTrait` in this context is just the single, non-higher-ranked, concrete type `dyn SomeTrait + 'static` — there is no lifetime binder that should be involved at all. This produced the spurious diagnostics ""implementation of `Trait` is not general enough"" (old solver) / ""higher-ranked subtype error"" (`-Znext-solver`), which in turn caused the `Send` auto-trait check on the RPIT future to fail even though the future is obviously `Send`.

The reporter further minimized the case to show the bug isn't specific to `dyn Trait` at all: the same spurious higher-ranked error occurs with a plain concrete type and lifetime, e.g.:
```rust
impl Trait for &'static () { type Assoc = (); }
fn future<T: Trait>() -> impl Future<Output = T::Assoc> { async { todo!() } }
```
calling `future::<&'static ()>()`. This confirmed the root problem lies in how the trait solver spuriously introduces/handles a higher-ranked (`for<'0>`) region variable/bound for what should be a single concrete lifetime when resolving the associated-type projection needed to check the RPIT/auto-trait (`Send`) obligation.

**Resolution:** As of the retrieved discussion, the issue (`rust-lang__rust__159708.md`) is still marked **open** — no fix/PR resolving it is recorded in the available thread content; only the root-cause minimization (bogus higher-ranked bound generated for a non-higher-ranked concrete type) is documented, along with a note that adding an explicit `+ Send` bound sidesteps the RPIT inference problem but can trigger a related ICE on the old solver (tracked separately in #159575).

Source: `rust-lang__rust__159708.md`",True,False,False,rust-lang__rust__159708.md,False,"The candidate identifies the issue but claims no resolution exists, hedging instead of committing to what traced/resolved it, so it fails the resolution part of the question.",1.498216,1.477086,0.021130000000000003,1.477086,,,,hop2,2,6.5442
ws8_q075,agentic,18901,2479,0,0,5,False,end_turn,,35.5,2026-09-11 11:56:52+00:00,"Based on the tracking‑issue thread (`rust-lang__rust__160258.md`), this ""tracking issue for release notes"" didn't reveal a bug to be traced to a root cause in code — instead, the discussion was about whether the change even *needed* release notes at all, since Hermit is only a tier‑3 target without OS‑stability guarantees.

- mkroening (the author of the original PR, #158247) questioned whether the change needed to be mentioned in the release notes for a tier‑3 target, but offered an alternate wording (""On Hermit, more file system operations now return `io::Error::from(io::ErrorKind::Unsupported)` instead of `io::Error::from_raw_os_error(EINVAL)`"") in case it should be kept.
- clarfonthey pinged lcnr, who had originally flagged the PR as needing release notes.
- lcnr replied that they weren't sure it required release notes either, and took the question to the Rust Zulip (`t-release` channel) for a broader decision.

As of the last update in the thread, no final resolution had been posted back into the GitHub issue — the matter was left pending the outcome of that Zulip discussion, so the ""root cause"" it was traced to is simply uncertainty over whether a tier‑3‑target behavior change warrants release‑notes documentation, and it was not yet definitively resolved in the tracked GitHub thread.

(Source: `rust-lang__rust__160258.md`, with background from the original PR `rust-lang__rust__158247.md`.)",True,False,False,rust-lang__rust__160258.md;rust-lang__rust__158247.md,False,"Candidate omits the underlying report (#158168) and claims no resolution, framing the thread only as an unresolved release-notes-necessity debate rather than identifying the traced cause and fix.",0.084727,0.062592,0.022135,0.062592,,,,hop3plus,3,6.5442
ws8_q028,indexed,74464,922,0,0,4,False,end_turn,,18.541,2026-09-11 12:11:31+00:00,"Based on the tracking issue **rust-lang/rust#157864** (release notes for #157029, stabilizing `feature(float_algebraic)`), the underlying stabilization ended up causing real-world confusion: a post on lobste.rs (""Faster floating point math with Rust's new..."") showed that people misunderstood the non-determinism guarantees of the new `algebraic_*` methods on floats.

This confusion was traced to unclear documentation about the non-determinism semantics of these algebraic floating-point operations, and it was resolved by **rust-lang/rust#160496** (""clarify non-determinism docs for algebraic operations""), opened by RalfJung. That PR clarified the docs, adding language such as `assert_eq!(x1.to_bits(), x1.to_bits());` to make clear that while the *result value* of an algebraic operation may be non-deterministic across calls, a single computed NaN result is still self-consistent (i.e., calling `.to_bits()` twice on the same returned value gives the same bits). The person who was originally confused (purplesyringa) confirmed in the PR thread that this clarification fixed their understanding, and the PR was merged (r=Darksonn, rollup).

**Sources:** `rust-lang__rust__157864.md`, `rust-lang__rust__160496.md`",True,True,False,rust-lang__rust__157864.md,True,"Answer identifies the expected tracking issue #157864 and gives a specific, coherent resolution (doc clarification PR #160496) consistent with the thread.",0.17615799999999998,0.15814799999999998,0.01801,0.15814799999999998,,,,hop1,1,6.9962
ws8_q011,agentic,24300,838,0,0,3,False,end_turn,,11.202,2026-09-11 12:11:57+00:00,"Based on `kubernetes__kubernetes__140037.md`, this issue is **still open and unresolved** as of the last update in the thread. 

The report describes a race on kubelet cold start (reboot/upgrade/new node join) where pods with **distinct** Secret/ConfigMap volumes intermittently fail to mount with a `FailedMount` event (`object ""<ns>""/""<name>"" not registered`), which self-clears on the volume reconciler's next pass. The reporter linked it to two older, similar reports (#105204 for 1.22–1.23, #119361 for 1.27) suggesting this is a recurring/long-standing timing issue in the kubelet's secret/configmap manager registration during startup, but no root cause or fix had been confirmed at the time of the thread's last comments — it was simply triaged (`/triage accepted`, `/priority important-longterm`) and assigned to a contributor (gauravshinde1729) to work on. There is no recorded resolution/PR merge in the document.",True,True,False,kubernetes__kubernetes__140037.md,False,"The answer names the right thread but asserts the issue is unresolved with no root cause, failing to state what it was traced to or what resolved it.",0.07440000000000001,0.05698,0.01742,0.05698,,,,hop1,1,7.5558
ws8_q009,indexed,754521,2842,0,0,10,False,end_turn,,52.381,2026-09-11 12:14:23+00:00,"Based on the traceback shown in the issue, I have sufficient information to answer even though I couldn't retrieve a specific resolving-PR comment from the corpus.

## Answer

The issue is **rust-lang/rust#159576**: ""[ICE]: debuginfo: `has escaping bound vars, so it cannot be wrapped in a dummy binder.`""

**Reproduction:** It was triggered by compiling with `-Cdebuginfo=2` a function using the unstable `unsafe_binders` feature that returns a type containing nested higher-ranked (`for`/`unsafe<'a, 'b>`) lifetime binders:
```rust
#![feature(unsafe_binders)]
pub fn woof() -> unsafe<'a, 'b> &'b Box<dyn Fn(Box<dyn Fn() -> &'a isize>)> {
    todo!()
}
```

**What it was traced to:** The backtrace shows the panic originated deep in the debuginfo-generation code path in `rustc_codegen_llvm`: `build_unsafe_binder_type_di_node` → `spanned_type_di_node` → `build_pointer_or_reference_di_node` (recursing through the nested reference/pointer/binder types) → eventually a `layout_of` query. Building debug-info metadata for the unsafe-binder type caused a type still containing escaping (un-erased) bound regions to be passed into a query/solver routine that tried to wrap it in a ""dummy binder,"" which the type-system code (`rustc_type_ir`) asserts is invalid for types with escaping bound variables — hence the ICE. In other words, the unsafe-binder debuginfo-building code in codegen wasn't properly instantiating/erasing the binder's bound regions before it flowed into the type-relation/layout machinery.

I was not able to locate, within the indexed documents, the specific follow-up PR/commit message stating the exact fix that closed this issue (the corpus does not contain a document with `159576`'s resolving comment or a linked fix PR's description). So while the root cause (unsafe-binder debuginfo generation code in `rustc_codegen_llvm::debuginfo::metadata` producing escaping bound vars that hit the ""dummy binder"" assertion) is confirmed by `rust-lang__rust__159576.md`, I cannot confidently state the exact fixing PR from the available data.",True,True,False,rust-lang__rust__159576.md,False,"The answer identifies the issue but explicitly declines to state the resolution, hedging on the fix the question asks about.",1.557422,1.5374619999999999,0.019960000000000002,1.5374619999999999,,,,hop1,1,5.0102
ws8_q003,agentic,23497,1069,0,0,7,False,end_turn,,22.659,2026-09-11 12:15:23+00:00,"Based on the available records:

The issue (rust-lang/rust#160987) was that when a `break` occurred inside an unlabeled `try` block, rustc's diagnostic suggested labeling it as `try 'block: { ... }`, which is invalid syntax (the label was placed in the wrong position relative to the `try` keyword).

This was traced to a bug in the compiler's suggestion-generation code for the ""consider labeling this block"" hint (`E0268`), which didn't account for the `try` keyword when inserting the label, producing malformed code like `try 'block: {` instead of correctly positioning the label.

It was resolved by PR rust-lang/rust#161016 (""Fix invalid suggestion from try unlabled block""), authored by chenyukang, which fixed the suggestion logic so it no longer emits invalid syntax for unlabeled try blocks. The PR was approved and merged via `@bors r+ rollup` by folkertdev.

Sources: `rust-lang__rust__160987.md`, `rust-lang__rust__161016.md`",True,True,False,rust-lang__rust__160987.md,True,"Answer identifies issue #160987, correctly describes the invalid label suggestion for unlabeled try blocks, and names the fixing PR #161016 as the resolution.",0.068479,0.057684,0.010794999999999999,0.057684,,,,hop1,1,6.8626
ws8_q025,agentic,18244,1217,0,0,5,False,end_turn,,15.046,2026-09-11 12:15:50+00:00,"Based on these three linked reports:

- **Root cause**: The confusing error ""map: map[hostPath:map[path:/var/lib/kubelet/pods]] does not contain declared merge key: name"" isn't a bug — it's the expected behavior of strategic merge patch. It happens because the user's patch payload for a merge-list field (e.g., a pod/daemonset's `containers` or `volumes` list) simply omits the required merge key (typically `name`), so the API server can't determine whether the list item should update an existing entry or be treated as a new one. As `kubernetes__kubernetes__140396.md` shows, user `yuehaii` explained: *""it is missing the name field on the volume entry... without a merge key, k8s wouldn't know whether you intend to update an existing volume or add a new one.""* The actual code location producing the terse message was pinpointed in `kubernetes__kubernetes__141112.md` to `staging/src/k8s.io/apimachinery/pkg/util/mergepatch/errors.go`'s `ErrNoMergeKey` function, which just dumps the map without saying which field/list is missing the key.

- **Resolution**: 
  - The immediate fix for the reporting user was simply to add the missing merge key field (e.g., `""name"": ""your-volume-name""`) to each list item in the patch, e.g. `kubectl patch daemonset node-agent -n velero -p '{""spec"":{""template"":{""spec"":{""volumes"":[{""name"":""your-volume-name"",""hostPath"":{""path"":""/var/lib/kubelet/pods""}}]}}}}'` (`kubernetes__kubernetes__140396.md`).
  - At the code level, PR `kubernetes__kubernetes__140771.md` (""fix/improve strategic merge patch error message to include missing merge key field context"") was opened to address the underlying usability issue by improving the error message in apimachinery's mergepatch package to include context about which field is missing its merge key, and it explicitly states it ""Fixes #140396.""
  - Issue `kubernetes__kubernetes__141112.md` further tracked the request to make the `ErrNoMergeKey` error more actionable (explaining what a merge key is, which field needs it, and giving an example fix), aligning with the same underlying root cause.",True,True,False,kubernetes__kubernetes__141112.md,True,"The answer identifies issue 141112 and correctly traces the error to a patch omitting the required merge key (name), resolved by adding it plus error-message improvement.",0.065338,0.048658,0.01668,0.048658,,,,hop1,1,5.6099
ws8_q035,agentic,32659,697,0,0,5,False,end_turn,,14.206,2026-09-11 12:16:11+00:00,"## Summary

The tracking issue is `rust-lang__rust__158987.md` (rust-lang/rust#158987), which tracks release notes for PR #158510 (""Enable `static_position_independent_executables` on all gnu and musl targets"").

**What it was traced to:** The regression/issue was traced to the fact that the `musl-gcc` wrapper script doesn't actually support the `-static-pie` flag. The change had only appeared to work for musl targets because some musl targets build a full gcc cross-toolchain and use the `gcc` binary directly as the linker, bypassing the limitation of the `musl-gcc` wrapper.

**What resolved it:** Amanieu removed all the changes affecting musl targets from PR #158510, so the change was restricted to apply only to gnu targets (see `rust-lang__rust__158510.md`, comment by Amanieu on 2026-08-02). As noted in `rust-lang__rust__158987.md` by mati865, the tracking issue's release-notes text became outdated because ""musl changes were rolled back from the linked PR.""",True,True,False,rust-lang__rust__158987.md;rust-lang__rust__158510.md,True,"The answer names the correct tracking issue (#158987) and PR (#158510), and correctly describes the musl-gcc -static-pie limitation and the rollback of musl changes as the resolution.",0.07969799999999999,0.07228799999999999,0.007410000000000001,0.07228799999999999,,,,hop2,2,6.3771
ws8_q034,agentic,20209,892,0,0,7,False,end_turn,,18.086,2026-09-11 12:16:27+00:00,"The issue (rust-lang/rust#159481) was a feature request to add a compiler diagnostic suggestion (rather than a bug root-caused to a specific line of code). It was resolved by PR #159594 (""feat(rustc_hir_typeck): suggest `impl Fn` return for capturing closures"", authored by DAstapov), which implemented the suggestion so that when a closure that captures variables can't be coerced to an `fn()` pointer return type, rustc suggests changing the return type to `impl Fn(...)`. This PR was merged (approved by estebank via `@bors r+`), though the original issue was left open to track follow-up work: detecting when `FnMut` would be needed instead of `Fn`, and properly handling higher-ranked lifetimes (e.g., `impl for<'a> Fn(&'a ()) -> &'a ()`).

Sources: `rust-lang__rust__159481.md`, `rust-lang__rust__159594.md`.",True,True,False,rust-lang__rust__159481.md;rust-lang__rust__159594.md,True,The answer identifies both expected documents (issue #159481 and resolving PR #159594) and accurately describes the diagnostic suggestion feature and its implementation.,0.056303,0.049338,0.006965,0.049338,,,,hop2,2,6.1089
ws8_q007,indexed,1381665,4580,0,0,13,False,end_turn,,72.488,2026-09-11 12:16:47+00:00,"Based on my extensive search of the corpus, I can only retrieve the opening portion of `rust-lang__rust__159682.md` (the issue report by antoyo describing the reproducer and the truncated linker error output). The search index does not appear to surface any later comments/discussion from that thread (e.g., root-cause analysis or the fix/PR that closed it) despite trying many different targeted queries.

**What I can confirm from `rust-lang__rust__159682.md`:**
- The issue title is ""Undefined symbol with panic=abort and sysroot compiled in debug mode,"" opened by antoyo on 2026-07-21.
- It reports that building the standard library sysroot with `optimize = 0` (i.e., debug mode) and then compiling a simple program with `-Cpanic=abort` fails at the link step with undefined symbol errors, and mentions that a second, simpler reproducer (not requiring `optimize = 0`) also exists.

I was not able to retrieve the portion of the thread that states what the problem was ultimately traced to or how it was resolved (e.g., the specific PR/commit that fixed it) — the search results kept returning the same opening excerpt of the issue regardless of query phrasing, suggesting that content isn't present/indexed in the retrievable corpus, or it exists in a comment that my queries didn't match.

I don't want to guess at the root cause and fix without evidence. If you'd like, I can keep trying alternate search terms, but based on what's retrievable I cannot confidently state the final root cause/resolution — only the initial bug report content from `rust-lang__rust__159682.md`.",True,True,False,rust-lang__rust__159682.md,False,"The answer identifies the correct issue thread but explicitly declines to state the root cause or resolution, leaving the question's core unanswered.",2.816805,2.80913,0.0076749999999999995,2.80913,,,,hop1,1,4.1218
ws8_q047,agentic,16849,639,0,0,3,False,end_turn,,9.465,2026-09-11 12:18:04+00:00,"This issue (#140978) tracked the lack of e2e coverage for readiness probes during graceful pod termination — a gap that let the v1.35 regression (#140881, where exec readiness probes stopped executing due to context cancellation) ship without CI catching it. The gap was traced to the fact that the existing termination test only waited (up to 5 minutes) for `Ready=False`, which trivially passed once the container was SIGKILLed at the grace-period boundary, regardless of whether the readiness probe actually ran/failed during termination — it never asserted readiness behavior *while* the container was still alive during graceful shutdown.

It was resolved by PR #140980 (""e2e: assert readiness probes run during graceful pod termination""), which rewrote the existing test to require the probed container to still be `Running` when `Ready=False` is observed (so the pod can only be NotReady because the probe reported it), and added new coverage: an HTTP readiness-probe-during-termination test and a preStop-hook-fails-readiness test, closing the exec/HTTP/preStop coverage gaps identified in the issue.

Sources: `kubernetes__kubernetes__140978.md`, `kubernetes__kubernetes__140980.md`.",True,False,False,kubernetes__kubernetes__140978.md,False,"It cites PR #140980 (and regression #140881) as the fix, not the expected PRs (#140882/#140900, #140629/#140664, regression from #140249), so the resolution named is wrong.",0.06654299999999999,0.040088,0.026455,0.040088,,,,hop3plus,6,5.5081
ws8_q059,indexed,650260,1863,0,0,9,False,end_turn,,35.769,2026-09-11 12:18:24+00:00,"I was unable to locate a document in this corpus that matches the specific issue titled ""[ICE]: `TypeNs(""core_alloc"") != Ctor`"" — none of my searches (using the exact assertion text, related terms like ""core_alloc,"" ""Ctor,"" ""DefPathData,"" and related ICE phrasing) returned a matching issue thread.

I cannot determine the answer from the available documents, so I won't guess at what it was traced to or how it was resolved.",False,False,False,,False,"The answer explicitly fails to identify any issue thread or resolution, stating it could not determine the answer, which the grading rules mark as incorrect.",1.3251600000000001,1.31915,0.006010000000000001,1.31915,,,,hop3plus,3,8.2489
ws8_q061,agentic,14368,774,0,0,5,False,end_turn,,15.3,2026-09-11 12:19:03+00:00,"Based on the thread in `rust-lang__rust__160292.md`, this ""release notes tracking"" issue (opened for #159298, the *tracking issue* for the `bool::toggle` feature) was eventually traced to a duplicate/misfiled tracking issue: the actual stabilization happened via PR #160299, which already had its own dedicated release-notes tracking issue, #161462 (`rust-lang__rust__161462.md`). CenTdemeern1 realized that the release-notes content for `bool::toggle` ""was supposed to go"" into #161462 rather than into #160292, calling the situation ""a bit confusing."" In other words, #160292 turned out to be a redundant/incorrect tracking issue, superseded by #161462, which is the correct one tracking the release notes for the actual stabilization PR (#160299).",True,False,False,rust-lang__rust__160292.md;rust-lang__rust__161462.md,True,The answer names the primary thread #160292 and correctly explains it was a redundant release-notes tracking issue superseded by #161462 for stabilization PR #160299.,0.047181,0.036476,0.010705,0.036476,,,,hop3plus,3,5.7232
ws8_q068,indexed,542097,2156,0,0,9,False,end_turn,,42.031,2026-09-11 12:19:22+00:00,"Based on my searches, I was unable to find specific evidence that this issue was ""traced to"" a particular root cause and ""resolved"" by a particular fix within the tracking issue's actual thread.

The tracking issue **rust-lang/rust#160259** (""Tracking issue for release notes of #158766: Promote riscv64-unknown-linux-musl to tier 2 with host tools"") is essentially just an auto-generated template asking contributors to draft release-notes text — it has no comments discussing a root cause or a fix. Its content is simply the boilerplate release-notes/blog-post request tied to the underlying PR **#158766**.

I don't have enough information in the retrieved documents to state definitively what this issue was ""traced to"" and ""resolved by."" I can only confirm, from `rust-lang__rust__160259.md`, that the tracking issue itself contains no such discussion, and from `rust-lang__rust__158766.md`, that the associated promotion PR involved `@bors try` runs on `dist-riscv64-linux-musl`/`dist-riscv64-linux-gnu` jobs and testing on real riscv64 hardware (per `eshattow`'s comment), but no explicit ""traced to X, fixed by Y"" resolution appears in the retrieved excerpts.

If you have a more specific detail (e.g., a particular crash or CI failure) you're referring to, I'd be happy to search further — but based on what's available, I cannot confidently answer what this was traced to and what resolved it.",True,False,False,rust-lang__rust__160259.md;rust-lang__rust__158766.md,False,"The answer explicitly hedges and states it cannot determine what the issue was traced to or what resolved it, failing to commit to an answer.",1.113439,1.105754,0.007685,1.105754,,,,hop3plus,3,5.2532
ws8_q062,agentic,37489,877,0,0,7,False,end_turn,,19.595,2026-09-11 12:20:15+00:00,"This ICE (rust-lang/rust#161504) was identified as a duplicate of #159680, an ICE with the message `item_name: no name for DefPath`. The root cause was that RPITIT (return-position-impl-trait-in-trait) projections use an anonymous associated type, which has no item name—so when the trait-selection error reporting code (`TypeErrCtxt::cmp`) tried to call `TyCtxt::item_name` on it, it panicked/ICE'd. It was resolved by PR #162071 (""Fix ICE of getting item name from RPITIT""), which fixed the underlying bug (originally filed as #161915) by handling the case where an RPITIT's anonymous associated type has no item name.

Citations: `rust-lang__rust__161504.md`, `rust-lang__rust__159680.md`, `rust-lang__rust__162071.md`.",True,False,False,rust-lang__rust__161504.md;rust-lang__rust__159680.md;rust-lang__rust__162071.md,True,"Answer identifies the primary issue #161504 as duplicate of #159680 (item_name for RPITIT anonymous associated type) fixed by PR #162071, matching expected documents apart from omitting #161503.",0.091053,0.083748,0.007305,0.083748,,,,hop3plus,4,3.6388
ws8_q018,indexed,196455,1104,0,0,6,False,end_turn,,18.995,2026-09-11 12:20:37+00:00,"Based on the available document, this issue (`rust-lang__rust__159934`) is recorded in the corpus only as the original bug report — I do not see any follow-up comments in the retrieved content that identify a root cause or a fix/resolution for it. The issue was opened by `sutajo` on 2026-07-25 and, per the document, remains in the **open** state with no comments showing a diagnosis or resolution.

So, based on the document `rust-lang__rust__159934.md`, I cannot determine what the exponential compile time was eventually traced to or how it was resolved — that information isn't present in the available data. If you have a specific comment or later date reference you recall, let me know and I can search more narrowly.",True,True,False,rust-lang__rust__159934.md,False,"The answer identifies the correct issue thread but explicitly declines to state what the problem was traced to or what resolved it, leaving the question unanswered.",0.41021,0.40395000000000003,0.006260000000000001,0.40395000000000003,,,,hop1,1,5.8975
ws8_q071,agentic,55535,1123,0,0,5,False,end_turn,,16.654,2026-09-11 12:20:59+00:00,"## Root cause

The DRA structured allocator enforced the per-claim device limit (`AllocationResultsMaxSize`) using unchecked native `int` addition in two places:

- the pre-flight lower-bound sum `minDevicesPerClaim += numDevices`, and
- `allocateOne`'s `len(results) + requestData.numDevices - r.deviceIndex` pruning check.

`validateDeviceRequest` only rejected a single `Count` above `math.MaxInt`, but never checked the *sum* of counts across requests (or a count plus devices already allocated for the claim) against the result limit. So several large-but-individually-valid counts (e.g., two counts of `math.MaxInt/2 + 1`) could add up and wrap around in native int arithmetic, letting the `> AllocationResultsMaxSize` check be silently skipped. In the pre-flight path the wrapped negative total was then used as a slice capacity in `make`, causing a scheduler panic (`makeslice: cap out of range`); in `allocateOne`, the wrapped total disabled the `errAllocationResultMaxSizeExceeded` pruning that `FirstAvailable` needs to fall back to a smaller alternative, misdirecting backtracking instead. This was confirmed exploitable by any user who can create a ResourceClaim with such counts, and was reported to security@kubernetes.io (closed as duplicate) — see kubernetes__kubernetes__141323.md.

## Resolution

PR #141307 fixed it by rewriting both checks to compare the *additional or remaining* devices needed against the *remaining* claim capacity (rather than summing counts and then comparing to the limit), so the totals can never overflow. This preserves the same effective limit (`AllocationResultsMaxSize`), was applied identically across all three allocator tiers (stable, incubating, experimental), and keeps `errAllocationResultMaxSizeExceeded` pruning working so oversized `FirstAvailable` alternatives fall through to smaller ones instead of panicking or being missed. The fix was cherry-picked back across the supported release branches (1.34–1.37) — see kubernetes__kubernetes__141307.md, referenced by kubernetes__kubernetes__141323.md.",True,False,False,kubernetes__kubernetes__141323.md,False,"Answer credits a fabricated PR #141307 rather than tracing the report to the duplicate issue #140424 and its fix PR #140451, so the resolution named is wrong.",0.1393,0.1223,0.017,0.1223,,,,hop3plus,3,5.1809
ws8_q071,indexed,7917,773,0,0,2,False,end_turn,,9.059,2026-09-11 12:21:27+00:00,"## Root cause

The issue (kubernetes/kubernetes#141323) was traced to unchecked native-`int` arithmetic in the structured DRA allocator's per-claim device-limit checks. Specifically:

- The pre-flight `Allocate` loop accumulates `minDevicesPerClaim += numDevices` across requests.
- `allocateOne` computes `len(results) + requestData.numDevices - r.deviceIndex`.

`DeviceRequest.Count` is only validated as `> 0` (never against `AllocationResultsMaxSize`), so combining several large-but-valid individual counts (e.g., two counts of `math.MaxInt/2 + 1`) could sum past `math.MaxInt` and wrap around (e.g., to a negative value). This caused the `total > AllocationResultsMaxSize` check to be silently skipped, letting oversized claims through, and it could also misdirect the `FirstAvailable`/backtracking logic (disabling the `errAllocationResultMaxSizeExceeded` pruning) instead of pruning an oversized alternative — or even cause a panic from a negative slice capacity.

## Fix

It was resolved by PR kubernetes/kubernetes#141307, ""DRA: avoid integer overflow in per-claim device-limit checks."" Instead of summing counts and then comparing to the max, both checks were changed to compare the additional/remaining devices needed against the *remaining* claim capacity, so the arithmetic can never overflow. This change was applied identically across all three structured-allocator implementations (stable, incubating, and experimental tiers), since each duplicates the allocator logic independently. The fix does not introduce a new limit — the effective per-claim limit (`AllocationResultsMaxSize`) is unchanged — but now an oversized request is properly rejected with an error naming the offending request, and an oversized `firstAvailable` alternative correctly falls through to a smaller one instead of crashing or bypassing the limit check.

Sources: `kubernetes__kubernetes__141323.md`, `kubernetes__kubernetes__141307.md`",True,False,False,kubernetes__kubernetes__141323.md,False,"Candidate cites PR #141307 as the fix, whereas the expected resolution lies in PRs #140424 and #140451; the named resolving change does not match.",0.042079,0.023563999999999998,0.018515,0.023563999999999998,,,,hop3plus,3,5.1809
ws8_q027,agentic,44473,735,0,0,5,False,end_turn,,12.027,2026-09-11 12:21:46+00:00,"This document (`rust-lang__rust__161561.md`) only contains the original bug report — there are no follow-up comments in the available thread that identify a root cause or a fix. The issue is marked as still **open**, and the only information given is the regression bisection ranges (a Miri commit range and a corresponding rustc commit range) that RalfJung provided for further investigation. Based on this document alone, I cannot determine what the warnings were ""eventually traced to"" or what resolved them — that information isn't present in the captured thread.",True,True,False,rust-lang__rust__161561.md,False,"The answer identifies the right issue thread but explicitly declines to state the cause or resolution, which the question requires.",0.10191599999999999,0.09629599999999999,0.005620000000000001,0.09629599999999999,,,,hop1,1,3.8607
ws8_q013,indexed,8514,913,0,0,2,False,end_turn,,9.629,2026-09-11 12:22:00+00:00,"## Root Cause

The issue (kubernetes/kubernetes#140688) was traced to the `sortAvailableCPUsSpread()` function in the CPUManager's `distribute-cpus-across-cores` policy option. This function used `sort.Ints()` to sort CPU IDs numerically within each socket, assuming that sorted CPU IDs would naturally interleave across physical cores (e.g., core 0 = CPU 0, core 1 = CPU 1, ... core 0 (thread 2) = CPU 8, etc.).

This assumption only holds on systems where the BIOS/firmware enumerates all ""thread 0"" CPUs before ""thread 1"" CPUs (non-contiguous sibling numbering). On systems with **contiguous sibling CPU IDs** (e.g., core 0 = CPUs 0,1; core 1 = CPUs 2,3) — common in VMs/QEMU/KVM and some bare-metal configurations — the function produced the same ordering as the ""packed"" policy, meaning the ""spread"" logic had no effect and sibling hyperthreads were allocated together instead of being spread across distinct physical cores. In short, the algorithm relied on logical CPU numbering order rather than actual topology data (which was already available via `cpuAccumulator.details`/`CPUsInCores()`).

## Resolution

It was fixed in PR kubernetes/kubernetes#140766 (""CPUMANAGER: spread CPUs across cores using topology""), which rewrote `sortAvailableCPUsSpread()` to be explicitly topology-aware:
1. Sort sockets using existing topology ordering.
2. Retrieve the available cores within each socket.
3. Sort those cores using existing topology-aware sorting logic.
4. Build the list of CPUs available per core.
5. Select CPUs **round-robin across cores** (one logical CPU per core before moving to sibling threads), rather than by numeric CPU ID sort.

This ensures one thread is picked from each physical core before doubling up on siblings, regardless of how the kernel/BIOS numbers the CPUs — fixing the bug on systems with contiguous sibling IDs. The PR also added regression tests (`TestCPUAccumulatorFreeCPUsSpreadRoundRobin`) covering multiple topology layouts to confirm the allocation now depends on topology, not CPU numbering.

Sources: `kubernetes__kubernetes__140688.md`, `kubernetes__kubernetes__140766.md`",True,True,False,kubernetes__kubernetes__140688.md,True,"The answer identifies issue #140688, correctly attributes the bug to numeric sorting in sortAvailableCPUsSpread, and names the topology-aware round-robin fix PR #140766 as the resolution.",0.036087999999999995,0.026157999999999997,0.009930000000000001,0.026157999999999997,,,,hop1,1,6.4572
ws8_q056,agentic,6301,437,0,0,3,False,end_turn,,7.552,2026-09-11 12:22:14+00:00,"This issue was traced to the same root cause as issue **kubernetes/kubernetes#132359** — a generic problem with decode errors for `DeleteOptions` in the apiserver — which had already been fixed on master by PR **#133358** (this fix decodes such invalid request bodies into a proper 400 Bad Request instead of a 500 error). By the time this issue (#139490) was reported, that generic decode-error fix was already present in release-1.35, release-1.36, and master; a backport to the supported release-1.34 branch was being tracked in **#139540** (a separate PR, #139767, aimed directly at this issue, was closed without merging). The reporter suggested #139490 be treated as a duplicate of #132359 and tracked/resolved via #139540, including adding the `{""dryRun"":""All""}` case as a regression test.

Source: `kubernetes__kubernetes__139490.md`",True,False,False,kubernetes__kubernetes__139490.md,True,"Answer identifies issue #139490 as duplicate of the generic DeleteOptions decode-error bug fixed by #133358, resolved/tracked via backport #139540, matching the expected documents and resolution.",0.024322,0.016971999999999998,0.007350000000000001,0.016971999999999998,,,,hop3plus,3,6.8626
ws8_q008,indexed,25825,802,0,0,3,False,end_turn,,11.22,2026-09-11 12:22:24+00:00,"Based on the search results, this refers to **rust-lang/rust#157850**, the auto-generated ""Tracking issue for release notes of #147946: Tracking Issue for `strip_circumfix`"" (created because `strip_circumfix` was stabilized without an explicit release-notes tracking issue title).

This wasn't a bug report — it was simply superseded/duplicated. A separate, correctly-titled tracking issue, **rust-lang/rust#160694** (""Tracking issue for release notes of #158012: Stabilize `strip_circumfix`""), was later opened to properly track the release-notes text for the actual stabilization PR (#158012), listing `str::strip_circumfix` and `[T]::strip_circumfix` as the Stabilized APIs. Issue #157850 was then closed once that replacement/duplicate release-notes tracking issue (#160694) took over the job.

**Sources:** `rust-lang__rust__157850.md`, `rust-lang__rust__160694.md`, `rust-lang__rust__158012.md`",True,True,False,rust-lang__rust__157850.md,True,The answer identifies the correct thread (rust-lang/rust#157850) and plausibly describes the resolution as closure in favor of the proper stabilization release-notes issue #160694 for PR #158012.,0.08823,0.05967000000000001,0.028560000000000002,0.05967000000000001,,,,hop1,1,6.3771
ws8_q068,agentic,61412,2595,0,0,8,False,end_turn,,40.241,2026-09-11 12:22:49+00:00,"## Answer

The tracking issue itself (`rust-lang__rust__160259.md`, ""Tracking issue for release notes of #158766: Promote riscv64-unknown-linux-musl to tier 2 with host tools"") is just a release-notes placeholder with no bug content — the actual investigation happened in the associated PR, **#158766** (""Promote riscv64-unknown-linux-musl to tier 2 with host tools"", `rust-lang__rust__158766.md`).

During that PR's `@bors try` runs for `dist-riscv64-linux-musl`/`dist-riscv64-linux-gnu`, a CI job failed. The failure was **traced to the new RISC-V Docker image not copying the crosstool-ng checksum patch**: the `Dockerfile` ran `crosstool-ng.sh`, which unconditionally reads `/scripts/crosstool-ng-sha256-20260705.diff`, but that patch file was never copied into the image (unlike the existing RISC-V GNU image). As the PR author (`eshattow`) explained, this was fallout from a recent, unrelated change made to work around the kernel.org mirrors CDN being down for several days, which he had missed.

It was **resolved** by adding the missing `COPY` line for the crosstool-ng checksum patch to the Dockerfile, after which the `dist-riscv64-linux-musl`/`dist-riscv64-linux-gnu` try builds succeeded and the PR was subsequently approved and merged (via rollup #159814, `rust-lang__rust__159814.md`).

**Sources:** `rust-lang__rust__160259.md`, `rust-lang__rust__158766.md`, `rust-lang__rust__159814.md`",True,False,False,rust-lang__rust__160259.md;rust-lang__rust__158766.md,True,"Identifies the tracking issue and PR #158766, correctly tracing failure to the missing crosstool-ng checksum patch COPY and its addition as the fix; only the merge rollup number differs.",0.16769399999999998,0.148774,0.018920000000000003,0.148774,,,,hop3plus,3,5.2532
ws8_q026,indexed,113851,1184,0,0,5,False,end_turn,,21.349,2026-09-11 12:23:36+00:00,"Based on the available search results, I was not able to find any comments in the issue thread (`kubernetes__kubernetes__140735.md`) that trace the root cause or resolution — the document as indexed only contains the original bug report (which is duplicated in the search index), and the issue remains in the **open** state with no comments identifying a root cause or fix.

**What I can confirm:** In kubernetes/kubernetes#140735, the reporter (khteh) saw an HPA with a `type: Object`/`Ingress` metric fail with `unable to fetch metrics from custom metrics API: no custom metrics API (custom.metrics.k8s.io) registered` on a local microk8s cluster (Kubernetes v1.36.2), following the standard HPA walkthrough example that uses `requests-per-second` on an Ingress object metric.

I cannot determine from the retrieved documents what this was ""eventually traced to"" or what resolved it, because the indexed thread does not contain any triage/root-cause comments or a resolution — only the initial bug report (source: `kubernetes__kubernetes__140735.md`). If you have access to the live GitHub issue, checking later comments there would be needed to get the final diagnosis (my search of this corpus did not surface it).",True,True,False,kubernetes__kubernetes__140735.md,False,"The answer identifies the right issue thread but explicitly fails to state what the report was traced to or what resolved it, leaving the question unanswered.",0.24686699999999998,0.23954199999999998,0.007325,0.23954199999999998,,,,hop1,1,5.2785
ws8_q004,agentic,57459,3515,0,0,8,False,end_turn,,47.95,2026-09-11 12:24:03+00:00,"Based on the document `rust-lang__rust__159823.md`, this is not a bug‑investigation thread at all — it's the auto‑generated **release‑notes tracking issue** that rustbot opens for every merged PR that needs a changelog entry. It simply asks the PR authors (@kulst and @bjorn3) to draft the release‑notes text for PR #150732 (""Convert `-Ctarget-cpu` into a target-modifier for AVR, AMDGCN and NVPTX""), and provides the template:

```
# Compiler
- [Convert `-Ctarget-cpu` into a target-modifier for AVR, AMDGCN and NVPTX](https://github.com/rust-lang/rust/pull/150732)
```

There is no further discussion recorded in the thread — the issue is still open (state: open) with no comments beyond the bot's initial template, so no root cause was ""traced"" to anything and nothing has actually resolved it yet. It remains an open placeholder waiting for someone to fill in the actual release-notes wording (and possibly a blog-post section) before the next release.",True,True,False,rust-lang__rust__159823.md,True,"Answer identifies the correct thread (#159823) as the rustbot release-notes tracking issue for PR #150732 and accurately describes its status, committing to a specific answer.",0.166353,0.150068,0.016285,0.150068,,,,hop1,1,6.0517
ws8_q054,indexed,163892,1372,0,0,5,False,end_turn,,19.096,2026-09-11 12:24:57+00:00,"I found rust-lang__rust__159244.md, titled ""Miscompilation with FFI `bool` return type on AArch64"" — this closely matches the described issue.

Based on that document:

- **Symptom:** A Rust program calling a C function that returns a `bool` (packed as one byte in a larger struct) via FFI on AArch64 behaved incorrectly — an `if` on the returned bool took the wrong branch, and the reported minimized case effectively involved a `bool`-like value being widened as if it were `as u32`/zero-extended.
- **Root cause traced to:** rustc emitting the FFI `bool` return type to LLVM with the `zeroext i1` attribute. On AArch64, the ABI does **not** guarantee that the unused/upper bits of the register holding a returned `_Bool`/`bool` are zeroed — per the AAPCS64 spec, ""any unused bits in the register have unspecified value."" LLVM's `zeroext` attribute, however, tells the code generator it may assume the *entire register* is zero-extended, not just the byte containing the actual bool value. Since the C callee (`get_a`) only touched the low byte and left garbage in the upper bits, and LLVM/rustc assumed the whole register was zero-extended, the resulting `cmp` against the full register picked up garbage and mis-evaluated the boolean, triggering `unreachable_unchecked`/wrong branching.
- **Resolution:** This was recognized as a genuine ABI-related codegen bug: rustc was incorrectly telling LLVM (`zeroext`) that returned/passed `bool`/`_Bool` values are zero-extended across AArch64 FFI boundaries, when the AArch64 procedure-call standard doesn't guarantee that. The fix direction discussed was to stop emitting the `zeroext` attribute (or otherwise correct the ABI lowering) for `bool` in FFI contexts on AArch64, since that attribute assumption doesn't hold for the platform's calling convention.

Source: `rust-lang__rust__159244.md`",False,False,False,,False,"The answer names a different issue (159244, an AArch64 FFI zeroext ABI bug) rather than the expected threads 158206/158331/158214, so it identifies the wrong report and resolution.",0.350574,0.341504,0.00907,0.341504,,,,hop3plus,3,6.303
ws8_q023,agentic,20078,793,0,0,6,False,end_turn,,16.954,2026-09-11 12:25:19+00:00,"## Answer

The bug was traced to `rustc --unpretty=expanded` (the AST pretty-printer, specifically the item-printing logic in `compiler/rustc_ast_pretty/src/pprust/state/item.rs`), which was still emitting `impl const Trait for Foo {}` (the old, now-invalid syntax order). This regressed because rustfmt had recently been changed (via commit `a88521a6f6e224459f962c9de1b548d651ec126c`) to no longer accept/auto-correct that old ordering — rustfmt now expects/enforces the new correct syntax `const impl Trait for Foo {}` and errors on the old one instead of silently fixing it.

The issue was resolved by PR **rust-lang/rust#158600** (""Fix `rustc --unpretty=expanded` emit of `[const] [unsafe] impl Trait for`""), which fixed the pretty-printer to correctly emit `const`/`unsafe` impls in the new syntax order, so its output would once again be valid input that rustfmt could parse.

Sources: `rust-lang__rust__158599.md`, `rust-lang__rust__158600.md`",True,True,False,rust-lang__rust__158599.md,True,"The answer names issue #158599, correctly attributes it to the AST pretty-printer emitting outdated const-impl syntax order, and cites the fixing PR #158600.",0.082296,0.048086,0.034210000000000004,0.048086,,,,hop1,1,7.5558
ws8_q036,indexed,34280,558,0,0,3,False,end_turn,,9.646,2026-09-11 12:25:50+00:00,"Based on kubernetes/kubernetes issue #141007 and PR #141009:

**Root cause:** The unbounded cardinality was traced to the `group`, `version`, `resource`, and `subresource` labels used in the `apiserver_request_terminations_total` metric. These labels are populated from a `RequestInfo` struct that is parsed directly from the raw, unvalidated request path segments — since the path isn't validated, arbitrary/malformed path segments could be injected into these labels, causing the metric's cardinality to grow unbounded.

**Resolution:** The fix (PR #141009, ""Drop unbounded cardinality labels from apiserver_request_terminations_total"") dropped the unbounded labels (`group`, `version`, `resource`, `subresource`) from the alpha-stability metric, keeping only `verb`, `scope`, `component`, and `code`.

Sources: `kubernetes__kubernetes__141007.md`, `kubernetes__kubernetes__141009.md`",True,False,False,kubernetes__kubernetes__141007.md,False,"It cites PR #141009 with a fabricated ""drop labels"" fix rather than the actual resolving change (#141092), so the stated resolution doesn't match.",0.09431,0.07414000000000001,0.02017,0.07414000000000001,,,,hop2,2,7.5558
ws8_q073,agentic,16226,597,0,0,4,False,end_turn,,9.843,2026-09-11 12:26:09+00:00,"The bug (rust-lang/rust#159368) was traced to `BTreeMap`'s `remove_entry` implementation, where the tree removal happens before the map's length is decremented — if the allocator's `Drop` implementation panics during that window (unwinding out of `remove`), the map ends up with a stale `len` that no longer matches the actually-accessible elements, leading to unsoundness (e.g., double frees when iterating/dropping afterward).

It was resolved not by patching that specific ordering bug directly, but by the broader allocator API refactor in PR #157428 (""allocator: refactor for stabilisation""), which forbids allocators from panicking on drop — eliminating the root cause that allowed unwinding mid-operation in `BTreeMap` internals.

Sources: `rust-lang__rust__159368.md`, `rust-lang__rust__157428.md`.",True,False,False,rust-lang__rust__159368.md;rust-lang__rust__157428.md,True,"Identifies issue #159368, the len-vs-removal ordering when an allocator's Drop unwinds, and the resolution via the allocator refactor (#157428) forbidding panicking allocator drops.",0.055712,0.038422,0.01729,0.038422,,,,hop3plus,3,4.7677
ws8_q005,indexed,21637,1321,0,0,3,False,end_turn,,17.955,2026-09-11 12:26:26+00:00,"The issue #140523 (""EvictionRequest: add CRUD tests for conformance"") was raised as a follow-up to the failing `apisnoop-conformance-gate` job, but the underlying failure was ultimately traced to a bug in how apisnoop/audit tooling classified the new `lifecycle.k8s.io` API group.

**Root cause** (per `kubernetes__kubernetes__141065.md` and `kubernetes__kubernetes__140923.md`):
- PR #137050 added the new `lifecycle.k8s.io/v1alpha1` group (for `EvictionRequest`). The group-discovery endpoint `getLifecycleAPIGroup` (`/apis/lifecycle.k8s.io/`) contains no version string, so apisnoop's/audit-log-parser's heuristic (which flags an endpoint as ""alpha""/""beta"" only if those words literally appear) misclassified it as a **stable** endpoint even though the group only serves an alpha version.
- Since alpha groups aren't served in a default/conformance cluster, no conformance test could ever exercise `getLifecycleAPIGroup`, so the gate perpetually flagged it as an ""untested eligible endpoint"" and turned `apisnoop-conformance-gate` red.
- The original mitigation attempt (adding `getLifecycleAPIGroup` to `test/conformance/testdata/pending_eligible_endpoints.yaml`) didn't actually work because that file is **not consumed by the `apisnoop-conformance-gate` job** — it only loads `ineligible_endpoints.yaml` (confirmed in #141065). So adding CRUD tests for `EvictionRequest` itself (the ask in #140523) could not turn the gate green, since the failure was about the untested *group* endpoint, not the `EvictionRequest` resource endpoints.

**Resolution**:
- Short-term unblock: move `getLifecycleAPIGroup` into `ineligible_endpoints.yaml` (with the same rationale used for other ""group has no stable endpoints yet"" entries like `getInternalApiserverAPIGroup`, `getResourceAPIGroup`, `getStoragemigrationAPIGroup`), tracked in #141065 and landed via kubernetes/kubernetes#141109.
- Longer-term fix: correct the classification logic in apisnoop and the test-infra audit log parser so they check the *actual served versions* of a group rather than just scanning the endpoint name for ""alpha""/""beta"" — tracked as kubernetes-sigs/apisnoop#1035, a snoopdb image bump in test-infra's `conformance-gate.yaml`, and kubernetes/test-infra#37599 for `audit_log_parser.py` (per the comment by `hh` in `kubernetes__kubernetes__141065.md`).
- Separately, actual CRUD/e2e test coverage for the `EvictionRequest` resource itself was added via PR #141043 (open) after an earlier attempt, PR #140897, was closed unmerged.

**Sources:** `kubernetes__kubernetes__140523.md`, `kubernetes__kubernetes__140923.md`, `kubernetes__kubernetes__141065.md`, `kubernetes__kubernetes__140897.md`, `kubernetes__kubernetes__141043.md`.",True,True,False,kubernetes__kubernetes__140523.md,True,"Answer identifies issue #140523 and correctly attributes the gate failure to apisnoop misclassifying getLifecycleAPIGroup as stable, resolved via ineligible_endpoints listing and apisnoop fixes.",0.075399,0.056484,0.018914999999999998,0.056484,,,,hop1,1,7.1503
ws8_q036,agentic,6257,591,0,0,3,False,end_turn,,7.001,2026-09-11 12:26:50+00:00,"## Answer

The high cardinality was traced to the `group`, `version`, `resource`, and `subresource` labels on the `apiserver_request_terminations_total` metric. These labels are populated from a `RequestInfo` object that is parsed directly from raw, **unvalidated** request path segments — meaning arbitrary/malformed request paths could generate essentially unbounded distinct label values, causing metric cardinality to grow without bound.

It was resolved by dropping those unvalidated, unbounded-cardinality labels (`group`, `version`, `resource`, `subresource`) from the metric, keeping only the tightly bounded labels: `verb`, `scope`, `component`, and `code`. Since it was still an alpha-stability metric, this breaking change was made directly via PR #141092 (""Drop unvalidated labels from apiserver_request_terminations_total""), which fixed issue #141007 (an earlier PR, #141009, proposed the same fix but was superseded/closed in favor of #141092).

Sources: `kubernetes__kubernetes__141007.md`, `kubernetes__kubernetes__141009.md`, `kubernetes__kubernetes__141092.md`",True,True,False,kubernetes__kubernetes__141007.md;kubernetes__kubernetes__141092.md,True,"The answer identifies issue #141007 and the resolving PR #141092, correctly describing the unvalidated high-cardinality group/version/resource/subresource labels being dropped from the alpha metric.",0.026029,0.018424,0.007605,0.018424,,,,hop2,2,7.5558
ws8_q049,indexed,288613,2898,0,0,7,False,end_turn,,37.66,2026-09-11 12:26:59+00:00,"Based on the tracking issue **`kubernetes__kubernetes__141310.md`** (""APIserver: track API LIST request path microbenchmarks,"" opened by yedou37), the issue itself is an audit of the existing LIST-path microbenchmarks, and it flags several benchmarks as ""Unhealthy"" along with what they were traced to and how each was (or was being) resolved:

1. **`BenchmarkCacher_GetList`** – traced to a **stale local `fakeStorage`** that embeds a `nil storage.Interface` and no longer implements the methods now called during cacher startup (e.g. `EnableResourceSizeEstimation`), causing it to panic instead of running (`nil pointer dereference` in `NewCacherFromConfig`). This was resolved by **PR #141309**, which removed the stale benchmark and folded its coverage into `BenchmarkStoreList` as field-selector cases using shared exemplar Pod data (`kubernetes__kubernetes__141309.md`).

2. **`BenchmarkCacher_GetList_AllPods`** – still ran, but was flagged unhealthy because it used **manually constructed Pods instead of the shared exemplar Pod data**. This was resolved by **PR #141412**, which folded the unfiltered full-list benchmark into `BenchmarkStoreList` (`Objects=5000` unfiltered case), aligning it with the shared exemplar data and standard benchmark structure (`kubernetes__kubernetes__141412.md`).

3. **`BenchmarkStore_GetList`** – traced to a **stale key prefix**: it writes test objects under `/testing/testkey/...`, but the etcd store setup now expects the `/pods/` resource prefix, causing `Set failed: invalid key ... lacks resource prefix: ""/pods/""` failures. The issue lists this as still needing a fix (no linked ""Related fix PR"" at the time of the report).

In short, the reported problems were traced to **benchmark code drift/rot** — stale fake-storage implementations and mismatched key prefixes/test fixtures that no longer matched the current cacher/etcd storage code — and they were resolved (for the first two cases) by consolidating and modernizing them into the shared, healthy `BenchmarkStoreList` benchmark via PRs #141309 and #141412.",True,False,False,kubernetes__kubernetes__141310.md,False,"Candidate cites PRs #141309/#141412 and benchmark code rot, not the expected resolving threads (#139770, #139605), so the described cause/fix does not match.",0.6260359999999999,0.606206,0.01983,0.606206,,,,hop3plus,3,7.8435
ws8_q051,agentic,20542,836,0,0,4,False,end_turn,,15.473,2026-09-11 12:27:44+00:00,"**Root cause:** The issue was traced not to release branches (as originally reported) but to `master`'s `test/images/agnhost/Dockerfile` (and the shared `test/images` build tooling), which builds using a tag‑based reference (`golang:$GOLANG_VERSION`) derived from `.go-version`. When `.go-version` is bumped for a new Go patch release, the `post-kubernetes-push-e2e-agnhost-test-images` postsubmit job (which BenTheElder clarified only runs on master/main) immediately tries to pull that exact `golang:<version>` tag before it has been published on Docker Hub, causing the image build to fail outright with no fallback (kubernetes/kubernetes#141396).

**Resolution:** BenTheElder opened PR #141643 (""test/images: don't depend on golang:<version> docker tags""), which pins the Go builder image by digest in one place (`GOLANG_IMAGE` in `test/images/Makefile`) and lets `GOTOOLCHAIN` select the actual Go version to build with, so the build no longer depends on a specific `golang:<version>` tag existing on Docker Hub at build time. This PR fixed/closed issue #141396.

(Sources: `kubernetes__kubernetes__141396.md`, `kubernetes__kubernetes__141643.md`)",True,False,False,kubernetes__kubernetes__141396.md,False,"It identifies issue #141396 and the fix mechanism, but attributes the fix to a PR (#141643) not among the actual resolving PRs (#141537/#141562), naming the wrong pull request.",0.079724,0.049443999999999995,0.03028,0.049443999999999995,,,,hop3plus,5,7.5558
ws8_q024,indexed,145417,1755,0,0,5,False,end_turn,,29.858,2026-09-11 12:28:11+00:00,"Based on the GitHub issue thread (`rust-lang__rust__159418.md`), the root cause was identified but the issue is still **open** with no landed fix at the time of the search.

**What it was traced to:**
The bugs were traced to a discrepancy in `rustc_codegen_llvm`'s inline-asm codegen (`compiler/rustc_codegen_llvm/src/asm.rs`, around lines 963–965). When an output operand is discarded (`out(zmm_reg) _`), rustc doesn't use the actual vector type of the register class (e.g., an 8×double/512‑bit vector for `zmm_reg`). Instead it generates a synthetic ""`dummy_output_type`"" that is just `cx.type_f32()` (a plain 32-bit float) for the discarded slot, rather than a full-width vector type like `<8 x double>`.

This one-line difference in the LLVM IR (`float` vs. `<8 x double>` for the unused output) caused LLVM's register allocator to behave incorrectly for AVX-512 register operands:
- When `avx512vl` is absent, LLVM thinks it can't allocate `zmm16‑31` for an `f32`, producing a spurious ""inline assembly requires more registers than available"" error.
- When `avx512vl` is present, no error is emitted, but LLVM assigns *invalid* registers for the `float` once registers `zmm0‑15` are already in use.
- Additionally, because the discarded output is typed as a scalar `float` rather than a wide vector, LLVM doesn't recognize that a `zmm`/AVX-512 register was actually touched, so it fails to insert the necessary `vzeroupper` instruction — a separate bug (missing `vzeroupper`) also stemming from the same root cause.

Real variables (`out(zmm_reg) tmp`) don't hit this because they retain the correct wide vector type, avoiding all three symptoms.

**Resolution:**
As of the information in the thread, the issue remains **open** — the reporter (real-eren) suggested the fix would be to stop using `cx.type_f32()` for discarded `[xyz]mm_reg` outputs and instead use the register class's actual (vector) type, but no merged PR resolving this was found in the available documents.",True,True,False,rust-lang__rust__159418.md,False,"It identifies the right issue and cause but claims no fix exists, failing to name the resolution the question asks about.",0.328559,0.308384,0.020175,0.308384,,,,hop1,1,7.5558
ws8_q067,agentic,133487,804,0,0,5,False,end_turn,,14.443,2026-09-11 12:28:48+00:00,"I have enough information to answer.

**Root cause:** The stack overflow was traced to a `#[recursion_limit = ""8""]` attribute in the `indented-blocks` crate (v0.6.0). The crate author had mistakenly set this attribute thinking it would prevent infinite recursion *at runtime* (the crate also has `#![forbid(unconditional_recursion)]`), but `recursion_limit` actually controls compile-time macro/const-eval recursion depth. Because of the rustdoc regression introduced by PR #157976, this crate-level `recursion_limit` attribute ended up affecting the recursion limit used when const-evaluating code inside the standard library itself (e.g. `NumBufferTrait`/`checked_ilog10`/`ub_checks` machinery in `core`), causing rustdoc to hit the very low limit of 8 stack frames and emit ""reached the configured maximum number of stack frames"" (E0080) — something `recursion_limit` was never intended to do (it isn't supposed to have cross-crate effects like this).

**Resolution:** The issue was fixed as a side effect of PR #159623 (""rustdoc: Only build extern trait impls if needed""), which reworked how rustdoc builds/filters inlined external trait impls (removing the `BadImplStripper` and doing filtering ahead of time). Once merged, `camelid` confirmed this rustdoc regression was fixed by that PR; since the trigger was considered ""a very weird edge case,"" it was not backported, and the issue was closed.

Sources: `rust-lang__rust__159477.md`, `rust-lang__rust__159623.md`",True,False,False,rust-lang__rust__159477.md;rust-lang__rust__159623.md,True,"Answer identifies the primary issue (#159477), the recursion_limit-driven rustdoc regression cause, and the fix PR #159623, matching the expected threads despite omitting one doc.",0.304039,0.275014,0.029025,0.275014,,,,hop3plus,3,4.9718
ws8_q041,indexed,418350,1769,0,0,8,False,end_turn,,28.438,2026-09-11 12:29:15+00:00,"Found it — the issue is `rust-lang__rust__159038.md`.

## Root cause

The bug was in name resolution's **effective-visibility** computation. When an item (`f`) is exported publicly through one glob re-export chain but is *also* imported (with restricted visibility, e.g. `pub(crate)`) via a second, private glob into the same module, the effective-visibility calculation only walked the *first-arrived* glob declaration's reexport chain. In the reported repro that first-arrived chain was the restricted ""facade"" route, so `f`'s effective visibility got capped at `pub(crate)` even though ordinary name resolution still correctly resolved `dep::f` as `pub`.

This mismatch meant:
- `f` was wrongly excluded from `reachable_set` and treated as unexported/unused (spurious `function 'f' is never used` warning).
- `should_encode_mir` therefore skipped encoding `f`'s optimized MIR.
- But downstream crates, since name resolution still saw `f` as publicly reachable and `cross_crate_inlinable`, tried to inline/monomorphize it — causing the `missing optimized MIR for f in the crate dep` error.

It was bisected to commit `a021a7796f66600f46013d6c8d1dfc9e8d7f4a92` (rollup #155979), attributed to PR #154149 (""resolve: Extend `ambiguous_import_visibilities` deprecation lint to glob-vs-glob ambiguities""), which changed how effective visibilities are computed for glob-vs-glob duplicate imports.

## Fix

The reporter supplied a validated fix in PR **#159039**, which corrects the effective-visibility computation so it doesn't stop at the first-arrived (possibly more restricted) glob reexport chain, restoring `f`'s correct `pub` effective visibility and thus correct MIR encoding/reachability behavior.

(Source: `rust-lang__rust__159038.md`)",True,False,False,rust-lang__rust__159038.md,False,"It names PR #154149 as culprit and #159039 as the fix, missing/contradicting the expected second thread (#157420) for cause and resolution.",0.882425,0.8543900000000001,0.028034999999999997,0.8543900000000001,,,,hop2,2,7.1503
ws8_q004,indexed,1115585,3701,0,0,12,False,end_turn,,53.348,2026-09-11 12:29:55+00:00,"Based on the available documents, I can answer this from the discussion found in **rust-lang__rust__160696.md**, which is the PR (""Convert `-Ctarget-cpu` into a target-modifier for AVR, AMDGCN and NVPTX"") whose CI kept failing with errors like:

```
rustc-LLVM ERROR: '+sm_110' is not a recognized feature for this target
```

across several `target_modifiers`/`target-cpu` UI tests targeting `nvptx64-nvidia-cuda`.

**What it was traced to:**
Contributor `kulst` explained the root cause in the thread: a recent LLVM patch changed how NVPTX/CUDA compute-capability (""sm_xx"") compatibility is modeled. Previously `sm_101` and its variants existed as LLVM subtarget features, but LLVM's change removed `sm_101` (and its variants) as subtarget features entirely, while rustc's own target-feature ""implication"" logic (added earlier in #138689, which makes higher `sm_xx`/`ptx` Rust target features imply the lower/compatible ones) still tried to enable those now-removed features. So compiling with something like `-Ctarget-cpu=sm_120` caused rustc to try to enable an `sm_10x`-family feature that no longer exists in the newer LLVM, producing the `'+sm_110' is not a recognized feature for this target` LLVM error.

**What resolved it:**
Reviewer `folkertdev` suggested it would be simpler to just gate the affected code on LLVM version >= 24 rather than trying to keep the old and new LLVM behaviors both working. `durin42` acknowledged the review comment (""I was misled by the shape of the diff I guess. Fixed."") and updated the PR to add that LLVM-version gate, after which `kulst` confirmed the fix looked correct.

Source: `rust-lang__rust__160696.md`",False,False,False,,False,"The answer names PR #160696 and an LLVM sm_101 feature-removal story rather than the expected tracking issue #159823, misidentifying the thread and resolution.",2.27684,2.26818,0.008660000000000001,2.26818,,,,hop1,1,6.0517
ws8_q048,agentic,77879,1017,0,0,3,False,end_turn,,15.572,2026-09-11 12:30:51+00:00,"On rust-lang/rust#159933, the regression was traced to the new/next-generation trait solver's fulfillment loop being inherently quadratic for large bodies: `FulfillmentCtxt::try_evaluate_obligations` (in `compiler/rustc_trait_selection/src/solve/fulfill.rs`) repeatedly scans/drains all pending obligations each pass (`drain_pending(|_, _| true)`), giving O(n) passes × O(n) pending obligations, and the new solver had a much higher constant factor per stalled-obligation check than the old solver, so it got dramatically slower on pathologically large generated function bodies (e.g., thousands of repeated `Vec::push` calls).

It was not ""resolved"" with a single algorithmic fix in this thread but improved incrementally through a series of performance PRs:
- PR #160005 gave about a 30% speedup.
- PR #160479 gave a further ~15–25% speedup (mainly its first commit; the second had no effect since `has_inspector` was already false).
- Additional unspecified commits merged around nightly `1.100.0-nightly (34baba539, 2026-08-16)` ""dramatically improved"" things—making the new solver only ~1.5×–2.5× slower than the old solver instead of tens of times slower (e.g., N=8000 dropped from 216s originally down to ~9.2s).

The underlying quadratic scan itself was still not fixed by these constant-factor improvements; the reporter noted hope that PR #161348 would address the actual algorithmic (quadratic) problem rather than just the constant factor, but as of the last update the issue remained open with that PR pending.

Source: `rust-lang__rust__159933.md`",True,False,False,rust-lang__rust__159933.md,True,"Identifies the primary issue #159933 and the perf PR #160005, accurately describing the next-solver fulfillment-loop overhead and incremental speedups as the resolution.",0.184223,0.165928,0.018295,0.165928,,,,hop3plus,3,4.0517
ws8_q010,indexed,543979,2254,0,0,9,False,end_turn,,35.279,2026-09-11 12:31:14+00:00,"Based on my research, I found the issue in question is rust-lang/rust#158224, which is documented as still **open** (no further comments beyond the original report in the indexed data).

**What it was traced to:** The issue's own root-cause analysis (done via `-Ztime-passes`) found that the slowdown is in region/outlives checking within MIR borrow-checking. Specifically:

- In the fast case (method1), boxing the async block's future at the borrow's own lifetime `'life0` means `Self: 'life0` is exactly the implied bound that well-formedness of `&'life0 self` already provides — so it's discharged in O(1), with no type walk.
- In the slow case (method2 — the shape `#[async_trait]` generates), the future is boxed at a **distinct** `'async_trait` region (with a separate `where 'life0: 'async_trait, Self: 'async_trait` bound). Since `Self: 'async_trait` is *not* an implied bound already available, borrowck has to decompose `Self` and re-walk **every region-bearing component** of the captured type to discharge that outlives obligation — and this re-walk cost scales with the nesting depth of the captured type.

Removing any one of the three factors (distinct return region, async generator, or a region-bearing captured type) makes the slowdown disappear, confirming it's specifically about outlives/region checking (not drop-checking, since region-free leaf types don't trigger it).

**What resolved it:** Nothing yet — as of the indexed data, the issue is still open with no linked fix/PR. The reporter noted it's likely related to (but distinct from) issue #126440 (""`MIR_borrow_checking` very slow""), and possibly usable as an MCVE for that issue, but no resolution/fix has landed.

Source: `rust-lang__rust__158224.md`",True,True,False,rust-lang__rust__158224.md,False,"It names the right issue but asserts no resolution exists, failing to identify what the report was traced to and what actually resolved it.",1.139473,1.110498,0.028974999999999997,1.110498,,,,hop1,1,7.8435
ws8_q042,agentic,12756,864,0,0,5,False,end_turn,,18.295,2026-09-11 12:32:02+00:00,"Based on the available document, this issue (`kubernetes__kubernetes__141407.md`) remains **open** and does not contain a resolution trail — there is no ""traced to X, resolved by Y"" content in it. The thread only shows:

- The issue notes it depends on kubernetes/kubernetes#141403 being merged first, and references allow-list entries added by PR #141415 that should be removed as part of the fix.
- pacoxu confirmed #141403 was merged and volunteered to work on it; brejman approved (""sure!"") on 2026-09-10.

There is no further comment in the document indicating what root cause it was ""eventually traced to"" or what ultimately resolved it — as of the last update in the file, the issue is still open and unresolved, with pacoxu just having been assigned to work on it.",True,False,False,kubernetes__kubernetes__141407.md,False,"Though it names the right issue and the #141403 dependency, the answer denies any resolution exists rather than committing that #141403's merge resolved the blocker.",0.055216999999999995,0.034152,0.021065,0.034152,,,,hop2,2,3.4867
ws8_q033,indexed,512036,3613,0,0,10,False,end_turn,,56.451,2026-09-11 12:32:30+00:00,"Found it. In `rust-lang__rust__160292.md`, the comment thread shows the reporter's confusion was traced to a **duplicate/misplaced release-notes tracking issue**: rustbot had created issue #160292 for release notes of the *tracking issue* #159298 (""Tracking Issue for `bool::toggle`""), but the correct release-notes text should really have gone into the newer issue **#161462** (""Tracking issue for release notes of #160299: Stabilize `bool::toggle`""), which tracks the actual stabilization PR #160299.

CenTdemeern1's comment on #160292 states:
> ""Oh, I believe this might have been supposed to go in #161462...? Apologies, this is a bit confusing""

So the confusion was traced to rustbot generating two separate release-notes tracking issues for the same feature — one erroneously tied to the tracking issue (#159298 → #160292) and the correct one tied to the stabilization PR (#160299 → #161462). It was resolved by recognizing that the release notes content belonged in #161462 rather than #160292.

**Sources:** `rust-lang__rust__160292.md`, `rust-lang__rust__161462.md`, `rust-lang__rust__159298.md`",True,False,False,rust-lang__rust__161462.md,False,"Answer centers on #160292 as a duplicate mixup rather than the expected thread #161462 traced to stabilization PR #160299, describing a resolution that does not match.",1.089642,1.060202,0.02944,1.060202,,,,hop2,2,5.7232
ws8_q013,agentic,9729,653,0,0,3,False,end_turn,,8.122,2026-09-11 12:33:39+00:00,"**Root cause:** The bug was traced to `sortAvailableCPUsSpread()` in the CPU manager, which spread CPUs across a socket simply by numerically sorting (`sort.Ints()`) the CPU IDs rather than using the actual core/topology information (`cpuAccumulator.details`, e.g. `CPUsInCores()`). This numeric-sort approach only happened to produce a topology-spread result on systems where the BIOS/firmware enumerates all ""thread-0"" CPUs before ""thread-1"" CPUs (non-contiguous sibling IDs). On systems with contiguous sibling thread IDs (e.g., core 0 = CPUs 0,1; core 1 = CPUs 2,3 — common in QEMU/KVM VMs and some bare-metal setups), the numeric sort produced the same ordering as the ""packed"" policy, so `distribute-cpus-across-cores` had no actual spreading effect and allocated sibling threads together instead of across separate physical cores.

**Resolution:** It was fixed by PR #140766, which rewrote the CPU spreading logic to explicitly use the real CPU topology (iterating cores and round-robining one thread per core, e.g., via `CPUsInCores()`/`sortAvailableCores()`) instead of relying on logical CPU numbering order, ensuring correct spreading across physical cores regardless of how sibling CPU IDs are numbered.

Sources: `kubernetes__kubernetes__140688.md`, `kubernetes__kubernetes__140766.md`",True,True,False,kubernetes__kubernetes__140688.md,True,"Identifies issue #140688 and accurately describes the numeric CPU-ID sorting in the spread strategy as the cause, with a topology-aware fix as resolution.",0.056183,0.025987999999999997,0.030195,0.025987999999999997,,,,hop1,1,6.4572
ws8_q011,indexed,9452,576,0,0,2,False,end_turn,,7.458,2026-09-11 12:34:00+00:00,"## Root Cause

The issue (kubernetes/kubernetes#140037) was traced to a race condition between the kubelet's secret/configMap managers and the volume manager:

- The secret/configMap managers use a **register-then-get** contract — `RegisterPod` must be called before `GetSecret`/`GetConfigMap` will return an object.
- `RegisterPod` was only called from `SyncPod` (the pod worker), while the volume manager's desired-state-of-world populator and reconciler run on independent loops.
- During a cold start (kubelet restart/reboot/upgrade), the reconciler could attempt to mount a secret/configMap volume — and thus call `Get` — **before** `SyncPod` had registered the object. This caused the cache to return `object ""<ns>""/""<name>"" not registered""`, surfaced as a transient `FailedMount` event that self-healed on the next reconcile pass.

## Fix

This was resolved by PR kubernetes/kubernetes#140229, ""kubelet: register pod objects in volume populator before mounting."" The fix moves registration of a pod's secrets/configMaps into `processPodVolumes` — the single point where the populator queues a pod's volumes into the desired state of world — so registration happens before the volumes are added and before the reconciler can ever fetch the object. Since `RegisterPod` is idempotent and deduplicated by pod UID, this closes the race at its source.

Sources: `kubernetes__kubernetes__140037.md`, `kubernetes__kubernetes__140229.md`",True,True,False,kubernetes__kubernetes__140037.md,True,"Answer names the correct issue #140037 and describes the register-then-get race between the volume manager populator/reconciler and SyncPod registration, with the populator-registration fix.",0.048319,0.024664,0.023655,0.024664,,,,hop1,1,7.5558
ws8_q019,agentic,11385,568,0,0,5,False,end_turn,,12.758000000000001,2026-09-11 12:34:17+00:00,"The root cause was that Memory Manager's pod-scope `regenerateHints`/restore logic compared a single container's restored memory blocks against the whole Pod's memory request (rather than the pod-level allocation), so for multi-container Guaranteed pods using pod-level memory resources, the comparison never matched, causing hint regeneration to return no hint after a kubelet restart — which could make an already-running pod fail admission under `restricted`/`single-numa-node` topology policies.

It was resolved by PR kubernetes/kubernetes#141070 (""memorymanager: restore pod hints from pod allocation""), which changed the restore logic to use the pod-level memory allocation (rather than a single container's allocation) when regenerating topology hints, and added a regression test for multi-container pod restarts.

Sources: `kubernetes__kubernetes__141069.md`, `kubernetes__kubernetes__141070.md`.",True,True,False,kubernetes__kubernetes__141069.md,True,Answer identifies the correct issue (#141069) and plausibly accurate cause—pod-scope restore comparing container blocks to pod request—and the corresponding fix PR.,0.156015,0.028450000000000003,0.12756499999999998,0.028450000000000003,,,,hop1,1,4.7832
ws8_q073,indexed,9368,397,0,0,2,False,end_turn,,6.484,2026-09-11 12:35:32+00:00,"## Answer

In **rust-lang/rust#159368**, the bug was traced to `remove_entry`'s implementation in `library/alloc/src/collections/btree/map/entry.rs` (lines ~606–618): the entry is removed from the tree, but there's a window before `length` is decremented where the allocator's `Drop` impl runs (and can panic), so if it panics, execution unwinds out of `remove` with the tree already modified but the map's reported `len()` unchanged. This causes the map to think an element is still present when it's actually been removed, leading to a mismatch that can later cause double-frees/undefined behavior when iterating/dropping the map.

It was **resolved by PR #157428**, which forbids allocators from panicking on drop — eliminating this entire class of ""allocator panics mid-operation"" bugs in `BTreeMap` (this same fix also resolved the analogous issues in `split_off`, #159370, and `insert`, #159334).

Source: `rust-lang__rust__159368.md`",True,False,False,rust-lang__rust__159368.md,True,"Identifies issue #159368 and the resolution via #157428 (disallowing panicking allocator drops), matching the expected threads despite omitting #157801.",0.034136,0.022706,0.011430000000000001,0.022706,,,,hop3plus,3,4.7677
ws8_q020,agentic,7515,652,0,0,3,False,end_turn,,9.192,2026-09-11 12:35:43+00:00,"**Traced to:** This is not actually a bug/regression — it's a consequence of how ""mentioned items"" monomorphization works. When compiling a **library** crate at higher optimization levels, functions like `main`/`inline_const_with_type_generics` may not get fully monomorphized/codegen'd (e.g., because inlining heuristics decide not to expand them, so nothing traverses into the const block), so the inline `const { panic!() }` inside them is never evaluated. This only affects lib crates because the compiler only guarantees full monomorphization traversal for **binary** crates — it never generates a binary that could run the function without evaluating the const, but that guarantee doesn't extend to intermediate library artifacts. The variance with opt-level and code size (e.g. adding `println!()`) is simply a side effect of inlining heuristics deciding whether to dig into the function body.

**Resolution:** As of the discussion, this was declared **not a bug** — the lang team (in the 2026-08-19 meeting) confirmed this is expected/accepted behavior, consistent with a decision made previously at the stabilization of inline const (referencing rust-lang/rust#104087). No code fix was applied; RalfJung noted the guarantee only applies to binaries, not libraries, and that fully solving it for libraries would require doing extra monomorphization work (traversing ""mentioned"" items even through inlineable functions) with unclear performance cost, so it wasn't deemed worth implementing. The issue remains open for compiler team to decide whether to track further improvements.

Source: `rust-lang__rust__160964.md`",True,True,False,rust-lang__rust__160964.md,True,"Answer names the expected issue (rust-lang/rust#160964) and gives a coherent, matching account of the mentioned-items/lib-vs-bin monomorphization cause and the not-a-bug resolution.",0.04431,0.021550000000000003,0.022760000000000002,0.021550000000000003,,,,hop1,1,4.4994
ws8_q027,indexed,9804,292,0,0,2,False,end_turn,,5.217,2026-09-11 12:36:02+00:00,"The linker warnings (`'+zcm' is not a recognized feature for this target (ignoring feature)`) were traced to Xcode 26.3 and earlier versions' Clang, which inserts `+zcm,+zcz` LLVM target features (used when building `tikv-jemalloc-sys` in the sysroot) that newer Clang doesn't recognize/like. It was resolved by updating the CI Xcode version from 26.2 to 26.6, so that `tikv-jemalloc-sys` is built with the newer Xcode/Clang and no longer triggers the warning.

Sources: `rust-lang__rust__161561.md`, `rust-lang__rust__161626.md`",True,True,False,rust-lang__rust__161561.md,True,"Answer names the expected issue #161561 and gives a coherent, matching account of the +zcm/+zcz feature warnings from old Xcode clang building jemalloc-sys, fixed by bumping CI Xcode.",0.050233,0.022528,0.027705,0.022528,,,,hop1,1,3.8607
ws8_q010,agentic,105793,858,0,0,3,False,end_turn,,12.363,2026-09-11 12:36:20+00:00,"This issue (`rust-lang__rust__158224.md`, ""MIR_borrow_checking scales with captured-type nesting when an async block is boxed at a distinct return region"") was traced to **region/outlives checking in the borrow checker**: 

- With the natural borrow lifetime (`method1`), `Self: 'life0` is already an *implied bound* from the well‑formedness of `&'life0 self`, so it's discharged in O(1) with no type walk.
- With the `#[async_trait]`-generated shape (`method2`), the bound is `Self: 'async_trait` for a **distinct** `'async_trait` region — this is *not* covered by that implied bound, so borrowck must decompose `Self` and re-walk every region-bearing component of the captured type. That per-component walk is what makes `MIR_borrow_checking` time scale with the nesting depth of the captured type (removing any of the three ingredients — distinct return region, async generator, or region-bearing captured type — makes the slowdown disappear).

As for resolution: according to the document, the issue's status is **still `open`** — it was only diagnosed (root cause identified via `-Ztime-passes`) and linked to related issues (#126440, dtolnay/async-trait#174, #87012), but no fix had actually landed/resolved it as of this report.",True,True,False,rust-lang__rust__158224.md,False,"Although it names the right issue, the answer asserts no resolution landed and the cause explanation is speculative, failing to state what actually traced and resolved it.",0.239026,0.220166,0.018860000000000002,0.220166,,,,hop1,1,7.8435
ws8_q069,indexed,8481,1003,0,0,2,False,end_turn,,12.117,2026-09-11 12:36:41+00:00,"## Root Cause

The bug was traced to how the `NoSchedule` device-allocation path (and the resourceslice tracker) treated a **nil/omitted** `deviceSelector` on a `DeviceTaintRule`. Instead of correctly matching **zero devices** (as documented — ""Without a selector, no devices are matched""), the code fell back to treating a nil selector the same as a ""match all"" wildcard, causing the taint to apply to every device on every driver/pool cluster-wide, including devices used by `adminAccess: true` claims. This buggy behavior was specific to the `NoSchedule` allocation-blocking path — the `NoExecute` eviction controller correctly treated a nil selector as matching nothing, confirming the inconsistency was in the selector-matching logic for allocation/tainting, not the eviction mechanism itself.

This is documented in `kubernetes__kubernetes__141620.md` and confirmed by the PR fix in `kubernetes__kubernetes__141648.md`, which explains: ""The existing `taintAllDevicesRule` fixture left `deviceSelector` unset and asserted it tainted slices. That tested the buggy ship behavior opposite to the doc... The new test guards the documented nil-to-none behavior.""

## Resolution

PR #141648 fixed the nil-selector handling so that an **absent/nil** `deviceSelector` now correctly matches **no devices** (as documented), rather than being treated as matching all devices. Users who want to taint all devices must now explicitly set `deviceSelector: {}` (an empty-but-present selector). The fix included:
- Changing the semantics so nil selector → matches none, empty `FusedIntSelector{}`/`{}` → matches all (per API spec).
- Adding a regression test case (`nil-selector-matches-none`) verifying a rule with a nil selector plus device slices produces zero patches and no handler events.
- A release note: ""Fixed a bug where a DeviceTaintRule with no `spec.deviceSelector` incorrectly matched every device cluster-wide and made all DRA devices unschedulable for `NoSchedule` or `NoExecute` taints. The rule now correctly matches no devices as documented. Use an explicit empty selector (`deviceSelector: {}`) to target all devices.""

This fix is distinct from the related issue #141422/PR #141425, which instead addresses the *empty-but-present* `deviceSelector: {}` case (validating/rejecting it), a separate problem from the *absent* (nil) selector bug fixed in #141648.

**Sources:** `kubernetes__kubernetes__141620.md`, `kubernetes__kubernetes__141648.md` (also referencing related `kubernetes__kubernetes__141422.md`)",True,False,False,kubernetes__kubernetes__141620.md;kubernetes__kubernetes__141422.md,False,"Expected resolution involves issue #141422 and PR #141425 (the documented-behavior correction), but the answer claims a separate PR #141648 changed nil-selector semantics and dismisses #141425 as unrelated.",0.047442,0.026992,0.020450000000000003,0.026992,,,,hop3plus,3,7.3326
ws8_q012,agentic,12646,677,0,0,3,False,end_turn,,7.93,2026-09-11 12:37:01+00:00,"## Root cause and fix

The 500 error was traced to **`BindingREST.Create` in `pkg/registry/core/pod/storage`**: when a `Binding` had an invalid `target` (unsupported `target.kind`, missing `target.name`, etc.), the field-validation errors were returned directly as a plain aggregated error (`errs.ToAggregate()`) rather than as a proper Kubernetes `StatusError`. The generic REST framework defaults unrecognized/plain errors to HTTP 500, so what should have been a client-side validation failure surfaced as an internal server error.

The fix (PR #139581, ""pkg/registry/core/pod/storage: return Invalid for bad Binding target"") wraps the validation `field.ErrorList` in `errors.NewInvalid(...)`, matching the pattern already used elsewhere (e.g., `EvictionREST`). This makes the API server return a proper `Invalid` `StatusError`, i.e., **HTTP 422 (Unprocessable Entity)** instead of HTTP 500, for both repro cases from the original issue (unsupported `target.kind` + missing `target.name`, and missing `target.name` alone).

Sources: `kubernetes__kubernetes__139488.md`, `kubernetes__kubernetes__139581.md`",True,True,False,kubernetes__kubernetes__139488.md,True,"Answer names the correct issue (#139488) and describes the traced cause
s	plain aggregated validation error in BindingREST.Create) and the fix returning NewInvalid/422, consistent with the expected thread.",0.052742,0.032062,0.02068,0.032062,,,,hop1,1,3.8422
ws8_q023,indexed,206983,1755,0,0,6,False,end_turn,,28.424,2026-09-11 12:37:18+00:00,"I have enough information from the primary document to answer confidently.

## Answer

The issue was **traced to PR [rust-lang/rust#158009](https://github.com/rust-lang/rust/pull/158009)**, ""Reject `impl const Trait` since the right syntax is `const impl Trait` now"" (authored by `oli-obk`). That PR changed the parser's grammar for `const_trait_impl` so that only the new `const impl Trait for Type` ordering is accepted, and the old `impl const Trait for Type` ordering is now rejected outright.

The bug report (rust-lang/rust#158599, by Arnavion) showed that this broke the `rustc -Z unpretty=expanded | rustfmt` workflow: `rustc --unpretty=expanded` still emits the *old* order (`impl const Tr for Foo {}`), which used to be silently ""fixed up"" by rustfmt into the new order (`const impl Tr for Foo {}`). After #158009 landed, that old order became a hard parse error, so piping the unpretty output into rustfmt now fails with `error: expected a trait, found type`.

As noted in #158009's own thread, `oli-obk` explicitly acknowledged this side effect (""rustfmt immediately formats `impl const Trait` to `const impl Trait`... this has been the behaviour for a few months now, so everyone should be migrated""), confirming the rejection was intentional. The resolution therefore wasn't to revert the parser change but to fix the *pretty-printer* — i.e., have `rustc --unpretty=expanded` emit the correct/new `const impl Trait` ordering instead of the stale `impl const Trait` ordering, so that its output would once again be valid input for rustfmt (and for users who consume `--unpretty=expanded` output generally).

**Sources:** `rust-lang__rust__158599.md`, `rust-lang__rust__158009.md`",True,True,False,rust-lang__rust__158599.md,True,"Identifies issue #158599, correctly traces it to PR #158009's rejection of `impl const Trait`, and states the fix was updating the pretty-printer to emit `const impl Trait`.",0.45365099999999997,0.43151599999999996,0.022135,0.43151599999999996,,,,hop1,1,7.5558
ws8_q055,agentic,11313,822,0,0,3,False,end_turn,,9.878,2026-09-11 12:37:55+00:00,"## Root cause

The bug was traced to `createNodeSelector` in the DRA structured allocator: when a per-device `nodeSelector` had already been stored with more than one term (either persisted before the new admission validation in #141213 took effect, or accepted by an older API server during a version-skewed rolling upgrade), the allocator's `len > 1` branch returned a plain `fmt.Errorf(...)` that was **not** wrapped with `internal.ErrFailedAllocationOnNode`. Because it wasn't classified as a per-node failure, the DynamicResources Filter plugin treated it as a framework error rather than an `Unschedulable` result for that node, which aborted the entire scheduling cycle (and kept recurring on retry) instead of just excluding that node. There was also an ordering bug: since `createNodeSelector` returned early once it hit a result with a `nodeName`, a malformed multi-term selector appearing after such a result would never even be inspected, making the failure mode depend on result order.

## Resolution

The fix (prepared/drafted in PR #141338 by trungminhdo4-glitch) changed the allocator (across the stable, incubating, and experimental variants) to:
- Check the term count for **every** selected result before the `nodeName` early return, so ordering no longer determines whether the malformed selector is caught.
- Wrap the `>1`-term error with `internal.ErrFailedAllocationOnNode`, so the DynamicResources Filter plugin correctly reports that single node as `Unschedulable` and continues searching other nodes, instead of aborting the whole scheduling cycle with a framework error.

The zero-term case was left as optional ""defense in depth"" and out of scope, since it's not reachable via a normal allocation path (already filtered earlier by `ValidateNodeSelector`/`isSelectable`).

Source: `kubernetes__kubernetes__141214.md`",True,False,False,kubernetes__kubernetes__141214.md,True,"The answer identifies issue #141214 and PR #141338, correctly describing the unwrapped error in createNodeSelector and the fix wrapping it with ErrFailedAllocationOnNode plus ordering correction.",0.040050999999999996,0.030846,0.009205,0.030846,,,,hop3plus,4,6.1695
ws8_q053,indexed,28304,883,0,0,3,False,end_turn,,12.209,2026-09-11 12:38:07+00:00,"Based on the reports, the bug in **kubernetes/kubernetes#140457** was eventually traced to the `quantityKey` function used by `validateRequestPolicyValidValues` in `pkg/apis/resource/validation`. It generates a dedup key via `strconv.FormatInt(item.Value(), 10)`, and `Quantity.Value()` rounds up to the nearest integer — so fractional values like `100m` and `200m` both produce `Value() == 1`, making them collapse to the same key `""1""` and get incorrectly flagged as duplicates (even though the allocator's own comparison logic, `roundUpValidValues`, correctly uses `Cmp` and distinguishes them fine).

The resolution was to replace the rounding-based `quantityKey` dedup with a pairwise `Cmp`-based comparison instead. Since `validValues` is capped at a small maximum (`CapacityRequestPolicyDiscreteMaxOptions` = 10), an O(n²) pairwise comparison using `Quantity.Cmp` is cheap and correct — it equals true only when quantities are numerically equal, unlike `Value()`/`MilliValue()` (which round) or `String()`/`AsDec().String()` (which would treat numerically-equal-but-differently-formatted quantities, e.g. `1Ki` vs `1024`, as distinct).

This fix was folded into the related PR **#140161** (which reworked `CapacityRequestPolicyRange` for fractional quantities under the feature gate, eventually renamed/expanded to cover `DRAFractionalCapacityRequestPolicy`), with `thc1006` contributing the `Cmp`-based fix for `validateRequestPolicyValidValues` as a co-authored patch, rather than as a fully separate PR.

Sources: `kubernetes__kubernetes__140457.md`, `kubernetes__kubernetes__140161.md`",True,False,False,kubernetes__kubernetes__140457.md;kubernetes__kubernetes__140161.md,True,"It names issue #140457, correctly identifies the quantityKey/Value() rounding cause, and the Cmp-based dedup fix landing via the related PR #140161, matching the expected thread.",0.10965799999999999,0.065438,0.04422,0.065438,,,,hop3plus,6,7.5558
ws8_q045,agentic,73595,1757,0,0,9,False,end_turn,,32.224,2026-09-11 12:38:39+00:00,"Based on the linked discussion, here's the resolution:

**Root cause:** The issue (rust-lang/rust#158385) linked to a specific, concrete bug: rust-lang/rust#158219, ""UI tests fail on dist profile in confusing manner (making it look almost like an ICE happened)."" Investigation traced the confusing behavior to the `dist` setup profile's `rust.remap-debuginfo = true` setting (from the debuginfo-remapping change in #150110), combined with a clean build directory. This caused the panic message in the `tests/rustdoc-ui/ice-bug-report-url.rs` UI test to include an extra `/rustc-dev/<hash>/...` path prefix that the test's existing `normalize-stderr` regex pattern didn't account for, producing a spurious test failure whose diff looked like a genuine ICE (even though it was really just a simulated ICE via `-Z treat-err-as-bug`). It normally didn't show up in regular CI because `run.sh` forces `remap-debuginfo` off for non-deploy builds, but bootstrap's `./x setup`'s `dist` profile (and internal CI that skips `run.sh`) left it on.

**Resolution:** rust-lang/rust#158318 (""Make normalization in a test case resilient to dist compilation"") fixed the `normalize-stderr` regex in `tests/rustdoc-ui/ice-bug-report-url.rs` to be more permissive (matching the pattern used elsewhere, e.g. in `tests/ui/treat-err-as-bug/*`), so the test no longer fails just because of the extra remapped path prefix produced under the `dist` profile. As noted in the PR discussion, this didn't make `x test` fully succeed under the `dist` profile, but it removed this particular confusing ""looks like an ICE"" failure as the first thing users would hit.

The broader meta-issue (#158385) about setting better expectations for `x test` on unsupported/unmaintained profiles itself remained open, with commenters (bjorn3, Kobzol) noting that the `dist` profile is legitimately used by downstream distro packagers, and that `bootstrap.toml` in general allows many configurations that can break specific `x` subcommands, so no specific profile-vs-command support matrix was adopted.

**Sources:** `rust-lang__rust__158385.md`, `rust-lang__rust__158219.md`, `rust-lang__rust__158318.md`",True,True,False,rust-lang__rust__158385.md;rust-lang__rust__158219.md,True,The answer identifies both expected issue threads (#158385 and #158219) and correctly describes the remap-debuginfo/normalize-stderr cause and the test normalization fix that resolved it.,0.17443499999999998,0.16476000000000002,0.009675,0.16476000000000002,,,,hop2,2,6.7448
ws8_q058,indexed,72354,1070,0,0,4,False,end_turn,,15.326,2026-09-11 12:39:14+00:00,"## Answer

The flake (`kubernetes/kubernetes#139555`) was traced to a race condition in the DRA (Dynamic Resource Allocation) scheduler PreBind path when many pods in a PodGroup share the same `ResourceClaim`.

**Root cause:** When 20 pods in the `basic-20-pods` PodGroup test try to bind concurrently, they all attempt to update the same `ResourceClaim` object at nearly the same time. This triggers a flood of `409 Conflict` (""the object has been modified; please apply your changes to the latest version and try again"") errors during the `DynamicResources` PreBind plugin's ""add reservation"" step. The resulting scheduler backoff/retries couldn't clear the conflicts within the test's strict 60-second timeout, causing pods to time out waiting to be scheduled. This was identified as being related to the same underlying issue tracked in `#139417` (a `PodScheduled=False` condition update race), and the fix for that was in `#139418` (fixing shared in-flight allocation accounting on PreBind failure) and a follow-up, `#139602`, which added `resourceVersion` guarding to the scheduler's pod-status patch to properly detect/handle async-bind conflicts.

**Resolution:** According to `nojnhuh`'s comments on the issue, merging `#139602` fixed the flake — no failures were observed on `TestDRA/all/PodGroup/basic-20-pods` after that PR merged. This was confirmed over time by `vikasbolla` (no new failures since the PR merged) and later by `kei01234kei`, who confirmed the broader `test/integration/dra` suite was no longer flaky. The issue was then closed.

Source: `kubernetes__kubernetes__139555.md` (with corroborating context from `kubernetes__kubernetes__139417.md` and `kubernetes__kubernetes__139418.md`).",True,False,False,kubernetes__kubernetes__139555.md;kubernetes__kubernetes__139417.md,True,"Answer identifies the primary flake issue #139555, links it to #139417, and credits the fix to PR #139602 with the shared-ResourceClaim conflict race, matching the expected resolution.",0.217938,0.155408,0.06253,0.155408,,,,hop3plus,6,6.303
ws8_q017,agentic,19931,785,0,0,5,False,end_turn,,13.613,2026-09-11 12:40:00+00:00,"This issue (`rust-lang__rust__160393.md`) is still open and unresolved as of the last comment. The reporter (ErichLoew) initially claimed the root cause was an ""ABI desynchronization"" caused by rustc's LLVM bindings being hard-coded to build with `-O3` while their host LLVM/GCC toolchain was compiled with `-Os`, leading to SIGSEGVs/infinite loops inside `WriteBackendMethods::optimize` during bootstrap stage 1.

However, maintainers (bjorn3 and workingjubilee) pushed back on this diagnosis, pointing out that optimization level does not affect ABI, and that if changing optimization flags did change the ABI that would indicate a bug in the C/C++ compiler rather than in rustc/LLVM. They also noted the ""SIGSEGV"" vs ""infinite loop"" symptoms described were inconsistent, and that the two different CPUs tested (Intel i5 and Core 2 Duo) weren't different enough to rule out defective hardware as the actual cause.

As of the latest comments, the thread had not reached a resolved root cause or fix — the reporter was still in the process of re-building/reproducing the issue with a modified `bootstrap.toml` and GCC 17, so **no definitive cause or fix had been confirmed** at the point this thread ends (per `rust-lang__rust__160393.md`).",True,True,False,rust-lang__rust__160393.md,False,"It identifies the correct thread but declines to commit to any traced cause or resolution, hedging that the issue remains unresolved, which fails the question's requirement.",0.063812,0.047712,0.0161,0.047712,,,,hop1,1,7.8435
ws8_q066,indexed,32770,692,0,0,3,False,end_turn,,10.794,2026-09-11 12:40:20+00:00,"The freeze was traced to a bug introduced by PR #159881 (""Do not stop `visible_parent_map` breadth-first search reaching children of `#[doc(hidden)]` modules""). That change extended the `visible_parent_map` BFS to reach items nested in `#[doc(hidden)]` modules/re-exports, but it failed to check the ""fallback"" map before enqueueing children, so fallback items (like those found throughout libc's heavily re-exported/`#[doc(hidden)]` module structure) got re-explored and re-queued from every possible fallback parent path, causing an explosion of work (a hang consuming huge CPU/memory).

It was resolved by PR #160464 (""fix: Check the fallback map before queueing child in `visible_parent_map` breadth-first search""), which added a check to ensure an item hasn't already been explored via a fallback parent before recording a new fallback entry or extending the BFS queue with it — fixing the libc performance regression/hang.

(A follow-up PR #160811 was also opened to address a related perf regression from merging the fallback map after the BFS fix.)

Sources: `rust-lang__rust__160439.md`, `rust-lang__rust__159881.md`, `rust-lang__rust__160464.md`, `rust-lang__rust__160811.md`",True,True,False,rust-lang__rust__160439.md;rust-lang__rust__160464.md;rust-lang__rust__159881.md,True,"The answer identifies issue #160439, traces the cause to PR #159881's visible_parent_map BFS change, and names PR #160464 as the fix, matching expected documents.",0.0801,0.07246000000000001,0.007640000000000001,0.07246000000000001,,,,hop3plus,3,7.5558
ws8_q048,indexed,151869,1132,0,0,5,False,end_turn,,18.228,2026-09-11 12:40:35+00:00,"Based on my searches, the issue rust-lang/rust#159933 (""performance regression with -Znext-solver=globally"") remains open in the corpus I have access to, and I do not find further comments in that document tracing it to a specific root cause fix or a closing resolution.

**What I can confirm from `rust-lang__rust__159933.md`:**

The reporter (tilladam) traced the regression to `FulfillmentCtxt::try_evaluate_obligations` in `compiler/rustc_trait_selection/src/solve/fulfill.rs`, specifically the `drain_pending(|_, _| true)` call, which re-scans **all** pending obligations on every processing pass. This gives an O(n) passes × O(n) pending-obligations behavior (quadratic), and while a prior PR (#158249) had made handling each *stalled* obligation cheaper, it didn't remove this repeated full scan — so the new solver still has a much higher constant factor than the old solver for large function bodies with many obligations (e.g., a function with thousands of `v.push(...)` calls).

I could not find, within the documents retrieved, a comment indicating this issue was resolved/closed or a specific fix PR that closed it — the document shows the issue as **state: open**. If you need the actual resolution, it isn't present in the indexed content I have access to.",True,False,False,rust-lang__rust__159933.md,False,"The answer identifies the issue thread but explicitly fails to state what the regression was traced to conclusively or what resolved it, hedging that no resolution could be found.",0.322548,0.315058,0.007490000000000001,0.315058,,,,hop3plus,3,4.0517
ws8_q006,agentic,7353,923,0,0,3,False,end_turn,,11.91,2026-09-11 12:40:56+00:00,"Based on `rust-lang__rust__162083.md`, this is **not** a bug report that got ""traced to"" a root cause and then ""resolved"" — it's a tracking issue (opened by CAD97, still open) for stabilizing the unstable `std::fs::MediaDirs` API (`feature(fs_media_dirs)`), tracking its progress from implementation (PR #158936) toward stabilization.

The discussion in the thread does address one design question that resembles a ""root cause"" investigation: djc asked why `MediaDirs` needs to be a separate type from home directories, implying they might just be relative paths under the home directory on all platforms. ChrisDenton clarified that this isn't the case — on Windows, media directories are independent of any root directory, and retrieving them requires GUI shell APIs, which only work properly for GUI applications (using GDI handles) and carry performance costs that Rust's std deliberately avoids paying unconditionally. That's why `MediaDirs` is an opt-in, separate type rather than folded into `HomeDirs`.

No stabilization or closing resolution has occurred yet — the checklist items (FCP, Stabilization PR) remain unchecked, and unresolved questions (e.g., whether to add a `take()` method, whether to expose more Windows KNOWNFOLDERIDs) are still open as of the latest comments.",True,True,False,rust-lang__rust__162083.md,True,The answer names the correct tracking issue (#162083) and accurately describes the key design clarification (Windows shell-API-based media dirs) rather than a bug fix.,0.038335999999999995,0.023936,0.014400000000000001,0.023936,,,,hop1,1,8.2489
ws8_q032,indexed,551934,2586,0,0,9,False,end_turn,,36.861,2026-09-11 12:41:17+00:00,"## Summary

The issue is **rust-lang/rust#158093** — ""[ICE]: `Found unstable fingerprints for explicit_supertraits_containing_assoc_item`"" (`rust-lang__rust__158093.md`), reported by matthiaskrgr with this MRE:

```rust
trait Super {
    type Assoc;
}
trait Sub: Super {}
impl<T: ?Sized> Super for T {
    type Assoc = i32;
}
fn illegal(x: &dyn Sub<Assoc = impl Sized>) -> &dyn Super<Assoc = impl Sized> {
    x
}
```
compiled twice with `-Cincremental=. --edition=2024`.

**Root cause:** The `explicit_supertraits_containing_assoc_item` query result includes an implicit `MetaSized` supertrait predicate (synthesized by the compiler because of the `sized_hierarchy`/`MetaSized` machinery). This synthesized predicate carries a span whose `SyntaxContext` is freshly allocated during compilation and depends on how many macro expansions happened earlier in that particular compiler session. Between the two incremental sessions the `SyntaxContext` counter differs (e.g. because a `#[derive(...)]` or other macro expansion shifted the counter), so the cached query fingerprint from session 1 no longer matches the recomputed fingerprint in session 2 — triggering rustc's incremental-verification ""unstable fingerprint"" ICE. This was confirmed independently in the related duplicate report **#158131** (`rust-lang__rust__158131.md`), where the bincode project reproduced the same crash and traced it to exactly this non-deterministic `SyntaxContext` on the synthesized `MetaSized` predicate (only triggered when a `#[derive(...)]` was added between builds, not by plain comments).

**Resolution:** Issue #158131 was marked (by lqd) as a duplicate of #158093, and both were resolved once **PR #158122** landed, which fixed the non-deterministic span/fingerprint issue for the `explicit_supertraits_containing_assoc_item` query.

Sources: `rust-lang__rust__158093.md`, `rust-lang__rust__158131.md`.",True,False,False,rust-lang__rust__158093.md,False,"Candidate invents a SyntaxContext/MetaSized cause and PR #158122 fix, omitting the linked #157702 thread that carries the actual trace and resolution.",1.150948,1.129728,0.021220000000000003,1.129728,,,,hop2,2,6.9962
ws8_q038,agentic,12498,917,0,0,3,False,end_turn,,11.176,2026-09-11 12:42:02+00:00,"## Answer

This was traced to a bug in the **example DRA driver** (kubernetes-sigs/dra-example-driver v0.4.0), not in kubelet itself.

**Root cause:** When kubelet restarted after the full node reboot, it re-invoked `NodePrepareResources` on the driver as part of the normal (idempotent) DRA prepare contract. Inside the driver's `DeviceState.Prepare()`, if `restoreClaimFromCheckpoint()` found the claim already marked as prepared in its own checkpoint, it returned the previously-recorded prepared devices/CDI IDs immediately — but the call to `CreateClaimSpecFile()` (which recreates the on-disk CDI spec) was only made on the ""fresh preparation"" path, not the restored/checkpoint path. Since the node reboot had wiped the CDI spec files, the replayed prepare call returned ""success"" referencing CDI device IDs that no longer had a corresponding CDI spec on disk. containerd then failed to resolve those CDI device IDs, producing the `CreateContainerError: CDI device injection failed: unresolvable CDI devices ...` in a permanent retry loop, since kubelet had no mechanism to detect that the driver's replayed response was actually unusable.

**Resolution:** A driver-side fix was made in kubernetes-sigs/dra-example-driver (merged as dra-example-driver#259): the restored-claim `Prepare()` path was changed to recreate the claim-specific CDI spec file when restoring a prepared claim from checkpoint, with added regression tests for both the missing-spec recovery case and idempotent restored `Prepare()` calls. A parallel kubelet-side ""should kubelet retry/re-prepare on CDI resolution failure"" question was considered but ultimately not pursued as a code change here — maintainers (e.g., pohly) concluded kubelet behaved per the (until-then informally specified) gRPC contract, and the checkpointing behavior was clarified/documented rather than changed. That kubelet-side retry idea was split off into a separate tracking issue (#141619).

Source: `kubernetes__kubernetes__141433.md` (and cross-referenced `kubernetes__kubernetes__141619.md`).",True,True,False,kubernetes__kubernetes__141433.md;kubernetes__kubernetes__141619.md,True,"Answer identifies issue #141433 (with follow-up #141619), correctly attributing the stuck pod to the dra-example-driver failing to recreate CDI spec files on checkpoint restore, fixed driver-side.",0.054161,0.034165999999999995,0.019995,0.034165999999999995,,,,hop2,2,7.8435
ws8_q074,indexed,9447,1289,0,0,2,False,end_turn,,14.97,2026-09-11 12:42:20+00:00,"This flaky test (`pod-resize-retry-deferred-test-2`, in `kubernetes/kubernetes#140640`) was ultimately determined **not** to be a new regression — investigation showed the ""deferred-resize"" e2e tests have basically always been flaky historically (confirmed via k8s-triage history going back months), so it was closed as a duplicate and folded into the umbrella deflaking issue **#134458** (`kubernetes__kubernetes__140640.md`).

The actual root causes were identified later in a follow-up PR, **#141662 ""Deflake pod resize deferred tests""** (`kubernetes__kubernetes__141662.md`), which traced the flakes to two things:

1. **CI environment race conditions** — the tests compute available node resources at T=0 and then patch pods at T=2 based on that snapshot; if other pods on the node release CPU/memory in between (e.g., due to terminations or background churn), the resize that was expected to be `Deferred` can suddenly ""fit"" and get actuated immediately instead.
2. **1-second timestamp resolution on `PodResizePending`** — in test-2, two pods (`testpod4` and `testpod5`) have identical priority and QoS class, so kubelet uses `LastTransitionTime` on the `PodResizePending` condition to decide admission order. Because condition timestamps only have 1-second resolution, patching both pods within the same second gave them identical timestamps, making the admission order non-deterministic.

This was resolved (in PR #141662) by:
- Selecting the node with the **most available CPU capacity** instead of always using `nodes.Items[0]` (which could be a crowded node with high background churn).
- **Redesigning the sizing math** so background pods would need to free much more CPU before causing a false failure.
- Adding a **sleep** before patching `testpod5` so it and `testpod4` always get different `PodResizePending` timestamps, ensuring deterministic admission ordering.

(Note: there was also a related but distinct earlier analysis in `#140640` about `pod-resize-retry-deferred-test-3` possibly over-counting a pending pod's memory footprint tied to PR #140047/#140646, but that was determined to be a separate/misdiagnosed issue affecting test-3, not test-2.)",True,False,False,kubernetes__kubernetes__140640.md,False,Expected resolution involves PRs #140047 and #140481; candidate attributes the fix to unrelated PR #141662 and explicitly dismisses #140047 as a separate misdiagnosed issue.,0.048859,0.031784,0.017075,0.031784,,,,hop3plus,3,6.5442
ws8_q031,agentic,9443,643,0,0,4,False,end_turn,,8.577,2026-09-11 12:42:44+00:00,"Based on the report and the linked PR:

- **Issue** (`rust-lang__rust__159651.md`): The `Drop` impl of `UniqueArcUninit` in `library/alloc/src/sync.rs` was gated with `cfg(not(no_global_oom_handling))`. This meant that when the `no_global_oom_handling` cfg is enabled, dropping a `UniqueArcUninit` before calling `into_arc` (which can happen only if `T::clone` panics inside `Arc::<T, A>::try_clone_from_ref_in`) would leak the allocated memory instead of freeing it.

- **Resolution**: It was traced simply to that `cfg` attribute wrongly restricting the `Drop` implementation, and it was resolved by PR `rust-lang__rust__159652.md` (""Remove `cfg(not(no_global_oom_handling))` from the `Drop` impl of `UniqueArcUninit`""), which removed that cfg gate so the `Drop` impl (and thus proper deallocation) applies regardless of the `no_global_oom_handling` setting.",True,False,False,rust-lang__rust__159651.md,False,"It cites a fabricated PR (#159652) rather than the actual related thread #159644, naming the wrong pull request as the resolution.",0.041860999999999995,0.025315999999999998,0.016545,0.025315999999999998,,,,hop2,2,6.8626
ws8_q021,indexed,28951,713,0,0,3,False,end_turn,,11.991,2026-09-11 12:43:00+00:00,"Based on the available data, issue kubernetes/kubernetes#141606 (**""[PodLevelResources] In-place pod resize events do not capture pod-level resources""**) is still **open** — it has not yet been resolved.

What is known so far, per `kubernetes__kubernetes__141606.md`:
- The root cause was traced to the `podResourceSummary` object in `pkg/kubelet/events/resize.go` (used to marshal the `ResizeStarted`/`ResizeCompleted` events) not including pod-level resources — only container-level resources are captured in the JSON payload attached to these events. There was already a `TODO` in the code acknowledging this gap.
- The issue was assigned to `ndixita` (with `tallclair` cc'd), then `OchukoWH` volunteered and was assigned to investigate/fix it (`/assign` on 2026-09-02).
- It was labeled `/priority important-longterm` and explicitly noted as **not a GA blocker** for PodLevelResources, just a ""good quality of life improvement.""

No merged PR or final resolution/fix is recorded in the available thread — the issue remains open with the investigation/fix still in progress as of the latest update (2026-09-02).",True,True,False,kubernetes__kubernetes__141606.md,False,"Correctly identifies issue #141606 and the podResourceSummary cause, but claims no resolution exists, failing to name the fix the question asks about.",0.087532,0.06503199999999999,0.022500000000000003,0.06503199999999999,,,,hop1,1,5.3312
ws8_q064,agentic,6951,972,0,0,3,False,end_turn,,12.038,2026-09-11 12:43:20+00:00,"Based on `kubernetes__kubernetes__140777.md`:

- **Reported failure:** Starting 2026-07-17, all 12 `[sig-windows] [Feature:CPUManager] [Feature:Windows]` e2e node specs began failing on `ci-kubernetes-e2enode-windows-master` and `pull-kubernetes-e2enode-windows`. The kubelet stopped applying any Windows CPU group affinity (empty `AffinityCpus` via CRI), causing ""must not receive exclusive CPU affinity"" and 30s timeout failures. Additionally, the failing tests' long runtimes made `go test`'s default 10-minute timeout kill the process, masking the real junit/ginkgo results.

- **Root cause / traced to:** A regression-window analysis showed the k/k commits merged in the failure window were unrelated (job controller, scheduler test, docs, kube-proxy ipvs/ipset changes, coredns bump) — none touched kubelet/CRI/winstats/Windows tests. Everything else (windows-testing repo, containerd 1.7.16, Go version, test image digests) was pinned/unchanged. The one variable that changed was the Azure VM image (`MicrosoftWindowsServer:WindowsServer:2022-datacenter-core-smalldisk-g2:latest`), whose kernel version jumped to `10.0.20348.5386` — consistent with the WS2022 July 2026 cumulative update (Patch Tuesday 2026-07-14) rolling out into the marketplace image around that time. The working hypothesis was that this Windows Server 2022 CU changed behavior in the kubelet's Windows CPU affinity path (winstats CPU topology discovery via `GetLogicalProcessorInformationEx` or HCS/job-object affinity application/reporting), causing no `AffinityCpus` to ever reach the container.

- **Resolution:** The proposed/adopted fix was to pin the CI jobs (`windows-e2e-node-master` and `pull-kubernetes-e2enode-windows`) to the pre-2026-07-17 VM image version (rolling back from the bad WS2022 CU image) via the kubernetes-sigs/windows-testing repo, rather than a kubelet code fix. On 2026-07-30, dims confirmed both jobs had recovered/gone green.",True,False,False,kubernetes__kubernetes__140777.md,False,"Candidate attributes the regression to an Azure Windows Server 2022 image/CU change fixed by pinning CI images, ignoring the related k/k PRs (#140645, #140667) that actually caused and fixed it.",0.047001999999999995,0.023622,0.02338,0.023622,,,,hop3plus,3,5.3312
ws8_q031,indexed,23602,744,0,0,3,False,end_turn,,11.12,2026-09-11 12:43:42+00:00,"Per **rust-lang/rust#159651**, the report noted that the `Drop` impl of `UniqueArcUninit` is gated with `cfg(not(no_global_oom_handling))`. Tracing through the code, this was found to mean that on builds where `no_global_oom_handling` is enabled, the memory backing a `UniqueArcUninit` would be leaked whenever `into_arc` isn't called — and given how `UniqueArcUninit` is used, the only place that could happen is if `T::clone` panics inside `Arc::<T, A>::try_clone_from_ref_in` (since all the other call sites are themselves disabled under that cfg).

It was resolved by **rust-lang/rust#159652**, ""Remove `cfg(not(no_global_oom_handling))` from the `Drop` impl of `UniqueArcUninit`,"" which simply removed that cfg gate from the `Drop` implementation so the memory is always properly freed, fixing #159651.",False,False,False,,False,"Candidate credits a nonexistent/wrong PR (#159652) and misassigns roles, missing expected #159644; the resolving thread among expected docs is not correctly named.",0.079539,0.054644,0.024895,0.054644,,,,hop2,2,6.8626
ws8_q065,indexed,73924,1222,0,0,4,False,end_turn,,17.582,2026-09-11 12:44:06+00:00,"## Answer

The issue is **rust-lang/rust#160930**: ""More global allocator reentrancy issues; this time `thread_local`"".

**Root cause it was traced to:** The `GlobalAlloc` trait documents a guarantee that implementations using `thread_local` won't be called reentrantly. However, several of std's platform-specific thread-local-storage (TLS) implementations (in `sys::thread_local::os`/key modules for unix, windows, and xous) used ordinary assertions/`panic!` in their `get`/`set` code paths — e.g. checking the return value of `pthread_setspecific` (which can fail under memory exhaustion) or `TlsSetValue` (which can fail on Windows) — and panicking on failure instead of aborting. Since a panic invokes machinery that can call the global allocator, this meant TLS access could reenter the global allocator, violating the documented guarantee. (The `sgx` implementation was already correct, using `rtassert`/`rtabort` instead of normal panics.)

**Resolution:** It was fixed across a series of PRs by the same reporter (maxdexh) that replaced the panicking assertions in the TLS code paths with their `rt`-equivalents (`rtassert!`/`rtabort!`), which do not call the global allocator:

- `rust-lang/rust#160934` – ""Ensure TLS accesses don't call the global allocator through panic""
- `rust-lang/rust#160976` – ""Ensure TLS accesses don't call the global allocator through panic (part 2)"" — caught additional panicking calls reachable via the racy `LazyKey` implementation
- `rust-lang/rust#161068` – ""Ensure TLS accesses don't call the global allocator through panic (part 3)"" — caught more missed TLS code reachable from `LocalKey::with`

Sources: `rust-lang__rust__160930.md`, `rust-lang__rust__160934.md`, `rust-lang__rust__160976.md`, `rust-lang__rust__161068.md`",True,False,False,rust-lang__rust__160930.md,True,Answer identifies the primary issue #160930 and correctly describes the cause (panicking assertions in platform TLS paths reentering the allocator) and fix (replacing with rtassert/rtabort PRs).,0.182338,0.160068,0.02227,0.160068,,,,hop3plus,4,6.4572
ws8_q028,agentic,134963,4881,0,0,12,False,end_turn,,72.593,2026-09-11 12:44:33+00:00,"I could not find any indication that this tracking issue (`rust-lang/rust#157864`, ""Tracking issue for release notes of #157029: stabilize feature `float_algebraic`"") was traced to any bug or problem. In the source data it is simply a bot-generated (`rustbot`) template issue whose body already contains the drafted release-notes text (documenting the new `algebraic_add`/`algebraic_sub`/`algebraic_mul`/`algebraic_div`/`algebraic_rem` methods on `f32`/`f64`), and it has no follow-up comments recorded (`rust-lang__rust__157864.md`).

What actually ""resolved"" it was simply that its drafted text was folded into the release-notes for the next version: the Draft release notes for Rust 1.98.0 issue (`rust-lang/rust#160700`) lists the stabilized `{fN}::algebraic_*` APIs and links back to `#157864` via its ""📝"" edit link, confirming that the tracking issue's purpose (producing the release-note blurb) was fulfilled and it was closed once that text was incorporated (`rust-lang__rust__160700.md`).

Separately, the underlying stabilization PR #157029 itself went through several rollup PRs before landing — rollup `#157906` failed CI due to an unrelated flaky `debuginfo-cdb` (`aarch64-pc-windows-msvc`, `basic-stepping.rs`) test failure, and after a retry the PR was eventually merged successfully as part of rollup `#157913` (`rust-lang__rust__157906.md`, `rust-lang__rust__157913.md`). But this CI flakiness pertains to merging the code PR, not to the release-notes tracking issue's content or resolution.

**In short:** the tracking issue itself has no documented ""root cause"" — it's an administrative bot issue that was resolved simply by writing/merging the release-notes text into the 1.98.0 draft release notes (`rust-lang__rust__157864.md`, `rust-lang__rust__160700.md`).",True,True,False,rust-lang__rust__157864.md,True,The answer identifies the correct tracking issue (#157864) and commits to the accurate conclusion that it was an administrative bot issue resolved by folding its blurb into the release notes.,0.33349599999999996,0.31873599999999996,0.01476,0.31873599999999996,,,,hop1,1,6.9962
ws8_q006,indexed,8730,709,0,0,2,False,end_turn,,9.015,2026-09-11 12:45:51+00:00,"Based on the discussion in the tracking issue **rust-lang__rust__162083.md**, a question was raised by djc: *""Aren't `MediaDirs` relative to the home dir on all platforms? Why is there a specific type for this?""*

This was traced to a Windows-specific difference: on Windows, media directories (Desktop, Documents, Downloads, Music, Pictures, Videos) are **not** simply subpaths of the user's home directory — they are independent locations, and retrieving them requires calling the Windows GUI **shell APIs** (the `KNOWNFOLDERID` / known-folder APIs).

It was resolved by ChrisDenton's explanation: because obtaining these paths on Windows requires using GUI shell APIs (which effectively requires the process to behave like a GUI application/use GDI handles, incurring performance costs), and Rust's std has historically tried to avoid pulling in such GUI dependencies, `MediaDirs` was kept as a separate, opt-in type/feature rather than being merged into `HomeDirs`. This way, only code that actually needs media directories pays the cost of the GUI shell API calls, rather than every user of `HomeDirs`.",True,True,False,rust-lang__rust__162083.md,True,"Answer names the correct tracking issue (#162083) and gives a plausible, specific account of the Windows known-folder/shell API rationale resolving the raised question.",0.042170000000000006,0.024550000000000002,0.01762,0.024550000000000002,,,,hop1,1,8.2489
ws8_q040,indexed,14444,566,0,0,2,False,end_turn,,7.107,2026-09-11 12:46:06+00:00,"The root cause traced back to the reporter (raahulkurmi) misreading the `SignJWTRequest.claims` proto comment while implementing an `ExternalJWTSigner` from scratch — they mistakenly re-encoded the already base64url-encoded `claims` value (assuming it was raw JSON) before signing. This produced a structurally valid gRPC response and JWT, but the signature was computed over the wrong bytes, so verification failed silently at every layer (gRPC succeeded, apiserver accepted it) with only the final `kubectl` auth check catching the failure (`kubernetes__kubernetes__141670.md`).

It was resolved by PR #141687 (""externaljwt: warn against re-encoding claims in proto; add encoding contract test""), submitted by anupamojha-eng, which:
- Added an explicit ""Do NOT base64url-encode this value again"" warning to the proto comment for `SignJWTRequest.claims`, and
- Added a new test (`TestClaimsEncodingContract`) proving the failure mode is silent — showing `GenerateToken` returns no error for a double-encoding signer even though the resulting token fails signature verification.

This PR closed/fixed issue #141670 (`kubernetes__kubernetes__141687.md`).",True,False,False,kubernetes__kubernetes__141670.md,False,"It identifies issue #141670 correctly but attributes the fix to a non-expected PR #141687 rather than the accompanying thread #141669, naming the wrong resolving pull request.",0.057887999999999995,0.034547999999999995,0.023340000000000003,0.034547999999999995,,,,hop2,2,7.8435
ws8_q016,indexed,8193,752,0,0,2,False,end_turn,,9.376,2026-09-11 12:46:23+00:00,"## Root Cause and Resolution

The issue (kubernetes/kubernetes#140639) was traced to the taint-eviction controller's design: each scheduled eviction runs as a **one-shot `TimedWorker`** that performs only a small, fixed number of bounded local retries (via `deletePodHandler`) over a few tens of milliseconds. If a validating admission webhook (or any other cause) kept denying the pod `DELETE`, all those quick attempts failed, the worker completed, and — since there was no rate-limited requeue mechanism and no `deletionTimestamp` set on the pod — the eviction was silently abandoned with no further retry, leaving the pod running indefinitely on the tainted node (source: `kubernetes__kubernetes__140639.md`).

**Resolution:** PR #141568 (""fix(tainteviction): retry failed pod deletions"") fixed it by making failed pod deletions **durable**: 
- The `TimedWorkerQueue` is kept only for handling toleration deadlines (and the existing 5 quick deletion attempts remain).
- Once those quick attempts are exhausted, responsibility for the deletion moves to a **standard rate-limited workqueue** for durable retries.
- Before each retry, the controller revalidates the pod's UID, deletion state, current `NoExecute` taints, and tolerations — if the state implies a new future toleration deadline, ownership is handed back to the timed worker instead of retrying immediately.
- Deletion now uses a **UID precondition** to avoid deleting a stale/replacement pod with the same name.
- Retry state is tracked per-pod so stale retries don't interfere with newer eviction decisions, and retry state is cleaned up when eviction is no longer applicable.

This is documented in `kubernetes__kubernetes__141568.md`, which explicitly states ""Fixes #140639,"" and in the investigation comments within `kubernetes__kubernetes__140639.md` by contributor Gaurav598 describing the same design (durable, rate-limited retry queue with revalidation).",True,True,False,kubernetes__kubernetes__140639.md,True,"The answer identifies issue #140639, correctly attributes the bug to one-shot TimedWorker evictions with only bounded local retries, and cites the fix PR adding durable rate-limited requeue.",0.035856,0.023906,0.01195,0.023906,,,,hop1,1,8.2489
ws8_q029,agentic,24017,922,0,0,6,False,end_turn,,15.784,2026-09-11 12:46:36+00:00,"The issue #139494 itself only contains the initial report and the automated triage-bot comment—no root-cause or fix discussion is recorded in it. It was closed as a duplicate of the related flake report #139622 (""[Flaky Test] [sig-scalability] gce-master-scale-performance-5000 kubetest2.Test""), which links the same `pods LIST` cluster-scope high-latency failures to issue #139191, and was itself closed by the reporter (kei01234kei) as ""a duplicate of #139494.""

Based on the available documents (`kubernetes__kubernetes__139494.md` and `kubernetes__kubernetes__139622.md`), no explicit final root cause or fix is recorded—the failures were attributed to intermittent high tail latency on the `pods LIST` cluster-scope API call (p99 latency exceeding the 30s threshold, e.g. up to 44–58s) seen in the `gce-master-scale-performance-5000` scale job, and the tracking issues were closed as duplicates of each other/#139191 rather than being resolved with a documented fix in these threads. I could not find a document confirming what specific change actually fixed the flake.",True,True,False,kubernetes__kubernetes__139494.md,False,"The answer explicitly fails to state a root cause or resolution, hedging that none could be determined, which does not answer the question.",0.068734,0.057254,0.01148,0.057254,,,,hop1,1,6.9962
ws8_q035,indexed,1786735,3826,0,0,15,False,end_turn,,60.044,2026-09-11 12:46:56+00:00,"Given my extensive searching, I was unable to locate the specific document (tracking issue) matching the exact title ""Tracking issue for release notes of #…: Enable `static_position_independent_executables` on all gnu and musl targets"" within this corpus. The closest related document I found is `rust-lang__rust__158510.md` — the PR ""Enable `static_position_independent_executables` on all gnu targets"" (by Amanieu), which is the underlying change the release-notes tracking issue would reference, but the corpus does not contain the tracking-issue discussion (with the ""traced to X, resolved by Y"" details) itself.

I cannot determine the answer to what the issue was eventually traced to and what resolved it, because the relevant document isn't retrievable from the available corpus — I don't want to guess. If you have the issue number or PR number for that tracking issue, I can try a more targeted search.",True,False,False,rust-lang__rust__158510.md,False,"The answer explicitly fails to identify the tracking issue (158987) and declines to state what it was traced to or what resolved it, hedging without committing.",3.618415,3.61173,0.006685,3.61173,,,,hop2,2,6.3771
ws8_q033,agentic,14344,1096,0,0,5,False,end_turn,,21.366,2026-09-11 12:47:58+00:00,"Based on `rust-lang__rust__160292.md`, this ""release notes tracking issue"" report (opened by the rustbot for tracking issue #159298, ""Tracking Issue for `bool::toggle`"") caused confusion because there was already a second, near-identical release-notes tracking issue (#161462) for the follow-up stabilization PR #160299. 

The confusion was eventually traced by contributor **CenTdemeern1** to the fact that the release-notes text he had drafted was actually meant for the *other* tracking issue, #161462 (rust-lang__rust__161462.md — ""Tracking issue for release notes of #160299: Stabilize `bool::toggle`""), not #160292. He commented: ""Oh, I believe this might have been supposed to go in #161462...? Apologies, this is a bit confusing,"" which identified the mix-up between the two duplicate release-notes tracking issues as the source of the confusion — effectively resolving the question by clarifying that the correct place for the release-notes text was issue #161462.",True,False,False,rust-lang__rust__161462.md,False,Candidate centers on a non-expected doc (#160292) and invents a duplicate-tracking-issue mix-up narrative rather than tracing the release-notes issue #161462 to stabilization PR #160299.,0.063023,0.039647999999999996,0.023375,0.039647999999999996,,,,hop2,2,5.7232
ws8_q045,indexed,463313,1858,0,0,8,False,end_turn,,30.998,2026-09-11 12:48:29+00:00,"I cannot find a document in this dataset that directly matches this specific issue title. The search results consistently return unrelated CI failure logs rather than the actual issue thread being referenced.

I cannot determine the answer from the available documents — none of my searches surfaced a GitHub issue/PR thread in this collection matching the title ""`x test` on profiles where testing is unsupported (or unmaintained?) could set better expectations."" It's possible this issue simply isn't part of the indexed document set, or it exists under different wording that my queries didn't match. I'd need a more specific document identifier or additional context to locate and answer this accurately.",False,False,False,,False,"The answer declines to identify any issue thread or resolution, failing to name the expected documents rust-lang/rust#158385 and #158219.",0.951356,0.945206,0.00615,0.945206,,,,hop2,2,6.7448
ws8_q046,agentic,5927,450,0,0,3,False,end_turn,,7.726,2026-09-11 12:49:02+00:00,"Based on `kubernetes__kubernetes__140591.md`:

**Root cause:** The bug was traced to the `addToMapList` function (part of the schema-aware CEL map-list concatenation support merged in PR #140292). When appending the *first* new element from the right operand, its key was not added to the `keyToIdx` index used to track existing entries. As a result, a *later* element in the right operand with the same key was appended as a duplicate entry instead of overwriting the first one in place.

**Resolution:** The fix is to update `keyToIdx` immediately after appending a new key, so that subsequent duplicate keys from the right operand overwrite the entry in place rather than being appended again. This was implemented in PR #140592 (referenced as ""Fixes #140591""), which also added a regression test case to `TestListAdd`. A related fix PR #141125 was also opened later by another contributor.",True,False,False,kubernetes__kubernetes__140591.md,True,"The answer names issue #140591, traces it to the addToMapList keyToIdx omission from PR #140292, and cites PR #140592 as the fix, matching expected documents.",0.025523999999999998,0.016354,0.009170000000000001,0.016354,,,,hop3plus,3,6.234
ws8_q057,indexed,164793,875,0,0,5,False,end_turn,,18.828,2026-09-11 12:49:13+00:00,"Based on the GitHub issue `rust-lang/rust#158800` — ""[ICE]: `attempt to subtract with overflow`"" — the ICE was traced to `compiler/rustc_hir_analysis/src/check/wfcheck.rs` (around line 1723 at the time), which was triggered by malformed input such as:

```rust
impl FnOnce { extern ""rust-call"" fn call_once(#[splat] self) }
```

The comment thread indicates it was resolved once PR **#158850** was merged (the issue thread notes ""158850 is merged""), which fixed the subtraction-overflow panic in that wfcheck code path.

Source: `rust-lang__rust__158800.md`",True,False,False,rust-lang__rust__158800.md,True,"The answer identifies the primary issue #158800, the wfcheck subtraction-overflow cause, and the resolving PR #158850, matching expectations.",0.35224099999999997,0.33833599999999997,0.013904999999999999,0.33833599999999997,,,,hop3plus,5,7.3326
ws8_q066,agentic,12018,466,0,0,3,False,end_turn,,11.069,2026-09-11 12:49:37+00:00,"## Root cause

The freeze was traced to a regression introduced in PR **#159881**, which changed how rustdoc's `visible_parent_map` performs a breadth-first search (BFS) into children of `#[doc(hidden)]` modules. The bug was that fallback items were never marked as ""visited,"" so they kept getting re-added to the BFS queue from every parent path. This caused an explosive increase in processing—especially for a module structure like libc's—leading `rustdoc`/`rustc` to hang, consuming huge CPU/memory until it was killed.

## Resolution

The fix was submitted in PR **#160464** by zalanlevai, which updates the BFS logic to also check the fallback map (in addition to the existing visible-parent-map check) to determine whether a child item has already been explored, before recording a new fallback entry or re-extending the BFS with an already-explored item. (A competing fix, PR #160487, was closed in favor of #160464.)

Source: `rust-lang__rust__160439.md`",True,False,False,rust-lang__rust__160439.md,True,"Answer identifies issue #160439, traces it to the BFS/fallback regression from PR #159881, and credits fix PR #160464, matching all expected documents.",0.035726,0.028696,0.007030000000000001,0.028696,,,,hop3plus,3,7.5558
ws8_q044,indexed,8275,546,0,0,2,False,end_turn,,7.2,2026-09-11 12:49:51+00:00,"## Root cause

The bug (rust-lang/rust#161578, ""match guards with unreachable success blocks ignore fake borrows"") was traced to how MIR lowering inserts **fake reads** for match guards' fake borrows. Fake reads are inserted into the guard's *success* block (right before creating by-value bindings), rather than into the guard's *failure* block (where the fake borrows actually need to remain live for soundness, since that's where control flow proceeds to try other match arms). When the guard's success block is unreachable (e.g., because the guard ends in `... && panic!()` or `... && return`), the fake borrow is never kept alive, so the borrow checker fails to prevent the scrutinee from being mutated inside the guard — an unsoundness that can lead to reading uninitialized/wrong memory.

## Resolution

This was fixed by rust-lang/rust#161581 (""put fake reads for guards' fake borrows on the guard's failure path""), authored by dianne. The fix moves the fake reads onto the guard's *failure* path instead of (or in addition to) the success path, so that mutating a fake-borrowed place is now correctly forbidden whenever guard *failure* is reachable — even if guard success is unreachable. (It's still allowed to mutate fake-borrowed places only when both success and failure paths are unreachable.)

**Sources:** `rust-lang__rust__161578.md`, `rust-lang__rust__161581.md`",True,False,False,rust-lang__rust__161578.md,False,It correctly describes the cause and fix mechanism but attributes the resolution to PR #161581 instead of the actual fixing PR #160599.,0.055944999999999995,0.022010000000000002,0.033935,0.022010000000000002,,,,hop2,2,5.0919
ws8_q030,indexed,558402,2960,0,0,10,False,end_turn,,51.877,2026-09-11 12:50:12+00:00,"Based on the available document, I can only find the initial ICE report itself — there are no follow-up comments in `rust-lang__rust__161510.md` that record a root-cause diagnosis or a fix. 

What the report shows (rust-lang__rust__161510.md):
- The panic is `invalid immediate for given destination place: scalar value has wrong size` (`Size(2 bytes)` vs `Size(4 bytes)`) at `compiler/rustc_const_eval/src/interpret/operand.rs:122`.
- The reproducer uses the unstable `generic_const_args`/`min_generic_const_args`/`generic_const_items` features to declare a generic associated const with mismatched const-generic parameter types between the trait and impl:
  ```rust
  trait Owner {
      const K<const N: u16>: u16;
  }
  impl Owner for () {
      const K<const N: u32>: u32 = N;
  }
  fn take1(_: impl Owner<K<9> = 0>) { take1(()) }
  ```
  i.e. the trait declares `K` with a `u16` const parameter while the impl redefines it with a `u32` const parameter — a mismatch that isn't rejected before codegen/const-eval, leading the interpreter to build a value of the wrong scalar size.

I could not find any comment in this issue thread confirming a specific root-cause commit or a merged fix — the issue is listed as `state: open`, and no resolving PR/comment is recorded in the document. So, based on the available data, I cannot confirm what it was ""eventually traced to"" or ""what resolved it"" beyond the fact that the minimized cause is this const-generic-parameter type mismatch between a trait's generic associated const declaration and its impl under the `generic_const_args`/`min_generic_const_args` features (source: `rust-lang__rust__161510.md`). I don't have documentation showing the actual fix/resolution for this specific issue.",True,True,False,rust-lang__rust__161510.md,False,"Although it names the correct issue, the answer explicitly hedges and declines to state what the ICE was traced to or what resolved it.",1.163329,1.146404,0.016925,1.146404,,,,hop1,1,5.3585
ws8_q007,agentic,32957,966,0,0,7,False,end_turn,,22.226,2026-09-11 12:51:11+00:00,"Based on the linked pull request (rust-lang/rust#160306), the bug was traced to the `-Zshare-generics` mechanism incorrectly exporting/using generic instances from crates that are *conditional dependencies* — specifically the panic runtime (`panic_abort`/`panic_unwind`) and `profiler-builtins`. Because these crates can be swapped depending on the panic strategy, monomorphized generics that got ""shared"" from them (relying on symbols exported by whichever panic runtime happened to be linked when the debug sysroot was built) ended up missing when a different panic runtime (`panic_abort`) was actually linked in, causing the undefined symbol errors.

The fix, implemented in PR **rust-lang/rust#160306** (""Don't use exported generics from conditional dependencies (panic runtimes and profiler-builtins)""), stops treating generics exported from these conditional-dependency crates as shareable, which resolved the undefined-symbol linking failures.

Sources: `rust-lang__rust__159682.md`, `rust-lang__rust__160306.md`",True,True,False,rust-lang__rust__159682.md,True,"The answer identifies issue #159682, correctly attributing it to -Zshare-generics exporting generics from conditional panic-runtime dependencies and the fix in PR #160306.",0.088529,0.075574,0.012955,0.075574,,,,hop1,1,4.1218
ws8_q003,indexed,228289,869,0,0,6,False,end_turn,,19.126,2026-09-11 12:51:38+00:00,"I was unable to find a document in this collection that matches the issue titled ""rustc suggests incorrect labeling of try block."" My searches for this specific title and related terms (try block labeling, break/loop label suggestions, try_blocks feature) did not surface any matching GitHub issue or PR in the indexed corpus.

I cannot determine the answer from the available documents. I don't have a specific filename to cite for this issue, and I don't want to guess at what it was traced to or how it was resolved without supporting evidence from the corpus.",False,False,False,,False,"The answer states it could not determine the answer and names no issue, failing to identify the expected document rust-lang/rust#160987.",0.470993,0.46526799999999996,0.005725,0.46526799999999996,,,,hop1,1,6.8626
ws8_q026,agentic,6654,254,0,0,3,False,end_turn,,4.806,2026-09-11 12:51:59+00:00,"The issue (kubernetes/kubernetes#140735) is still **open** with no resolution recorded. As of the latest comments, contributors (Nagasirikancha and souvikDevloper) had only just volunteered to investigate/reproduce the problem — no root cause has been identified yet and no fix has been posted. So there is no confirmed answer yet as to what it was traced to or what resolved it.",False,False,False,,False,"The answer names the right issue but claims no root cause or resolution exists, failing to describe what it was traced to and what resolved it.",0.025512999999999997,0.015848,0.009665,0.015848,,,,hop1,1,5.2785
ws8_q063,indexed,86391,979,0,0,5,False,end_turn,,18.742,2026-09-11 12:52:08+00:00,"## Answer

In kubernetes/kubernetes#140944 (""flakiness in `ci-node-crio-kubelet-serial`""), the initial triage (by @dims/bot) found this was **not one regression but an accumulation of several intermittent `[Serial]` test failures**, with the job passing only ~13% of the time. The largest single contributor was flakiness in the ""Pod Level HugePages Resources"" tests (`waitForHugepages`/`setHugepages` timing out after 30s), plus a secondary cascade of `/configz context deadline exceeded` kubelet-restart timeouts and unrelated already-tracked issues (e.g., credential-pulled-images failures tracked in #137004).

It was eventually resolved by **kannon92 moving the slow/disruptive tests out of this lane**: the slow and disruptive tests were split off into a separate job, `ci-node-crio-kubelet-serial-slow-disruptive` (via PR #140946), which cut the main `ci-node-crio-kubelet-serial` run time down to about 2 hours and eliminated the timeout-driven cascade failures. After this change, dims confirmed ""4 clean runs in a row"" and closed the issue on 2026-07-30.

Source: `kubernetes__kubernetes__140944.md`",True,False,False,kubernetes__kubernetes__140944.md,True,"Answer identifies the primary issue (#140944), the accumulated serial-test/hugepages-timeout causes, and the job-splitting fix, matching the expected thread and resolution.",0.220432,0.18257199999999998,0.037860000000000005,0.18257199999999998,,,,hop3plus,4,5.4763
ws8_q018,agentic,38191,683,0,0,4,False,end_turn,,11.744,2026-09-11 12:52:45+00:00,"Based on the document `rust-lang__rust__159934.md`, this issue is still **open** and contains only the original bug report — there is no follow‑up comment, diagnosis, or fix recorded in it. The reporter (sutajo) suspected the exponential blow‑up was caused by the recursive trait bounds (`IterationCount<TOTAL, LEFT>: Unrollable` recursing down to `LEFT - 1`) combined with `generic_const_exprs`, but no maintainer response, root-cause determination, or resolution appears in the thread. So the answer is: it has not (yet) been traced to a specific cause or resolved — the issue remains unaddressed as of the last update in the document.",True,True,False,rust-lang__rust__159934.md,False,"Candidate names the right issue but claims no cause or resolution exists, failing to describe what the report was traced to and what fixed it.",0.09723699999999999,0.083212,0.014025,0.083212,,,,hop1,1,5.8975
ws8_q061,indexed,42801,837,0,0,4,False,end_turn,,15.498,2026-09-11 12:53:02+00:00,"Based on the thread, issue rust-lang/rust#160292 (""Tracking issue for release notes of #159298: Tracking Issue for `bool::toggle`"") was traced by the original reporter CenTdemeern1 to a mix-up: it had actually been auto-created for the *tracking issue* (#159298) rather than for the actual stabilization PR (#160299). The real release-notes tracking issue for the stabilization was #161462 (""Tracking issue for release notes of #160299: Stabilize `bool::toggle`""). CenTdemeern1 noted in the final comment on #160292 (2026-08-21) ""Oh, I believe this might have been supposed to go in #161462...? Apologies, this is a bit confusing"" — i.e., the release-notes content belonged in #161462 instead, which is where the correct release notes text (`# Stabilized APIs - [bool::toggle](https://github.com/rust-lang/rust/pull/160299)`) was tracked.

Citations: `rust-lang__rust__160292.md`, `rust-lang__rust__161462.md`, `rust-lang__rust__159298.md`, `rust-lang__rust__160299.md`",True,True,False,rust-lang__rust__160292.md;rust-lang__rust__161462.md;rust-lang__rust__160299.md,True,"Answer identifies #160292 as the primary thread, correctly traces it to a bot mix-up with stabilization PR #160299, and notes resolution via the proper notes issue #161462.",0.10506199999999999,0.093972,0.011090000000000001,0.093972,,,,hop3plus,3,5.7232
ws8_q063,agentic,9819,555,0,0,3,False,end_turn,,7.618,2026-09-11 12:53:21+00:00,"Based on `kubernetes__kubernetes__140944.md`:

**Root cause:** The flakiness was traced not to a single regression, but to an accumulation of multiple independent, intermittent `[Serial]` test failures pushing the job's pass rate down to ~13%. The single biggest contributor was a flaky ""Pod Level HugePages Resources"" test (`waitForHugepages`/`setHugepages` timing out after 30s waiting for the node to expose reserved hugepage capacity — `hugepages_test.go:230`), plus other recurring but pre-existing/independently-tracked issues (credential-pulled-images failures already tracked in #137004, and intermittent kubelet-restart `/configz` timeout cascades). Notably, it was *not* related to the separate kubelet panic issue #140848.

**Resolution:** sig-node (kannon92) moved several longer-running/slow-and-disruptive tests out of this serial lane into a separate `ci-node-crio-kubelet-serial-slow-disruptive` job (via PR #140946), which cut the overall run time to about 2 hours and eliminated the timeout-driven cascade failures. After this change, dims confirmed 4 clean runs in a row and closed the issue.",True,False,False,kubernetes__kubernetes__140944.md,False,"Candidate explicitly denies the kubelet panic issue #140848 connection central to the expected answer and instead attributes the fix to job-splitting, mismatching the traced cause/resolution.",0.043258,0.025188,0.018070000000000003,0.025188,,,,hop3plus,4,5.4763
ws8_q042,indexed,33062,687,0,0,3,False,end_turn,,11.848,2026-09-11 12:53:36+00:00,"Based on the available documents, the issue kubernetes/kubernetes#141407 (""Remove usage of helper functions from k8s.io/kubernetes/pkg/apis/core/v1/helper"") is still **open** in the retrieved data, and no resolution has been recorded yet. 

What the thread shows so far:
- It depends on issue #141403, which needed to be merged first (this was confirmed merged by pacoxu on 2026-08-28).
- The task itself was assigned to brejman by pacoxu around 2026-09-10, but no comments trace a specific root cause or show a resolving PR for #141407 in the documents I have (`kubernetes__kubernetes__141407.md`).

I could not find further discussion tracing this issue to a specific root cause or a merged PR that resolved it — the document only shows the issue being opened, dependency clarified, and assignment to a contributor, with the state still marked ""open."" If you have a related PR number in mind (e.g., similar to #141408, #141406, #141463 which handle analogous helper-removal tasks for other packages), I can look that up specifically.",True,False,False,kubernetes__kubernetes__141407.md,False,"The answer explicitly states it could not determine a root cause or resolution, hedging rather than committing that the blocker was #141403 being merged.",0.08678899999999999,0.072994,0.013795,0.072994,,,,hop2,2,3.4867
ws8_q055,indexed,7811,949,0,0,2,False,end_turn,,10.922,2026-09-11 12:53:56+00:00,"## Root cause

Issue **kubernetes__kubernetes__141214.md** traced the problem to `createNodeSelector` in the DRA structured allocator: when a per-device `ResourceSlice.nodeSelector` had more than one node-selector term (which could still exist in storage from before validation was tightened, or from an older API server during version skew), the function returned a hard error (`""unsupported ResourceSlice.NodeSelector with %d terms""`). That error was not wrapped with `internal.ErrFailedAllocationOnNode`, so the DynamicResources Filter plugin treated it as a fatal framework error rather than an `Unschedulable` result for that one node — aborting the entire scheduling cycle instead of just skipping the bad node. There was also an ordering bug: `createNodeSelector` returned early once it hit a result with a `nodeName`, so a malformed multi-term selector appearing *after* a node-bound device was never even checked, making the failure depend on result order.

This was itself a downstream consequence of a validation gap identified in the related issue `kubernetes__kubernetes__141212.md`: per-device `nodeSelector` fields were supposed to require exactly one term (per API doc), but `validateDevice` only called `ValidateNodeSelector` (which enforces ""at least one"" term, not ""exactly one""), so multi-term per-device selectors could pass API admission despite violating the documented single-term contract.

## Resolution

Two complementary fixes were made:

1. **`kubernetes__kubernetes__141213.md`** — closed the validation gap by making `validateDevice` reject a per-device `nodeSelector` whose `nodeSelectorTerms` length is not exactly one (matching the existing slice-level check), with a ratchet so previously-stored unchanged multi-term slices aren't retroactively broken.

2. **`kubernetes__kubernetes__141338.md`** — addressed the allocator-side hardening for already-stored/version-skewed malformed slices (tracked as the direct fix for #141214): it wraps the multi-term `createNodeSelector` error with `internal.ErrFailedAllocationOnNode` so the Filter plugin reports `Unschedulable` for just that node instead of aborting the whole scheduling cycle, and it validates every selected device before applying a node-bound result so the ordering edge case is also caught regardless of whether the malformed selector appears before or after a `nodeName` result. This behavior was applied consistently across the stable, incubating, and experimental allocator variants, while zero-term selector behavior was intentionally left unchanged (already handled by existing validation/filtering).",True,True,False,kubernetes__kubernetes__141214.md;kubernetes__kubernetes__141338.md;kubernetes__kubernetes__141213.md;kubernetes__kubernetes__141212.md,True,"Answer names all four expected threads and coherently describes the createNodeSelector multi-term error not being wrapped as per-node failure, plus the validation and allocator hardening fixes.",0.037852,0.025112,0.012740000000000001,0.025112,,,,hop3plus,4,6.1695
ws8_q039,agentic,347845,1019,0,0,7,False,end_turn,,15.193,2026-09-11 12:54:11+00:00,"## Root cause and resolution

The issue (`rust-lang__rust__160043.md`) was traced to the `rust-lang/libc` crate having dropped its `pread`/`pwrite` bindings for `x86_64-wrs-vxworks` (in libc 0.2.187, via rust-lang/libc#5129 — they had previously only been always-failing stub polyfills, and libc maintainers declined to restore them, per rust-lang/libc#5328). Since `library/std`'s `sys/fd/unix.rs` unconditionally imported `libc::pread`/`libc::pwrite` for `FileExt::read_at`/`read_buf_at`/`write_at`, and VxWorks genuinely has neither syscall (with `lseek`+`read` not being a valid substitute since it isn't atomic), building `std` for VxWorks failed with `E0432` unresolved-import errors.

It was resolved by making positioned/positional I/O explicitly unsupported on VxWorks: branching those functions per-target (similar to how `read_vectored` already special-cases espidf/horizon/vita/nuttx) so that on VxWorks they return `ErrorKind::Unsupported` instead of trying to call the nonexistent `pread`/`pwrite`. This was implemented in PR #160031 (""std: make positioned I/O unsupported on VxWorks"", by JohnTitor), which fixed the issue. A duplicate PR, #160075, was closed in favor of #160031 since it addressed the same problem but was opened later.",True,False,False,rust-lang__rust__160043.md,False,"Cause is described correctly, but it attributes the fix to PR #160031 (plus an invented duplicate #160075) rather than the expected resolving PR #159991, misidentifying the resolving pull request.",0.8021149999999999,0.7058800000000001,0.096235,0.7058800000000001,,,,hop2,2,7.1503
ws8_q020,indexed,713049,2633,0,0,10,False,end_turn,,49.487,2026-09-11 12:55:13+00:00,"Based on the available information, I can only confirm the initial report but cannot retrieve further discussion/comments from that issue in the indexed corpus.

**What I found (from `rust-lang__rust__160964.md`):**

The issue ""Inline const errors are opt-level-dependent"" (rust-lang/rust#160964, opened by atynagano) reports that code containing a panicking inline const, e.g.:

```rust
fn inline_const() {
    const { panic!() }
}
pub fn main() {
    inline_const();
}
```

is expected to always produce a compile error (`E0080: evaluation panicked: explicit panic`) regardless of optimization level, but instead the behavior differs across `opt-level=0/1/2/3`, whether it's a binary, and whether `-Zinline-mir` is enabled — i.e., in some configurations the panic/error is emitted and in others it silently isn't.

**What I could not determine:**
The search index I have access to only contains the issue's initial report text for #160964; it does not include the follow-up discussion, root-cause analysis, or the linked/closing PR. As a result, I cannot state with certainty what the bug was ultimately traced to (e.g., which specific compiler mechanism — such as MIR inlining, dead-code/const-eval collection, or promoted-constant handling — caused the const's evaluation error to be skipped) or which PR/commit resolved it.

If you need the precise root cause and fix, I'd recommend checking the later comments and linked PR on rust-lang/rust#160964 directly on GitHub, since that information isn't present in the document set available to me (`rust-lang__rust__160964.md`).",True,True,False,rust-lang__rust__160964.md,False,"The answer identifies the correct issue but explicitly declines to state the root cause or resolution, hedging without committing to an answer.",1.460043,1.452428,0.007614999999999999,1.452428,,,,hop1,1,4.4994
ws8_q069,agentic,23082,1093,0,0,5,False,end_turn,,19.529,2026-09-11 12:56:05+00:00,"## Root cause and resolution

The bug was traced to the `NoSchedule` enforcement code in `staging/src/k8s.io/dynamic-resource-allocation/resourceslice/tracker/tracker.go`, which treated a `nil`/omitted `deviceSelector` as matching **every** device rather than none:

- `driverPoolDeviceIndexPatchKey()` used `ptr.Deref(patch.Spec.DeviceSelector, DeviceTaintSelector{})`, defaulting a nil selector to an empty struct, which keyed as `*`/`*`/`*` in the index — matching all slices.
- `applyPatches()` skipped the driver/pool checks entirely when the selector was nil and never filtered by device name, so every device in every matching slice got tainted.

This contradicted the documented API semantics (""The empty selector matches all devices. Without a selector, no devices are matched"") and had been the case since the original `DeviceTaintRule` design (#130447), even though that design's own intent was for a null selector to match nothing (mirroring `LabelSelector` semantics). The separate `NoExecute` eviction path already correctly treated nil as matching nothing, so only the `NoSchedule` path was broken — consistent with what the reporter observed.

It was resolved by PR #141648 (""fix: make nil DeviceTaintSelector match no devices""), which:
- Changed `driverPoolDeviceIndexPatchKey` to return `""""` (matching no index) when the selector is nil.
- Changed `applyPatches` to early-continue (skip) when the selector is nil, matching the existing `ruleMatchesDevice` behavior used by `NoExecute`.
- Updated the `taintAllDevicesRule` test fixture to use an explicit empty selector (`&DeviceTaintSelector{}`) to represent ""match all,"" and added a regression test (`nil-selector-matches-none`) verifying a nil selector produces zero patches.

The fix means an omitted `deviceSelector` now correctly matches no devices as documented; to taint all devices, users must explicitly set `deviceSelector: {}`. This fix was merged for v1.38 and also cherry-picked back to release-1.37 (PR #141998) due to the severity of the bug.

Sources: `kubernetes__kubernetes__141620.md`, `kubernetes__kubernetes__141648.md`.",True,False,False,kubernetes__kubernetes__141620.md,False,"It attributes the fix to PR #141648 (plus cherry-pick #141998) rather than the expected resolving threads #141425/#141422, so the named resolution does not match.",0.136854,0.057094,0.07976000000000001,0.057094,,,,hop3plus,3,7.3326
ws8_q029,indexed,419188,2066,0,0,8,False,end_turn,,34.706,2026-09-11 12:57:01+00:00,"Based on my searches, I could only retrieve the initial report content of `kubernetes__kubernetes__139494.md` (the issue body and the initial ""awaiting triage"" bot comment) — I was not able to find any further comments in that document describing what the flake was ultimately traced to or how it was resolved.

**What I found:** The issue (`kubernetes__kubernetes__139494.md`) reported that `ClusterLoaderV2.load overall` was failing on `gce-master-scale-performance-5000` due to a high-latency-requests measurement failure, specifically an `APIResponsivenessPrometheusSimple` error showing the `pods LIST` (cluster scope) request exceeding the perc99 ≤ 30s threshold (perc99 was ~44.6s).

This same signature is reported in the closely related issue `kubernetes__kubernetes__139622.md`, which notes it ""seems related to"" `kubernetes/kubernetes#139191`, and points to a broader body of work in this timeframe (e.g., `kubernetes__kubernetes__139526.md`, `kubernetes__kubernetes__139595.md`, `kubernetes__kubernetes__139533.md`) diagnosing watch-cache `RLock` contention/writer starvation caused by the WatchList client holding the watch cache lock for O(N) work during initial-events setup, which led to watch-cache staleness and LIST requests falling back to etcd with high latency at scale. Fixes pursued in that timeframe included moving snapshot/list data handling outside the lock (`kubernetes__kubernetes__139533.md`, `kubernetes__kubernetes__139595.md` ""Watchcache snapshot latest"") to reduce writer starvation.

However, I could not find text within `kubernetes__kubernetes__139494.md` itself confirming which specific fix closed that particular issue, so I cannot state with certainty the exact final root cause/resolution recorded for #139494. If you'd like, I can keep digging for the specific closing comment on that issue.",True,True,False,kubernetes__kubernetes__139494.md,False,"Although it names issue #139494, the answer explicitly hedges and declines to commit to what the flake was traced to or what fix resolved it.",0.8772209999999999,0.8590359999999999,0.018185,0.8590359999999999,,,,hop1,1,6.9962
ws8_q024,agentic,45026,1043,0,0,5,False,end_turn,,13.854,2026-09-11 12:57:43+00:00,"Based on the issue thread (`rust-lang__rust__159418.md`), the root cause was traced to rustc's codegen using a ""dummy"" `f32` (LLVM `float`) type for discarded (`_`) inline-asm register outputs, instead of the actual vector type (e.g., an 8×double vector for a `zmm_reg`). This mismatch caused several downstream problems:

1. With `avx512vl` absent, LLVM would think it couldn't allocate registers `zmm16‑31` for an `float` output, producing a spurious ""inline assembly requires more registers than available"" error.
2. With `avx512vl` present, invalid registers were assigned once registers `zmm0‑15` were exhausted, causing ""invalid operand for instruction"" errors (e.g., producing bogus register names like `r31b`/`R19BH`).
3. Because the discarded output was typed as a scalar `float` rather than a vector, LLVM did not recognize that the wider `zmm`/AVX-512 register was actually used, so it failed to emit the `vzeroupper` instruction, risking SSE/AVX transition stalls.

The reporter (real-eren) pinpointed the exact code location in `compiler/rustc_codegen_llvm/src/asm.rs` (the `dummy_output_type` using `cx.type_f32()`), and confirmed that when a real named variable of the correct vector type was used for the output instead of `_`, the generated LLVM IR correctly used `<8 x double>` (matching the register class) rather than `float`, and the bugs disappeared.

As of the state captured in the document, the issue was still open (no merged fix included in the thread) — the diagnosis is that rustc should stop using `f32`/`float` as the dummy discard type for vector (`xmm`/`ymm`/`zmm`) register outputs, and instead use a properly-sized vector type, which was identified as the fix needed to resolve all three reported bugs.",True,True,False,rust-lang__rust__159418.md,True,"It names the correct issue #159418, the f32 dummy_output_type root cause, and the fix of using proper vector types, despite mistakenly noting the thread as unresolved.",0.121322,0.100482,0.02084,0.100482,,,,hop1,1,7.5558
ws8_q034,indexed,191688,1483,0,0,6,False,end_turn,,25.488,2026-09-11 12:58:05+00:00,"Based on the available thread for **rust-lang/rust#159481** (`rust-lang__rust__159481.md`), this was a diagnostics‑improvement request rather than a bug with a hidden root cause: the reporter (estebank) wanted rustc's ""expected fn pointer, found closure"" error (E0308) to also suggest changing the return type from a bare `fn(...)` pointer to `impl Fn(...)`, since the real problem is simply that the return type was declared as a `fn` pointer when it should have been an `impl Fn` trait return type.

The issue thread shows that the fix was implemented in **PR #159594** — after that PR landed, estebank noted in a follow‑up comment: *""After #159594, the only thing left [is] to detect if `FnMut` would be needed (for now, let's skip) and properly account for HRTB (`impl for<'a> Fn(&'a ()) -> &'a ()`).""*

So the suggestion feature was resolved/implemented by PR #159594, with the remaining edge cases (detecting when `FnMut` is needed instead of `Fn`, and handling higher-ranked lifetime bounds) left as follow-up work rather than being part of the original bug's root cause.",True,False,False,rust-lang__rust__159481.md,True,"The answer identifies issue #159481 and correctly attributes resolution to PR #159594 implementing the impl Fn suggestion, matching both expected documents.",0.405551,0.398206,0.007345,0.398206,,,,hop2,2,6.1089
ws8_q049,agentic,22794,724,0,0,4,False,end_turn,,13.121,2026-09-11 12:58:33+00:00,"Based on the issue tracker in **kubernetes__kubernetes__141310.md**, the report itself doesn't describe a single root-cause bug — it's a survey of several unhealthy LIST-path microbenchmarks. Among those, the `BenchmarkCacher_GetList` benchmark was flagged as broken, and the investigation traced the failure to a **stale local `fakeStorage` test helper**: it embedded a nil `storage.Interface` and didn't implement the methods (e.g., `EnableResourceSizeEstimation`) now required by the cacher startup path in `NewCacherFromConfig`, causing a nil-pointer-dereference panic before the benchmark could run.

This was resolved in **kubernetes__kubernetes__141309.md** (PR ""cacher/cleanup: fold stale cacher GetList benchmark into StoreList""), which removed the broken standalone `BenchmarkCacher_GetList` benchmark and folded its coverage (field-selector selectivity, indexed/unindexed cache LIST paths) into the maintained `cacher/BenchmarkStoreList` benchmark family using shared exemplar Pod data, rather than continuing to maintain the outdated fake storage setup.",True,False,False,kubernetes__kubernetes__141310.md,False,"Candidate names issue 141310 but attributes it to a nil fakeStorage panic fixed by PR 141309, not the expected resolutions in PRs 139770/139605.",0.065608,0.052828,0.012780000000000001,0.052828,,,,hop3plus,3,7.8435
ws8_q039,indexed,1406185,2667,0,0,13,False,end_turn,,43.924,2026-09-11 12:58:50+00:00,"I found the exact issue and its resolution.

**The issue:** `rust-lang__rust__160043.md` — ""std doesn't build for x86_64-wrs-vxworks: no pread/pwrite on the target"" (opened by physwkim, 2026-07-28).

**Traced to:** `std`'s `sys/fd/unix.rs` imports `libc::pread`/`libc::pwrite` for `FileExt::read_at`/`read_buf_at`/`write_at`. The `libc` crate had previously shipped always-failing stub implementations of `pread`/`pwrite` for VxWorks, but those stubs were removed in `rust-lang/libc` PR #5129 (released in libc 0.2.187). The libc maintainers declined to restore them (see `rust-lang/libc#5328`, where they said these were ""just stubs"" like `killpg` and should stay removed — instead std should return ""unsupported""). Since `lseek` + `read` isn't a true substitute (it's not atomic), and the target genuinely has neither `pread` nor `pwrite`, the build broke once `library/Cargo.lock` picked up the newer libc version.

**Resolved by:** `rust-lang__rust__160031.md` — ""std: make positioned I/O unsupported on VxWorks"" (opened by JohnTitor). This PR branches the positional-read/write code per-target (the same way `read_vectored` already does for espidf/horizon/vita/nuttx in `sys/fd/unix.rs`) so that on VxWorks, `read_at`/`read_buf_at`/`write_at` simply return `ErrorKind::Unsupported` instead of trying to call the nonexistent `pread`/`pwrite`. This closed issue #160043.

(A duplicate PR, `rust-lang__rust__160075.md` — ""std: make positional read/write unsupported on VxWorks"" — proposed the same fix but was closed in favor of #160031, which was opened first.)",True,False,False,rust-lang__rust__160043.md,False,"It identifies issue #160043 but names PR #160031 (""make positioned I/O unsupported"") as the fix instead of the expected #159991, so the resolution is wrong.",2.852715,2.8390400000000002,0.013675,2.8390400000000002,,,,hop2,2,7.1503
ws8_q040,agentic,6042,706,0,0,3,False,end_turn,,10.589,2026-09-11 12:59:39+00:00,"## Root cause and resolution

The issue (kubernetes/kubernetes#141670) was traced to the fact that `SignJWTRequest.claims` is **already base64url-encoded** when handed to an external signer implementation. The original proto comment (""URL-safe base64 wrapped payload to be signed... Exactly as it appears in the second segment of the JWT"") was technically correct but easy to misread — implementers could mistakenly assume they were receiving raw JSON and re-encode the already-encoded value before signing. This produced a structurally valid gRPC response and JWT, but the signature was computed over the wrong bytes, causing the token to fail verification **silently** (no error at the gRPC call, apiserver acceptance step — only failing at the final `kubectl`/JWT auth check).

It was resolved by PR kubernetes/kubernetes#141687 (""externaljwt: warn against re-encoding claims in proto; add encoding contract test""), which:
- Added an explicit warning to the proto comment: ""Do NOT base64url-encode this value again — it is already encoded.""
- Added a new test (`TestClaimsEncodingContract`) that proves this failure mode is silent — demonstrating `GenerateToken` returns no error for a double-encoding signer, while the resulting token fails cryptographic signature verification — making the encoding contract explicit and testable end-to-end (previous tests used a hardcoded dummy signature and skipped real signature verification).

Sources: `kubernetes__kubernetes__141670.md`, `kubernetes__kubernetes__141687.md`",True,False,False,kubernetes__kubernetes__141670.md,False,"It identifies the issue (#141670) and cause correctly, but attributes the fix to PR #141687 instead of the actual resolving PR #141669.",0.037054,0.019143999999999998,0.017910000000000002,0.019143999999999998,,,,hop2,2,7.8435
ws8_q019,indexed,28787,782,0,0,3,False,end_turn,,11.958,2026-09-11 12:59:56+00:00,"## Answer

The issue was **kubernetes/kubernetes#141069**: ""Memory Manager pod-scope restore compares container blocks with the pod request.""

**Root cause traced to:** After a kubelet restart, when the pod-scope Memory Manager found a restored *container-level* allocation, it called `regenerateHints` using that single container's memory blocks compared against the *whole Pod's* memory request. For a multi-container Pod, these two values naturally differ, so `regenerateHints` returned no hint instead of restoring the Pod's previous NUMA affinity hint — which could cause an existing (already-running) Pod to fail admission under the `restricted` or `single-numa-node` Topology Manager policies after kubelet restart.

**Resolution:** It was fixed by **PR #141070** (""memorymanager: restore pod hints from pod allocation""), which changed the pod-scope hint restoration logic to use the restored **pod-level** memory allocation (rather than a single container's blocks) when regenerating hints, so the Pod's previous NUMA hint is correctly preserved across kubelet restarts. The PR also added a regression test covering a multi-container Pod restart scenario. The release note states: ""Fixed Memory Manager pod-scope topology hint restoration for multi-container Pods after kubelet restart.""

Sources: `kubernetes__kubernetes__141069.md`, `kubernetes__kubernetes__141070.md`",True,True,False,kubernetes__kubernetes__141069.md,True,Identifies the correct issue #141069 and accurately describes the pod-scope hint regeneration bug and its fix restoring hints from pod-level allocation.,0.08488899999999999,0.065394,0.019495,0.065394,,,,hop1,1,4.7832
ws8_q057,agentic,14347,392,0,0,3,False,end_turn,,7.367,2026-09-11 13:00:16+00:00,"The ICE (`rust-lang__rust__158800.md`) was caused by using the unstable `#[splat]` attribute together with an `extern ""rust-call""` function (e.g., `FnOnce::call_once`), which triggered an integer-subtraction overflow in `wfcheck::check_fn_or_method` (compiler/rustc_hir_analysis/src/check/wfcheck.rs) when computing argument counts for that ABI.

It was first addressed by PR #158645, which banned combining `#[splat]` with the `rust-call` ABI (turning it into a proper compile error instead of an ICE). However, the underlying panic still occurred in some cases on later nightlies, and the issue was fully resolved once PR #158850 was merged (as confirmed by chenyukang in the final comment).",True,False,False,rust-lang__rust__158800.md,True,"Answer identifies the primary ICE issue #158800, correctly attributes it to #[splat] with rust-call ABI overflow in wfcheck, and names the fixing PRs.",0.070504,0.032614,0.03789,0.032614,,,,hop3plus,5,7.3326
ws8_q047,indexed,8644,930,0,0,2,False,end_turn,,10.384,2026-09-11 13:00:42+00:00,"## Summary

Issue **kubernetes/kubernetes#140978** (""No e2e coverage for readiness probes during graceful pod termination"") was filed as a follow-up to the root-cause bug #140881, since the existing e2e test for terminating pods happened to pass ""for the wrong reason"" — it only checked that `Ready` eventually flipped to `False`, which also occurs when the container is simply SIGKILLed at the end of the grace period, masking the fact that exec readiness probes were completely broken (failing with `context canceled`) during the whole termination window.

**Root cause traced to:** Since v1.35 (via PR #130487, ""migrate prober to contextual logging""), probe worker goroutines were launched with the pod's sync context (`kl.probeManager.AddPod(ctx, pod)` → `go w.run(ctx)`). When a pod begins graceful termination, `pod_workers.go` cancels that same sync context (`status.cancelFn()`), which immediately canceled all in-flight exec probes (`ExecSync` calls), causing every readiness probe attempt to fail with `rpc error: code = Canceled desc = context canceled`. Because `doProbe` discards errored probe results rather than recording them as failures, `SetContainerReadiness` never fired, leaving the pod's `Ready` condition frozen at `True` for the entire grace period. Only exec probes were affected (HTTP/TCP/gRPC probers don't use that context).

**Fix:** Use `context.WithoutCancel(ctx)` when starting probe worker goroutines in `prober_manager.go`'s `AddPod` (three call sites), decoupling probe worker lifetime from the pod sync context while still preserving the logger. This was implemented in PR **#140882** (with a unit regression test `TestProbeWorkersSurviveSyncContextCancellation`) and backported specifically for release-1.35 in PR **#140524**.

**The e2e coverage gap itself (#140978)** was resolved by PR **#140980**, which tightened the existing terminating-pod readiness test (so it now requires the container to still be `Running` when `Ready` flips to `False`, ruling out the ""SIGKILL at grace boundary"" false pass) and added a new HTTP readiness-probe-during-termination test.

**Sources:** `kubernetes__kubernetes__140978.md`, `kubernetes__kubernetes__140980.md`, `kubernetes__kubernetes__140881.md`, `kubernetes__kubernetes__140882.md`, `kubernetes__kubernetes__140524.md`",True,False,False,kubernetes__kubernetes__140978.md;kubernetes__kubernetes__140882.md,True,"Answer identifies issue #140978, correctly traces it to probe workers inheriting the cancelable pod sync context (contextual logging migration) and the context.WithoutCancel fix in PR #140882.",0.045552999999999996,0.026588,0.018965,0.026588,,,,hop3plus,6,5.5081
ws8_q022,agentic,11192,649,0,0,3,False,end_turn,,8.81,2026-09-11 13:00:59+00:00,"The issue was traced to a regression introduced when `library/std/src/os/mod.rs` was refactored to use `cfg_select!` in Rust 1.98.0. The previous cfg gate `#[cfg(any(target_os = ""wasi"", any(target_env = ""p1"", target_env = ""p2""), doc))]` for `pub mod wasi;` was replaced with a narrower gate `#[cfg(any(target_env = ""p1"", target_env = ""p2""))]` inside the `target_family = ""wasm""` arm, which omitted `target_env = ""p3""` (and `target_os = ""wasi""`). Since `wasm32-wasip3` has `target_env = ""p3""`, the `wasi` module got configured out, breaking dependents like `sys/fs/unix.rs`, `sys/env/wasi.rs`, and `os/fd/raw.rs` that reference `crate::os::wasi::*`.

It was resolved by adding `target_env = ""p3""` (along with `target_os = ""wasi""`) back to the cfg condition gating `pub mod wasi;`, matching the fix proposed in the issue — by the time of the discussion, a commenter noted this fix had already been implemented in `library/std/src/os/mod.rs`. Since `wasm32-wasip3` is a tier 3 target (and not yet using the ratified wasip3 spec), maintainers (bjorn3, alexcrichton) indicated this fix would not be backported via a point release to stable.

(Source: `rust-lang__rust__161479.md`)",True,True,False,rust-lang__rust__161479.md,True,"The answer names issue 161479 and correctly identifies the cfg_select refactor omitting target_env = ""p3"" and the fix adding it back to the wasi module gate.",0.036844,0.028874,0.007970000000000001,0.028874,,,,hop1,1,6.234
ws8_q022,indexed,28815,937,0,0,3,False,end_turn,,13.096,2026-09-11 13:01:10+00:00,"Based on the issue thread `rust-lang__rust__161479.md`:

**Root cause:** During the 1.98.0 refactor of `library/std/src/os/mod.rs` to use `cfg_select!`, the `pub mod wasi;` gate was accidentally narrowed from the old condition (`any(target_os = ""wasi"", target_env = ""p1"", target_env = ""p2"", doc)`) to just `#[cfg(any(target_env = ""p1"", target_env = ""p2""))]`. This dropped both `target_os = ""wasi""` and `target_env = ""p3""`, so on `wasm32-wasip3` (which has `target_family = ""wasm""`, `target_os = ""wasi""`, `target_env = ""p3""`) the `wasi` module got compiled out entirely, breaking internal modules (`sys/fs/unix.rs`, `sys/env/wasi.rs`, `os/fd/raw.rs`) that reference `crate::os::wasi::*`.

**Resolution:** The fix was to add `target_os = ""wasi""` and `target_env = ""p3""` back to the cfg gate:

```rust
#[cfg(any(target_os = ""wasi"", target_env = ""p1"", target_env = ""p2"", target_env = ""p3""))]
pub mod wasi;
```

Commenter `im-lunex` confirmed this fix had already been implemented in the source (the cfg gate now includes `target_env = ""p3""`). Maintainers (bjorn3, alexcrichton) noted that since `wasm32-wasip3` is a tier-3 target that's explicitly documented as broken/using an unratified snapshot, this fix would not be backported to a stable point release — it would just land as part of normal development, with `alexcrichton` planning to promote wasip3 to a tier-2 target soon.",True,True,False,rust-lang__rust__161479.md,False,Answer commits to an invented root cause (a 1.98.0 cfg_select refactor regression) while contradictorily noting the fix already existed; details appear fabricated rather than matching the thread's actual resolution.,0.10904499999999999,0.067,0.042045,0.067,,,,hop1,1,6.234
ws8_q044,agentic,52563,1708,0,0,9,False,end_turn,,23.226,2026-09-11 13:01:47+00:00,"Based on the available documentation, here's the answer:

**Root cause:** The issue (`rust-lang__rust__161578.md`, reported by dianne) was traced to how the compiler lowers match guards' fake borrows. Rustc inserts *fake reads* of guards' fake borrows only in the guard's **success** block (right before creating by-value bindings), rather than in the **failure** block (where control flow continues to try further match arms and where the fake borrows are actually needed for soundness). When a guard's success path is unreachable (e.g., due to a `panic!()`/`return`/diverging expression after a short-circuiting `&&`/`||`), the fake-read statement placed on that unreachable success path gets eliminated (even by an early `SimplifyCfg` pass before borrow-checking runs). As a result, the fake borrow is never kept alive, so borrowck fails to detect that a place like `x` is mutated in the guard while still being matched/read afterward — this is what let code assign to `x` inside the guard and then later observe/act on the stale reference, causing unsoundness (as demonstrated with `Box<Box<u64>>`/`read(b)` examples). This was a variant of a root cause first discussed in `rust-lang__rust__160599.md`.

**Fix:** The fix was pursued in PR `rust-lang__rust__161581.md` (""put fake reads for guards' fake borrows on the guard's failure path""), which fixes #161578 by moving/duplicating fake reads so guard failure paths also fake-read the fake borrows, ensuring mutation of fake-borrowed places is forbidden whenever guard failure is reachable — even if guard success is unreachable. Through discussion (including lang-team input), the author (dianne) also opened the more restrictive alternative PR #162242, which consistently prohibits mutating fake-borrowed places in guards regardless of CFG shape (success/failure reachability), and dianne indicated a preference for that more restrictive approach over the original PR #161581. (No document for PR #162242 itself was available in the corpus, so its final merge status can't be confirmed from these files, but it was the PR ultimately favored to resolve the underlying issue.)

**Citations:** `rust-lang__rust__161578.md`, `rust-lang__rust__161581.md`, `rust-lang__rust__160599.md`.",True,True,False,rust-lang__rust__161578.md;rust-lang__rust__160599.md,True,"The answer identifies issue #161578, correctly traces it to fake reads placed only on the guard's success path being eliminated, and cites the fix PR plus related #160599.",0.131426,0.122206,0.00922,0.122206,,,,hop2,2,5.0919
ws8_q046,indexed,47115,400,0,0,3,False,end_turn,,9.868,2026-09-11 13:02:13+00:00,"I was unable to find a matching document for this specific issue in the available search index — the search results returned are entirely from rust-lang/rust and unrelated to CEL or kubernetes/kubernetes. I don't have access to a document that discusses ""CEL map-list concatenation preserves duplicate new keys from the right operand,"" so I cannot determine the answer from the available data.",False,False,False,,False,"The candidate explicitly states it could not determine the answer and identifies no issue thread or resolution, failing to match the expected documents.",0.10399000000000001,0.09823000000000001,0.00576,0.09823000000000001,,,,hop3plus,3,6.234
ws8_q016,agentic,8948,842,0,0,3,False,end_turn,,15.575,2026-09-11 13:02:25+00:00,"## Root Cause

The issue was traced to the taint-eviction controller's design: each scheduled eviction runs as a **one-shot `TimedWorkerQueue` worker** that only performs a small, fixed number of quick `deletePodHandler` DELETE retries (5 attempts) over a few tens of milliseconds. Once those bounded attempts are exhausted — e.g., because a validating admission webhook persistently denies the pod `DELETE` — the worker simply completes with no rate-limited requeue mechanism. Since there's no change to the node taint, tolerations, or the pod's `deletionTimestamp`, no new reconciliation event is ever generated, so the pod is left running on the tainted node indefinitely, defeating `NoExecute` semantics (source: `kubernetes__kubernetes__140639.md`).

## Resolution

PR **#141568** (""fix(tainteviction): retry failed pod deletions"") fixed this by:
- Keeping the existing `TimedWorkerQueue`/short bounded retry loop for the initial deletion attempts (used for toleration deadlines), but
- Adding a **durable, rate-limited workqueue** to retry pod deletions when the initial quick attempts fail, so eviction is no longer silently abandoned.
- Tracking retry state per-pod, and before each retry, revalidating the pod's UID, deletion state, and current `NoExecute` taints/tolerations so stale retries don't interfere with newer eviction decisions or delete a replacement pod with the same name.
- Using UID preconditions on the DELETE call, avoiding repeat deletes for pods already being deleted, and cleaning up retry state once eviction is no longer applicable.

This PR (still open/in review as of the captured thread) is intended to fix issue #140639 (sources: `kubernetes__kubernetes__141568.md`, `kubernetes__kubernetes__140639.md`).",True,True,False,kubernetes__kubernetes__140639.md,True,"The answer identifies issue #140639, correctly describes the bounded one-shot retry cause, and names PR #141568 adding a durable rate-limited requeue as the resolution.",0.034880999999999995,0.026316,0.008565,0.026316,,,,hop1,1,8.2489
ws8_q015,indexed,496373,2241,0,0,9,False,end_turn,,34.782,2026-09-11 13:02:43+00:00,"Based on the document available, the issue is still open (state: open) with no visible resolution comments in the retrieved content. I can only confidently report what the document itself establishes about the root cause.

## Answer

In rust-lang/rust#158265 (`rust-lang__rust__158265.md`), the report explains that the bug was traced to a mismatch between the **safe** `Pattern` trait and the **unsafe** `Searcher` trait's contract:

- `Pattern::into_searcher` is a *safe* method, but standard-library consumers (e.g. `Pattern::strip_prefix_of`, used by `str::strip_prefix`) implicitly assume that the `Searcher` returned by `into_searcher` was actually constructed for the exact haystack argument passed in.
- Because nothing enforces this, a safe, user-written `Pattern` implementation can ignore the haystack argument it's given and instead return a perfectly valid stdlib `Searcher` that was built for a *different*, `'static` string (in the reproducer, `""AAAAAAAA""` instead of the one-byte `""x""` actually being searched).
- That `Searcher` is internally consistent (its byte ranges are valid for the string it was actually built from, satisfying its own `unsafe` contract), but callers like `strip_prefix_of` apply those ranges unchecked to the *original* (different, shorter) haystack string, producing a `&str` with a bogus/oversized length — i.e., an invalid `&str` slice that leads to out-of-bounds reads.
- The reproducer demonstrates this can be triggered entirely through safe code (`#![forbid(unsafe_code)]`), since the unsoundness stems from a gap in the trait's safety invariants rather than any explicit `unsafe` block in user code.

As for a resolution: the document I retrieved shows only the initial bug report (state: **open**, opened 2026-06-22 by ostrowr), with no follow-up comments describing an accepted fix or closing resolution. I could not find further discussion or a merged fix documented for this specific issue in the available material, so I can't state definitively what (if anything) resolved it — only what it was traced to (the safe `Pattern`/unsafe `Searcher` contract mismatch, where `Searcher`'s ranges aren't validated against the actual haystack passed to `into_searcher`).",True,True,False,rust-lang__rust__158265.md,False,"Although it names the right issue and cause, the answer explicitly fails to state what resolved it, leaving half the question unanswered.",1.036281,1.015156,0.021124999999999998,1.015156,,,,hop1,1,5.9976
ws8_q030,agentic,29298,781,0,0,4,False,end_turn,,16.295,2026-09-11 13:03:26+00:00,"This issue (`rust-lang__rust__161510.md`) is still marked as **open** with no resolution recorded — it's a bare bug report from `matthiaskrgr` (auto-generated via icemaker) with no follow-up comments, discussion of root cause, or fix in the document. The ICE occurs when compiling code using `#![feature(generic_const_args)]`/`min_generic_const_args` where a trait's associated const `K` has a `u16`-typed const generic parameter but the impl's `K` has a `u32`-typed one (an error the compiler already reports as `E0053: associated constant K has an incompatible generic parameter for trait Owner`), yet const evaluation still proceeds and hits a `Size(2 bytes)` vs `Size(4 bytes)` mismatch in `copy_op_no_validate`.

Based on the available document, there is no indication of what it was ultimately traced to or how (or whether) it was resolved — the issue remains open with only the original bug report present, no root-cause analysis or fix mentioned.",True,True,False,rust-lang__rust__161510.md,False,"Although it names the right issue, the answer declines to state what the ICE was traced to or what resolved it, claiming no resolution exists.",0.08205599999999999,0.06640599999999999,0.01565,0.06640599999999999,,,,hop1,1,5.3585
ws8_q070,indexed,72818,836,0,0,4,False,end_turn,,12.308,2026-09-11 13:03:49+00:00,"## Answer

This issue is `kubernetes/kubernetes#140642` (""[Flake test] [sig-scalability] gce-master-scale-performance-5000 kubetest2.Up"").

**Root cause:** In each of the recent failing runs, the 5000-node cluster provisioned and converged almost completely (control plane up, ~4999/5000 nodes `Ready`), but exactly **one** node VM permanently never joined the cluster. Since `kops validate` requires zero validation errors across 3 consecutive passes, that single un-joined machine exhausted the 75-minute `--validation-wait`, causing `kubetest2.Up` to fail before ClusterLoaderV2 even ran. All three stragglers happened to be in the `us-east1-d` zone (different instances/boskos projects each time), pointing to a zone-level GCE infrastructure issue rather than a Kubernetes/kops code regression.

**Resolution:** It was fixed by `kubernetes/kops#18585`, which added a kops equivalent of `ALLOWED_NOTREADY_NODES` — allowing validation to tolerate a small number of un-joined nodes instead of requiring 100% of the 5000 nodes to join before passing validation. After this fix, the test was confirmed to no longer be flaky (per the triage history checked on 2026-09-09), and the issue was closed.

Source: `kubernetes__kubernetes__140642.md`",True,False,False,kubernetes__kubernetes__140642.md,False,The claimed cause (single node in us-east1-d failing kops validation) and fix (kops#18585 ALLOWED_NOTREADY_NODES) appear fabricated and do not match the expected related issues/resolution.,0.17185599999999998,0.153996,0.01786,0.153996,,,,hop3plus,3,5.5409
ws8_q074,agentic,53093,1585,0,0,6,False,end_turn,,29.276,2026-09-11 13:04:08+00:00,"Based on the linked issue thread (`kubernetes__kubernetes__140640.md`), here's what happened:

**Investigation/tracing:**
1. Initial automated triage (by dims) blamed PR #140047 (a fix for pod resource-footprint overestimation in multi-container pods) as causing a regression, since the failure timing lined up closely with that merge.
2. natasha41575 pointed the author at the fix (#140646), which appeared to help locally.
3. However, ndixita then showed that PR #140646 was actually **masking a bug in the test itself** (`pod-resize-retry-deferred-test-3`) — the test's arithmetic for how much memory should be freed after deleting/scaling down pods didn't actually add up to what pod3 was requesting (55.83% available vs 66.67% requested), meaning the test math was flawed rather than the kubelet logic being wrong.
4. But that analysis turned out to be about **test-3**, not **test-2** (the actual test named in this issue). natasha41575 clarified that `pod-resize-retry-deferred-test-2` only resizes CPU (not memory), so the test-3 memory-accounting explanation didn't apply.
5. Checking historical Triage data, natasha41575 found that `pod-resize-retry-deferred-test-2` ""has basically always been flaky"" going back months — it wasn't a new regression at all, just ongoing pre-existing flakiness.

**Resolution:**
The issue was ultimately closed as a duplicate of the umbrella deflaking issue **#134458** (which tracks ongoing efforts by sig-node to deflake these InPlacePodVerticalScaling deferred-resize tests). No specific code fix was applied to resolve this particular issue — it was reclassified from ""failing test/regression"" to ""flake"" and closed with tracking continuing under #134458, since prior attempts by other engineers to deflake these tests had not succeeded.

(A separate later attempt, PR #141325 — ""kubelet: close resize race in sync pod"" — tried to fix a race condition theorized to cause this flake, but it was ultimately closed/abandoned without merging after natasha41575 found the AI-assisted analysis unconvincing.)

**Source:** `kubernetes__kubernetes__140640.md` (primary), with supporting context from `kubernetes__kubernetes__140481.md` and `kubernetes__kubernetes__141325.md`.",True,False,False,kubernetes__kubernetes__140640.md;kubernetes__kubernetes__140481.md,False,"Candidate concludes it was pre-existing flakiness closed as duplicate of #134458 with no fix, whereas the expected answer ties it to the #140047 regression and its fix.",0.15887099999999998,0.12203599999999999,0.036835,0.12203599999999999,,,,hop3plus,3,6.5442
ws8_q072,indexed,114826,2172,0,0,5,False,end_turn,,30.569,2026-09-11 13:04:53+00:00,"Based on the discussion thread, here's what happened:

**The underlying issue:** rust-lang/rust#159186 (""Markdown tables can silently discard content containing `|`"") reported that rustdoc's Markdown tables silently drop cell content when a `|` character appears inside inline code (e.g. `` `code_with(|arg| arg)` ``), with no warning at all.

**What it was traced to:** GuillaumeGomez determined this wasn't a rustdoc bug per se but expected behavior of `pulldown-cmark` (the Markdown parser rustdoc uses), which follows the GitHub-Flavored-Markdown (GFM) table spec — literal `|` characters inside a table cell must be escaped (`\|`), otherwise they're interpreted as column separators and any resulting extra ""columns"" are silently discarded (rust-lang__rust__159186.md).

**What resolved it:** GuillaumeGomez opened PR rust-lang/rust#159583, adding a new warn-by-default rustdoc lint (initially unnamed/generically named, then renamed after reviewer camelid's feedback to `invalid_markdown_table`) that detects table rows with too many columns and warns that content after a column divider is discarded, with a help message suggesting escaping `|` with `\|`. During review, notriddle found and fixed a corner-case/off-by-one bug in the column-counting logic (`divider_count > expected_cells + 1`) that produced incorrect diagnostics in certain edge cases, and also had to patch some pre-existing tests (`invalid-html-tags.rs`) that started emitting the new warning. The PR was ultimately merged (`@bors r=Urgau,notriddle,camelid rollup`) (rust-lang__rust__159583.md).

The follow-up issue rust-lang/rust#160656 (""Tracking issue for release notes of #159583: Add new `invalid_markdown_table` rustdoc lint"") is the automated bot-generated tracking issue used by the release team to draft the changelog entry for this new lint — it doesn't itself contain further debugging, just a template noting the PR should be listed under ""Rustdoc"" in the release notes (rust-lang__rust__160656.md).",True,False,False,rust-lang__rust__160656.md;rust-lang__rust__159583.md,True,"It correctly identifies the tracking issue #160656, the pulldown-cmark/GFM pipe-escaping cause, and PR #159583 adding the lint as the fix; only the originating bug report's number is misstated.",0.27761199999999997,0.251372,0.026240000000000003,0.251372,,,,hop3plus,3,6.3771
ws8_q014,agentic,206137,832,0,0,5,False,end_turn,,15.213,2026-09-11 13:05:35+00:00,"## Summary

The issue (`rust-lang/rust#158673`) was traced to **LLVM's WebAssembly backend not supporting the `fmaximum`/`fminimum` (and related `l`-suffixed) runtime libcall signatures for `f128`**, causing an `UNREACHABLE executed ... WebAssemblyRuntimeLibcallSignatures.cpp:952!` crash with the error `unexpected runtime library name: fmaximum_numl` when calling `.max()`/`.min()` on `f128` values on `wasm32-unknown-unknown`. This was related to a broader upstream LLVM limitation (llvm/llvm-project#44744, tracked further at llvm/llvm-project#207100) — LLVM simply hadn't implemented these intrinsics for `f128` on wasm.

It was **not** something that needed a fix on the Rust side (an earlier attempt to just disable `f128` on wasm, PR #158672, was rejected as the wrong approach). Instead, it resolved itself once **LLVM 23 added support for these `f128` intrinsics**; after Rust's nightly picked up the LLVM 23 toolchain, the reproduction case worked correctly and the issue was closed as fixed.

(Sources: `rust-lang__rust__158673.md`, `rust-lang__rust__158672.md`)",True,True,False,rust-lang__rust__158673.md,True,"The answer names the correct issue (#158673) and attributes the crash to LLVM's wasm backend lacking f128 fmaximum libcall signatures, resolved by an LLVM upgrade.",0.437389,0.42059399999999997,0.016795,0.42059399999999997,,,,hop1,1,4.7677
ws8_q052,indexed,33552,870,0,0,3,False,end_turn,,11.966,2026-09-11 13:05:57+00:00,"## Answer

The issue in question is **kubernetes/kubernetes#141072** (""[Flaking][sig-node] k8s.io/kubernetes/test/integration/dra.all""), which reported repeated failures in `TestDRA/all/OptionalNodeOperations/podgroup-scheduled-on-supported-node`.

It was determined to be a **duplicate of #141059** (""[Flaking tests] TestDRA/all/OptionalNodeOperations/podgroup-scheduled-on-supported-node"") — same test package, same subtest, and same job (`ci-kubernetes-integration-arm64-master`). Both were bisected to the commit that added `test/integration/dra/optional_node_operations.go` (commit `1ae1a3d700678f0bbd4d182face7ecaa4cca7aa5`).

**Root cause:** In Gang/PodGroup scheduling tests where multiple Pods share a `ResourceClaim`, waiting for the `PodScheduled=True` condition via `waitForPodScheduled` was flaky due to a documented race condition (referenced in issue #139417's comment thread) — the claim could get ""allocated elsewhere in the meantime,"" causing a `SchedulerError` and timeout.

**Resolution:** It was fixed by **PR #141060** (""test/integration: fix dra optional node operations podgroup flake""), authored by troychiu, which addressed the race condition in how the test waits for pod scheduling. Issue #141059 was closed with the comment ""Fixed by https://github.com/kubernetes/kubernetes/pull/141060.""

**Sources:** `kubernetes__kubernetes__141072.md`, `kubernetes__kubernetes__141059.md`, `kubernetes__kubernetes__141060.md`",True,True,False,kubernetes__kubernetes__141072.md;kubernetes__kubernetes__141060.md;kubernetes__kubernetes__141059.md,True,"The answer identifies issue #141072 as a duplicate of #141059, traced to the podgroup scheduling race in the new optional node operations test, resolved by PR #141060, matching expected documents.",0.084539,0.075804,0.008735,0.075804,,,,hop3plus,3,4.2881
ws8_q065,agentic,18636,1136,0,0,6,False,end_turn,,15.398,2026-09-11 13:06:12+00:00,"Based on the linked threads, I have enough to answer.

**Root cause:** The issue was traced to the standard library's TLS (thread-local storage) key implementations (the `os`/platform-based `sys::thread_local::key` code for unix, windows, and xous) using ordinary assertions/panics — e.g. checking the return value of `pthread_setspecific` or `TlsSetValue` — in `get`/`set` operations that can be invoked lazily from within `LocalKey::with`. Because a panic path calls into the global allocator (for unwinding/formatting), this violated `GlobalAlloc`'s reentrancy guarantee whenever thread-local access happened to occur from inside a global allocator implementation (the same class of bug as the earlier issues #160837 and #160793).

**Resolution:** It was fixed by replacing those allocator-triggering assertions in the TLS code with the `rt`-flavored assert/abort macros (`rtassert!`/`rtabort!`) that don't call the global allocator, matching what the `sgx` TLS backend already did correctly. This was done across a series of PRs:
- PR #160934 – ""Ensure TLS accesses don't call the global allocator through panic""
- PR #160976 – ""...part 2"" (merged, landed in rollup per `rust-lang__rust__161014.md`)
- PR #161068 – ""...part 3"", fixing additional TLS code found in a different module that was missed earlier

The issue (`rust-lang__rust__160930.md`) itself notes this was still ongoing (""Needs more work, there's still some code reachable... I've gotta be right one of these times""), showing the fix required multiple follow-up passes to catch all reachable allocator-calling assertion paths in the TLS implementation.

Sources: `rust-lang__rust__160930.md`, `rust-lang__rust__160934.md`, `rust-lang__rust__160976.md`, `rust-lang__rust__161068.md`.",True,False,False,rust-lang__rust__160930.md,True,"Candidate identifies issue #160930 (with related #160837/#160793) and correctly attributes it to allocating panic/assert paths in std's TLS key code, fixed by switching to rtassert!/rtabort!.",0.083387,0.048631999999999995,0.034755,0.048631999999999995,,,,hop3plus,4,6.4572
ws8_q067,indexed,1738756,6123,0,0,15,True,tool_use,,108.587,2026-09-11 13:06:42+00:00,,False,False,False,,False,empty answer,3.538742,3.538742,0.0,3.538742,,,,hop3plus,3,4.9718
ws8_q070,agentic,17689,548,0,0,3,False,end_turn,,15.004,2026-09-11 13:08:31+00:00,"The flake was traced to a **zone-level GCE/infrastructure issue in `us-east1-d`**: in a 5000-node cluster, exactly one node VM would consistently fail to join the cluster (a different instance each run, across different Boskos projects, but always in the `us-east1-d` zone), while all other nodes went `Ready`. Because `kops validate` required zero validation errors across three consecutive passes, this single un-joined machine exhausted the 75-minute `--validation-wait`, causing `kubetest2.Up` to fail before ClusterLoaderV2 tests could even run — indicating an infra/zone problem rather than a Kubernetes or kops code regression.

It was resolved by **kops PR [kubernetes/kops#18585](https://github.com/kubernetes/kops/pull/18585)**, which added a kops equivalent of `ALLOWED_NOTREADY_NODES`, allowing validation to tolerate a single un-joined node at 5k scale instead of failing outright. After this fix, the test was confirmed to no longer be flaky.

(Source: `kubernetes__kubernetes__140642.md`)",True,False,False,kubernetes__kubernetes__140642.md,True,"Answer identifies issue 140642, the single un-joined node in us-east1-d causing kops validation timeout, and the kops ALLOWED_NOTREADY_NODES fix (PR 18585), matching expectations.",0.06332299999999999,0.040858,0.022465,0.040858,,,,hop3plus,3,5.5409
ws8_q038,indexed,16676,764,0,0,2,False,end_turn,,10.382,2026-09-11 13:08:55+00:00,"## Root Cause and Resolution

This is **kubernetes/kubernetes#141433**. The root cause was traced to a combination of issues:

**Root cause:** After a node/kubelet restart, kubelet's checkpoint mechanism marks a claim as ""prepared"" permanently (state stored on disk) without validating that the corresponding CDI spec files still exist on disk. If the node fully reboots (not just kubelet), the CDI device spec files created by the DRA driver can be lost. Kubelet's replayed `NodePrepareResources` call (or its stale checkpoint) still reported success with the old CDI device IDs, but the actual CDI spec files were gone — so containerd couldn't resolve them, causing a permanent `CreateContainerError: CDI device injection failed: unresolvable CDI devices...`. Additionally, kubelet had no logic to parse/detect this specific CDI resolution failure, so it never retried preparation — it just kept repeating the same failing container creation indefinitely.

(There was also a contributing factor in the `dra-example-driver`: its `Prepare()` restored the claim from its own checkpoint and returned previously-prepared CDI IDs immediately without re-creating the CDI spec file, only doing so on a truly fresh preparation path.)

**Resolution:** Fixed via PR **kubernetes/kubernetes#141619**, which:
- Made kubelet detect CDI spec resolution errors returned by the container runtime (which previously went unparsed).
- Had kubelet re-invoke `NodePrepareResources` when such a CDI resolution failure is detected, giving the DRA driver a chance to recreate the missing CDI spec files, rather than looping forever on the stale/broken state.

**Sources:** `kubernetes__kubernetes__141433.md`, `kubernetes__kubernetes__141619.md`",True,True,False,kubernetes__kubernetes__141433.md;kubernetes__kubernetes__141619.md,True,"Answer names issue #141433 and fix PR #141619, correctly attributing the stuck pod to missing CDI spec files after reboot and kubelet retrying NodePrepareResources.",0.058596999999999996,0.040992,0.017605,0.040992,,,,hop2,2,7.8435
ws8_q005,agentic,55604,2633,0,0,6,False,end_turn,,35.099,2026-09-11 13:09:11+00:00,"## Summary

Issue **#140523** (""EvictionRequest: add CRUD tests for conformance"") asked for CRUD/e2e tests to be added for the new `EvictionRequest` API so it could satisfy conformance requirements, and for the `getLifecycleAPIGroup` entry to be removed from `pending_eligible_endpoints.yaml`.

**Where it was traced to:** The underlying problem that made this urgent was tracked in a separate failing‑test report, **#141065**. The `apisnoop-conformance-gate` job had gone red flagging `getLifecycleAPIGroup` as an ""untested stable endpoint."" Investigation traced this to a detection bug in apisnoop/audit tooling: the group‑discovery path `/apis/lifecycle.k8s.io/` contains no version string, so apisnoop's heuristic (which just checks for the words ""alpha""/""beta"" in the endpoint) misclassified the endpoint as **stable**, even though `lifecycle.k8s.io` only serves `v1alpha1`. Since alpha API groups aren't enabled in a default/conformance cluster, no conformance test could ever exercise it — so simply adding CRUD tests couldn't turn the gate green on its own.

Separately, the first attempt to actually implement the requested CRUD tests, **PR #140897**, was closed by atiratree because it violated Kubernetes' contributor AI-usage-disclosure guidelines (undisclosed AI-generated content), not for technical reasons.

**What resolved it:**
- atiratree reassigned the work to themself and opened **PR #141043** (""add CRUD e2e tests for new EvictionRequest endpoints""), which implements the actual CRUD/e2e tests requested in #140523.
- The apisnoop-gate misclassification itself was fixed at the tooling level: apisnoop's stability-detection logic was corrected to look at which versions a group actually serves rather than just string-matching ""alpha""/""beta"" in the endpoint name (kubernetes-sigs/apisnoop#1035, plus a companion fix to test-infra's `audit_log_parser.py` and a bump of the snoopdb image pin), with a follow-up PR (#141109) to update the yaml classification entries once both checkers derived the status the same way.

**Sources:** `kubernetes__kubernetes__140523.md`, `kubernetes__kubernetes__141065.md`, `kubernetes__kubernetes__140897.md`, `kubernetes__kubernetes__141043.md`.",True,True,False,kubernetes__kubernetes__140523.md,True,"Answer identifies issue #140523 and correctly states it was resolved by atiratree's PR #141043 adding CRUD e2e tests (after #140897 was closed), with plausible extra detail.",0.156998,0.137538,0.01946,0.137538,,,,hop1,1,7.1503
ws8_q014,indexed,10131,298,0,0,2,False,end_turn,,6.654,2026-09-11 13:09:53+00:00,"The issue (rust-lang/rust#158673) was traced to LLVM's WebAssembly backend not supporting the `fmaximum_num` runtime libcall for `f128` — essentially a missing LLVM implementation (tracked upstream as llvm/llvm-project#207100), compounded by the general lack of correct `f128` libm support on many platforms (llvm/llvm-project#44744).

It was resolved simply by LLVM 23 adding support for these `f128` intrinsics on wasm; once nightly Rust picked up LLVM 23, the failing case worked correctly, so no Rust-side fix was needed and the issue was closed.

Source: `rust-lang__rust__158673.md`",True,True,False,rust-lang__rust__158673.md,True,"Names the correct issue (rust-lang/rust#158673) and gives a coherent, specific cause (LLVM wasm backend lacking f128 maximum libcall) and resolution (fixed upstream in LLVM, no Rust-side change).",0.080097,0.023242,0.056854999999999996,0.023242,,,,hop1,1,4.7677
ws8_q041,agentic,9667,847,0,0,3,False,end_turn,,10.739,2026-09-11 13:10:26+00:00,"## Root cause

The regression was traced to PR **#154149** (""resolve: Extend `ambiguous_import_visibilities` deprecation lint to glob-vs-glob ambiguities""), which landed in nightly-2026-05-01. When an item was glob-imported twice at different visibilities into the same module (e.g. a `pub fn` reachable via a public glob re-export, plus a second, private/restricted glob importing the same item), the effective-visibility computation only walked the re-export chain of whichever glob declaration arrived *first* — not the most-visible one. In the reproduction case, that meant the effective visibility got capped at `pub(crate)` (from the restricted facade import) even though name resolution still correctly treated the function as fully `pub`/exported.

As a result:
- The item spuriously dropped out of the `reachable_set`.
- `should_encode_mir` skipped encoding its optimized MIR (since it appeared ""not exported"").
- Downstream crates that tried to inline/monomorphize the function then failed with `error: missing optimized MIR for ... in the crate ...`.
- A spurious `function is never used` warning was also emitted as a side effect (documented in `rust-lang__rust__159038.md`).

## Fix

PR **#159039** (""resolve: fix effective visibilities for items in ambiguous glob sets"") resolved it by making the effective-visibility computation also walk the *most visible* declaration's re-export chain (via `update_decl_chain`, recursing into `ambiguity_vis_max`), rather than stopping at the first-arrived glob declaration. This corrected the effective visibility to match name resolution's actual exported visibility, restoring MIR encoding for such items, without changing the lint behavior introduced by #154149. Two regression tests were added, and the fix was approved (`@petrochenkov`), nominated for backport, with a beta backport approved (stable backport declined).

**Sources:** `rust-lang__rust__159038.md`, `rust-lang__rust__159039.md`",True,False,False,rust-lang__rust__159038.md,False,"Candidate blames PR #154149 and a fix in #159039, missing the expected #157420 as the traced cause/resolution, so the attribution conflicts with expected documents.",0.046773999999999996,0.027804,0.01897,0.027804,,,,hop2,2,7.1503
ws8_q051,indexed,19849,743,0,0,2,False,end_turn,,10.954,2026-09-11 13:10:44+00:00,"## Answer

The issue (kubernetes/kubernetes#141396) was traced to release branches (specifically 1.35 and 1.36) using `FROM golang:$GOLANG_VERSION AS preparer` in `test/images/agnhost/Dockerfile`, where the tag-based reference could fail if that exact `golang:$GOLANG_VERSION` Docker Hub tag hadn't been published yet when `.go-version` was bumped for a Go patch release. This was a gap left by an earlier fix (#136954) that addressed `.go-version`-driven bumps generally but explicitly excluded e2e test images like agnhost.

On master, the Dockerfile had already moved to a digest-pinned base image (`FROM golang@sha256:...`) plus `ARG GOTOOLCHAIN=go${GOLANG_VERSION}`, which lets Go itself resolve the toolchain version rather than depending on the tag's existence — but the release branches were missing this pattern.

**Resolution:** Rather than backporting the Dockerfile/build changes to the release branches (since, per BenTheElder, agnhost build automation and CVE-fixing effort only runs on master, and the team has limited bandwidth to maintain test images across branches), the team resolved it by simply bumping the agnhost image *tag* version in `manifest.go` (and related files: BASEIMAGEs, YAML manifests, `dependencies.yaml`) to 2.66.1 on the release branches (via PR #141537 for release-1.36, with follow-ups planned for 1.35 and 1.34). It was also confirmed that release-1.34 didn't need this fix at all since its Dockerfile doesn't use the multi-stage `preparer` build.

Source: `kubernetes__kubernetes__141396.md`",True,False,False,kubernetes__kubernetes__141396.md,True,"Identifies issue #141396, correctly attributes it to release branches lacking master's digest-pinned/GOTOOLCHAIN pattern, and names the agnhost version-bump PRs (#141537 etc.) as the resolution.",0.070228,0.047127999999999996,0.023100000000000002,0.047127999999999996,,,,hop3plus,5,7.5558
ws8_q054,agentic,9645,430,0,0,3,False,end_turn,,8.55,2026-09-11 13:11:04+00:00,"This was traced to a bug in the `SimplifyComparisonIntegral` MIR optimization pass. That pass, when it moved a boolean comparison result into a `switchInt`, incorrectly assumed the local (`_3`) could no longer be used afterward and removed its definition — but the local was actually still used *before* the switch (e.g., for the `bool as u32` cast), leading to it becoming an uninitialized/poison value that miscompiled downstream code (as identified by tmiasko and hanna-kruppe in `rust-lang__rust__158206.md`).

It was resolved by hanna-kruppe's fix to the `simplify_comparison_integral` pass (the PR she claimed after diagnosing the bug), which was then backported to beta (PR #158420) and stable (PR #158331), per the comments in `rust-lang__rust__158206.md`.",True,False,False,rust-lang__rust__158206.md,True,"Answer identifies issue #158206 and correctly attributes the bug to SimplifyComparisonIntegral removing a still-used local, fixed by hanna-kruppe's PR plus backports, matching expected docs.",0.04861000000000001,0.023590000000000003,0.02502,0.023590000000000003,,,,hop3plus,3,6.303
ws8_q043,indexed,9986,614,0,0,2,False,end_turn,,8.614,2026-09-11 13:11:24+00:00,"## Root Cause

The bug was traced to PR #84896, a 2018 diagnostics improvement that added an ""invalid `dyn` keyword"" error/helper for the `dyn` trait-object syntax. That check erroneously treated `dyn` as a strict keyword rather than respecting that in Rust 2015 `dyn` is only a *contextual* keyword. As a result, valid Rust 2015 code like `type X = dyn + dyn;` was wrongly rejected by the parser, even though `dyn` should have been usable as an ordinary identifier there.

Specifically, the problematic code was in `compiler/rustc_parse/src/parser/ty.rs` (line ~1095), where `self.token.is_keyword(kw::Dyn)` was checked without verifying that the token's span was from edition 2018+ (`is_keyword` doesn't consult the edition of the identifier's span, making it effectively edition-insensitive when it shouldn't be).

## Resolution

The fix (PR #157577, by contributor i-like-ICEs) added an edition check alongside the existing keyword check:

```rust
if self.token.is_keyword(kw::Dyn) && self.token.span.edition().at_least_rust_2018() {
```

This ensures the ""invalid `dyn` keyword"" error only fires when the edition is 2018 or later, correctly allowing `dyn` to be used as an identifier/contextual keyword in Rust 2015. A regression test was added at `tests/ui/parser/dyn-2015-identifier.rs`.

**Sources:** `rust-lang__rust__157565.md`, `rust-lang__rust__157577.md`",True,False,False,rust-lang__rust__157577.md,True,"Candidate correctly identifies the Rust 2015 contextual-keyword parser recovery bug and PR #157577's edition check as the fix, matching the expected tracking issue's resolution.",0.044761999999999996,0.026112,0.01865,0.026112,,,,hop2,2,5.0919
ws8_q052,agentic,27598,775,0,0,4,False,end_turn,,13.626,2026-09-11 13:11:40+00:00,"## Root cause and resolution

The flake was in `TestDRA/all/OptionalNodeOperations/podgroup-scheduled-on-supported-node`, part of `test/integration/dra/all`, and was introduced by the commit that added `test/integration/dra/optional_node_operations.go` (commit `1ae1a3d700678f0bbd4d182face7ecaa4cca7aa5`).

It was traced to a race condition in Gang/PodGroup scheduling tests: when multiple Pods share a `ResourceClaim`, waiting for the `PodScheduled=True` condition via `waitForPodScheduled` is inherently racy — a pod can transiently get a `SchedulerError`/`PodScheduled=False` condition (e.g. ""claim ... got allocated elsewhere in the meantime"") before eventually being scheduled, causing the test's wait check to fail intermittently.

It was resolved by PR **#141060** (""test/integration: fix dra optional node operations podgroup flake""), which fixed the flaky pod-scheduled wait logic in that test file. Issue #141072 was closed as a duplicate of #141059, and both were closed once #141060 merged.

Sources: `kubernetes__kubernetes__141072.md`, `kubernetes__kubernetes__141059.md`, `kubernetes__kubernetes__141060.md`.",True,True,False,kubernetes__kubernetes__141072.md;kubernetes__kubernetes__141060.md;kubernetes__kubernetes__141059.md,True,"Answer names the correct flaking test, the racy podgroup/PodScheduled wait as cause, and PR #141060 as the fix, citing all expected threads.",0.074381,0.062946,0.011434999999999999,0.062946,,,,hop3plus,3,4.2881
ws8_q056,indexed,85555,1026,0,0,4,False,end_turn,,15.372,2026-09-11 13:11:59+00:00,"## Answer

The bug (kubernetes/kubernetes#139490) was traced to the DELETE request handler in `staging/src/k8s.io/apiserver/pkg/endpoints/handlers/delete.go`: when the JSON body of `DeleteOptions` had a field of the wrong type (e.g. `dryRun` sent as a string `""All""` instead of `[]string`), the underlying `json.Unmarshal`/decode error (`""json: cannot unmarshal string into Go struct field DeleteOptions.dryRun of type []string""`) was being propagated as a raw internal error, causing the API server to return HTTP 500 instead of treating it as a client input problem.

It was resolved by wrapping/converting that decode error into a proper Kubernetes API error using `errors.NewBadRequest`, so the handler now returns HTTP 400 Bad Request for malformed `DeleteOptions` field types (this fix landed via PR #132359/#133358 and was backported to release branches in #139539/#139540/#139541). Regression tests covering the `dryRun` invalid-type case specifically were later added in PR #139767/#139976 to lock in the 400 behavior for both single-object and collection delete paths.

Sources: `kubernetes__kubernetes__139490.md`, `kubernetes__kubernetes__139976.md`, `kubernetes__kubernetes__139767.md`, `kubernetes__kubernetes__139540.md`, `kubernetes__kubernetes__139541.md`, `kubernetes__kubernetes__139491.md`.",True,True,False,kubernetes__kubernetes__139490.md;kubernetes__kubernetes__139540.md;kubernetes__kubernetes__139491.md,True,"Answer identifies issue #139490, correctly describes the unhandled JSON decode error causing 500, and the NewBadRequest fix, citing expected docs 139491 and 139540.",0.19551000000000002,0.18137,0.014140000000000002,0.18137,,,,hop3plus,3,6.8626
ws8_q053,agentic,10448,587,0,0,3,False,end_turn,,11.928,2026-09-11 13:12:20+00:00,"Based on `kubernetes__kubernetes__140457.md`:

**Root cause:** The bug was traced to `validateRequestPolicyValidValues`'s deduplication logic, which used a `quantityKey` function that called `Quantity.Value()` — a method that rounds up to the nearest integer. Because of this, sub-integer fractional values like `100m` and `200m` both rounded to `Value() == 1`, causing them to collapse to the identical dedup key `""1""` and be flagged as a ""Duplicate value"" even though they are numerically distinct. (Allocation-time logic, `roundUpValidValues`, was unaffected since it correctly uses `Cmp` for comparison — only the validation-layer dedup key was broken.)

**Resolution:** It was fixed by PR #140161 (kubernetes/kubernetes#140161), which reworked `CapacityRequestPolicy`/`CapacityRequestPolicyRange` for fractional quantities. As part of that fix, the dedup key for `validValues` was changed to use `AsDec().String()` instead of `Value()` when the `DRAFractionalCapacityRange` feature is enabled, so `100m` and `200m` key to `""0.100""` and `""0.200""` respectively rather than both collapsing to `""1""`, allowing distinct fractional values to be accepted.",True,False,False,kubernetes__kubernetes__140457.md,True,"The answer identifies the primary issue (#140457), correctly traces the bug to Quantity.Value() rounding in the validValues dedup key, and names the resolving PR #140161.",0.034895999999999996,0.026765999999999998,0.00813,0.026765999999999998,,,,hop3plus,6,7.5558
ws8_q050,indexed,205864,1314,0,0,7,False,end_turn,,20.399,2026-09-11 13:12:34+00:00,"Found it: this is `rust-lang__rust__161920.md`.

**What it was traced to:** The ""1.99 beta crater regression: expected item after attributes"" (issue #161920, opened by theemathas) was traced to PR #158854, which changed derive-macro/attribute handling so that the attributes passed into a proc-macro's token stream now also include `rustc_test_entrypoint_marker` in addition to `should_panic` (previously only `should_panic` was present). The `test_retry` crate's proc-macro used a `quote!` snippet that separated attributes with commas (`#(#attrs),*`), which is invalid syntax when there is more than one attribute — this had been silently ""working"" before only because there was just a single attribute, but broke once a second attribute (`rustc_test_entrypoint_marker`) was added by #158854. As commenter cyrgani noted, this is ""mainly caused by a bug in the crate's `test_retry` macro"" that never correctly handled multiple attributes, exposed by the change in #158854 (the same root cause as issue #161917).

**What resolved it:** JonathanBrouwer posted a revert of the change, PR #161931, to fix the regression.

(Source: `rust-lang__rust__161920.md`)",True,False,False,rust-lang__rust__161920.md,True,"Answer names issue #161920, correctly traces the breakage to PR #158854's added test entrypoint attribute exposing the crate's macro bug, and cites the revert as the fix.",0.440918,0.42486799999999997,0.016050000000000002,0.42486799999999997,,,,hop3plus,3,4.138
ws8_q032,agentic,27439,472,0,0,4,False,end_turn,,7.163,2026-09-11 13:13:01+00:00,"This ICE (`rust-lang/rust#158093`) was bisected to a specific commit and traced to PR **#157702** (""Add expansion info to implied bounds""). As reported by user JonathanBrouwer, that PR was already scheduled to be reverted due to significant performance regressions, and the fix was to include a regression test for this ICE in that revert PR.

Source: `rust-lang__rust__158093.md`",True,False,False,rust-lang__rust__158093.md,True,"The answer names issue #158093, correctly traces the ICE to PR #157702 (implied bounds expansion info), and identifies the revert with added regression test as the resolution.",0.06573799999999999,0.059598,0.0061400000000000005,0.059598,,,,hop2,2,6.9962
ws8_q025,indexed,68250,1076,0,0,4,False,end_turn,,14.462,2026-09-11 13:13:14+00:00,"I have enough information from the two relevant documents already retrieved.

**Root cause:** The error `map: map[...] does not contain declared merge key: name` occurs because the strategic merge patch is missing the required merge key (e.g., `name`) on a list item. In the reported reproduction/example (`kubectl patch daemonset ... -p '{""spec"":{""template"":{""spec"":{""volumes"":[{""hostPath"":{""path"":""/var/lib/kubelet/pods""}}]}}}}'`), the `volumes` list entry omitted the `name` field, so Kubernetes' strategic-merge-patch logic (in `k8s.io/apimachinery/pkg/util/mergepatch`) couldn't determine whether the user meant to add a new item or update an existing one — hence the terse error from `ErrNoMergeKey`.

**Resolution:**
1. The immediate fix for users is simply to include the merge key in the patch, e.g.:
   ```
   kubectl patch daemonset node-agent -n velero -p \
     '{""spec"":{""template"":{""spec"":{""volumes"":[{""name"":""your-volume-name"",""hostPath"":{""path"":""/var/lib/kubelet/pods""}}]}}}}'
   ```
   as pointed out in the discussion on the underlying bug report (`kubernetes__kubernetes__140396.md`).
2. For the broader ""error lacks actionable context"" issue, a PR (`kubernetes__kubernetes__140771.md`, ""fix/improve strategic merge patch error message to include missing merge key field context"") was opened to fix issue #140396/#141112 by improving the error message so it indicates which field in the patch is missing the merge key, since without that context users can't tell whether `name` (or another key) is missing from a volume, container, or other merge-list field.

Sources: `kubernetes__kubernetes__141112.md`, `kubernetes__kubernetes__140396.md`, `kubernetes__kubernetes__140771.md`.",True,True,False,kubernetes__kubernetes__141112.md,True,"Answer identifies issue #141112, correctly attributes the terse error to a patch list item lacking the required merge key, and cites the fix (add name / improved error message PR).",0.16151000000000001,0.14726,0.01425,0.14726,,,,hop1,1,5.6099
ws8_q021,agentic,5152,355,0,0,3,False,end_turn,,5.562,2026-09-11 13:13:37+00:00,"This issue (kubernetes/kubernetes#141606) is still **open** and unresolved as of the latest available comment. It was traced to the `podResourceSummary` struct used for `ResizeStarted`/`ResizeCompleted` events (in `pkg/kubelet/events/resize.go`), which only marshals per-container resources and omits pod-level resources — a known TODO in the code. No fix has been merged yet; @OchukoWH has assigned themselves to investigate/fix it, but no resolution is documented in the thread (source: `kubernetes__kubernetes__141606.md`).",True,True,False,kubernetes__kubernetes__141606.md,False,"Correct issue and cause, but it claims the report is unresolved with no fix, failing to identify the resolution the question asks about.",0.035144,0.013854,0.021290000000000003,0.013854,,,,hop1,1,5.3312
ws8_q064,indexed,11591,200,0,0,2,False,end_turn,,5.319,2026-09-11 13:13:52+00:00,"No results relevant to this query were found in the document collection (the search returned unrelated rust-lang/rust issues about Windows linker errors, not the kubernetes/kubernetes CPUManager issue). I could not locate a document matching ""Windows e2e node CPUManager specs failing since 2026-07-17"" in the available corpus, so I cannot determine what it was traced to or how it was resolved.",False,False,False,,False,"The candidate explicitly states it could not find or determine the answer, failing to identify the issue thread, cause, or resolution.",0.031042,0.025182,0.005860000000000001,0.025182,,,,hop3plus,3,5.3312
ws8_q009,agentic,59403,871,0,0,6,False,end_turn,,13.677,2026-09-11 13:14:03+00:00,"## Root cause and fix

The ICE was traced to how **debuginfo generation for unsafe binder types** was implemented: when building the debug-info node for an `unsafe<'a, ...>` binder type, the code stripped away the unsafe binder, which let the bound regions (e.g. `'a`) that were only valid inside that binder ""escape"" into subsequent layout and trait-selection queries (`is_sized_raw`, `layout_of`, etc.) while constructing the inner debuginfo type. Those queries then tried to wrap a type containing escaping bound vars in a dummy binder, triggering the panic in `rustc_middle::ty::predicate`.

This was fixed in PR **rust-lang/rust#159614** (""debuginfo generation for unsafe binders""), which instantiates those bound regions with erased regions before constructing the inner debug-info node, so no escaping bound vars remain when the layout/trait queries run.

**Sources:** `rust-lang__rust__159576.md`, `rust-lang__rust__159614.md`",True,True,False,rust-lang__rust__159576.md,True,Answer identifies the expected issue #159576 and gives a matching cause (escaping bound vars from stripped unsafe binder in debuginfo) and a plausible erasure-based fix.,0.147396,0.127516,0.019880000000000002,0.127516,,,,hop1,1,5.0102
ws8_q062,indexed,528251,3192,0,0,9,False,end_turn,,55.935,2026-09-11 13:14:25+00:00,"Now I have the full picture from `rust-lang__rust__159680.md`, `rust-lang__rust__161503.md`, `rust-lang__rust__161915.md`, and `rust-lang__rust__162071.md`.

## Answer

The report `rust-lang/rust#161504` (""[ICE]: adding Send to fn signature causes ICE"") was identified as a **duplicate of `rust-lang/rust#159680`** (""[ICE]: `item_name: no name for DefPath`"") — a `git-bisect`-confirmed regression from the next-generation trait solver, first regressed at commit `87e5904f5eb6398af6b22eac2802c78934260c48` (per `rust-lang__rust__161504.md`).

The root cause traced back to how `rustc_middle::ty::item_name` (in `compiler/rustc_middle/src/ty/mod.rs`) tries to look up a name for a **RPITIT (return-position-impl-trait-in-trait) projection**, which is lowered internally to a *synthetic, anonymous associated type* (`AnonAssocTy`). When code called a trait's default-provided RPITIT method recursively/generically (e.g. a default `fn foo(...) -> impl Future<...> + Send` calling another default method `bar` returning `impl Future<...>`), the compiler ended up trying to fetch an `item_name` for that anonymous associated type, which doesn't have one — triggering the ICE `item_name: no name for DefPath { ... AnonAssocTy(...) ... }` (`rust-lang__rust__159680.md`).

This same underlying bug also produced closely related ICEs reported separately by the same user (`rust-lang/rust#161503`, also filed by `martin-kolarik`) and later resurfaced as a 1.99-beta crater regression in `rust-lang/rust#161915` (""1.99 beta crater regression: ICE with 'item_name: no name for DefPath'""), where `chenyukang` noted it was ""because of trying to get name from RPITIT.""

**Resolution:** It was fixed by PR **`rust-lang/rust#162071`**, ""Fix ICE of getting item name from RPITIT"" (by chenyukang), which fixed `#161915` by correctly handling the case where an RPITIT projection uses an anonymous associated type with no item name. A comment on `#161915` from `itsjunetime` confirmed ""I'm pretty sure that this is the same as #159680 and #161503 - the playground reproducer for #161503 at least doesn't ICE anymore,"" and `estebank` noted the fix was also backported to beta via `rust-lang/rust#162258` (`rust-lang__rust__161915.md`, `rust-lang__rust__162071.md`).

**Sources:** `rust-lang__rust__161504.md`, `rust-lang__rust__159680.md`, `rust-lang__rust__161503.md`, `rust-lang__rust__161915.md`, `rust-lang__rust__162071.md`",True,True,False,rust-lang__rust__161504.md;rust-lang__rust__161503.md;rust-lang__rust__159680.md;rust-lang__rust__162071.md,True,"The answer identifies issue #161504 as duplicate of #159680/#161503, traces it to RPITIT anonymous associated type item_name lookup, and correctly names PR #162071 as the fix.",1.099182,1.088422,0.01076,1.088422,,,,hop3plus,4,3.6388
ws8_q015,agentic,52386,610,0,0,5,False,end_turn,,12.915,2026-09-11 13:15:23+00:00,"Based on the available document (`rust-lang__rust__158265.md`), this issue is still **open** — it has only one follow-up comment (a label request by Jules-Bertholet), with no comment indicating a root-cause diagnosis or a fix/resolution. So there is no recorded final ""traced to X, resolved by Y"" conclusion in this thread; the dataset does not contain a resolution for this issue.",True,True,False,rust-lang__rust__158265.md,False,"The answer declines to identify any cause or resolution, effectively stating it cannot determine the answer, which the rubric marks incorrect.",0.128207,0.110872,0.017335,0.110872,,,,hop1,1,5.9976
ws8_q012,indexed,32505,766,0,0,3,False,end_turn,,8.855,2026-09-11 13:15:44+00:00,"## Answer

The issue [kubernetes/kubernetes#139488](https://github.com/kubernetes/kubernetes) — ""apiserver: return 4xx instead of 500 for invalid Binding target fields"" — was traced to `BindingREST.Create` in `pkg/registry/core/pod/storage`.

**Root cause:** When creating a `Binding` object with invalid `target` fields (e.g., an unsupported `target.kind` or missing `target.name`), the registry code returned the raw `errs.ToAggregate()` from validation directly rather than wrapping it. Because the REST framework defaults plain aggregate errors to HTTP 500, these client-side validation failures were surfaced as Internal Server Errors instead of a proper 4xx response.

**Fix:** PR [kubernetes/kubernetes#139581](https://github.com/kubernetes/kubernetes) (""pkg/registry/core/pod/storage: return Invalid for bad Binding target"") resolved it by wrapping the validation field error list in `errors.NewInvalid(...)`, matching the pattern already used elsewhere (e.g., `EvictionREST`). This causes validation failures to surface as the proper `Invalid` `StatusError`, returning HTTP 422 instead of HTTP 500. A regression test, `TestEtcdCreateBindingInvalidTarget`, was added to cover both reproduction cases from the original issue.

Sources: `kubernetes__kubernetes__139488.md`, `kubernetes__kubernetes__139581.md`",True,True,False,kubernetes__kubernetes__139488.md,True,"Answer identifies issue #139488 and correctly describes the cause (BindingREST.Create returning raw aggregate validation error) and fix (wrapping in NewInvalid for 4xx), matching expectations.",0.10246000000000001,0.07267000000000001,0.029790000000000004,0.07267000000000001,,,,hop1,1,3.8422
ws8_q043,agentic,32188,1569,0,0,4,False,end_turn,,21.494,2026-09-11 13:16:05+00:00,"## Answer

The tracking issue **rust-lang/rust#157579** (""Tracking issue for release notes of #157577: Fix parser error recovery treating 'dyn' as a strict keyword in Rust 2015…"") was closed after **fmease** commented ""My bad, I don't think we actually need this"" — i.e., it was determined that no release‑notes/compatibility‑note text was actually required, so the tracking issue was resolved simply by closing it as unnecessary, with the change treated as a normal bugfix rather than a compatibility change (`rust-lang__rust__157579.md`).

The underlying bug itself (rust-lang/rust#157565, ""Rust 2015 type `dyn + dyn` wrongly rejected by the parser due to 'helpful' diagnostic"") was traced to a diagnostics‑improvement PR from 2015 (#84896) that added a check in `rustc_parse/src/parser/ty.rs` (around line 1095) which didn't account for edition — it treated `dyn` as a strict/reserved keyword even in Rust 2015, where `dyn` is only a *contextual* keyword. As fmease noted, `is_keyword` doesn't consult the edition of the identifier's span, which caused the erroneous rejection (`rust-lang__rust__157565.md`).

It was resolved by PR **rust-lang/rust#157577**, which added an edition check — `self.token.is_keyword(kw::Dyn) && self.token.span.edition().at_least_rust_2018()` — so the ""invalid `dyn` keyword"" error only fires for Rust 2018+ editions, restoring correct 2015-edition parsing of constructs like `dyn + dyn`, along with a regression test (`tests/ui/parser/dyn-2015-identifier.rs`) (`rust-lang__rust__157577.md`, `rust-lang__rust__157565.md`).",True,True,False,rust-lang__rust__157579.md;rust-lang__rust__157577.md,True,"The answer identifies tracking issue #157579 and fix PR #157577, correctly describing the edition-unaware `dyn` keyword check as the cause and the added edition guard as the resolution.",0.088861,0.080066,0.008794999999999999,0.080066,,,,hop2,2,5.0919
ws8_q017,indexed,265607,1251,0,0,6,False,end_turn,,18.094,2026-09-11 13:16:29+00:00,"Based on my searches, I cannot find a document in this collection that matches the specific report ""Using rustc with an LLVM compiled with `-Os` results in SIGSEGVs/infinite loops."" The search results returned various unrelated SIGSEGV/segfault issues (e.g., LLVM version mismatches in `rust-lang__rust__161788.md` and `rust-lang__rust__161335.md`, stack overflows in `rust-lang__rust__158576.md`, and LLVM 23 sancov crashes in `rust-lang__rust__161855.md`), but none of them describe an LLVM build compiled with `-Os` as the root cause.

I cannot determine the answer to this question from the available documents — none of the retrieved issues/PRs discuss an LLVM `-Os` build being the cause of SIGSEGVs/infinite loops in rustc. If you can provide the issue number or more context, I can try a more targeted search.",False,False,False,,False,The answer fails to identify the expected issue rust-lang/rust#160393 and explicitly states it could not determine the answer.,0.550264,0.543724,0.006540000000000001,0.543724,,,,hop1,1,7.8435
ws8_q072,agentic,132789,3624,0,0,9,False,end_turn,,44.878,2026-09-11 13:16:50+00:00,"## Summary

The tracking issue `rust-lang/rust#160656` (""Tracking issue for release notes of #159583: Add new `invalid_markdown_table` rustdoc lint"") is the release-notes tracker for PR **#159583**, which itself was opened to fix the originally-reported bug, **`rust-lang/rust#159186`** (""Markdown tables can silently discard content containing `|`"").

**What it was traced to:** The reported behavior — Markdown tables in doc comments silently dropping cell content that contained an unescaped `|` — was traced not to a rustdoc bug but to the semantics of `pulldown-cmark` (the Markdown parser rustdoc uses), which faithfully implements the GitHub-Flavored-Markdown tables spec: unescaped `|` characters are treated as new column separators, so any ""extra"" columns beyond the header are silently discarded per spec (rust-lang__rust__159186.md).

**What resolved it:** GuillaumeGomez opened PR #159583, which added a new warn-by-default rustdoc lint (initially named `unescaped_pipe_in_table_cell`, later renamed to `invalid_markdown_table` after discussion about lint naming/grouping) that detects tables where unescaped `|` in a cell causes content to be discarded, and suggests escaping the pipe with `\|`. This lint (with a follow-up fix by notriddle for an edge case in the pipe-counting logic) was merged, and #160656 exists to track writing its release notes (rust-lang__rust__159583.md, rust-lang__rust__160656.md).",True,False,False,rust-lang__rust__160656.md;rust-lang__rust__159583.md,True,"Identifies tracking issue #160656 and PR #159583 with correct cause (pulldown-cmark GFM pipe semantics) and fix (new lint), despite mis-citing the original bug report number.",0.330658,0.301818,0.02884,0.301818,,,,hop3plus,3,6.3771
ws8_q059,agentic,14448,703,0,0,4,False,end_turn,,10.224,2026-09-11 13:18:42+00:00,"## Answer

The ICE (`rust-lang/rust#158769`) was bisected to regressed commit `17aa77551e89d5e80d4b506c9a32fc151264b8e4`, and was ultimately traced to the same underlying rustdoc bug as issue #158686: when rustdoc tries to inline a re-exported foreign item (in this case `bumpalo`'s re-export of `core`/`alloc` as `core_alloc`, which `compio` then tries to inline), it queried attributes for items in the `reexport_chain` without filtering out items that cannot actually have attributes (e.g. a `Ctor`/constructor def, which doesn't match the expected `TypeNs` def-path data), causing an assertion failure/panic in `rustc_metadata`'s decoder.

This was resolved by PR `rust-lang/rust#158751` (""rustdoc: Fix crash when trying to inline foreign item which cannot have attributes""), which added filtering on the `reexport_chain` items before querying their attributes, fixing rust-lang/rust#158686 and, per testing in the thread, also fixing this ICE (#158769).

Sources: `rust-lang__rust__158769.md`, `rust-lang__rust__158751.md`.",True,False,False,rust-lang__rust__158769.md,True,"It identifies the primary ICE thread (#158769) and its duplicate #158686, correctly describing the rustdoc reexport_chain attribute-query bug and the filtering fix, with only a missing duplicate reference.",0.10881099999999999,0.035926,0.07288499999999999,0.035926,,,,hop3plus,3,8.2489
ws8_q050,agentic,8519,551,0,0,4,False,end_turn,,7.903,2026-09-11 13:19:30+00:00,"The regression (rust-lang/rust#161920) was traced to PR #158854, which changed the expansion of `#[test]` functions so that it now attaches an extra `rustc_test_entrypoint_marker` attribute alongside `should_panic`. The `test_retry` crate's proc-macro used `quote! { #(#attrs),* ... }`, joining attributes with commas — valid when there was only one attribute (`should_panic`), but invalid once a second attribute (`rustc_test_entrypoint_marker`) was also included, causing the ""expected item after attributes"" parse error (same underlying cause as the related regression #161917, where the new internal attribute's span caused a different error when proc-macros stringified/re-parsed the token stream).

It was resolved by reverting PR #158854 via revert PR #161931.

Sources: `rust-lang__rust__161920.md`, `rust-lang__rust__161917.md`.",True,False,False,rust-lang__rust__161920.md;rust-lang__rust__161917.md,True,"Identifies issue #161920, traces it to PR #158854's new test entrypoint marker attribute, and cites the revert as the fix, matching expected documents.",0.034918,0.022548,0.01237,0.022548,,,,hop3plus,3,4.138
ws8_q008,agentic,32378,1642,0,0,7,False,end_turn,,27.613,2026-09-11 13:19:42+00:00,"Based on the available documents, issue **rust-lang/rust#157850** (""Tracking issue for release notes of #147946: Tracking Issue for `strip_circumfix`"") is a rustbot-generated release-notes tracking issue that was created against the wrong target — #147946 is itself just the *tracking issue* for the `strip_circumfix` feature, not the actual stabilization PR. 

The real stabilization work landed in PR **#158012** (""Stabilize `strip_circumfix`""), and the correct release-notes bookkeeping was subsequently captured in a fresh, properly-targeted tracking issue, **rust-lang/rust#160694** (""Tracking issue for release notes of #158012: Stabilize `strip_circumfix`""), which lists the actual stabilized APIs (`[T]::strip_circumfix` and `str::strip_circumfix`).

So #157850 was effectively superseded/duplicated by #160694 once the release-notes bot was pointed at the correct stabilization PR (#158012) rather than the generic tracking issue (#147946), and it was closed on that basis — no separate release-note text was drafted under #157850 itself.

Sources: `rust-lang__rust__157850.md`, `rust-lang__rust__160694.md`, `rust-lang__rust__158012.md`.",True,True,False,rust-lang__rust__157850.md,False,"It names the right issue but its resolution narrative (superseded by #160694 for stabilization PR #158012) is internally inconsistent with the numbering and unsupported, not matching the actual outcome.",0.139646,0.081176,0.05847000000000001,0.081176,,,,hop1,1,6.3771
ws8_q058,agentic,14902,482,0,0,3,False,end_turn,,6.783,2026-09-11 13:20:38+00:00,"Based on `kubernetes__kubernetes__139555.md`:

**Root cause:** The flake was traced to a race in DRA scheduling when many pods (20 in this test) compete concurrently to reserve/update the same shared `ResourceClaim`. Multiple pods' PreBind plugins tried to add a reservation to the same claim simultaneously, causing 409 ""object has been modified"" conflicts. The scheduler's retries/backoff after these conflicts exceeded the test's strict 60-second timeout, causing the test to fail. This was linked to issue #139417, related to shared in-flight allocation accounting on PreBind failure (partially addressed by PR #139418), with the remaining Pod-status race condition being the real culprit.

**Resolution:** It was fixed by PR **#139602**, which addressed the follow-up Pod status race condition in this shared-ResourceClaim/PreBind scenario. After that PR merged, no further occurrences of the flake were observed in the triage data, and the issue was closed as resolved.",True,False,False,kubernetes__kubernetes__139555.md,False,"The answer credits PR #139602 as the final fix, but flakes continued afterward and the eventual resolution came in the later linked PRs/issues (#140061, #140098, #140177), so the stated resolution doesn't match.",0.11435899999999999,0.034623999999999995,0.079735,0.034623999999999995,,,,hop3plus,6,6.303
